circuit_id,candidate_id,combo_index,status,selection_status,selection_error,tensor_v3_selection_status,tensor_v3_selection_error,tensor_v3_ranking_strategy,tensor_v3_profile,tensor_v3_mixed_slack,source_methods,decomposition_keys,candidate_indices,num_blocks,num_gadget_blocks,num_no_gadget_blocks,gadget_block_fraction,uses_any_gadget_source,block_tcount_sum,block_tdepth_sum,structural_cost,alphaq_target_status,alphaq_target_error,alphaq_nc_core_area_ratio,alphaq_dependency_core_area_ratio,alphaq_nc_core_area_delta_vs_original,alphaq_dependency_core_area_delta_vs_original,alphaq_nc_core_depth_ratio,alphaq_nc_core_width_ratio,alphaq_dependency_core_depth_ratio,alphaq_dependency_core_width_ratio,alphaq_total_depth_ratio,alphaq_total_area_ratio,alphaq_border_status,alphaq_border_error,alphaq_total_depth,alphaq_total_width,alphaq_total_area,alphaq_nc_core_depth,alphaq_nc_core_width,alphaq_nc_core_area,alphaq_core_tcount,alphaq_crossing_closure_count,alphaq_dependency_core_depth,alphaq_dependency_core_width,alphaq_dependency_core_area,alphaq_dependency_core_size,alphaq_dependency_core_tcount,alphaq_dependency_entangling_count,alphaq_dependency_closure_rounds,alphaq_dependency_internal_edge_count,alphaq_dependency_boundary_edge_count,alphaq_dependency_component_count,alphaq_dependency_largest_component_size,alphaq_dependency_largest_component_fraction,alphaq_dependency_chain_depth,alphaq_dependency_edge_density,alphaq_left_nc_core_depth,alphaq_left_nc_core_width,alphaq_left_nc_core_area,alphaq_left_crossing_closure_count,alphaq_right_nc_core_depth,alphaq_right_nc_core_width,alphaq_right_nc_core_area,alphaq_right_crossing_closure_count,alphaq_prefix_clifford_depth,alphaq_suffix_clifford_depth,alphaq_clifford_shaved_depth_fraction,primary_nc_depth_ratio,primary_nc_depth_delta_vs_original,zx_total_depth_ratio,qasm_depth_ratio,tcount_ratio,tdepth_ratio,gate_count_ratio,tcount_after,tdepth_after,depth_after,gate_count_after,rho_t,rho_w,n_clifford_blocks,n_nonclifford_blocks,avg_nonclifford_block_len,hadamard_boundary_density,tdepth_over_tcount,candidate_qasm_path,tensor_v3_status,tensor_v3_error,tensor_v3_partition_id,tensor_v3_partition_kind,tensor_v3_tcount_tolerance,tensor_v3_target_mixed_weight,tensor_v3_gadget_mixed_weight,tensor_v3_gadget_mixed_weight_norm,tensor_v3_mixed_excess_norm,tensor_v3_mixed_auc_original,tensor_v3_mixed_auc_original_norm,tensor_v3_mixed_auc_greedy,tensor_v3_mixed_auc_greedy_norm,tensor_v3_singleton_bridge_count,tensor_v3_singleton_bridge_count_norm,tensor_v3_mixed_group_count,tensor_v3_mixed_group_count_norm,tensor_v3_num_factor_groups,tensor_v3_factor_count,tensor_v3_score_lex,tensor_v3_stable_factor_hash,tensor_v3_partition_metrics_json
cuccaro_adder_n3,cuccaro_adder_n3:combo0,0,ok,ok,,ok,,phase-slack-v1,conservative,0.2,public_resynth_gadgets,cuccaro_adder_n3,0,1,1,0,1.0,1,14,4,3.303326810176125,ok,,0.5205479452054794,3.303326810176125,-0.3835616438356164,2.3170254403131114,0.5205479452054794,1.0,2.8904109589041096,1.1428571428571428,3.315068493150685,3.7886497064579254,ok,,242,8,1936,38,7,266,14,26,211,8,1688,246,14,219,20,414,67,1,246,1.0,211,1.689795918367347,214,8,1712,201,66,8,528,45,28,176,0.8429752066115702,0.9090909090909091,-0.038961038961038974,3.324675324675325,3.315068493150685,0.3333333333333333,0.4,2.980392156862745,14,4,242,304,0.046052631578947366,0.32558139534883723,11,10,1.4,0.3,0.2857142857142857,results/public_resynth_tensor_v3_phase_slack_expanded/public_resynth_tensor_v3_phase_slack/cuccaro_adder_n3/structural_combinations/combo0/assembled.qasm,ok,,semantic_role_k2,semantic-role,0.12,6.0,6.0,1.0,0.0,12.0,0.6666666666666666,6.0,0.3333333333333333,0.0,0.0,1.0,0.5,2.0,14.0,0;0.333333333333;0;693ed0f5df2ae315,693ed0f5df2ae315,"[{""factor_count"":14.0,""gadget_mixed_weight"":24.0,""gadget_mixed_weight_norm"":1.0,""mixed_auc_greedy"":36.0,""mixed_auc_greedy_norm"":0.5,""mixed_auc_original"":36.0,""mixed_auc_original_norm"":0.5,""mixed_excess_norm"":0.0,""mixed_group_count"":2.0,""mixed_group_count_norm"":1.0,""num_block_rows"":1,""num_factor_groups"":2.0,""partition_id"":""balanced_contiguous_k2"",""partition_kind"":""contiguous"",""score_v3_lex"":""0;0.5;0;693ed0f5df2ae315"",""singleton_bridge_count"":0.0,""singleton_bridge_count_norm"":0.0,""stable_factor_hash"":""693ed0f5df2ae315"",""target_mixed_weight"":24.0},{""factor_count"":14.0,""gadget_mixed_weight"":30.0,""gadget_mixed_weight_norm"":1.0,""mixed_auc_greedy"":42.0,""mixed_auc_greedy_norm"":0.4666666666666667,""mixed_auc_original"":48.0,""mixed_auc_original_norm"":0.5333333333333333,""mixed_excess_norm"":0.0,""mixed_group_count"":2.0,""mixed_group_count_norm"":1.0,""num_block_rows"":1,""num_factor_groups"":2.0,""partition_id"":""semantic_family_k2"",""partition_kind"":""semantic-family"",""score_v3_lex"":""0;0.466666666667;0;693ed0f5df2ae315"",""singleton_bridge_count"":0.0,""singleton_bridge_count_norm"":0.0,""stable_factor_hash"":""693ed0f5df2ae315"",""target_mixed_weight"":30.0},{""factor_count"":14.0,""gadget_mixed_weight"":6.0,""gadget_mixed_weight_norm"":1.0,""mixed_auc_greedy"":6.0,""mixed_auc_greedy_norm"":0.3333333333333333,""mixed_auc_original"":12.0,""mixed_auc_original_norm"":0.6666666666666666,""mixed_excess_norm"":0.0,""mixed_group_count"":1.0,""mixed_group_count_norm"":0.5,""num_block_rows"":1,""num_factor_groups"":2.0,""partition_id"":""semantic_role_k2"",""partition_kind"":""semantic-role"",""score_v3_lex"":""0;0.333333333333;0;693ed0f5df2ae315"",""singleton_bridge_count"":0.0,""singleton_bridge_count_norm"":0.0,""stable_factor_hash"":""693ed0f5df2ae315"",""target_mixed_weight"":6.0},{""factor_count"":14.0,""gadget_mixed_weight"":30.0,""gadget_mixed_weight_norm"":1.0,""mixed_auc_greedy"":42.0,""mixed_auc_greedy_norm"":0.4666666666666667,""mixed_auc_original"":42.0,""mixed_auc_original_norm"":0.4666666666666667,""mixed_excess_norm"":0.0,""mixed_group_count"":2.0,""mixed_group_count_norm"":1.0,""num_block_rows"":1,""num_factor_groups"":2.0,""partition_id"":""tensor_graph_spectral_k2"",""partition_kind"":""tensor-graph"",""score_v3_lex"":""0;0.466666666667;0;693ed0f5df2ae315"",""singleton_bridge_count"":0.0,""singleton_bridge_count_norm"":0.0,""stable_factor_hash"":""693ed0f5df2ae315"",""target_mixed_weight"":30.0}]"
hamming_weight_n4,hamming_weight_n4:combo0,0,ok,ok,,ok,,phase-slack-v1,conservative,0.2,public_resynth_gadgets,hamming_weight_n4,0,1,1,0,1.0,1,21,6,7.676470588235294,ok,,2.457983193277311,7.676470588235294,1.6050420168067228,6.676470588235294,1.911764705882353,1.2857142857142858,5.970588235294118,1.2857142857142858,6.5,8.357142857142858,ok,,221,9,1989,65,9,585,21,50,203,9,1827,264,21,217,14,439,52,1,264,1.0,203,1.6692015209125475,211,9,1899,205,75,9,675,63,10,146,0.7058823529411765,2.5675675675675675,1.6216216216216215,7.027027027027027,6.5,1.0,1.0,5.9423076923076925,21,6,221,309,0.06796116504854369,0.42168674698795183,16,15,1.4,0.3,0.2857142857142857,results/public_resynth_tensor_v3_phase_slack_expanded/public_resynth_tensor_v3_phase_slack/hamming_weight_n4/structural_combinations/combo0/assembled.qasm,ok,,semantic_role_k2,semantic-role,0.12,90.0,90.0,1.0,0.0,132.0,0.36666666666666664,132.0,0.36666666666666664,0.0,0.0,3.0,1.0,3.0,21.0,0;0.366666666667;0;f1491490d6284225,f1491490d6284225,"[{""factor_count"":21.0,""gadget_mixed_weight"":90.0,""gadget_mixed_weight_norm"":1.0,""mixed_auc_greedy"":132.0,""mixed_auc_greedy_norm"":0.36666666666666664,""mixed_auc_original"":132.0,""mixed_auc_original_norm"":0.36666666666666664,""mixed_excess_norm"":0.0,""mixed_group_count"":3.0,""mixed_group_count_norm"":1.0,""num_block_rows"":1,""num_factor_groups"":3.0,""partition_id"":""balanced_contiguous_k2"",""partition_kind"":""contiguous"",""score_v3_lex"":""0;0.366666666667;0;f1491490d6284225"",""singleton_bridge_count"":0.0,""singleton_bridge_count_norm"":0.0,""stable_factor_hash"":""f1491490d6284225"",""target_mixed_weight"":90.0},{""factor_count"":21.0,""gadget_mixed_weight"":90.0,""gadget_mixed_weight_norm"":1.0,""mixed_auc_greedy"":132.0,""mixed_auc_greedy_norm"":0.36666666666666664,""mixed_auc_original"":132.0,""mixed_auc_original_norm"":0.36666666666666664,""mixed_excess_norm"":0.0,""mixed_group_count"":3.0,""mixed_group_count_norm"":1.0,""num_block_rows"":1,""num_factor_groups"":3.0,""partition_id"":""semantic_family_k2"",""partition_kind"":""semantic-family"",""score_v3_lex"":""0;0.366666666667;0;f1491490d6284225"",""singleton_bridge_count"":0.0,""singleton_bridge_count_norm"":0.0,""stable_factor_hash"":""f1491490d6284225"",""target_mixed_weight"":90.0},{""factor_count"":21.0,""gadget_mixed_weight"":90.0,""gadget_mixed_weight_norm"":1.0,""mixed_auc_greedy"":132.0,""mixed_auc_greedy_norm"":0.36666666666666664,""mixed_auc_original"":132.0,""mixed_auc_original_norm"":0.36666666666666664,""mixed_excess_norm"":0.0,""mixed_group_count"":3.0,""mixed_group_count_norm"":1.0,""num_block_rows"":1,""num_factor_groups"":3.0,""partition_id"":""semantic_role_k2"",""partition_kind"":""semantic-role"",""score_v3_lex"":""0;0.366666666667;0;f1491490d6284225"",""singleton_bridge_count"":0.0,""singleton_bridge_count_norm"":0.0,""stable_factor_hash"":""f1491490d6284225"",""target_mixed_weight"":90.0},{""factor_count"":21.0,""gadget_mixed_weight"":102.0,""gadget_mixed_weight_norm"":1.0,""mixed_auc_greedy"":132.0,""mixed_auc_greedy_norm"":0.3235294117647059,""mixed_auc_original"":132.0,""mixed_auc_original_norm"":0.3235294117647059,""mixed_excess_norm"":0.0,""mixed_group_count"":3.0,""mixed_group_count_norm"":1.0,""num_block_rows"":1,""num_factor_groups"":3.0,""partition_id"":""tensor_graph_spectral_k2"",""partition_kind"":""tensor-graph"",""score_v3_lex"":""0;0.323529411765;0;f1491490d6284225"",""singleton_bridge_count"":0.0,""singleton_bridge_count_norm"":0.0,""stable_factor_hash"":""f1491490d6284225"",""target_mixed_weight"":102.0}]"
hamming_weight_n5,hamming_weight_n5:combo0,0,ok,ok,,ok,,phase-slack-v1,conservative,0.2,public_resynth_gadgets,hamming_weight_n5,0,1,1,0,1.0,1,21,4,6.776315789473684,ok,,1.9407894736842106,6.776315789473684,1.0723684210526316,5.776315789473684,1.5526315789473684,1.25,5.421052631578948,1.25,5.894736842105263,7.368421052631579,ok,,224,10,2240,59,10,590,21,48,206,10,2060,280,21,233,14,466,53,1,280,1.0,206,1.6702508960573477,213,10,2130,221,70,10,700,61,11,154,0.7366071428571429,2.1951219512195124,1.2439024390243905,6.390243902439025,5.894736842105263,1.0,0.6666666666666666,5.839285714285714,21,4,224,327,0.06422018348623854,0.4069767441860465,16,15,1.4,0.3,0.19047619047619047,results/public_resynth_tensor_v3_phase_slack_expanded/public_resynth_tensor_v3_phase_slack/hamming_weight_n5/structural_combinations/combo0/assembled.qasm,ok,,semantic_role_k2,semantic-role,0.12,126.0,126.0,1.0,0.0,192.0,0.38095238095238093,192.0,0.38095238095238093,0.0,0.0,3.0,1.0,3.0,21.0,0;0.380952380952;0;678eaefa9e20b5b2,678eaefa9e20b5b2,"[{""factor_count"":21.0,""gadget_mixed_weight"":126.0,""gadget_mixed_weight_norm"":1.0,""mixed_auc_greedy"":192.0,""mixed_auc_greedy_norm"":0.38095238095238093,""mixed_auc_original"":192.0,""mixed_auc_original_norm"":0.38095238095238093,""mixed_excess_norm"":0.0,""mixed_group_count"":3.0,""mixed_group_count_norm"":1.0,""num_block_rows"":1,""num_factor_groups"":3.0,""partition_id"":""balanced_contiguous_k2"",""partition_kind"":""contiguous"",""score_v3_lex"":""0;0.380952380952;0;678eaefa9e20b5b2"",""singleton_bridge_count"":0.0,""singleton_bridge_count_norm"":0.0,""stable_factor_hash"":""678eaefa9e20b5b2"",""target_mixed_weight"":126.0},{""factor_count"":21.0,""gadget_mixed_weight"":126.0,""gadget_mixed_weight_norm"":1.0,""mixed_auc_greedy"":192.0,""mixed_auc_greedy_norm"":0.38095238095238093,""mixed_auc_original"":192.0,""mixed_auc_original_norm"":0.38095238095238093,""mixed_excess_norm"":0.0,""mixed_group_count"":3.0,""mixed_group_count_norm"":1.0,""num_block_rows"":1,""num_factor_groups"":3.0,""partition_id"":""semantic_family_k2"",""partition_kind"":""semantic-family"",""score_v3_lex"":""0;0.380952380952;0;678eaefa9e20b5b2"",""singleton_bridge_count"":0.0,""singleton_bridge_count_norm"":0.0,""stable_factor_hash"":""678eaefa9e20b5b2"",""target_mixed_weight"":126.0},{""factor_count"":21.0,""gadget_mixed_weight"":126.0,""gadget_mixed_weight_norm"":1.0,""mixed_auc_greedy"":192.0,""mixed_auc_greedy_norm"":0.38095238095238093,""mixed_auc_original"":192.0,""mixed_auc_original_norm"":0.38095238095238093,""mixed_excess_norm"":0.0,""mixed_group_count"":3.0,""mixed_group_count_norm"":1.0,""num_block_rows"":1,""num_factor_groups"":3.0,""partition_id"":""semantic_role_k2"",""partition_kind"":""semantic-role"",""score_v3_lex"":""0;0.380952380952;0;678eaefa9e20b5b2"",""singleton_bridge_count"":0.0,""singleton_bridge_count_norm"":0.0,""stable_factor_hash"":""678eaefa9e20b5b2"",""target_mixed_weight"":126.0},{""factor_count"":21.0,""gadget_mixed_weight"":138.0,""gadget_mixed_weight_norm"":1.0,""mixed_auc_greedy"":192.0,""mixed_auc_greedy_norm"":0.34782608695652173,""mixed_auc_original"":192.0,""mixed_auc_original_norm"":0.34782608695652173,""mixed_excess_norm"":0.0,""mixed_group_count"":3.0,""mixed_group_count_norm"":1.0,""num_block_rows"":1,""num_factor_groups"":3.0,""partition_id"":""tensor_graph_spectral_k2"",""partition_kind"":""tensor-graph"",""score_v3_lex"":""0;0.347826086957;0;678eaefa9e20b5b2"",""singleton_bridge_count"":0.0,""singleton_bridge_count_norm"":0.0,""stable_factor_hash"":""678eaefa9e20b5b2"",""target_mixed_weight"":138.0}]"
barenco_tof_3,barenco_tof_3:combo0,0,ok,ok,,ok,,phase-slack-v1,conservative,0.2,public_resynth_no_gadgets,barenco_toff_3,0,1,0,1,0.0,0,13,6,6.776470588235294,ok,,2.5098039215686274,6.776470588235294,1.6274509803921569,5.854901960784313,1.5686274509803921,1.6,4.235294117647059,1.6,4.745098039215686,7.592156862745098,ok,,242,8,1936,80,8,640,13,71,216,8,1728,238,13,225,18,409,74,1,238,1.0,216,1.7257383966244726,238,8,1904,221,84,8,672,75,4,158,0.6694214876033058,1.6037735849056605,0.6226415094339623,4.830188679245283,4.745098039215686,0.4642857142857143,0.5,3.789473684210526,13,6,242,288,0.04513888888888889,0.32098765432098764,14,13,1.0,0.11538461538461539,0.46153846153846156,results/public_resynth_tensor_v3_phase_slack_expanded/public_resynth_tensor_v3_phase_slack/barenco_tof_3/structural_combinations/combo0/assembled.qasm,ok,,semantic_role_k2,semantic-role,0.12,18.0,894.0,49.666666666666664,48.666666666666664,1176.0,4.666666666666667,654.0,2.5952380952380953,10.0,0.7692307692307693,10.0,0.7692307692307693,13.0,13.0,48.6666666667;2.59523809524;0.769230769231;e1842dabeaffdad1,e1842dabeaffdad1,"[{""factor_count"":13.0,""gadget_mixed_weight"":972.0,""gadget_mixed_weight_norm"":27.0,""mixed_auc_greedy"":798.0,""mixed_auc_greedy_norm"":1.5833333333333333,""mixed_auc_original"":1440.0,""mixed_auc_original_norm"":2.857142857142857,""mixed_excess_norm"":26.0,""mixed_group_count"":11.0,""mixed_group_count_norm"":0.8461538461538461,""num_block_rows"":1,""num_factor_groups"":13.0,""partition_id"":""balanced_contiguous_k2"",""partition_kind"":""contiguous"",""score_v3_lex"":""26;1.58333333333;0.846153846154;e1842dabeaffdad1"",""singleton_bridge_count"":11.0,""singleton_bridge_count_norm"":0.8461538461538461,""stable_factor_hash"":""e1842dabeaffdad1"",""target_mixed_weight"":36.0},{""factor_count"":13.0,""gadget_mixed_weight"":630.0,""gadget_mixed_weight_norm"":21.0,""mixed_auc_greedy"":642.0,""mixed_auc_greedy_norm"":1.5285714285714285,""mixed_auc_original"":1272.0,""mixed_auc_original_norm"":3.0285714285714285,""mixed_excess_norm"":20.0,""mixed_group_count"":8.0,""mixed_group_count_norm"":0.6153846153846154,""num_block_rows"":1,""num_factor_groups"":13.0,""partition_id"":""semantic_family_k2"",""partition_kind"":""semantic-family"",""score_v3_lex"":""20;1.52857142857;0.615384615385;e1842dabeaffdad1"",""singleton_bridge_count"":8.0,""singleton_bridge_count_norm"":0.6153846153846154,""stable_factor_hash"":""e1842dabeaffdad1"",""target_mixed_weight"":30.0},{""factor_count"":13.0,""gadget_mixed_weight"":894.0,""gadget_mixed_weight_norm"":49.666666666666664,""mixed_auc_greedy"":654.0,""mixed_auc_greedy_norm"":2.5952380952380953,""mixed_auc_original"":1176.0,""mixed_auc_original_norm"":4.666666666666667,""mixed_excess_norm"":48.666666666666664,""mixed_group_count"":10.0,""mixed_group_count_norm"":0.7692307692307693,""num_block_rows"":1,""num_factor_groups"":13.0,""partition_id"":""semantic_role_k2"",""partition_kind"":""semantic-role"",""score_v3_lex"":""48.6666666667;2.59523809524;0.769230769231;e1842dabeaffdad1"",""singleton_bridge_count"":10.0,""singleton_bridge_count_norm"":0.7692307692307693,""stable_factor_hash"":""e1842dabeaffdad1"",""target_mixed_weight"":18.0},{""factor_count"":13.0,""gadget_mixed_weight"":906.0,""gadget_mixed_weight_norm"":50.333333333333336,""mixed_auc_greedy"":642.0,""mixed_auc_greedy_norm"":2.5476190476190474,""mixed_auc_original"":1236.0,""mixed_auc_original_norm"":4.904761904761905,""mixed_excess_norm"":49.333333333333336,""mixed_group_count"":9.0,""mixed_group_count_norm"":0.6923076923076923,""num_block_rows"":1,""num_factor_groups"":13.0,""partition_id"":""tensor_graph_spectral_k2"",""partition_kind"":""tensor-graph"",""score_v3_lex"":""49.3333333333;2.54761904762;0.692307692308;e1842dabeaffdad1"",""singleton_bridge_count"":9.0,""singleton_bridge_count_norm"":0.6923076923076923,""stable_factor_hash"":""e1842dabeaffdad1"",""target_mixed_weight"":18.0}]"
barenco_tof_3,barenco_tof_3:combo1,1,ok,ok,,ok,,phase-slack-v1,conservative,0.2,public_resynth_no_gadgets,barenco_toff_3,1,1,0,1,0.0,0,13,8,5.772549019607843,ok,,1.8823529411764706,5.772549019607843,1.0,4.850980392156862,1.1764705882352942,1.6,3.607843137254902,1.6,3.9411764705882355,6.305882352941176,ok,,201,8,1608,60,8,480,13,53,184,8,1472,212,13,199,17,364,56,1,212,1.0,184,1.7251184834123223,198,8,1584,195,63,8,504,57,3,141,0.7164179104477612,1.2830188679245282,0.3018867924528301,4.150943396226415,3.9411764705882355,0.4642857142857143,0.6666666666666666,3.25,13,8,201,247,0.05263157894736842,0.35714285714285715,14,13,1.0,0.038461538461538464,0.6153846153846154,results/public_resynth_tensor_v3_phase_slack_expanded/public_resynth_tensor_v3_phase_slack/barenco_tof_3/structural_combinations/combo1/assembled.qasm,ok,,semantic_role_k2,semantic-role,0.12,18.0,354.0,19.666666666666668,18.666666666666668,900.0,3.5714285714285716,360.0,1.4285714285714286,8.0,0.6153846153846154,8.0,0.6153846153846154,13.0,13.0,18.6666666667;1.42857142857;0.615384615385;59a3c39fa6e8cd34,59a3c39fa6e8cd34,"[{""factor_count"":13.0,""gadget_mixed_weight"":432.0,""gadget_mixed_weight_norm"":12.0,""mixed_auc_greedy"":516.0,""mixed_auc_greedy_norm"":1.0238095238095237,""mixed_auc_original"":1242.0,""mixed_auc_original_norm"":2.4642857142857144,""mixed_excess_norm"":11.0,""mixed_group_count"":12.0,""mixed_group_count_norm"":0.9230769230769231,""num_block_rows"":1,""num_factor_groups"":13.0,""partition_id"":""balanced_contiguous_k2"",""partition_kind"":""contiguous"",""score_v3_lex"":""11;1.02380952381;0.923076923077;59a3c39fa6e8cd34"",""singleton_bridge_count"":12.0,""singleton_bridge_count_norm"":0.9230769230769231,""stable_factor_hash"":""59a3c39fa6e8cd34"",""target_mixed_weight"":36.0},{""factor_count"":13.0,""gadget_mixed_weight"":342.0,""gadget_mixed_weight_norm"":11.4,""mixed_auc_greedy"":456.0,""mixed_auc_greedy_norm"":1.0857142857142856,""mixed_auc_original"":984.0,""mixed_auc_original_norm"":2.342857142857143,""mixed_excess_norm"":10.4,""mixed_group_count"":10.0,""mixed_group_count_norm"":0.7692307692307693,""num_block_rows"":1,""num_factor_groups"":13.0,""partition_id"":""semantic_family_k2"",""partition_kind"":""semantic-family"",""score_v3_lex"":""10.4;1.08571428571;0.769230769231;59a3c39fa6e8cd34"",""singleton_bridge_count"":10.0,""singleton_bridge_count_norm"":0.7692307692307693,""stable_factor_hash"":""59a3c39fa6e8cd34"",""target_mixed_weight"":30.0},{""factor_count"":13.0,""gadget_mixed_weight"":354.0,""gadget_mixed_weight_norm"":19.666666666666668,""mixed_auc_greedy"":360.0,""mixed_auc_greedy_norm"":1.4285714285714286,""mixed_auc_original"":900.0,""mixed_auc_original_norm"":3.5714285714285716,""mixed_excess_norm"":18.666666666666668,""mixed_group_count"":8.0,""mixed_group_count_norm"":0.6153846153846154,""num_block_rows"":1,""num_factor_groups"":13.0,""partition_id"":""semantic_role_k2"",""partition_kind"":""semantic-role"",""score_v3_lex"":""18.6666666667;1.42857142857;0.615384615385;59a3c39fa6e8cd34"",""singleton_bridge_count"":8.0,""singleton_bridge_count_norm"":0.6153846153846154,""stable_factor_hash"":""59a3c39fa6e8cd34"",""target_mixed_weight"":18.0},{""factor_count"":13.0,""gadget_mixed_weight"":330.0,""gadget_mixed_weight_norm"":18.333333333333332,""mixed_auc_greedy"":300.0,""mixed_auc_greedy_norm"":1.1904761904761905,""mixed_auc_original"":798.0,""mixed_auc_original_norm"":3.1666666666666665,""mixed_excess_norm"":17.333333333333332,""mixed_group_count"":11.0,""mixed_group_count_norm"":0.8461538461538461,""num_block_rows"":1,""num_factor_groups"":13.0,""partition_id"":""tensor_graph_spectral_k2"",""partition_kind"":""tensor-graph"",""score_v3_lex"":""17.3333333333;1.19047619048;0.846153846154;59a3c39fa6e8cd34"",""singleton_bridge_count"":11.0,""singleton_bridge_count_norm"":0.8461538461538461,""stable_factor_hash"":""59a3c39fa6e8cd34"",""target_mixed_weight"":18.0}]"
barenco_tof_3,barenco_tof_3:combo2,2,ok,ok,,ok,,phase-slack-v1,conservative,0.2,public_resynth_no_gadgets,barenco_toff_3,2,1,0,1,0.0,0,13,6,7.247058823529412,ok,,2.823529411764706,7.247058823529412,1.9411764705882355,6.325490196078431,1.7647058823529411,1.6,4.529411764705882,1.6,5.078431372549019,8.125490196078431,ok,,259,8,2072,90,8,720,13,78,231,8,1848,255,13,242,17,429,96,1,255,1.0,231,1.688976377952756,254,8,2032,237,95,8,760,83,5,164,0.6525096525096525,1.7924528301886793,0.8113207547169812,5.320754716981132,5.078431372549019,0.4642857142857143,0.5,4.276315789473684,13,6,259,325,0.04,0.29411764705882354,14,13,1.0,0.038461538461538464,0.46153846153846156,results/public_resynth_tensor_v3_phase_slack_expanded/public_resynth_tensor_v3_phase_slack/barenco_tof_3/structural_combinations/combo2/assembled.qasm,ok,,semantic_role_k2,semantic-role,0.12,18.0,1122.0,62.333333333333336,61.333333333333336,1464.0,5.809523809523809,786.0,3.119047619047619,10.0,0.7692307692307693,10.0,0.7692307692307693,13.0,13.0,61.3333333333;3.11904761905;0.769230769231;06c09fd93d61e622,06c09fd93d61e622,"[{""factor_count"":13.0,""gadget_mixed_weight"":1092.0,""gadget_mixed_weight_norm"":30.333333333333332,""mixed_auc_greedy"":936.0,""mixed_auc_greedy_norm"":1.8571428571428572,""mixed_auc_original"":1578.0,""mixed_auc_original_norm"":3.130952380952381,""mixed_excess_norm"":29.333333333333332,""mixed_group_count"":10.0,""mixed_group_count_norm"":0.7692307692307693,""num_block_rows"":1,""num_factor_groups"":13.0,""partition_id"":""balanced_contiguous_k2"",""partition_kind"":""contiguous"",""score_v3_lex"":""29.3333333333;1.85714285714;0.769230769231;06c09fd93d61e622"",""singleton_bridge_count"":10.0,""singleton_bridge_count_norm"":0.7692307692307693,""stable_factor_hash"":""06c09fd93d61e622"",""target_mixed_weight"":36.0},{""factor_count"":13.0,""gadget_mixed_weight"":714.0,""gadget_mixed_weight_norm"":23.8,""mixed_auc_greedy"":588.0,""mixed_auc_greedy_norm"":1.4,""mixed_auc_original"":1098.0,""mixed_auc_original_norm"":2.6142857142857143,""mixed_excess_norm"":22.8,""mixed_group_count"":9.0,""mixed_group_count_norm"":0.6923076923076923,""num_block_rows"":1,""num_factor_groups"":13.0,""partition_id"":""semantic_family_k2"",""partition_kind"":""semantic-family"",""score_v3_lex"":""22.8;1.4;0.692307692308;06c09fd93d61e622"",""singleton_bridge_count"":9.0,""singleton_bridge_count_norm"":0.6923076923076923,""stable_factor_hash"":""06c09fd93d61e622"",""target_mixed_weight"":30.0},{""factor_count"":13.0,""gadget_mixed_weight"":1122.0,""gadget_mixed_weight_norm"":62.333333333333336,""mixed_auc_greedy"":786.0,""mixed_auc_greedy_norm"":3.119047619047619,""mixed_auc_original"":1464.0,""mixed_auc_original_norm"":5.809523809523809,""mixed_excess_norm"":61.333333333333336,""mixed_group_count"":10.0,""mixed_group_count_norm"":0.7692307692307693,""num_block_rows"":1,""num_factor_groups"":13.0,""partition_id"":""semantic_role_k2"",""partition_kind"":""semantic-role"",""score_v3_lex"":""61.3333333333;3.11904761905;0.769230769231;06c09fd93d61e622"",""singleton_bridge_count"":10.0,""singleton_bridge_count_norm"":0.7692307692307693,""stable_factor_hash"":""06c09fd93d61e622"",""target_mixed_weight"":18.0},{""factor_count"":13.0,""gadget_mixed_weight"":1014.0,""gadget_mixed_weight_norm"":56.333333333333336,""mixed_auc_greedy"":714.0,""mixed_auc_greedy_norm"":2.8333333333333335,""mixed_auc_original"":1458.0,""mixed_auc_original_norm"":5.785714285714286,""mixed_excess_norm"":55.333333333333336,""mixed_group_count"":9.0,""mixed_group_count_norm"":0.6923076923076923,""num_block_rows"":1,""num_factor_groups"":13.0,""partition_id"":""tensor_graph_spectral_k2"",""partition_kind"":""tensor-graph"",""score_v3_lex"":""55.3333333333;2.83333333333;0.692307692308;06c09fd93d61e622"",""singleton_bridge_count"":9.0,""singleton_bridge_count_norm"":0.6923076923076923,""stable_factor_hash"":""06c09fd93d61e622"",""target_mixed_weight"":18.0}]"
barenco_tof_3,barenco_tof_3:combo3,3,ok,ok,,ok,,phase-slack-v1,conservative,0.2,public_resynth_no_gadgets,barenco_toff_3,3,1,0,1,0.0,0,13,6,6.6196078431372545,ok,,2.3215686274509806,6.6196078431372545,1.43921568627451,5.698039215686274,1.4509803921568627,1.6,4.137254901960785,1.6,4.686274509803922,7.4980392156862745,ok,,239,8,1912,74,8,592,13,68,211,8,1688,238,13,225,18,402,84,1,238,1.0,211,1.6962025316455696,234,8,1872,220,79,8,632,73,5,160,0.6903765690376569,1.6037735849056605,0.6226415094339623,4.943396226415095,4.686274509803922,0.4642857142857143,0.5,3.9078947368421053,13,6,239,297,0.04377104377104377,0.3140096618357488,14,13,1.0,0.07692307692307693,0.46153846153846156,results/public_resynth_tensor_v3_phase_slack_expanded/public_resynth_tensor_v3_phase_slack/barenco_tof_3/structural_combinations/combo3/assembled.qasm,ok,,semantic_role_k2,semantic-role,0.12,18.0,654.0,36.333333333333336,35.333333333333336,1032.0,4.095238095238095,564.0,2.238095238095238,10.0,0.7692307692307693,10.0,0.7692307692307693,13.0,13.0,35.3333333333;2.2380952381;0.769230769231;628fabd3433a7a8d,628fabd3433a7a8d,"[{""factor_count"":13.0,""gadget_mixed_weight"":768.0,""gadget_mixed_weight_norm"":21.333333333333332,""mixed_auc_greedy"":840.0,""mixed_auc_greedy_norm"":1.6666666666666667,""mixed_auc_original"":1212.0,""mixed_auc_original_norm"":2.4047619047619047,""mixed_excess_norm"":20.333333333333332,""mixed_group_count"":11.0,""mixed_group_count_norm"":0.8461538461538461,""num_block_rows"":1,""num_factor_groups"":13.0,""partition_id"":""balanced_contiguous_k2"",""partition_kind"":""contiguous"",""score_v3_lex"":""20.3333333333;1.66666666667;0.846153846154;628fabd3433a7a8d"",""singleton_bridge_count"":11.0,""singleton_bridge_count_norm"":0.8461538461538461,""stable_factor_hash"":""628fabd3433a7a8d"",""target_mixed_weight"":36.0},{""factor_count"":13.0,""gadget_mixed_weight"":558.0,""gadget_mixed_weight_norm"":18.6,""mixed_auc_greedy"":612.0,""mixed_auc_greedy_norm"":1.457142857142857,""mixed_auc_original"":1098.0,""mixed_auc_original_norm"":2.6142857142857143,""mixed_excess_norm"":17.6,""mixed_group_count"":8.0,""mixed_group_count_norm"":0.6153846153846154,""num_block_rows"":1,""num_factor_groups"":13.0,""partition_id"":""semantic_family_k2"",""partition_kind"":""semantic-family"",""score_v3_lex"":""17.6;1.45714285714;0.615384615385;628fabd3433a7a8d"",""singleton_bridge_count"":8.0,""singleton_bridge_count_norm"":0.6153846153846154,""stable_factor_hash"":""628fabd3433a7a8d"",""target_mixed_weight"":30.0},{""factor_count"":13.0,""gadget_mixed_weight"":654.0,""gadget_mixed_weight_norm"":36.333333333333336,""mixed_auc_greedy"":564.0,""mixed_auc_greedy_norm"":2.238095238095238,""mixed_auc_original"":1032.0,""mixed_auc_original_norm"":4.095238095238095,""mixed_excess_norm"":35.333333333333336,""mixed_group_count"":10.0,""mixed_group_count_norm"":0.7692307692307693,""num_block_rows"":1,""num_factor_groups"":13.0,""partition_id"":""semantic_role_k2"",""partition_kind"":""semantic-role"",""score_v3_lex"":""35.3333333333;2.2380952381;0.769230769231;628fabd3433a7a8d"",""singleton_bridge_count"":10.0,""singleton_bridge_count_norm"":0.7692307692307693,""stable_factor_hash"":""628fabd3433a7a8d"",""target_mixed_weight"":18.0},{""factor_count"":13.0,""gadget_mixed_weight"":666.0,""gadget_mixed_weight_norm"":37.0,""mixed_auc_greedy"":522.0,""mixed_auc_greedy_norm"":2.0714285714285716,""mixed_auc_original"":1158.0,""mixed_auc_original_norm"":4.595238095238095,""mixed_excess_norm"":36.0,""mixed_group_count"":9.0,""mixed_group_count_norm"":0.6923076923076923,""num_block_rows"":1,""num_factor_groups"":13.0,""partition_id"":""tensor_graph_spectral_k2"",""partition_kind"":""tensor-graph"",""score_v3_lex"":""36;2.07142857143;0.692307692308;628fabd3433a7a8d"",""singleton_bridge_count"":9.0,""singleton_bridge_count_norm"":0.6923076923076923,""stable_factor_hash"":""628fabd3433a7a8d"",""target_mixed_weight"":18.0}]"
barenco_tof_3,barenco_tof_3:combo4,4,ok,ok,,ok,,phase-slack-v1,conservative,0.2,public_resynth_no_gadgets,barenco_toff_3,4,1,0,1,0.0,0,13,6,6.6196078431372545,ok,,2.3215686274509806,6.6196078431372545,1.43921568627451,5.698039215686274,1.4509803921568627,1.6,4.137254901960785,1.6,4.666666666666667,7.466666666666667,ok,,238,8,1904,74,8,592,13,68,211,8,1688,238,13,225,16,404,84,1,238,1.0,211,1.7046413502109705,233,8,1864,219,79,8,632,74,5,159,0.6890756302521008,1.509433962264151,0.5283018867924529,4.830188679245283,4.666666666666667,0.4642857142857143,0.5,3.9078947368421053,13,6,238,297,0.04377104377104377,0.3140096618357488,14,13,1.0,0.038461538461538464,0.46153846153846156,results/public_resynth_tensor_v3_phase_slack_expanded/public_resynth_tensor_v3_phase_slack/barenco_tof_3/structural_combinations/combo4/assembled.qasm,ok,,semantic_role_k2,semantic-role,0.12,18.0,774.0,43.0,42.0,960.0,3.8095238095238093,606.0,2.4047619047619047,10.0,0.7692307692307693,10.0,0.7692307692307693,13.0,13.0,42;2.40476190476;0.769230769231;a635b82f3d270ff3,a635b82f3d270ff3,"[{""factor_count"":13.0,""gadget_mixed_weight"":720.0,""gadget_mixed_weight_norm"":20.0,""mixed_auc_greedy"":870.0,""mixed_auc_greedy_norm"":1.7261904761904763,""mixed_auc_original"":1014.0,""mixed_auc_original_norm"":2.011904761904762,""mixed_excess_norm"":19.0,""mixed_group_count"":10.0,""mixed_group_count_norm"":0.7692307692307693,""num_block_rows"":1,""num_factor_groups"":13.0,""partition_id"":""balanced_contiguous_k2"",""partition_kind"":""contiguous"",""score_v3_lex"":""19;1.72619047619;0.769230769231;a635b82f3d270ff3"",""singleton_bridge_count"":10.0,""singleton_bridge_count_norm"":0.7692307692307693,""stable_factor_hash"":""a635b82f3d270ff3"",""target_mixed_weight"":36.0},{""factor_count"":13.0,""gadget_mixed_weight"":294.0,""gadget_mixed_weight_norm"":9.8,""mixed_auc_greedy"":510.0,""mixed_auc_greedy_norm"":1.2142857142857142,""mixed_auc_original"":426.0,""mixed_auc_original_norm"":1.0142857142857142,""mixed_excess_norm"":8.8,""mixed_group_count"":5.0,""mixed_group_count_norm"":0.38461538461538464,""num_block_rows"":1,""num_factor_groups"":13.0,""partition_id"":""semantic_family_k2"",""partition_kind"":""semantic-family"",""score_v3_lex"":""8.8;1.21428571429;0.384615384615;a635b82f3d270ff3"",""singleton_bridge_count"":5.0,""singleton_bridge_count_norm"":0.38461538461538464,""stable_factor_hash"":""a635b82f3d270ff3"",""target_mixed_weight"":30.0},{""factor_count"":13.0,""gadget_mixed_weight"":774.0,""gadget_mixed_weight_norm"":43.0,""mixed_auc_greedy"":606.0,""mixed_auc_greedy_norm"":2.4047619047619047,""mixed_auc_original"":960.0,""mixed_auc_original_norm"":3.8095238095238093,""mixed_excess_norm"":42.0,""mixed_group_count"":10.0,""mixed_group_count_norm"":0.7692307692307693,""num_block_rows"":1,""num_factor_groups"":13.0,""partition_id"":""semantic_role_k2"",""partition_kind"":""semantic-role"",""score_v3_lex"":""42;2.40476190476;0.769230769231;a635b82f3d270ff3"",""singleton_bridge_count"":10.0,""singleton_bridge_count_norm"":0.7692307692307693,""stable_factor_hash"":""a635b82f3d270ff3"",""target_mixed_weight"":18.0},{""factor_count"":13.0,""gadget_mixed_weight"":726.0,""gadget_mixed_weight_norm"":40.333333333333336,""mixed_auc_greedy"":570.0,""mixed_auc_greedy_norm"":2.261904761904762,""mixed_auc_original"":840.0,""mixed_auc_original_norm"":3.3333333333333335,""mixed_excess_norm"":39.333333333333336,""mixed_group_count"":9.0,""mixed_group_count_norm"":0.6923076923076923,""num_block_rows"":1,""num_factor_groups"":13.0,""partition_id"":""tensor_graph_spectral_k2"",""partition_kind"":""tensor-graph"",""score_v3_lex"":""39.3333333333;2.2619047619;0.692307692308;a635b82f3d270ff3"",""singleton_bridge_count"":9.0,""singleton_bridge_count_norm"":0.6923076923076923,""stable_factor_hash"":""a635b82f3d270ff3"",""target_mixed_weight"":18.0}]"
barenco_tof_3,barenco_tof_3:combo5,5,ok,ok,,ok,,phase-slack-v1,conservative,0.2,public_resynth_no_gadgets,barenco_toff_3,5,1,0,1,0.0,0,13,8,5.866666666666666,ok,,1.8509803921568628,5.866666666666666,0.9686274509803923,4.945098039215686,1.1568627450980393,1.6,3.6666666666666665,1.6,4.03921568627451,6.462745098039216,ok,,206,8,1648,59,8,472,13,53,187,8,1496,212,13,199,17,365,56,1,212,1.0,187,1.7298578199052133,201,8,1608,194,64,8,512,58,5,142,0.7135922330097088,1.2641509433962264,0.28301886792452824,4.150943396226415,4.03921568627451,0.4642857142857143,0.6666666666666666,3.25,13,8,206,247,0.05263157894736842,0.35714285714285715,14,13,1.0,0.038461538461538464,0.6153846153846154,results/public_resynth_tensor_v3_phase_slack_expanded/public_resynth_tensor_v3_phase_slack/barenco_tof_3/structural_combinations/combo5/assembled.qasm,ok,,semantic_role_k2,semantic-role,0.12,18.0,354.0,19.666666666666668,18.666666666666668,342.0,1.3571428571428572,336.0,1.3333333333333333,8.0,0.6153846153846154,8.0,0.6153846153846154,13.0,13.0,18.6666666667;1.33333333333;0.615384615385;b3cb8f8026447b0d,b3cb8f8026447b0d,"[{""factor_count"":13.0,""gadget_mixed_weight"":360.0,""gadget_mixed_weight_norm"":10.0,""mixed_auc_greedy"":552.0,""mixed_auc_greedy_norm"":1.0952380952380953,""mixed_auc_original"":468.0,""mixed_auc_original_norm"":0.9285714285714286,""mixed_excess_norm"":9.0,""mixed_group_count"":8.0,""mixed_group_count_norm"":0.6153846153846154,""num_block_rows"":1,""num_factor_groups"":13.0,""partition_id"":""balanced_contiguous_k2"",""partition_kind"":""contiguous"",""score_v3_lex"":""9;1.09523809524;0.615384615385;b3cb8f8026447b0d"",""singleton_bridge_count"":8.0,""singleton_bridge_count_norm"":0.6153846153846154,""stable_factor_hash"":""b3cb8f8026447b0d"",""target_mixed_weight"":36.0},{""factor_count"":13.0,""gadget_mixed_weight"":342.0,""gadget_mixed_weight_norm"":11.4,""mixed_auc_greedy"":456.0,""mixed_auc_greedy_norm"":1.0857142857142856,""mixed_auc_original"":390.0,""mixed_auc_original_norm"":0.9285714285714286,""mixed_excess_norm"":10.4,""mixed_group_count"":10.0,""mixed_group_count_norm"":0.7692307692307693,""num_block_rows"":1,""num_factor_groups"":13.0,""partition_id"":""semantic_family_k2"",""partition_kind"":""semantic-family"",""score_v3_lex"":""10.4;1.08571428571;0.769230769231;b3cb8f8026447b0d"",""singleton_bridge_count"":10.0,""singleton_bridge_count_norm"":0.7692307692307693,""stable_factor_hash"":""b3cb8f8026447b0d"",""target_mixed_weight"":30.0},{""factor_count"":13.0,""gadget_mixed_weight"":354.0,""gadget_mixed_weight_norm"":19.666666666666668,""mixed_auc_greedy"":336.0,""mixed_auc_greedy_norm"":1.3333333333333333,""mixed_auc_original"":342.0,""mixed_auc_original_norm"":1.3571428571428572,""mixed_excess_norm"":18.666666666666668,""mixed_group_count"":8.0,""mixed_group_count_norm"":0.6153846153846154,""num_block_rows"":1,""num_factor_groups"":13.0,""partition_id"":""semantic_role_k2"",""partition_kind"":""semantic-role"",""score_v3_lex"":""18.6666666667;1.33333333333;0.615384615385;b3cb8f8026447b0d"",""singleton_bridge_count"":8.0,""singleton_bridge_count_norm"":0.6153846153846154,""stable_factor_hash"":""b3cb8f8026447b0d"",""target_mixed_weight"":18.0},{""factor_count"":13.0,""gadget_mixed_weight"":330.0,""gadget_mixed_weight_norm"":18.333333333333332,""mixed_auc_greedy"":300.0,""mixed_auc_greedy_norm"":1.1904761904761905,""mixed_auc_original"":330.0,""mixed_auc_original_norm"":1.3095238095238095,""mixed_excess_norm"":17.333333333333332,""mixed_group_count"":11.0,""mixed_group_count_norm"":0.8461538461538461,""num_block_rows"":1,""num_factor_groups"":13.0,""partition_id"":""tensor_graph_spectral_k2"",""partition_kind"":""tensor-graph"",""score_v3_lex"":""17.3333333333;1.19047619048;0.846153846154;b3cb8f8026447b0d"",""singleton_bridge_count"":11.0,""singleton_bridge_count_norm"":0.8461538461538461,""stable_factor_hash"":""b3cb8f8026447b0d"",""target_mixed_weight"":18.0}]"
barenco_tof_3,barenco_tof_3:combo6,6,ok,ok,,ok,,phase-slack-v1,conservative,0.2,public_resynth_no_gadgets,barenco_toff_3,6,1,0,1,0.0,0,13,8,3.450980392156863,ok,,3.011764705882353,3.450980392156863,2.1294117647058823,2.5294117647058827,1.8823529411764706,1.6,2.156862745098039,1.6,5.117647058823529,8.188235294117646,ok,,261,8,2088,96,8,768,13,83,110,8,880,115,13,102,5,196,32,1,115,1.0,110,1.719298245614035,256,8,2048,235,101,8,808,89,5,160,0.632183908045977,1.9056603773584906,0.9245283018867925,5.245283018867925,5.117647058823529,0.4642857142857143,0.6666666666666666,4.157894736842105,13,8,261,316,0.04113924050632911,0.3002309468822171,14,13,1.0,0.038461538461538464,0.6153846153846154,results/public_resynth_tensor_v3_phase_slack_expanded/public_resynth_tensor_v3_phase_slack/barenco_tof_3/structural_combinations/combo6/assembled.qasm,ok,,semantic_role_k2,semantic-role,0.12,18.0,1422.0,79.0,78.0,1842.0,7.309523809523809,930.0,3.6904761904761907,10.0,0.7692307692307693,10.0,0.7692307692307693,13.0,13.0,78;3.69047619048;0.769230769231;359b6378ca737cdd,359b6378ca737cdd,"[{""factor_count"":13.0,""gadget_mixed_weight"":1440.0,""gadget_mixed_weight_norm"":40.0,""mixed_auc_greedy"":1158.0,""mixed_auc_greedy_norm"":2.2976190476190474,""mixed_auc_original"":1986.0,""mixed_auc_original_norm"":3.9404761904761907,""mixed_excess_norm"":39.0,""mixed_group_count"":10.0,""mixed_group_count_norm"":0.7692307692307693,""num_block_rows"":1,""num_factor_groups"":13.0,""partition_id"":""balanced_contiguous_k2"",""partition_kind"":""contiguous"",""score_v3_lex"":""39;2.29761904762;0.769230769231;359b6378ca737cdd"",""singleton_bridge_count"":10.0,""singleton_bridge_count_norm"":0.7692307692307693,""stable_factor_hash"":""359b6378ca737cdd"",""target_mixed_weight"":36.0},{""factor_count"":13.0,""gadget_mixed_weight"":1146.0,""gadget_mixed_weight_norm"":38.2,""mixed_auc_greedy"":846.0,""mixed_auc_greedy_norm"":2.0142857142857142,""mixed_auc_original"":1536.0,""mixed_auc_original_norm"":3.657142857142857,""mixed_excess_norm"":37.2,""mixed_group_count"":9.0,""mixed_group_count_norm"":0.6923076923076923,""num_block_rows"":1,""num_factor_groups"":13.0,""partition_id"":""semantic_family_k2"",""partition_kind"":""semantic-family"",""score_v3_lex"":""37.2;2.01428571429;0.692307692308;359b6378ca737cdd"",""singleton_bridge_count"":9.0,""singleton_bridge_count_norm"":0.6923076923076923,""stable_factor_hash"":""359b6378ca737cdd"",""target_mixed_weight"":30.0},{""factor_count"":13.0,""gadget_mixed_weight"":1422.0,""gadget_mixed_weight_norm"":79.0,""mixed_auc_greedy"":930.0,""mixed_auc_greedy_norm"":3.6904761904761907,""mixed_auc_original"":1842.0,""mixed_auc_original_norm"":7.309523809523809,""mixed_excess_norm"":78.0,""mixed_group_count"":10.0,""mixed_group_count_norm"":0.7692307692307693,""num_block_rows"":1,""num_factor_groups"":13.0,""partition_id"":""semantic_role_k2"",""partition_kind"":""semantic-role"",""score_v3_lex"":""78;3.69047619048;0.769230769231;359b6378ca737cdd"",""singleton_bridge_count"":10.0,""singleton_bridge_count_norm"":0.7692307692307693,""stable_factor_hash"":""359b6378ca737cdd"",""target_mixed_weight"":18.0},{""factor_count"":13.0,""gadget_mixed_weight"":1386.0,""gadget_mixed_weight_norm"":77.0,""mixed_auc_greedy"":930.0,""mixed_auc_greedy_norm"":3.6904761904761907,""mixed_auc_original"":1890.0,""mixed_auc_original_norm"":7.5,""mixed_excess_norm"":76.0,""mixed_group_count"":9.0,""mixed_group_count_norm"":0.6923076923076923,""num_block_rows"":1,""num_factor_groups"":13.0,""partition_id"":""tensor_graph_spectral_k2"",""partition_kind"":""tensor-graph"",""score_v3_lex"":""76;3.69047619048;0.692307692308;359b6378ca737cdd"",""singleton_bridge_count"":9.0,""singleton_bridge_count_norm"":0.6923076923076923,""stable_factor_hash"":""359b6378ca737cdd"",""target_mixed_weight"":18.0}]"
barenco_tof_3,barenco_tof_3:combo7,7,ok,ok,,ok,,phase-slack-v1,conservative,0.2,public_resynth_no_gadgets,barenco_toff_3,7,1,0,1,0.0,0,13,6,3.011764705882353,ok,,2.6666666666666665,3.011764705882353,1.784313725490196,2.0901960784313727,1.6666666666666667,1.6,1.8823529411764706,1.6,4.745098039215686,7.592156862745098,ok,,242,8,1936,85,8,680,13,75,96,8,768,100,13,87,3,174,18,1,100,1.0,96,1.7575757575757576,238,8,1904,221,89,8,712,80,4,153,0.6487603305785123,1.679245283018868,0.6981132075471699,4.7924528301886795,4.745098039215686,0.4642857142857143,0.5,3.776315789473684,13,6,242,287,0.04529616724738676,0.3217821782178218,14,13,1.0,0.07692307692307693,0.46153846153846156,results/public_resynth_tensor_v3_phase_slack_expanded/public_resynth_tensor_v3_phase_slack/barenco_tof_3/structural_combinations/combo7/assembled.qasm,ok,,semantic_role_k2,semantic-role,0.12,18.0,1218.0,67.66666666666667,66.66666666666667,2130.0,8.452380952380953,822.0,3.261904761904762,10.0,0.7692307692307693,10.0,0.7692307692307693,13.0,13.0,66.6666666667;3.2619047619;0.769230769231;60d1bd4fe50a0aa5,60d1bd4fe50a0aa5,"[{""factor_count"":13.0,""gadget_mixed_weight"":1272.0,""gadget_mixed_weight_norm"":35.333333333333336,""mixed_auc_greedy"":1032.0,""mixed_auc_greedy_norm"":2.0476190476190474,""mixed_auc_original"":2358.0,""mixed_auc_original_norm"":4.678571428571429,""mixed_excess_norm"":34.333333333333336,""mixed_group_count"":11.0,""mixed_group_count_norm"":0.8461538461538461,""num_block_rows"":1,""num_factor_groups"":13.0,""partition_id"":""balanced_contiguous_k2"",""partition_kind"":""contiguous"",""score_v3_lex"":""34.3333333333;2.04761904762;0.846153846154;60d1bd4fe50a0aa5"",""singleton_bridge_count"":11.0,""singleton_bridge_count_norm"":0.8461538461538461,""stable_factor_hash"":""60d1bd4fe50a0aa5"",""target_mixed_weight"":36.0},{""factor_count"":13.0,""gadget_mixed_weight"":738.0,""gadget_mixed_weight_norm"":24.6,""mixed_auc_greedy"":744.0,""mixed_auc_greedy_norm"":1.7714285714285714,""mixed_auc_original"":1728.0,""mixed_auc_original_norm"":4.114285714285714,""mixed_excess_norm"":23.6,""mixed_group_count"":8.0,""mixed_group_count_norm"":0.6153846153846154,""num_block_rows"":1,""num_factor_groups"":13.0,""partition_id"":""semantic_family_k2"",""partition_kind"":""semantic-family"",""score_v3_lex"":""23.6;1.77142857143;0.615384615385;60d1bd4fe50a0aa5"",""singleton_bridge_count"":8.0,""singleton_bridge_count_norm"":0.6153846153846154,""stable_factor_hash"":""60d1bd4fe50a0aa5"",""target_mixed_weight"":30.0},{""factor_count"":13.0,""gadget_mixed_weight"":1218.0,""gadget_mixed_weight_norm"":67.66666666666667,""mixed_auc_greedy"":822.0,""mixed_auc_greedy_norm"":3.261904761904762,""mixed_auc_original"":2130.0,""mixed_auc_original_norm"":8.452380952380953,""mixed_excess_norm"":66.66666666666667,""mixed_group_count"":10.0,""mixed_group_count_norm"":0.7692307692307693,""num_block_rows"":1,""num_factor_groups"":13.0,""partition_id"":""semantic_role_k2"",""partition_kind"":""semantic-role"",""score_v3_lex"":""66.6666666667;3.2619047619;0.769230769231;60d1bd4fe50a0aa5"",""singleton_bridge_count"":10.0,""singleton_bridge_count_norm"":0.7692307692307693,""stable_factor_hash"":""60d1bd4fe50a0aa5"",""target_mixed_weight"":18.0},{""factor_count"":13.0,""gadget_mixed_weight"":1230.0,""gadget_mixed_weight_norm"":68.33333333333333,""mixed_auc_greedy"":858.0,""mixed_auc_greedy_norm"":3.4047619047619047,""mixed_auc_original"":2514.0,""mixed_auc_original_norm"":9.976190476190476,""mixed_excess_norm"":67.33333333333333,""mixed_group_count"":9.0,""mixed_group_count_norm"":0.6923076923076923,""num_block_rows"":1,""num_factor_groups"":13.0,""partition_id"":""tensor_graph_spectral_k2"",""partition_kind"":""tensor-graph"",""score_v3_lex"":""67.3333333333;3.40476190476;0.692307692308;60d1bd4fe50a0aa5"",""singleton_bridge_count"":9.0,""singleton_bridge_count_norm"":0.6923076923076923,""stable_factor_hash"":""60d1bd4fe50a0aa5"",""target_mixed_weight"":18.0}]"
barenco_tof_3,barenco_tof_3:combo8,8,ok,ok,,ok,,phase-slack-v1,conservative,0.2,public_resynth_gadgets,barenco_toff_3,0,1,1,0,1.0,1,14,5,5.67843137254902,ok,,1.2862745098039217,5.67843137254902,0.4039215686274511,4.756862745098039,0.803921568627451,1.6,3.549019607843137,1.6,4.0,6.4,ok,,204,8,1632,41,8,328,14,30,181,8,1448,219,14,192,18,358,66,1,219,1.0,181,1.6422018348623852,194,8,1552,180,51,8,408,43,10,153,0.7990196078431373,1.150943396226415,0.16981132075471694,4.245283018867925,4.0,0.5,0.4166666666666667,3.513157894736842,14,5,204,267,0.052434456928838954,0.356234096692112,11,10,1.4,0.3,0.35714285714285715,results/public_resynth_tensor_v3_phase_slack_expanded/public_resynth_tensor_v3_phase_slack/barenco_tof_3/structural_combinations/combo8/assembled.qasm,ok,,semantic_role_k2,semantic-role,0.12,18.0,18.0,1.0,0.0,24.0,0.4444444444444444,24.0,0.4444444444444444,0.0,0.0,2.0,1.0,2.0,14.0,0;0.444444444444;0;503109372f88ddf7,503109372f88ddf7,"[{""factor_count"":14.0,""gadget_mixed_weight"":36.0,""gadget_mixed_weight_norm"":1.0,""mixed_auc_greedy"":54.0,""mixed_auc_greedy_norm"":0.5,""mixed_auc_original"":54.0,""mixed_auc_original_norm"":0.5,""mixed_excess_norm"":0.0,""mixed_group_count"":2.0,""mixed_group_count_norm"":1.0,""num_block_rows"":1,""num_factor_groups"":2.0,""partition_id"":""balanced_contiguous_k2"",""partition_kind"":""contiguous"",""score_v3_lex"":""0;0.5;0;503109372f88ddf7"",""singleton_bridge_count"":0.0,""singleton_bridge_count_norm"":0.0,""stable_factor_hash"":""503109372f88ddf7"",""target_mixed_weight"":36.0},{""factor_count"":14.0,""gadget_mixed_weight"":30.0,""gadget_mixed_weight_norm"":1.0,""mixed_auc_greedy"":36.0,""mixed_auc_greedy_norm"":0.4,""mixed_auc_original"":36.0,""mixed_auc_original_norm"":0.4,""mixed_excess_norm"":0.0,""mixed_group_count"":2.0,""mixed_group_count_norm"":1.0,""num_block_rows"":1,""num_factor_groups"":2.0,""partition_id"":""semantic_family_k2"",""partition_kind"":""semantic-family"",""score_v3_lex"":""0;0.4;0;503109372f88ddf7"",""singleton_bridge_count"":0.0,""singleton_bridge_count_norm"":0.0,""stable_factor_hash"":""503109372f88ddf7"",""target_mixed_weight"":30.0},{""factor_count"":14.0,""gadget_mixed_weight"":18.0,""gadget_mixed_weight_norm"":1.0,""mixed_auc_greedy"":24.0,""mixed_auc_greedy_norm"":0.4444444444444444,""mixed_auc_original"":24.0,""mixed_auc_original_norm"":0.4444444444444444,""mixed_excess_norm"":0.0,""mixed_group_count"":2.0,""mixed_group_count_norm"":1.0,""num_block_rows"":1,""num_factor_groups"":2.0,""partition_id"":""semantic_role_k2"",""partition_kind"":""semantic-role"",""score_v3_lex"":""0;0.444444444444;0;503109372f88ddf7"",""singleton_bridge_count"":0.0,""singleton_bridge_count_norm"":0.0,""stable_factor_hash"":""503109372f88ddf7"",""target_mixed_weight"":18.0},{""factor_count"":14.0,""gadget_mixed_weight"":18.0,""gadget_mixed_weight_norm"":1.0,""mixed_auc_greedy"":24.0,""mixed_auc_greedy_norm"":0.4444444444444444,""mixed_auc_original"":24.0,""mixed_auc_original_norm"":0.4444444444444444,""mixed_excess_norm"":0.0,""mixed_group_count"":2.0,""mixed_group_count_norm"":1.0,""num_block_rows"":1,""num_factor_groups"":2.0,""partition_id"":""tensor_graph_spectral_k2"",""partition_kind"":""tensor-graph"",""score_v3_lex"":""0;0.444444444444;0;503109372f88ddf7"",""singleton_bridge_count"":0.0,""singleton_bridge_count_norm"":0.0,""stable_factor_hash"":""503109372f88ddf7"",""target_mixed_weight"":18.0}]"
barenco_tof_4,barenco_tof_4:combo0,0,ok,ok,,ok,,phase-slack-v1,conservative,0.2,public_resynth_no_gadgets,barenco_toff_4,0,1,0,1,0.0,0,23,12,7.333333333333333,ok,,3.090909090909091,7.333333333333333,2.1515151515151514,6.373737373737374,1.5454545454545454,2.0,3.6666666666666665,2.0,3.878787878787879,7.757575757575758,ok,,384,14,5376,153,14,2142,23,156,363,14,5082,449,23,426,18,786,99,1,449,1.0,363,1.7544642857142858,377,14,5278,419,160,14,2240,163,7,224,0.6015625,1.6504854368932038,0.6601941747572815,4.213592233009709,3.878787878787879,0.4107142857142857,0.6,3.5,23,12,384,511,0.04500978473581213,0.3203342618384401,23,23,1.0,0.044444444444444446,0.5217391304347826,results/public_resynth_tensor_v3_phase_slack_expanded/public_resynth_tensor_v3_phase_slack/barenco_tof_4/structural_combinations/combo0/assembled.qasm,ok,,semantic_role_k2,semantic-role,0.12,90.0,1806.0,20.066666666666666,19.066666666666666,4536.0,2.290909090909091,2424.0,1.2242424242424241,15.0,0.6521739130434783,16.0,0.7619047619047619,21.0,23.0,19.0666666667;1.22424242424;0.652173913043;86e8c5e1a748e843,86e8c5e1a748e843,"[{""factor_count"":23.0,""gadget_mixed_weight"":1806.0,""gadget_mixed_weight_norm"":20.066666666666666,""mixed_auc_greedy"":2424.0,""mixed_auc_greedy_norm"":1.2242424242424241,""mixed_auc_original"":4536.0,""mixed_auc_original_norm"":2.290909090909091,""mixed_excess_norm"":19.066666666666666,""mixed_group_count"":16.0,""mixed_group_count_norm"":0.7619047619047619,""num_block_rows"":1,""num_factor_groups"":21.0,""partition_id"":""balanced_contiguous_k2"",""partition_kind"":""contiguous"",""score_v3_lex"":""19.0666666667;1.22424242424;0.652173913043;86e8c5e1a748e843"",""singleton_bridge_count"":15.0,""singleton_bridge_count_norm"":0.6521739130434783,""stable_factor_hash"":""86e8c5e1a748e843"",""target_mixed_weight"":90.0},{""factor_count"":23.0,""gadget_mixed_weight"":1662.0,""gadget_mixed_weight_norm"":11.08,""mixed_auc_greedy"":2976.0,""mixed_auc_greedy_norm"":0.9018181818181819,""mixed_auc_original"":4374.0,""mixed_auc_original_norm"":1.3254545454545454,""mixed_excess_norm"":10.08,""mixed_group_count"":14.0,""mixed_group_count_norm"":0.6666666666666666,""num_block_rows"":1,""num_factor_groups"":21.0,""partition_id"":""semantic_family_k2"",""partition_kind"":""semantic-family"",""score_v3_lex"":""10.08;0.901818181818;0.565217391304;86e8c5e1a748e843"",""singleton_bridge_count"":13.0,""singleton_bridge_count_norm"":0.5652173913043478,""stable_factor_hash"":""86e8c5e1a748e843"",""target_mixed_weight"":150.0},{""factor_count"":23.0,""gadget_mixed_weight"":1806.0,""gadget_mixed_weight_norm"":20.066666666666666,""mixed_auc_greedy"":2424.0,""mixed_auc_greedy_norm"":1.2242424242424241,""mixed_auc_original"":4536.0,""mixed_auc_original_norm"":2.290909090909091,""mixed_excess_norm"":19.066666666666666,""mixed_group_count"":16.0,""mixed_group_count_norm"":0.7619047619047619,""num_block_rows"":1,""num_factor_groups"":21.0,""partition_id"":""semantic_role_k2"",""partition_kind"":""semantic-role"",""score_v3_lex"":""19.0666666667;1.22424242424;0.652173913043;86e8c5e1a748e843"",""singleton_bridge_count"":15.0,""singleton_bridge_count_norm"":0.6521739130434783,""stable_factor_hash"":""86e8c5e1a748e843"",""target_mixed_weight"":90.0},{""factor_count"":23.0,""gadget_mixed_weight"":2022.0,""gadget_mixed_weight_norm"":19.823529411764707,""mixed_auc_greedy"":2520.0,""mixed_auc_greedy_norm"":1.1229946524064172,""mixed_auc_original"":4572.0,""mixed_auc_original_norm"":2.037433155080214,""mixed_excess_norm"":18.823529411764707,""mixed_group_count"":15.0,""mixed_group_count_norm"":0.7142857142857143,""num_block_rows"":1,""num_factor_groups"":21.0,""partition_id"":""tensor_graph_spectral_k2"",""partition_kind"":""tensor-graph"",""score_v3_lex"":""18.8235294118;1.12299465241;0.608695652174;86e8c5e1a748e843"",""singleton_bridge_count"":14.0,""singleton_bridge_count_norm"":0.6086956521739131,""stable_factor_hash"":""86e8c5e1a748e843"",""target_mixed_weight"":102.0}]"
barenco_tof_4,barenco_tof_4:combo1,1,ok,ok,,ok,,phase-slack-v1,conservative,0.2,public_resynth_no_gadgets,barenco_toff_4,1,1,0,1,0.0,0,23,10,9.05050505050505,ok,,4.767676767676767,9.05050505050505,3.828282828282828,8.09090909090909,2.3838383838383836,2.0,4.525252525252525,2.0,4.787878787878788,9.575757575757576,ok,,474,14,6636,236,14,3304,23,222,448,14,6272,523,23,500,22,924,125,1,523,1.0,448,1.7701149425287357,470,14,6580,495,240,14,3360,227,4,234,0.5021097046413502,2.407766990291262,1.4174757281553396,5.145631067961165,4.787878787878788,0.4107142857142857,0.5,4.157534246575342,23,10,474,607,0.03789126853377265,0.28255528255528256,24,23,1.0,0.10869565217391304,0.43478260869565216,results/public_resynth_tensor_v3_phase_slack_expanded/public_resynth_tensor_v3_phase_slack/barenco_tof_4/structural_combinations/combo1/assembled.qasm,ok,,semantic_role_k2,semantic-role,0.12,90.0,4926.0,54.733333333333334,53.733333333333334,7350.0,3.4027777777777777,4584.0,2.1222222222222222,20.0,0.8695652173913043,20.0,0.8695652173913043,23.0,23.0,53.7333333333;2.12222222222;0.869565217391;3e46278252e3bfab,3e46278252e3bfab,"[{""factor_count"":23.0,""gadget_mixed_weight"":4926.0,""gadget_mixed_weight_norm"":54.733333333333334,""mixed_auc_greedy"":4584.0,""mixed_auc_greedy_norm"":2.1222222222222222,""mixed_auc_original"":7350.0,""mixed_auc_original_norm"":3.4027777777777777,""mixed_excess_norm"":53.733333333333334,""mixed_group_count"":20.0,""mixed_group_count_norm"":0.8695652173913043,""num_block_rows"":1,""num_factor_groups"":23.0,""partition_id"":""balanced_contiguous_k2"",""partition_kind"":""contiguous"",""score_v3_lex"":""53.7333333333;2.12222222222;0.869565217391;3e46278252e3bfab"",""singleton_bridge_count"":20.0,""singleton_bridge_count_norm"":0.8695652173913043,""stable_factor_hash"":""3e46278252e3bfab"",""target_mixed_weight"":90.0},{""factor_count"":23.0,""gadget_mixed_weight"":3390.0,""gadget_mixed_weight_norm"":22.6,""mixed_auc_greedy"":4506.0,""mixed_auc_greedy_norm"":1.2516666666666667,""mixed_auc_original"":6696.0,""mixed_auc_original_norm"":1.86,""mixed_excess_norm"":21.6,""mixed_group_count"":19.0,""mixed_group_count_norm"":0.8260869565217391,""num_block_rows"":1,""num_factor_groups"":23.0,""partition_id"":""semantic_family_k2"",""partition_kind"":""semantic-family"",""score_v3_lex"":""21.6;1.25166666667;0.826086956522;3e46278252e3bfab"",""singleton_bridge_count"":19.0,""singleton_bridge_count_norm"":0.8260869565217391,""stable_factor_hash"":""3e46278252e3bfab"",""target_mixed_weight"":150.0},{""factor_count"":23.0,""gadget_mixed_weight"":4926.0,""gadget_mixed_weight_norm"":54.733333333333334,""mixed_auc_greedy"":4584.0,""mixed_auc_greedy_norm"":2.1222222222222222,""mixed_auc_original"":7350.0,""mixed_auc_original_norm"":3.4027777777777777,""mixed_excess_norm"":53.733333333333334,""mixed_group_count"":20.0,""mixed_group_count_norm"":0.8695652173913043,""num_block_rows"":1,""num_factor_groups"":23.0,""partition_id"":""semantic_role_k2"",""partition_kind"":""semantic-role"",""score_v3_lex"":""53.7333333333;2.12222222222;0.869565217391;3e46278252e3bfab"",""singleton_bridge_count"":20.0,""singleton_bridge_count_norm"":0.8695652173913043,""stable_factor_hash"":""3e46278252e3bfab"",""target_mixed_weight"":90.0},{""factor_count"":23.0,""gadget_mixed_weight"":4830.0,""gadget_mixed_weight_norm"":47.35294117647059,""mixed_auc_greedy"":4206.0,""mixed_auc_greedy_norm"":1.7181372549019607,""mixed_auc_original"":7158.0,""mixed_auc_original_norm"":2.924019607843137,""mixed_excess_norm"":46.35294117647059,""mixed_group_count"":19.0,""mixed_group_count_norm"":0.8260869565217391,""num_block_rows"":1,""num_factor_groups"":23.0,""partition_id"":""tensor_graph_spectral_k2"",""partition_kind"":""tensor-graph"",""score_v3_lex"":""46.3529411765;1.7181372549;0.826086956522;3e46278252e3bfab"",""singleton_bridge_count"":19.0,""singleton_bridge_count_norm"":0.8260869565217391,""stable_factor_hash"":""3e46278252e3bfab"",""target_mixed_weight"":102.0}]"
barenco_tof_4,barenco_tof_4:combo2,2,ok,ok,,ok,,phase-slack-v1,conservative,0.2,public_resynth_no_gadgets,barenco_toff_4,2,1,0,1,0.0,0,23,10,7.97979797979798,ok,,3.595959595959596,7.97979797979798,2.6565656565656566,7.020202020202021,1.797979797979798,2.0,3.98989898989899,2.0,4.303030303030303,8.606060606060606,ok,,426,14,5964,178,14,2492,23,169,395,14,5530,476,23,453,19,818,145,1,476,1.0,395,1.7221052631578948,422,14,5908,449,182,14,2548,173,4,244,0.5821596244131455,1.8058252427184467,0.8155339805825244,4.737864077669903,4.303030303030303,0.4107142857142857,0.5,3.9726027397260273,23,10,426,580,0.039655172413793106,0.29224904701397714,24,23,1.0,0.13043478260869565,0.43478260869565216,results/public_resynth_tensor_v3_phase_slack_expanded/public_resynth_tensor_v3_phase_slack/barenco_tof_4/structural_combinations/combo2/assembled.qasm,ok,,semantic_role_k2,semantic-role,0.12,90.0,2382.0,26.466666666666665,25.466666666666665,5274.0,2.441666666666667,2454.0,1.136111111111111,19.0,0.8260869565217391,19.0,0.8260869565217391,23.0,23.0,25.4666666667;1.13611111111;0.826086956522;29f94a9a65015ef3,29f94a9a65015ef3,"[{""factor_count"":23.0,""gadget_mixed_weight"":2382.0,""gadget_mixed_weight_norm"":26.466666666666665,""mixed_auc_greedy"":2454.0,""mixed_auc_greedy_norm"":1.136111111111111,""mixed_auc_original"":5274.0,""mixed_auc_original_norm"":2.441666666666667,""mixed_excess_norm"":25.466666666666665,""mixed_group_count"":19.0,""mixed_group_count_norm"":0.8260869565217391,""num_block_rows"":1,""num_factor_groups"":23.0,""partition_id"":""balanced_contiguous_k2"",""partition_kind"":""contiguous"",""score_v3_lex"":""25.4666666667;1.13611111111;0.826086956522;29f94a9a65015ef3"",""singleton_bridge_count"":19.0,""singleton_bridge_count_norm"":0.8260869565217391,""stable_factor_hash"":""29f94a9a65015ef3"",""target_mixed_weight"":90.0},{""factor_count"":23.0,""gadget_mixed_weight"":2214.0,""gadget_mixed_weight_norm"":14.76,""mixed_auc_greedy"":3498.0,""mixed_auc_greedy_norm"":0.9716666666666667,""mixed_auc_original"":5058.0,""mixed_auc_original_norm"":1.405,""mixed_excess_norm"":13.76,""mixed_group_count"":17.0,""mixed_group_count_norm"":0.7391304347826086,""num_block_rows"":1,""num_factor_groups"":23.0,""partition_id"":""semantic_family_k2"",""partition_kind"":""semantic-family"",""score_v3_lex"":""13.76;0.971666666667;0.739130434783;29f94a9a65015ef3"",""singleton_bridge_count"":17.0,""singleton_bridge_count_norm"":0.7391304347826086,""stable_factor_hash"":""29f94a9a65015ef3"",""target_mixed_weight"":150.0},{""factor_count"":23.0,""gadget_mixed_weight"":2382.0,""gadget_mixed_weight_norm"":26.466666666666665,""mixed_auc_greedy"":2454.0,""mixed_auc_greedy_norm"":1.136111111111111,""mixed_auc_original"":5274.0,""mixed_auc_original_norm"":2.441666666666667,""mixed_excess_norm"":25.466666666666665,""mixed_group_count"":19.0,""mixed_group_count_norm"":0.8260869565217391,""num_block_rows"":1,""num_factor_groups"":23.0,""partition_id"":""semantic_role_k2"",""partition_kind"":""semantic-role"",""score_v3_lex"":""25.4666666667;1.13611111111;0.826086956522;29f94a9a65015ef3"",""singleton_bridge_count"":19.0,""singleton_bridge_count_norm"":0.8260869565217391,""stable_factor_hash"":""29f94a9a65015ef3"",""target_mixed_weight"":90.0},{""factor_count"":23.0,""gadget_mixed_weight"":2730.0,""gadget_mixed_weight_norm"":26.764705882352942,""mixed_auc_greedy"":2886.0,""mixed_auc_greedy_norm"":1.178921568627451,""mixed_auc_original"":5400.0,""mixed_auc_original_norm"":2.2058823529411766,""mixed_excess_norm"":25.764705882352942,""mixed_group_count"":19.0,""mixed_group_count_norm"":0.8260869565217391,""num_block_rows"":1,""num_factor_groups"":23.0,""partition_id"":""tensor_graph_spectral_k2"",""partition_kind"":""tensor-graph"",""score_v3_lex"":""25.7647058824;1.17892156863;0.826086956522;29f94a9a65015ef3"",""singleton_bridge_count"":19.0,""singleton_bridge_count_norm"":0.8260869565217391,""stable_factor_hash"":""29f94a9a65015ef3"",""target_mixed_weight"":102.0}]"
barenco_tof_4,barenco_tof_4:combo3,3,ok,ok,,ok,,phase-slack-v1,conservative,0.2,public_resynth_no_gadgets,barenco_toff_4,3,1,0,1,0.0,0,23,12,9.252525252525253,ok,,4.828282828282828,9.252525252525253,3.8888888888888884,8.292929292929292,2.414141414141414,2.0,4.626262626262626,2.0,4.898989898989899,9.797979797979798,ok,,485,14,6790,239,14,3346,23,232,458,14,6412,542,23,519,23,957,137,1,542,1.0,458,1.7689463955637708,479,14,6706,512,245,14,3430,239,6,241,0.5092783505154639,2.5242718446601944,1.533980582524272,5.436893203883495,4.898989898989899,0.4107142857142857,0.6,4.36986301369863,23,12,485,638,0.03605015673981191,0.27218934911242604,24,23,1.0,0.043478260869565216,0.5217391304347826,results/public_resynth_tensor_v3_phase_slack_expanded/public_resynth_tensor_v3_phase_slack/barenco_tof_4/structural_combinations/combo3/assembled.qasm,ok,,semantic_role_k2,semantic-role,0.12,90.0,5394.0,59.93333333333333,58.93333333333333,10710.0,4.958333333333333,5142.0,2.3805555555555555,20.0,0.8695652173913043,20.0,0.8695652173913043,23.0,23.0,58.9333333333;2.38055555556;0.869565217391;a302f4127c27fe81,a302f4127c27fe81,"[{""factor_count"":23.0,""gadget_mixed_weight"":5394.0,""gadget_mixed_weight_norm"":59.93333333333333,""mixed_auc_greedy"":5142.0,""mixed_auc_greedy_norm"":2.3805555555555555,""mixed_auc_original"":10710.0,""mixed_auc_original_norm"":4.958333333333333,""mixed_excess_norm"":58.93333333333333,""mixed_group_count"":20.0,""mixed_group_count_norm"":0.8695652173913043,""num_block_rows"":1,""num_factor_groups"":23.0,""partition_id"":""balanced_contiguous_k2"",""partition_kind"":""contiguous"",""score_v3_lex"":""58.9333333333;2.38055555556;0.869565217391;a302f4127c27fe81"",""singleton_bridge_count"":20.0,""singleton_bridge_count_norm"":0.8695652173913043,""stable_factor_hash"":""a302f4127c27fe81"",""target_mixed_weight"":90.0},{""factor_count"":23.0,""gadget_mixed_weight"":3726.0,""gadget_mixed_weight_norm"":24.84,""mixed_auc_greedy"":4878.0,""mixed_auc_greedy_norm"":1.355,""mixed_auc_original"":7260.0,""mixed_auc_original_norm"":2.0166666666666666,""mixed_excess_norm"":23.84,""mixed_group_count"":20.0,""mixed_group_count_norm"":0.8695652173913043,""num_block_rows"":1,""num_factor_groups"":23.0,""partition_id"":""semantic_family_k2"",""partition_kind"":""semantic-family"",""score_v3_lex"":""23.84;1.355;0.869565217391;a302f4127c27fe81"",""singleton_bridge_count"":20.0,""singleton_bridge_count_norm"":0.8695652173913043,""stable_factor_hash"":""a302f4127c27fe81"",""target_mixed_weight"":150.0},{""factor_count"":23.0,""gadget_mixed_weight"":5394.0,""gadget_mixed_weight_norm"":59.93333333333333,""mixed_auc_greedy"":5142.0,""mixed_auc_greedy_norm"":2.3805555555555555,""mixed_auc_original"":10710.0,""mixed_auc_original_norm"":4.958333333333333,""mixed_excess_norm"":58.93333333333333,""mixed_group_count"":20.0,""mixed_group_count_norm"":0.8695652173913043,""num_block_rows"":1,""num_factor_groups"":23.0,""partition_id"":""semantic_role_k2"",""partition_kind"":""semantic-role"",""score_v3_lex"":""58.9333333333;2.38055555556;0.869565217391;a302f4127c27fe81"",""singleton_bridge_count"":20.0,""singleton_bridge_count_norm"":0.8695652173913043,""stable_factor_hash"":""a302f4127c27fe81"",""target_mixed_weight"":90.0},{""factor_count"":23.0,""gadget_mixed_weight"":5034.0,""gadget_mixed_weight_norm"":49.35294117647059,""mixed_auc_greedy"":4788.0,""mixed_auc_greedy_norm"":1.9558823529411764,""mixed_auc_original"":10224.0,""mixed_auc_original_norm"":4.176470588235294,""mixed_excess_norm"":48.35294117647059,""mixed_group_count"":18.0,""mixed_group_count_norm"":0.782608695652174,""num_block_rows"":1,""num_factor_groups"":23.0,""partition_id"":""tensor_graph_spectral_k2"",""partition_kind"":""tensor-graph"",""score_v3_lex"":""48.3529411765;1.95588235294;0.782608695652;a302f4127c27fe81"",""singleton_bridge_count"":18.0,""singleton_bridge_count_norm"":0.782608695652174,""stable_factor_hash"":""a302f4127c27fe81"",""target_mixed_weight"":102.0}]"
barenco_tof_4,barenco_tof_4:combo4,4,ok,ok,,ok,,phase-slack-v1,conservative,0.2,public_resynth_no_gadgets,barenco_toff_4,4,1,0,1,0.0,0,23,12,9.373737373737374,ok,,4.888888888888889,9.373737373737374,3.94949494949495,8.414141414141413,2.4444444444444446,2.0,4.686868686868687,2.0,5.01010101010101,10.02020202020202,ok,,496,14,6944,242,14,3388,23,232,464,14,6496,542,23,519,23,956,137,1,542,1.0,464,1.767097966728281,490,14,6860,512,248,14,3472,239,6,248,0.5120967741935484,2.533980582524272,1.5436893203883497,5.446601941747573,5.01010101010101,0.4107142857142857,0.6,4.36986301369863,23,12,496,638,0.03605015673981191,0.27218934911242604,24,23,1.0,0.043478260869565216,0.5217391304347826,results/public_resynth_tensor_v3_phase_slack_expanded/public_resynth_tensor_v3_phase_slack/barenco_tof_4/structural_combinations/combo4/assembled.qasm,ok,,semantic_role_k2,semantic-role,0.12,90.0,4890.0,54.333333333333336,53.333333333333336,8334.0,4.209090909090909,5256.0,2.6545454545454548,18.0,0.782608695652174,19.0,0.9047619047619048,21.0,23.0,53.3333333333;2.65454545455;0.782608695652;75320c338c4c6a1e,75320c338c4c6a1e,"[{""factor_count"":23.0,""gadget_mixed_weight"":4890.0,""gadget_mixed_weight_norm"":54.333333333333336,""mixed_auc_greedy"":5256.0,""mixed_auc_greedy_norm"":2.6545454545454548,""mixed_auc_original"":8334.0,""mixed_auc_original_norm"":4.209090909090909,""mixed_excess_norm"":53.333333333333336,""mixed_group_count"":19.0,""mixed_group_count_norm"":0.9047619047619048,""num_block_rows"":1,""num_factor_groups"":21.0,""partition_id"":""balanced_contiguous_k2"",""partition_kind"":""contiguous"",""score_v3_lex"":""53.3333333333;2.65454545455;0.782608695652;75320c338c4c6a1e"",""singleton_bridge_count"":18.0,""singleton_bridge_count_norm"":0.782608695652174,""stable_factor_hash"":""75320c338c4c6a1e"",""target_mixed_weight"":90.0},{""factor_count"":23.0,""gadget_mixed_weight"":3474.0,""gadget_mixed_weight_norm"":23.16,""mixed_auc_greedy"":4182.0,""mixed_auc_greedy_norm"":1.2672727272727273,""mixed_auc_original"":6594.0,""mixed_auc_original_norm"":1.9981818181818183,""mixed_excess_norm"":22.16,""mixed_group_count"":19.0,""mixed_group_count_norm"":0.9047619047619048,""num_block_rows"":1,""num_factor_groups"":21.0,""partition_id"":""semantic_family_k2"",""partition_kind"":""semantic-family"",""score_v3_lex"":""22.16;1.26727272727;0.782608695652;75320c338c4c6a1e"",""singleton_bridge_count"":18.0,""singleton_bridge_count_norm"":0.782608695652174,""stable_factor_hash"":""75320c338c4c6a1e"",""target_mixed_weight"":150.0},{""factor_count"":23.0,""gadget_mixed_weight"":4890.0,""gadget_mixed_weight_norm"":54.333333333333336,""mixed_auc_greedy"":5256.0,""mixed_auc_greedy_norm"":2.6545454545454548,""mixed_auc_original"":8334.0,""mixed_auc_original_norm"":4.209090909090909,""mixed_excess_norm"":53.333333333333336,""mixed_group_count"":19.0,""mixed_group_count_norm"":0.9047619047619048,""num_block_rows"":1,""num_factor_groups"":21.0,""partition_id"":""semantic_role_k2"",""partition_kind"":""semantic-role"",""score_v3_lex"":""53.3333333333;2.65454545455;0.782608695652;75320c338c4c6a1e"",""singleton_bridge_count"":18.0,""singleton_bridge_count_norm"":0.782608695652174,""stable_factor_hash"":""75320c338c4c6a1e"",""target_mixed_weight"":90.0},{""factor_count"":23.0,""gadget_mixed_weight"":4530.0,""gadget_mixed_weight_norm"":44.411764705882355,""mixed_auc_greedy"":4692.0,""mixed_auc_greedy_norm"":2.090909090909091,""mixed_auc_original"":8142.0,""mixed_auc_original_norm"":3.628342245989305,""mixed_excess_norm"":43.411764705882355,""mixed_group_count"":17.0,""mixed_group_count_norm"":0.8095238095238095,""num_block_rows"":1,""num_factor_groups"":21.0,""partition_id"":""tensor_graph_spectral_k2"",""partition_kind"":""tensor-graph"",""score_v3_lex"":""43.4117647059;2.09090909091;0.695652173913;75320c338c4c6a1e"",""singleton_bridge_count"":16.0,""singleton_bridge_count_norm"":0.6956521739130435,""stable_factor_hash"":""75320c338c4c6a1e"",""target_mixed_weight"":102.0}]"
barenco_tof_4,barenco_tof_4:combo5,5,ok,ok,,ok,,phase-slack-v1,conservative,0.2,public_resynth_no_gadgets,barenco_toff_4,5,1,0,1,0.0,0,23,10,8.04040404040404,ok,,3.797979797979798,8.04040404040404,2.8585858585858586,7.08080808080808,1.898989898989899,2.0,4.02020202020202,2.0,4.262626262626263,8.525252525252526,ok,,422,14,5908,188,14,2632,23,185,398,14,5572,488,23,465,22,847,137,1,488,1.0,398,1.7392197125256674,418,14,5852,461,192,14,2688,189,4,230,0.5545023696682464,1.941747572815534,0.9514563106796117,4.737864077669903,4.262626262626263,0.4107142857142857,0.5,4.0,23,10,422,584,0.039383561643835614,0.29077117572692796,24,23,1.0,0.06521739130434782,0.43478260869565216,results/public_resynth_tensor_v3_phase_slack_expanded/public_resynth_tensor_v3_phase_slack/barenco_tof_4/structural_combinations/combo5/assembled.qasm,ok,,semantic_role_k2,semantic-role,0.12,90.0,3078.0,34.2,33.2,7224.0,3.3444444444444446,3366.0,1.5583333333333333,20.0,0.8695652173913043,20.0,0.8695652173913043,23.0,23.0,33.2;1.55833333333;0.869565217391;3e26e8e39cea5add,3e26e8e39cea5add,"[{""factor_count"":23.0,""gadget_mixed_weight"":3078.0,""gadget_mixed_weight_norm"":34.2,""mixed_auc_greedy"":3366.0,""mixed_auc_greedy_norm"":1.5583333333333333,""mixed_auc_original"":7224.0,""mixed_auc_original_norm"":3.3444444444444446,""mixed_excess_norm"":33.2,""mixed_group_count"":20.0,""mixed_group_count_norm"":0.8695652173913043,""num_block_rows"":1,""num_factor_groups"":23.0,""partition_id"":""balanced_contiguous_k2"",""partition_kind"":""contiguous"",""score_v3_lex"":""33.2;1.55833333333;0.869565217391;3e26e8e39cea5add"",""singleton_bridge_count"":20.0,""singleton_bridge_count_norm"":0.8695652173913043,""stable_factor_hash"":""3e26e8e39cea5add"",""target_mixed_weight"":90.0},{""factor_count"":23.0,""gadget_mixed_weight"":2430.0,""gadget_mixed_weight_norm"":16.2,""mixed_auc_greedy"":4242.0,""mixed_auc_greedy_norm"":1.1783333333333332,""mixed_auc_original"":6666.0,""mixed_auc_original_norm"":1.8516666666666666,""mixed_excess_norm"":15.2,""mixed_group_count"":17.0,""mixed_group_count_norm"":0.7391304347826086,""num_block_rows"":1,""num_factor_groups"":23.0,""partition_id"":""semantic_family_k2"",""partition_kind"":""semantic-family"",""score_v3_lex"":""15.2;1.17833333333;0.739130434783;3e26e8e39cea5add"",""singleton_bridge_count"":17.0,""singleton_bridge_count_norm"":0.7391304347826086,""stable_factor_hash"":""3e26e8e39cea5add"",""target_mixed_weight"":150.0},{""factor_count"":23.0,""gadget_mixed_weight"":3078.0,""gadget_mixed_weight_norm"":34.2,""mixed_auc_greedy"":3366.0,""mixed_auc_greedy_norm"":1.5583333333333333,""mixed_auc_original"":7224.0,""mixed_auc_original_norm"":3.3444444444444446,""mixed_excess_norm"":33.2,""mixed_group_count"":20.0,""mixed_group_count_norm"":0.8695652173913043,""num_block_rows"":1,""num_factor_groups"":23.0,""partition_id"":""semantic_role_k2"",""partition_kind"":""semantic-role"",""score_v3_lex"":""33.2;1.55833333333;0.869565217391;3e26e8e39cea5add"",""singleton_bridge_count"":20.0,""singleton_bridge_count_norm"":0.8695652173913043,""stable_factor_hash"":""3e26e8e39cea5add"",""target_mixed_weight"":90.0},{""factor_count"":23.0,""gadget_mixed_weight"":3306.0,""gadget_mixed_weight_norm"":32.411764705882355,""mixed_auc_greedy"":3498.0,""mixed_auc_greedy_norm"":1.428921568627451,""mixed_auc_original"":7536.0,""mixed_auc_original_norm"":3.0784313725490198,""mixed_excess_norm"":31.41176470588235,""mixed_group_count"":19.0,""mixed_group_count_norm"":0.8260869565217391,""num_block_rows"":1,""num_factor_groups"":23.0,""partition_id"":""tensor_graph_spectral_k2"",""partition_kind"":""tensor-graph"",""score_v3_lex"":""31.4117647059;1.42892156863;0.826086956522;3e26e8e39cea5add"",""singleton_bridge_count"":19.0,""singleton_bridge_count_norm"":0.8260869565217391,""stable_factor_hash"":""3e26e8e39cea5add"",""target_mixed_weight"":102.0}]"
barenco_tof_4,barenco_tof_4:combo6,6,ok,ok,,ok,,phase-slack-v1,conservative,0.2,public_resynth_no_gadgets,barenco_toff_4,6,1,0,1,0.0,0,23,10,8.0,ok,,3.757575757575758,8.0,2.8181818181818183,7.040404040404041,1.878787878787879,2.0,4.0,2.0,4.262626262626263,8.525252525252526,ok,,422,14,5908,186,14,2604,23,176,396,14,5544,469,23,446,19,822,109,1,469,1.0,396,1.7564102564102564,417,14,5838,441,191,14,2674,181,5,231,0.5592417061611374,1.9320388349514563,0.941747572815534,4.58252427184466,4.262626262626263,0.4107142857142857,0.5,3.691780821917808,23,10,422,539,0.04267161410018553,0.30831099195710454,24,23,1.0,0.06521739130434782,0.43478260869565216,results/public_resynth_tensor_v3_phase_slack_expanded/public_resynth_tensor_v3_phase_slack/barenco_tof_4/structural_combinations/combo6/assembled.qasm,ok,,semantic_role_k2,semantic-role,0.12,90.0,2514.0,27.933333333333334,26.933333333333334,5508.0,2.55,2718.0,1.2583333333333333,18.0,0.782608695652174,18.0,0.782608695652174,23.0,23.0,26.9333333333;1.25833333333;0.782608695652;68510be9a01d8309,68510be9a01d8309,"[{""factor_count"":23.0,""gadget_mixed_weight"":2514.0,""gadget_mixed_weight_norm"":27.933333333333334,""mixed_auc_greedy"":2718.0,""mixed_auc_greedy_norm"":1.2583333333333333,""mixed_auc_original"":5508.0,""mixed_auc_original_norm"":2.55,""mixed_excess_norm"":26.933333333333334,""mixed_group_count"":18.0,""mixed_group_count_norm"":0.782608695652174,""num_block_rows"":1,""num_factor_groups"":23.0,""partition_id"":""balanced_contiguous_k2"",""partition_kind"":""contiguous"",""score_v3_lex"":""26.9333333333;1.25833333333;0.782608695652;68510be9a01d8309"",""singleton_bridge_count"":18.0,""singleton_bridge_count_norm"":0.782608695652174,""stable_factor_hash"":""68510be9a01d8309"",""target_mixed_weight"":90.0},{""factor_count"":23.0,""gadget_mixed_weight"":2538.0,""gadget_mixed_weight_norm"":16.92,""mixed_auc_greedy"":3450.0,""mixed_auc_greedy_norm"":0.9583333333333334,""mixed_auc_original"":5190.0,""mixed_auc_original_norm"":1.4416666666666667,""mixed_excess_norm"":15.92,""mixed_group_count"":21.0,""mixed_group_count_norm"":0.9130434782608695,""num_block_rows"":1,""num_factor_groups"":23.0,""partition_id"":""semantic_family_k2"",""partition_kind"":""semantic-family"",""score_v3_lex"":""15.92;0.958333333333;0.913043478261;68510be9a01d8309"",""singleton_bridge_count"":21.0,""singleton_bridge_count_norm"":0.9130434782608695,""stable_factor_hash"":""68510be9a01d8309"",""target_mixed_weight"":150.0},{""factor_count"":23.0,""gadget_mixed_weight"":2514.0,""gadget_mixed_weight_norm"":27.933333333333334,""mixed_auc_greedy"":2718.0,""mixed_auc_greedy_norm"":1.2583333333333333,""mixed_auc_original"":5508.0,""mixed_auc_original_norm"":2.55,""mixed_excess_norm"":26.933333333333334,""mixed_group_count"":18.0,""mixed_group_count_norm"":0.782608695652174,""num_block_rows"":1,""num_factor_groups"":23.0,""partition_id"":""semantic_role_k2"",""partition_kind"":""semantic-role"",""score_v3_lex"":""26.9333333333;1.25833333333;0.782608695652;68510be9a01d8309"",""singleton_bridge_count"":18.0,""singleton_bridge_count_norm"":0.782608695652174,""stable_factor_hash"":""68510be9a01d8309"",""target_mixed_weight"":90.0},{""factor_count"":23.0,""gadget_mixed_weight"":2586.0,""gadget_mixed_weight_norm"":25.352941176470587,""mixed_auc_greedy"":2766.0,""mixed_auc_greedy_norm"":1.1299019607843137,""mixed_auc_original"":4956.0,""mixed_auc_original_norm"":2.0245098039215685,""mixed_excess_norm"":24.352941176470587,""mixed_group_count"":21.0,""mixed_group_count_norm"":0.9130434782608695,""num_block_rows"":1,""num_factor_groups"":23.0,""partition_id"":""tensor_graph_spectral_k2"",""partition_kind"":""tensor-graph"",""score_v3_lex"":""24.3529411765;1.12990196078;0.913043478261;68510be9a01d8309"",""singleton_bridge_count"":21.0,""singleton_bridge_count_norm"":0.9130434782608695,""stable_factor_hash"":""68510be9a01d8309"",""target_mixed_weight"":102.0}]"
barenco_tof_4,barenco_tof_4:combo7,7,ok,ok,,ok,,phase-slack-v1,conservative,0.2,public_resynth_no_gadgets,barenco_toff_4,7,1,0,1,0.0,0,23,12,10.121212121212121,ok,,5.515151515151516,10.121212121212121,4.575757575757576,9.16161616161616,2.757575757575758,2.0,5.0606060606060606,2.0,5.414141414141414,10.828282828282829,ok,,536,14,7504,273,14,3822,23,266,501,14,7014,593,23,570,20,1041,171,1,593,1.0,501,1.758445945945946,528,14,7392,562,281,14,3934,274,8,255,0.4906716417910448,2.8640776699029127,1.8737864077669903,6.077669902912621,5.414141414141414,0.4107142857142857,0.6,4.938356164383562,23,12,536,721,0.0319001386962552,0.2478448275862069,24,23,1.0,0.043478260869565216,0.5217391304347826,results/public_resynth_tensor_v3_phase_slack_expanded/public_resynth_tensor_v3_phase_slack/barenco_tof_4/structural_combinations/combo7/assembled.qasm,ok,,semantic_role_k2,semantic-role,0.12,90.0,8286.0,92.06666666666666,91.06666666666666,10932.0,5.061111111111111,7296.0,3.3777777777777778,20.0,0.8695652173913043,20.0,0.8695652173913043,23.0,23.0,91.0666666667;3.37777777778;0.869565217391;f91bcc56f2de90b8,f91bcc56f2de90b8,"[{""factor_count"":23.0,""gadget_mixed_weight"":8286.0,""gadget_mixed_weight_norm"":92.06666666666666,""mixed_auc_greedy"":7296.0,""mixed_auc_greedy_norm"":3.3777777777777778,""mixed_auc_original"":10932.0,""mixed_auc_original_norm"":5.061111111111111,""mixed_excess_norm"":91.06666666666666,""mixed_group_count"":20.0,""mixed_group_count_norm"":0.8695652173913043,""num_block_rows"":1,""num_factor_groups"":23.0,""partition_id"":""balanced_contiguous_k2"",""partition_kind"":""contiguous"",""score_v3_lex"":""91.0666666667;3.37777777778;0.869565217391;f91bcc56f2de90b8"",""singleton_bridge_count"":20.0,""singleton_bridge_count_norm"":0.8695652173913043,""stable_factor_hash"":""f91bcc56f2de90b8"",""target_mixed_weight"":90.0},{""factor_count"":23.0,""gadget_mixed_weight"":5166.0,""gadget_mixed_weight_norm"":34.44,""mixed_auc_greedy"":6150.0,""mixed_auc_greedy_norm"":1.7083333333333333,""mixed_auc_original"":7926.0,""mixed_auc_original_norm"":2.2016666666666667,""mixed_excess_norm"":33.44,""mixed_group_count"":20.0,""mixed_group_count_norm"":0.8695652173913043,""num_block_rows"":1,""num_factor_groups"":23.0,""partition_id"":""semantic_family_k2"",""partition_kind"":""semantic-family"",""score_v3_lex"":""33.44;1.70833333333;0.869565217391;f91bcc56f2de90b8"",""singleton_bridge_count"":20.0,""singleton_bridge_count_norm"":0.8695652173913043,""stable_factor_hash"":""f91bcc56f2de90b8"",""target_mixed_weight"":150.0},{""factor_count"":23.0,""gadget_mixed_weight"":8286.0,""gadget_mixed_weight_norm"":92.06666666666666,""mixed_auc_greedy"":7296.0,""mixed_auc_greedy_norm"":3.3777777777777778,""mixed_auc_original"":10932.0,""mixed_auc_original_norm"":5.061111111111111,""mixed_excess_norm"":91.06666666666666,""mixed_group_count"":20.0,""mixed_group_count_norm"":0.8695652173913043,""num_block_rows"":1,""num_factor_groups"":23.0,""partition_id"":""semantic_role_k2"",""partition_kind"":""semantic-role"",""score_v3_lex"":""91.0666666667;3.37777777778;0.869565217391;f91bcc56f2de90b8"",""singleton_bridge_count"":20.0,""singleton_bridge_count_norm"":0.8695652173913043,""stable_factor_hash"":""f91bcc56f2de90b8"",""target_mixed_weight"":90.0},{""factor_count"":23.0,""gadget_mixed_weight"":8250.0,""gadget_mixed_weight_norm"":80.88235294117646,""mixed_auc_greedy"":6936.0,""mixed_auc_greedy_norm"":2.8333333333333335,""mixed_auc_original"":10752.0,""mixed_auc_original_norm"":4.392156862745098,""mixed_excess_norm"":79.88235294117646,""mixed_group_count"":20.0,""mixed_group_count_norm"":0.8695652173913043,""num_block_rows"":1,""num_factor_groups"":23.0,""partition_id"":""tensor_graph_spectral_k2"",""partition_kind"":""tensor-graph"",""score_v3_lex"":""79.8823529412;2.83333333333;0.869565217391;f91bcc56f2de90b8"",""singleton_bridge_count"":20.0,""singleton_bridge_count_norm"":0.8695652173913043,""stable_factor_hash"":""f91bcc56f2de90b8"",""target_mixed_weight"":102.0}]"
barenco_tof_4,barenco_tof_4:combo8,8,ok,ok,,ok,,phase-slack-v1,conservative,0.2,public_resynth_no_gadgets,barenco_toff_4,8,1,0,1,0.0,0,23,10,9.8989898989899,ok,,5.313131313131313,9.8989898989899,4.373737373737374,8.93939393939394,2.6565656565656566,2.0,4.94949494949495,2.0,5.3232323232323235,10.646464646464647,ok,,527,14,7378,263,14,3682,23,251,490,14,6860,581,23,558,20,1006,189,1,581,1.0,490,1.7344827586206897,522,14,7308,553,268,14,3752,256,5,259,0.5009487666034156,2.679611650485437,1.6893203883495147,6.029126213592233,5.3232323232323235,0.4107142857142857,0.5,4.986301369863014,23,10,527,728,0.03159340659340659,0.24598930481283424,24,23,1.0,0.06521739130434782,0.43478260869565216,results/public_resynth_tensor_v3_phase_slack_expanded/public_resynth_tensor_v3_phase_slack/barenco_tof_4/structural_combinations/combo8/assembled.qasm,ok,,semantic_role_k2,semantic-role,0.12,90.0,7398.0,82.2,81.2,10368.0,5.236363636363636,6012.0,3.036363636363636,18.0,0.782608695652174,19.0,0.9047619047619048,21.0,23.0,81.2;3.03636363636;0.782608695652;b2c4d7e18d1b8b05,b2c4d7e18d1b8b05,"[{""factor_count"":23.0,""gadget_mixed_weight"":7398.0,""gadget_mixed_weight_norm"":82.2,""mixed_auc_greedy"":6012.0,""mixed_auc_greedy_norm"":3.036363636363636,""mixed_auc_original"":10368.0,""mixed_auc_original_norm"":5.236363636363636,""mixed_excess_norm"":81.2,""mixed_group_count"":19.0,""mixed_group_count_norm"":0.9047619047619048,""num_block_rows"":1,""num_factor_groups"":21.0,""partition_id"":""balanced_contiguous_k2"",""partition_kind"":""contiguous"",""score_v3_lex"":""81.2;3.03636363636;0.782608695652;b2c4d7e18d1b8b05"",""singleton_bridge_count"":18.0,""singleton_bridge_count_norm"":0.782608695652174,""stable_factor_hash"":""b2c4d7e18d1b8b05"",""target_mixed_weight"":90.0},{""factor_count"":23.0,""gadget_mixed_weight"":4302.0,""gadget_mixed_weight_norm"":28.68,""mixed_auc_greedy"":5742.0,""mixed_auc_greedy_norm"":1.74,""mixed_auc_original"":8172.0,""mixed_auc_original_norm"":2.4763636363636365,""mixed_excess_norm"":27.68,""mixed_group_count"":18.0,""mixed_group_count_norm"":0.8571428571428571,""num_block_rows"":1,""num_factor_groups"":21.0,""partition_id"":""semantic_family_k2"",""partition_kind"":""semantic-family"",""score_v3_lex"":""27.68;1.74;0.739130434783;b2c4d7e18d1b8b05"",""singleton_bridge_count"":17.0,""singleton_bridge_count_norm"":0.7391304347826086,""stable_factor_hash"":""b2c4d7e18d1b8b05"",""target_mixed_weight"":150.0},{""factor_count"":23.0,""gadget_mixed_weight"":7398.0,""gadget_mixed_weight_norm"":82.2,""mixed_auc_greedy"":6012.0,""mixed_auc_greedy_norm"":3.036363636363636,""mixed_auc_original"":10368.0,""mixed_auc_original_norm"":5.236363636363636,""mixed_excess_norm"":81.2,""mixed_group_count"":19.0,""mixed_group_count_norm"":0.9047619047619048,""num_block_rows"":1,""num_factor_groups"":21.0,""partition_id"":""semantic_role_k2"",""partition_kind"":""semantic-role"",""score_v3_lex"":""81.2;3.03636363636;0.782608695652;b2c4d7e18d1b8b05"",""singleton_bridge_count"":18.0,""singleton_bridge_count_norm"":0.782608695652174,""stable_factor_hash"":""b2c4d7e18d1b8b05"",""target_mixed_weight"":90.0},{""factor_count"":23.0,""gadget_mixed_weight"":7638.0,""gadget_mixed_weight_norm"":74.88235294117646,""mixed_auc_greedy"":6246.0,""mixed_auc_greedy_norm"":2.783422459893048,""mixed_auc_original"":10254.0,""mixed_auc_original_norm"":4.56951871657754,""mixed_excess_norm"":73.88235294117646,""mixed_group_count"":18.0,""mixed_group_count_norm"":0.8571428571428571,""num_block_rows"":1,""num_factor_groups"":21.0,""partition_id"":""tensor_graph_spectral_k2"",""partition_kind"":""tensor-graph"",""score_v3_lex"":""73.8823529412;2.78342245989;0.739130434783;b2c4d7e18d1b8b05"",""singleton_bridge_count"":17.0,""singleton_bridge_count_norm"":0.7391304347826086,""stable_factor_hash"":""b2c4d7e18d1b8b05"",""target_mixed_weight"":102.0}]"
barenco_tof_4,barenco_tof_4:combo9,9,ok,ok,,ok,,phase-slack-v1,conservative,0.2,public_resynth_no_gadgets,barenco_toff_4,9,1,0,1,0.0,0,23,14,9.797979797979798,ok,,5.232323232323233,9.797979797979798,4.292929292929293,8.838383838383837,2.6161616161616164,2.0,4.898989898989899,2.0,5.212121212121212,10.424242424242424,ok,,516,14,7224,259,14,3626,23,256,485,14,6790,580,23,557,25,1010,173,1,580,1.0,485,1.7443868739205526,509,14,7126,550,266,14,3724,263,7,250,0.49806201550387597,2.621359223300971,1.6310679611650487,5.825242718446602,5.212121212121212,0.4107142857142857,0.7,4.8561643835616435,23,14,516,709,0.03244005641748942,0.25109170305676853,24,23,1.0,0.043478260869565216,0.6086956521739131,results/public_resynth_tensor_v3_phase_slack_expanded/public_resynth_tensor_v3_phase_slack/barenco_tof_4/structural_combinations/combo9/assembled.qasm,ok,,semantic_role_k2,semantic-role,0.12,90.0,8130.0,90.33333333333333,89.33333333333333,13512.0,6.2555555555555555,6660.0,3.0833333333333335,19.0,0.8260869565217391,19.0,0.8260869565217391,23.0,23.0,89.3333333333;3.08333333333;0.826086956522;459f3d5654ff2508,459f3d5654ff2508,"[{""factor_count"":23.0,""gadget_mixed_weight"":8130.0,""gadget_mixed_weight_norm"":90.33333333333333,""mixed_auc_greedy"":6660.0,""mixed_auc_greedy_norm"":3.0833333333333335,""mixed_auc_original"":13512.0,""mixed_auc_original_norm"":6.2555555555555555,""mixed_excess_norm"":89.33333333333333,""mixed_group_count"":19.0,""mixed_group_count_norm"":0.8260869565217391,""num_block_rows"":1,""num_factor_groups"":23.0,""partition_id"":""balanced_contiguous_k2"",""partition_kind"":""contiguous"",""score_v3_lex"":""89.3333333333;3.08333333333;0.826086956522;459f3d5654ff2508"",""singleton_bridge_count"":19.0,""singleton_bridge_count_norm"":0.8260869565217391,""stable_factor_hash"":""459f3d5654ff2508"",""target_mixed_weight"":90.0},{""factor_count"":23.0,""gadget_mixed_weight"":5718.0,""gadget_mixed_weight_norm"":38.12,""mixed_auc_greedy"":5538.0,""mixed_auc_greedy_norm"":1.5383333333333333,""mixed_auc_original"":10188.0,""mixed_auc_original_norm"":2.83,""mixed_excess_norm"":37.12,""mixed_group_count"":14.0,""mixed_group_count_norm"":0.6086956521739131,""num_block_rows"":1,""num_factor_groups"":23.0,""partition_id"":""semantic_family_k2"",""partition_kind"":""semantic-family"",""score_v3_lex"":""37.12;1.53833333333;0.608695652174;459f3d5654ff2508"",""singleton_bridge_count"":14.0,""singleton_bridge_count_norm"":0.6086956521739131,""stable_factor_hash"":""459f3d5654ff2508"",""target_mixed_weight"":150.0},{""factor_count"":23.0,""gadget_mixed_weight"":8130.0,""gadget_mixed_weight_norm"":90.33333333333333,""mixed_auc_greedy"":6660.0,""mixed_auc_greedy_norm"":3.0833333333333335,""mixed_auc_original"":13512.0,""mixed_auc_original_norm"":6.2555555555555555,""mixed_excess_norm"":89.33333333333333,""mixed_group_count"":19.0,""mixed_group_count_norm"":0.8260869565217391,""num_block_rows"":1,""num_factor_groups"":23.0,""partition_id"":""semantic_role_k2"",""partition_kind"":""semantic-role"",""score_v3_lex"":""89.3333333333;3.08333333333;0.826086956522;459f3d5654ff2508"",""singleton_bridge_count"":19.0,""singleton_bridge_count_norm"":0.8260869565217391,""stable_factor_hash"":""459f3d5654ff2508"",""target_mixed_weight"":90.0},{""factor_count"":23.0,""gadget_mixed_weight"":7722.0,""gadget_mixed_weight_norm"":75.70588235294117,""mixed_auc_greedy"":6624.0,""mixed_auc_greedy_norm"":2.7058823529411766,""mixed_auc_original"":12744.0,""mixed_auc_original_norm"":5.205882352941177,""mixed_excess_norm"":74.70588235294117,""mixed_group_count"":19.0,""mixed_group_count_norm"":0.8260869565217391,""num_block_rows"":1,""num_factor_groups"":23.0,""partition_id"":""tensor_graph_spectral_k2"",""partition_kind"":""tensor-graph"",""score_v3_lex"":""74.7058823529;2.70588235294;0.826086956522;459f3d5654ff2508"",""singleton_bridge_count"":19.0,""singleton_bridge_count_norm"":0.8260869565217391,""stable_factor_hash"":""459f3d5654ff2508"",""target_mixed_weight"":102.0}]"
barenco_tof_4,barenco_tof_4:combo10,10,ok,ok,,ok,,phase-slack-v1,conservative,0.2,public_resynth_gadgets,barenco_toff_4,0,1,1,0,1.0,1,28,6,6.424242424242424,ok,,2.121212121212121,6.424242424242424,1.1818181818181817,5.4646464646464645,1.0606060606060606,2.0,3.212121212121212,2.0,3.484848484848485,6.96969696969697,ok,,345,14,4830,105,14,1470,28,106,318,14,4452,463,28,396,19,768,111,1,463,1.0,318,1.6623376623376624,332,14,4648,376,118,14,1652,127,13,227,0.6956521739130435,1.6699029126213591,0.6796116504854368,4.339805825242719,3.484848484848485,0.5,0.3,3.7054794520547945,28,6,345,541,0.051756007393715345,0.3530895334174023,21,20,1.4,0.3,0.21428571428571427,results/public_resynth_tensor_v3_phase_slack_expanded/public_resynth_tensor_v3_phase_slack/barenco_tof_4/structural_combinations/combo10/assembled.qasm,ok,,semantic_role_k2,semantic-role,0.12,90.0,102.0,1.1333333333333333,0.13333333333333333,186.0,0.41333333333333333,156.0,0.3466666666666667,0.0,0.0,4.0,1.0,4.0,28.0,0.133333333333;0.346666666667;0;8f559024bbfc5d6c,8f559024bbfc5d6c,"[{""factor_count"":28.0,""gadget_mixed_weight"":102.0,""gadget_mixed_weight_norm"":1.1333333333333333,""mixed_auc_greedy"":156.0,""mixed_auc_greedy_norm"":0.3466666666666667,""mixed_auc_original"":186.0,""mixed_auc_original_norm"":0.41333333333333333,""mixed_excess_norm"":0.13333333333333333,""mixed_group_count"":4.0,""mixed_group_count_norm"":1.0,""num_block_rows"":1,""num_factor_groups"":4.0,""partition_id"":""balanced_contiguous_k2"",""partition_kind"":""contiguous"",""score_v3_lex"":""0.133333333333;0.346666666667;0;8f559024bbfc5d6c"",""singleton_bridge_count"":0.0,""singleton_bridge_count_norm"":0.0,""stable_factor_hash"":""8f559024bbfc5d6c"",""target_mixed_weight"":90.0},{""factor_count"":28.0,""gadget_mixed_weight"":162.0,""gadget_mixed_weight_norm"":1.08,""mixed_auc_greedy"":258.0,""mixed_auc_greedy_norm"":0.344,""mixed_auc_original"":306.0,""mixed_auc_original_norm"":0.408,""mixed_excess_norm"":0.08,""mixed_group_count"":4.0,""mixed_group_count_norm"":1.0,""num_block_rows"":1,""num_factor_groups"":4.0,""partition_id"":""semantic_family_k2"",""partition_kind"":""semantic-family"",""score_v3_lex"":""0.08;0.344;0;8f559024bbfc5d6c"",""singleton_bridge_count"":0.0,""singleton_bridge_count_norm"":0.0,""stable_factor_hash"":""8f559024bbfc5d6c"",""target_mixed_weight"":150.0},{""factor_count"":28.0,""gadget_mixed_weight"":102.0,""gadget_mixed_weight_norm"":1.1333333333333333,""mixed_auc_greedy"":156.0,""mixed_auc_greedy_norm"":0.3466666666666667,""mixed_auc_original"":186.0,""mixed_auc_original_norm"":0.41333333333333333,""mixed_excess_norm"":0.13333333333333333,""mixed_group_count"":4.0,""mixed_group_count_norm"":1.0,""num_block_rows"":1,""num_factor_groups"":4.0,""partition_id"":""semantic_role_k2"",""partition_kind"":""semantic-role"",""score_v3_lex"":""0.133333333333;0.346666666667;0;8f559024bbfc5d6c"",""singleton_bridge_count"":0.0,""singleton_bridge_count_norm"":0.0,""stable_factor_hash"":""8f559024bbfc5d6c"",""target_mixed_weight"":90.0},{""factor_count"":28.0,""gadget_mixed_weight"":114.0,""gadget_mixed_weight_norm"":1.1176470588235294,""mixed_auc_greedy"":180.0,""mixed_auc_greedy_norm"":0.35294117647058826,""mixed_auc_original"":222.0,""mixed_auc_original_norm"":0.43529411764705883,""mixed_excess_norm"":0.11764705882352941,""mixed_group_count"":4.0,""mixed_group_count_norm"":1.0,""num_block_rows"":1,""num_factor_groups"":4.0,""partition_id"":""tensor_graph_spectral_k2"",""partition_kind"":""tensor-graph"",""score_v3_lex"":""0.117647058824;0.352941176471;0;8f559024bbfc5d6c"",""singleton_bridge_count"":0.0,""singleton_bridge_count_norm"":0.0,""stable_factor_hash"":""8f559024bbfc5d6c"",""target_mixed_weight"":102.0}]"
barenco_tof_4,barenco_tof_4:combo11,11,ok,ok,,ok,,phase-slack-v1,conservative,0.2,public_resynth_gadgets,barenco_toff_4,1,1,1,0,1.0,1,28,9,7.01010101010101,ok,,2.404040404040404,7.01010101010101,1.4646464646464645,6.050505050505051,1.202020202020202,2.0,3.505050505050505,2.0,3.919191919191919,7.838383838383838,ok,,388,14,5432,119,14,1666,28,116,347,14,4858,477,28,410,19,791,125,1,477,1.0,347,1.661764705882353,376,14,5264,396,131,14,1834,131,12,257,0.6932989690721649,1.6796116504854368,0.6893203883495145,4.611650485436893,3.919191919191919,0.5,0.45,3.8835616438356166,28,9,388,567,0.04938271604938271,0.3418803418803419,21,20,1.4,0.3,0.32142857142857145,results/public_resynth_tensor_v3_phase_slack_expanded/public_resynth_tensor_v3_phase_slack/barenco_tof_4/structural_combinations/combo11/assembled.qasm,ok,,semantic_role_k2,semantic-role,0.12,90.0,186.0,2.066666666666667,1.0666666666666667,270.0,0.6,270.0,0.6,0.0,0.0,4.0,1.0,4.0,28.0,1.06666666667;0.6;0;8c7aa3e93c73bbed,8c7aa3e93c73bbed,"[{""factor_count"":28.0,""gadget_mixed_weight"":186.0,""gadget_mixed_weight_norm"":2.066666666666667,""mixed_auc_greedy"":270.0,""mixed_auc_greedy_norm"":0.6,""mixed_auc_original"":270.0,""mixed_auc_original_norm"":0.6,""mixed_excess_norm"":1.0666666666666667,""mixed_group_count"":4.0,""mixed_group_count_norm"":1.0,""num_block_rows"":1,""num_factor_groups"":4.0,""partition_id"":""balanced_contiguous_k2"",""partition_kind"":""contiguous"",""score_v3_lex"":""1.06666666667;0.6;0;8c7aa3e93c73bbed"",""singleton_bridge_count"":0.0,""singleton_bridge_count_norm"":0.0,""stable_factor_hash"":""8c7aa3e93c73bbed"",""target_mixed_weight"":90.0},{""factor_count"":28.0,""gadget_mixed_weight"":270.0,""gadget_mixed_weight_norm"":1.8,""mixed_auc_greedy"":378.0,""mixed_auc_greedy_norm"":0.504,""mixed_auc_original"":438.0,""mixed_auc_original_norm"":0.584,""mixed_excess_norm"":0.8,""mixed_group_count"":4.0,""mixed_group_count_norm"":1.0,""num_block_rows"":1,""num_factor_groups"":4.0,""partition_id"":""semantic_family_k2"",""partition_kind"":""semantic-family"",""score_v3_lex"":""0.8;0.504;0;8c7aa3e93c73bbed"",""singleton_bridge_count"":0.0,""singleton_bridge_count_norm"":0.0,""stable_factor_hash"":""8c7aa3e93c73bbed"",""target_mixed_weight"":150.0},{""factor_count"":28.0,""gadget_mixed_weight"":186.0,""gadget_mixed_weight_norm"":2.066666666666667,""mixed_auc_greedy"":270.0,""mixed_auc_greedy_norm"":0.6,""mixed_auc_original"":270.0,""mixed_auc_original_norm"":0.6,""mixed_excess_norm"":1.0666666666666667,""mixed_group_count"":4.0,""mixed_group_count_norm"":1.0,""num_block_rows"":1,""num_factor_groups"":4.0,""partition_id"":""semantic_role_k2"",""partition_kind"":""semantic-role"",""score_v3_lex"":""1.06666666667;0.6;0;8c7aa3e93c73bbed"",""singleton_bridge_count"":0.0,""singleton_bridge_count_norm"":0.0,""stable_factor_hash"":""8c7aa3e93c73bbed"",""target_mixed_weight"":90.0},{""factor_count"":28.0,""gadget_mixed_weight"":210.0,""gadget_mixed_weight_norm"":2.0588235294117645,""mixed_auc_greedy"":318.0,""mixed_auc_greedy_norm"":0.6235294117647059,""mixed_auc_original"":318.0,""mixed_auc_original_norm"":0.6235294117647059,""mixed_excess_norm"":1.0588235294117647,""mixed_group_count"":4.0,""mixed_group_count_norm"":1.0,""num_block_rows"":1,""num_factor_groups"":4.0,""partition_id"":""tensor_graph_spectral_k2"",""partition_kind"":""tensor-graph"",""score_v3_lex"":""1.05882352941;0.623529411765;0;8c7aa3e93c73bbed"",""singleton_bridge_count"":0.0,""singleton_bridge_count_norm"":0.0,""stable_factor_hash"":""8c7aa3e93c73bbed"",""target_mixed_weight"":102.0}]"
barenco_tof_4,barenco_tof_4:combo12,12,ok,ok,,ok,,phase-slack-v1,conservative,0.2,public_resynth_gadgets,barenco_toff_4,2,1,1,0,1.0,1,28,8,6.929292929292929,ok,,2.3434343434343434,6.929292929292929,1.404040404040404,5.96969696969697,1.1717171717171717,2.0,3.4646464646464645,2.0,3.808080808080808,7.616161616161616,ok,,377,14,5278,116,14,1624,28,101,343,14,4802,459,28,392,19,752,129,1,459,1.0,343,1.6419213973799127,363,14,5082,376,130,14,1820,118,14,247,0.6923076923076923,1.5728155339805825,0.5825242718446602,4.378640776699029,3.808080808080808,0.5,0.4,3.76027397260274,28,8,377,549,0.051001821493624776,0.3495630461922597,21,20,1.4,0.3,0.2857142857142857,results/public_resynth_tensor_v3_phase_slack_expanded/public_resynth_tensor_v3_phase_slack/barenco_tof_4/structural_combinations/combo12/assembled.qasm,ok,,semantic_role_k2,semantic-role,0.12,90.0,162.0,1.8,0.8,306.0,0.68,210.0,0.4666666666666667,0.0,0.0,4.0,1.0,4.0,28.0,0.8;0.466666666667;0;d16197b6d3ed325e,d16197b6d3ed325e,"[{""factor_count"":28.0,""gadget_mixed_weight"":162.0,""gadget_mixed_weight_norm"":1.8,""mixed_auc_greedy"":210.0,""mixed_auc_greedy_norm"":0.4666666666666667,""mixed_auc_original"":306.0,""mixed_auc_original_norm"":0.68,""mixed_excess_norm"":0.8,""mixed_group_count"":4.0,""mixed_group_count_norm"":1.0,""num_block_rows"":1,""num_factor_groups"":4.0,""partition_id"":""balanced_contiguous_k2"",""partition_kind"":""contiguous"",""score_v3_lex"":""0.8;0.466666666667;0;d16197b6d3ed325e"",""singleton_bridge_count"":0.0,""singleton_bridge_count_norm"":0.0,""stable_factor_hash"":""d16197b6d3ed325e"",""target_mixed_weight"":90.0},{""factor_count"":28.0,""gadget_mixed_weight"":246.0,""gadget_mixed_weight_norm"":1.64,""mixed_auc_greedy"":330.0,""mixed_auc_greedy_norm"":0.44,""mixed_auc_original"":498.0,""mixed_auc_original_norm"":0.664,""mixed_excess_norm"":0.64,""mixed_group_count"":4.0,""mixed_group_count_norm"":1.0,""num_block_rows"":1,""num_factor_groups"":4.0,""partition_id"":""semantic_family_k2"",""partition_kind"":""semantic-family"",""score_v3_lex"":""0.64;0.44;0;d16197b6d3ed325e"",""singleton_bridge_count"":0.0,""singleton_bridge_count_norm"":0.0,""stable_factor_hash"":""d16197b6d3ed325e"",""target_mixed_weight"":150.0},{""factor_count"":28.0,""gadget_mixed_weight"":162.0,""gadget_mixed_weight_norm"":1.8,""mixed_auc_greedy"":210.0,""mixed_auc_greedy_norm"":0.4666666666666667,""mixed_auc_original"":306.0,""mixed_auc_original_norm"":0.68,""mixed_excess_norm"":0.8,""mixed_group_count"":4.0,""mixed_group_count_norm"":1.0,""num_block_rows"":1,""num_factor_groups"":4.0,""partition_id"":""semantic_role_k2"",""partition_kind"":""semantic-role"",""score_v3_lex"":""0.8;0.466666666667;0;d16197b6d3ed325e"",""singleton_bridge_count"":0.0,""singleton_bridge_count_norm"":0.0,""stable_factor_hash"":""d16197b6d3ed325e"",""target_mixed_weight"":90.0},{""factor_count"":28.0,""gadget_mixed_weight"":186.0,""gadget_mixed_weight_norm"":1.8235294117647058,""mixed_auc_greedy"":222.0,""mixed_auc_greedy_norm"":0.43529411764705883,""mixed_auc_original"":366.0,""mixed_auc_original_norm"":0.7176470588235294,""mixed_excess_norm"":0.8235294117647058,""mixed_group_count"":4.0,""mixed_group_count_norm"":1.0,""num_block_rows"":1,""num_factor_groups"":4.0,""partition_id"":""tensor_graph_spectral_k2"",""partition_kind"":""tensor-graph"",""score_v3_lex"":""0.823529411765;0.435294117647;0;d16197b6d3ed325e"",""singleton_bridge_count"":0.0,""singleton_bridge_count_norm"":0.0,""stable_factor_hash"":""d16197b6d3ed325e"",""target_mixed_weight"":102.0}]"
barenco_tof_4,barenco_tof_4:combo13,13,ok,ok,,ok,,phase-slack-v1,conservative,0.2,public_resynth_gadgets,barenco_toff_4,3,1,1,0,1.0,1,28,8,6.545454545454546,ok,,2.1616161616161618,6.545454545454546,1.2222222222222223,5.5858585858585865,1.0808080808080809,2.0,3.272727272727273,2.0,3.5454545454545454,7.090909090909091,ok,,351,14,4914,107,14,1498,28,94,324,14,4536,444,28,377,17,732,114,1,444,1.0,324,1.652370203160271,342,14,4788,364,116,14,1624,108,9,235,0.6951566951566952,1.4368932038834952,0.44660194174757284,4.135922330097087,3.5454545454545454,0.5,0.4,3.5753424657534247,28,8,351,522,0.05363984674329502,0.36175710594315247,21,20,1.4,0.3,0.2857142857142857,results/public_resynth_tensor_v3_phase_slack_expanded/public_resynth_tensor_v3_phase_slack/barenco_tof_4/structural_combinations/combo13/assembled.qasm,ok,,semantic_role_k2,semantic-role,0.12,90.0,90.0,1.0,0.0,240.0,0.5333333333333333,180.0,0.4,0.0,0.0,4.0,1.0,4.0,28.0,0;0.4;0;09159b0cbdeffeb2,09159b0cbdeffeb2,"[{""factor_count"":28.0,""gadget_mixed_weight"":90.0,""gadget_mixed_weight_norm"":1.0,""mixed_auc_greedy"":180.0,""mixed_auc_greedy_norm"":0.4,""mixed_auc_original"":240.0,""mixed_auc_original_norm"":0.5333333333333333,""mixed_excess_norm"":0.0,""mixed_group_count"":4.0,""mixed_group_count_norm"":1.0,""num_block_rows"":1,""num_factor_groups"":4.0,""partition_id"":""balanced_contiguous_k2"",""partition_kind"":""contiguous"",""score_v3_lex"":""0;0.4;0;09159b0cbdeffeb2"",""singleton_bridge_count"":0.0,""singleton_bridge_count_norm"":0.0,""stable_factor_hash"":""09159b0cbdeffeb2"",""target_mixed_weight"":90.0},{""factor_count"":28.0,""gadget_mixed_weight"":150.0,""gadget_mixed_weight_norm"":1.0,""mixed_auc_greedy"":288.0,""mixed_auc_greedy_norm"":0.384,""mixed_auc_original"":384.0,""mixed_auc_original_norm"":0.512,""mixed_excess_norm"":0.0,""mixed_group_count"":4.0,""mixed_group_count_norm"":1.0,""num_block_rows"":1,""num_factor_groups"":4.0,""partition_id"":""semantic_family_k2"",""partition_kind"":""semantic-family"",""score_v3_lex"":""0;0.384;0;09159b0cbdeffeb2"",""singleton_bridge_count"":0.0,""singleton_bridge_count_norm"":0.0,""stable_factor_hash"":""09159b0cbdeffeb2"",""target_mixed_weight"":150.0},{""factor_count"":28.0,""gadget_mixed_weight"":90.0,""gadget_mixed_weight_norm"":1.0,""mixed_auc_greedy"":180.0,""mixed_auc_greedy_norm"":0.4,""mixed_auc_original"":240.0,""mixed_auc_original_norm"":0.5333333333333333,""mixed_excess_norm"":0.0,""mixed_group_count"":4.0,""mixed_group_count_norm"":1.0,""num_block_rows"":1,""num_factor_groups"":4.0,""partition_id"":""semantic_role_k2"",""partition_kind"":""semantic-role"",""score_v3_lex"":""0;0.4;0;09159b0cbdeffeb2"",""singleton_bridge_count"":0.0,""singleton_bridge_count_norm"":0.0,""stable_factor_hash"":""09159b0cbdeffeb2"",""target_mixed_weight"":90.0},{""factor_count"":28.0,""gadget_mixed_weight"":102.0,""gadget_mixed_weight_norm"":1.0,""mixed_auc_greedy"":198.0,""mixed_auc_greedy_norm"":0.38823529411764707,""mixed_auc_original"":282.0,""mixed_auc_original_norm"":0.5529411764705883,""mixed_excess_norm"":0.0,""mixed_group_count"":4.0,""mixed_group_count_norm"":1.0,""num_block_rows"":1,""num_factor_groups"":4.0,""partition_id"":""tensor_graph_spectral_k2"",""partition_kind"":""tensor-graph"",""score_v3_lex"":""0;0.388235294118;0;09159b0cbdeffeb2"",""singleton_bridge_count"":0.0,""singleton_bridge_count_norm"":0.0,""stable_factor_hash"":""09159b0cbdeffeb2"",""target_mixed_weight"":102.0}]"
barenco_tof_4,barenco_tof_4:combo14,14,ok,ok,,ok,,phase-slack-v1,conservative,0.2,public_resynth_gadgets,barenco_toff_4,4,1,1,0,1.0,1,28,9,7.01010101010101,ok,,2.484848484848485,7.01010101010101,1.5454545454545454,6.050505050505051,1.2424242424242424,2.0,3.505050505050505,2.0,3.878787878787879,7.757575757575758,ok,,384,14,5376,123,14,1722,28,112,347,14,4858,463,28,396,19,770,113,1,463,1.0,347,1.6666666666666667,370,14,5180,383,137,14,1918,126,14,247,0.6796875,1.6407766990291262,0.6504854368932038,4.41747572815534,3.878787878787879,0.5,0.45,3.719178082191781,28,9,384,543,0.05156537753222836,0.3522012578616352,21,20,1.4,0.3,0.32142857142857145,results/public_resynth_tensor_v3_phase_slack_expanded/public_resynth_tensor_v3_phase_slack/barenco_tof_4/structural_combinations/combo14/assembled.qasm,ok,,semantic_role_k2,semantic-role,0.12,90.0,126.0,1.4,0.4,258.0,0.5733333333333334,180.0,0.4,0.0,0.0,4.0,1.0,4.0,28.0,0.4;0.4;0;f3d22ff903dd0be9,f3d22ff903dd0be9,"[{""factor_count"":28.0,""gadget_mixed_weight"":126.0,""gadget_mixed_weight_norm"":1.4,""mixed_auc_greedy"":180.0,""mixed_auc_greedy_norm"":0.4,""mixed_auc_original"":258.0,""mixed_auc_original_norm"":0.5733333333333334,""mixed_excess_norm"":0.4,""mixed_group_count"":4.0,""mixed_group_count_norm"":1.0,""num_block_rows"":1,""num_factor_groups"":4.0,""partition_id"":""balanced_contiguous_k2"",""partition_kind"":""contiguous"",""score_v3_lex"":""0.4;0.4;0;f3d22ff903dd0be9"",""singleton_bridge_count"":0.0,""singleton_bridge_count_norm"":0.0,""stable_factor_hash"":""f3d22ff903dd0be9"",""target_mixed_weight"":90.0},{""factor_count"":28.0,""gadget_mixed_weight"":186.0,""gadget_mixed_weight_norm"":1.24,""mixed_auc_greedy"":312.0,""mixed_auc_greedy_norm"":0.416,""mixed_auc_original"":414.0,""mixed_auc_original_norm"":0.552,""mixed_excess_norm"":0.24,""mixed_group_count"":4.0,""mixed_group_count_norm"":1.0,""num_block_rows"":1,""num_factor_groups"":4.0,""partition_id"":""semantic_family_k2"",""partition_kind"":""semantic-family"",""score_v3_lex"":""0.24;0.416;0;f3d22ff903dd0be9"",""singleton_bridge_count"":0.0,""singleton_bridge_count_norm"":0.0,""stable_factor_hash"":""f3d22ff903dd0be9"",""target_mixed_weight"":150.0},{""factor_count"":28.0,""gadget_mixed_weight"":126.0,""gadget_mixed_weight_norm"":1.4,""mixed_auc_greedy"":180.0,""mixed_auc_greedy_norm"":0.4,""mixed_auc_original"":258.0,""mixed_auc_original_norm"":0.5733333333333334,""mixed_excess_norm"":0.4,""mixed_group_count"":4.0,""mixed_group_count_norm"":1.0,""num_block_rows"":1,""num_factor_groups"":4.0,""partition_id"":""semantic_role_k2"",""partition_kind"":""semantic-role"",""score_v3_lex"":""0.4;0.4;0;f3d22ff903dd0be9"",""singleton_bridge_count"":0.0,""singleton_bridge_count_norm"":0.0,""stable_factor_hash"":""f3d22ff903dd0be9"",""target_mixed_weight"":90.0},{""factor_count"":28.0,""gadget_mixed_weight"":138.0,""gadget_mixed_weight_norm"":1.3529411764705883,""mixed_auc_greedy"":198.0,""mixed_auc_greedy_norm"":0.38823529411764707,""mixed_auc_original"":288.0,""mixed_auc_original_norm"":0.5647058823529412,""mixed_excess_norm"":0.35294117647058826,""mixed_group_count"":4.0,""mixed_group_count_norm"":1.0,""num_block_rows"":1,""num_factor_groups"":4.0,""partition_id"":""tensor_graph_spectral_k2"",""partition_kind"":""tensor-graph"",""score_v3_lex"":""0.352941176471;0.388235294118;0;f3d22ff903dd0be9"",""singleton_bridge_count"":0.0,""singleton_bridge_count_norm"":0.0,""stable_factor_hash"":""f3d22ff903dd0be9"",""target_mixed_weight"":102.0}]"
barenco_tof_4,barenco_tof_4:combo15,15,ok,ok,,ok,,phase-slack-v1,conservative,0.2,public_resynth_gadgets,barenco_toff_4,5,1,1,0,1.0,1,28,8,7.232323232323233,ok,,2.5656565656565657,7.232323232323233,1.6262626262626263,6.272727272727273,1.2828282828282829,2.0,3.6161616161616164,2.0,4.05050505050505,8.1010101010101,ok,,401,14,5614,127,14,1778,28,117,358,14,5012,483,28,417,22,797,133,1,483,1.0,358,1.6535269709543567,389,14,5446,403,139,14,1946,132,12,262,0.683291770573566,1.7378640776699028,0.7475728155339805,4.70873786407767,4.05050505050505,0.5,0.4,3.9452054794520546,28,8,401,576,0.04861111111111111,0.33816425120772947,21,20,1.4,0.3,0.2857142857142857,results/public_resynth_tensor_v3_phase_slack_expanded/public_resynth_tensor_v3_phase_slack/barenco_tof_4/structural_combinations/combo15/assembled.qasm,ok,,semantic_role_k2,semantic-role,0.12,90.0,234.0,2.6,1.6,264.0,0.5866666666666667,312.0,0.6933333333333334,0.0,0.0,4.0,1.0,4.0,28.0,1.6;0.693333333333;0;b1f970b7576a1352,b1f970b7576a1352,"[{""factor_count"":28.0,""gadget_mixed_weight"":234.0,""gadget_mixed_weight_norm"":2.6,""mixed_auc_greedy"":312.0,""mixed_auc_greedy_norm"":0.6933333333333334,""mixed_auc_original"":264.0,""mixed_auc_original_norm"":0.5866666666666667,""mixed_excess_norm"":1.6,""mixed_group_count"":4.0,""mixed_group_count_norm"":1.0,""num_block_rows"":1,""num_factor_groups"":4.0,""partition_id"":""balanced_contiguous_k2"",""partition_kind"":""contiguous"",""score_v3_lex"":""1.6;0.693333333333;0;b1f970b7576a1352"",""singleton_bridge_count"":0.0,""singleton_bridge_count_norm"":0.0,""stable_factor_hash"":""b1f970b7576a1352"",""target_mixed_weight"":90.0},{""factor_count"":28.0,""gadget_mixed_weight"":318.0,""gadget_mixed_weight_norm"":2.12,""mixed_auc_greedy"":480.0,""mixed_auc_greedy_norm"":0.64,""mixed_auc_original"":420.0,""mixed_auc_original_norm"":0.56,""mixed_excess_norm"":1.12,""mixed_group_count"":4.0,""mixed_group_count_norm"":1.0,""num_block_rows"":1,""num_factor_groups"":4.0,""partition_id"":""semantic_family_k2"",""partition_kind"":""semantic-family"",""score_v3_lex"":""1.12;0.64;0;b1f970b7576a1352"",""singleton_bridge_count"":0.0,""singleton_bridge_count_norm"":0.0,""stable_factor_hash"":""b1f970b7576a1352"",""target_mixed_weight"":150.0},{""factor_count"":28.0,""gadget_mixed_weight"":234.0,""gadget_mixed_weight_norm"":2.6,""mixed_auc_greedy"":312.0,""mixed_auc_greedy_norm"":0.6933333333333334,""mixed_auc_original"":264.0,""mixed_auc_original_norm"":0.5866666666666667,""mixed_excess_norm"":1.6,""mixed_group_count"":4.0,""mixed_group_count_norm"":1.0,""num_block_rows"":1,""num_factor_groups"":4.0,""partition_id"":""semantic_role_k2"",""partition_kind"":""semantic-role"",""score_v3_lex"":""1.6;0.693333333333;0;b1f970b7576a1352"",""singleton_bridge_count"":0.0,""singleton_bridge_count_norm"":0.0,""stable_factor_hash"":""b1f970b7576a1352"",""target_mixed_weight"":90.0},{""factor_count"":28.0,""gadget_mixed_weight"":258.0,""gadget_mixed_weight_norm"":2.5294117647058822,""mixed_auc_greedy"":360.0,""mixed_auc_greedy_norm"":0.7058823529411765,""mixed_auc_original"":312.0,""mixed_auc_original_norm"":0.611764705882353,""mixed_excess_norm"":1.5294117647058822,""mixed_group_count"":4.0,""mixed_group_count_norm"":1.0,""num_block_rows"":1,""num_factor_groups"":4.0,""partition_id"":""tensor_graph_spectral_k2"",""partition_kind"":""tensor-graph"",""score_v3_lex"":""1.52941176471;0.705882352941;0;b1f970b7576a1352"",""singleton_bridge_count"":0.0,""singleton_bridge_count_norm"":0.0,""stable_factor_hash"":""b1f970b7576a1352"",""target_mixed_weight"":102.0}]"
barenco_tof_4,barenco_tof_4:combo16,16,ok,ok,,ok,,phase-slack-v1,conservative,0.2,public_resynth_gadgets,barenco_toff_4,6,1,1,0,1.0,1,28,10,6.828282828282828,ok,,2.2626262626262625,6.828282828282828,1.323232323232323,5.8686868686868685,1.1313131313131313,2.0,3.414141414141414,2.0,3.7676767676767677,7.5353535353535355,ok,,373,14,5222,112,14,1568,28,91,338,14,4732,448,28,381,20,735,123,1,448,1.0,338,1.6442953020134228,361,14,5054,367,124,14,1736,106,12,249,0.6997319034852547,1.4077669902912622,0.41747572815533984,4.252427184466019,3.7676767676767677,0.5,0.5,3.6575342465753424,28,10,373,534,0.052434456928838954,0.356234096692112,21,20,1.4,0.3,0.35714285714285715,results/public_resynth_tensor_v3_phase_slack_expanded/public_resynth_tensor_v3_phase_slack/barenco_tof_4/structural_combinations/combo16/assembled.qasm,ok,,semantic_role_k2,semantic-role,0.12,90.0,162.0,1.8,0.8,210.0,0.4666666666666667,210.0,0.4666666666666667,0.0,0.0,4.0,1.0,4.0,28.0,0.8;0.466666666667;0;4570056ba90706a2,4570056ba90706a2,"[{""factor_count"":28.0,""gadget_mixed_weight"":162.0,""gadget_mixed_weight_norm"":1.8,""mixed_auc_greedy"":210.0,""mixed_auc_greedy_norm"":0.4666666666666667,""mixed_auc_original"":210.0,""mixed_auc_original_norm"":0.4666666666666667,""mixed_excess_norm"":0.8,""mixed_group_count"":4.0,""mixed_group_count_norm"":1.0,""num_block_rows"":1,""num_factor_groups"":4.0,""partition_id"":""balanced_contiguous_k2"",""partition_kind"":""contiguous"",""score_v3_lex"":""0.8;0.466666666667;0;4570056ba90706a2"",""singleton_bridge_count"":0.0,""singleton_bridge_count_norm"":0.0,""stable_factor_hash"":""4570056ba90706a2"",""target_mixed_weight"":90.0},{""factor_count"":28.0,""gadget_mixed_weight"":222.0,""gadget_mixed_weight_norm"":1.48,""mixed_auc_greedy"":330.0,""mixed_auc_greedy_norm"":0.44,""mixed_auc_original"":354.0,""mixed_auc_original_norm"":0.472,""mixed_excess_norm"":0.48,""mixed_group_count"":4.0,""mixed_group_count_norm"":1.0,""num_block_rows"":1,""num_factor_groups"":4.0,""partition_id"":""semantic_family_k2"",""partition_kind"":""semantic-family"",""score_v3_lex"":""0.48;0.44;0;4570056ba90706a2"",""singleton_bridge_count"":0.0,""singleton_bridge_count_norm"":0.0,""stable_factor_hash"":""4570056ba90706a2"",""target_mixed_weight"":150.0},{""factor_count"":28.0,""gadget_mixed_weight"":162.0,""gadget_mixed_weight_norm"":1.8,""mixed_auc_greedy"":210.0,""mixed_auc_greedy_norm"":0.4666666666666667,""mixed_auc_original"":210.0,""mixed_auc_original_norm"":0.4666666666666667,""mixed_excess_norm"":0.8,""mixed_group_count"":4.0,""mixed_group_count_norm"":1.0,""num_block_rows"":1,""num_factor_groups"":4.0,""partition_id"":""semantic_role_k2"",""partition_kind"":""semantic-role"",""score_v3_lex"":""0.8;0.466666666667;0;4570056ba90706a2"",""singleton_bridge_count"":0.0,""singleton_bridge_count_norm"":0.0,""stable_factor_hash"":""4570056ba90706a2"",""target_mixed_weight"":90.0},{""factor_count"":28.0,""gadget_mixed_weight"":174.0,""gadget_mixed_weight_norm"":1.7058823529411764,""mixed_auc_greedy"":216.0,""mixed_auc_greedy_norm"":0.4235294117647059,""mixed_auc_original"":252.0,""mixed_auc_original_norm"":0.49411764705882355,""mixed_excess_norm"":0.7058823529411765,""mixed_group_count"":4.0,""mixed_group_count_norm"":1.0,""num_block_rows"":1,""num_factor_groups"":4.0,""partition_id"":""tensor_graph_spectral_k2"",""partition_kind"":""tensor-graph"",""score_v3_lex"":""0.705882352941;0.423529411765;0;4570056ba90706a2"",""singleton_bridge_count"":0.0,""singleton_bridge_count_norm"":0.0,""stable_factor_hash"":""4570056ba90706a2"",""target_mixed_weight"":102.0}]"
barenco_tof_4,barenco_tof_4:combo17,17,ok,ok,,ok,,phase-slack-v1,conservative,0.2,public_resynth_gadgets,barenco_toff_4,7,1,1,0,1.0,1,28,7,6.828282828282828,ok,,2.404040404040404,6.828282828282828,1.4646464646464645,5.8686868686868685,1.202020202020202,2.0,3.414141414141414,2.0,3.727272727272727,7.454545454545454,ok,,369,14,5166,119,14,1666,28,114,338,14,4732,464,28,397,19,763,123,1,464,1.0,338,1.6479481641468683,360,14,5040,389,128,14,1792,123,9,241,0.6775067750677507,1.5533980582524272,0.5631067961165048,4.339805825242719,3.727272727272727,0.5,0.35,3.767123287671233,28,7,369,550,0.05090909090909091,0.3491271820448878,21,20,1.4,0.3,0.25,results/public_resynth_tensor_v3_phase_slack_expanded/public_resynth_tensor_v3_phase_slack/barenco_tof_4/structural_combinations/combo17/assembled.qasm,ok,,semantic_role_k2,semantic-role,0.12,90.0,138.0,1.5333333333333334,0.5333333333333333,246.0,0.5466666666666666,186.0,0.41333333333333333,0.0,0.0,4.0,1.0,4.0,28.0,0.533333333333;0.413333333333;0;f347f52e96bca5df,f347f52e96bca5df,"[{""factor_count"":28.0,""gadget_mixed_weight"":138.0,""gadget_mixed_weight_norm"":1.5333333333333334,""mixed_auc_greedy"":186.0,""mixed_auc_greedy_norm"":0.41333333333333333,""mixed_auc_original"":246.0,""mixed_auc_original_norm"":0.5466666666666666,""mixed_excess_norm"":0.5333333333333333,""mixed_group_count"":4.0,""mixed_group_count_norm"":1.0,""num_block_rows"":1,""num_factor_groups"":4.0,""partition_id"":""balanced_contiguous_k2"",""partition_kind"":""contiguous"",""score_v3_lex"":""0.533333333333;0.413333333333;0;f347f52e96bca5df"",""singleton_bridge_count"":0.0,""singleton_bridge_count_norm"":0.0,""stable_factor_hash"":""f347f52e96bca5df"",""target_mixed_weight"":90.0},{""factor_count"":28.0,""gadget_mixed_weight"":198.0,""gadget_mixed_weight_norm"":1.32,""mixed_auc_greedy"":300.0,""mixed_auc_greedy_norm"":0.4,""mixed_auc_original"":390.0,""mixed_auc_original_norm"":0.52,""mixed_excess_norm"":0.32,""mixed_group_count"":4.0,""mixed_group_count_norm"":1.0,""num_block_rows"":1,""num_factor_groups"":4.0,""partition_id"":""semantic_family_k2"",""partition_kind"":""semantic-family"",""score_v3_lex"":""0.32;0.4;0;f347f52e96bca5df"",""singleton_bridge_count"":0.0,""singleton_bridge_count_norm"":0.0,""stable_factor_hash"":""f347f52e96bca5df"",""target_mixed_weight"":150.0},{""factor_count"":28.0,""gadget_mixed_weight"":138.0,""gadget_mixed_weight_norm"":1.5333333333333334,""mixed_auc_greedy"":186.0,""mixed_auc_greedy_norm"":0.41333333333333333,""mixed_auc_original"":246.0,""mixed_auc_original_norm"":0.5466666666666666,""mixed_excess_norm"":0.5333333333333333,""mixed_group_count"":4.0,""mixed_group_count_norm"":1.0,""num_block_rows"":1,""num_factor_groups"":4.0,""partition_id"":""semantic_role_k2"",""partition_kind"":""semantic-role"",""score_v3_lex"":""0.533333333333;0.413333333333;0;f347f52e96bca5df"",""singleton_bridge_count"":0.0,""singleton_bridge_count_norm"":0.0,""stable_factor_hash"":""f347f52e96bca5df"",""target_mixed_weight"":90.0},{""factor_count"":28.0,""gadget_mixed_weight"":150.0,""gadget_mixed_weight_norm"":1.4705882352941178,""mixed_auc_greedy"":204.0,""mixed_auc_greedy_norm"":0.4,""mixed_auc_original"":288.0,""mixed_auc_original_norm"":0.5647058823529412,""mixed_excess_norm"":0.47058823529411764,""mixed_group_count"":4.0,""mixed_group_count_norm"":1.0,""num_block_rows"":1,""num_factor_groups"":4.0,""partition_id"":""tensor_graph_spectral_k2"",""partition_kind"":""tensor-graph"",""score_v3_lex"":""0.470588235294;0.4;0;f347f52e96bca5df"",""singleton_bridge_count"":0.0,""singleton_bridge_count_norm"":0.0,""stable_factor_hash"":""f347f52e96bca5df"",""target_mixed_weight"":102.0}]"
barenco_tof_4,barenco_tof_4:combo18,18,ok,ok,,ok,,phase-slack-v1,conservative,0.2,public_resynth_gadgets,barenco_toff_4,8,1,1,0,1.0,1,28,10,6.848484848484849,ok,,2.3434343434343434,6.848484848484849,1.404040404040404,5.888888888888889,1.1717171717171717,2.0,3.4242424242424243,2.0,3.7373737373737375,7.474747474747475,ok,,370,14,5180,116,14,1624,28,100,339,14,4746,452,28,385,19,742,119,1,452,1.0,339,1.6452328159645233,364,14,5096,379,122,14,1708,107,6,248,0.6864864864864865,1.4854368932038835,0.49514563106796117,4.320388349514563,3.7373737373737375,0.5,0.5,3.6575342465753424,28,10,370,534,0.052434456928838954,0.356234096692112,21,20,1.4,0.3,0.35714285714285715,results/public_resynth_tensor_v3_phase_slack_expanded/public_resynth_tensor_v3_phase_slack/barenco_tof_4/structural_combinations/combo18/assembled.qasm,ok,,semantic_role_k2,semantic-role,0.12,90.0,150.0,1.6666666666666667,0.6666666666666666,288.0,0.64,270.0,0.6,0.0,0.0,4.0,1.0,4.0,28.0,0.666666666667;0.6;0;110bbbd64f354ba9,110bbbd64f354ba9,"[{""factor_count"":28.0,""gadget_mixed_weight"":150.0,""gadget_mixed_weight_norm"":1.6666666666666667,""mixed_auc_greedy"":270.0,""mixed_auc_greedy_norm"":0.6,""mixed_auc_original"":288.0,""mixed_auc_original_norm"":0.64,""mixed_excess_norm"":0.6666666666666666,""mixed_group_count"":4.0,""mixed_group_count_norm"":1.0,""num_block_rows"":1,""num_factor_groups"":4.0,""partition_id"":""balanced_contiguous_k2"",""partition_kind"":""contiguous"",""score_v3_lex"":""0.666666666667;0.6;0;110bbbd64f354ba9"",""singleton_bridge_count"":0.0,""singleton_bridge_count_norm"":0.0,""stable_factor_hash"":""110bbbd64f354ba9"",""target_mixed_weight"":90.0},{""factor_count"":28.0,""gadget_mixed_weight"":234.0,""gadget_mixed_weight_norm"":1.56,""mixed_auc_greedy"":366.0,""mixed_auc_greedy_norm"":0.488,""mixed_auc_original"":468.0,""mixed_auc_original_norm"":0.624,""mixed_excess_norm"":0.56,""mixed_group_count"":4.0,""mixed_group_count_norm"":1.0,""num_block_rows"":1,""num_factor_groups"":4.0,""partition_id"":""semantic_family_k2"",""partition_kind"":""semantic-family"",""score_v3_lex"":""0.56;0.488;0;110bbbd64f354ba9"",""singleton_bridge_count"":0.0,""singleton_bridge_count_norm"":0.0,""stable_factor_hash"":""110bbbd64f354ba9"",""target_mixed_weight"":150.0},{""factor_count"":28.0,""gadget_mixed_weight"":150.0,""gadget_mixed_weight_norm"":1.6666666666666667,""mixed_auc_greedy"":270.0,""mixed_auc_greedy_norm"":0.6,""mixed_auc_original"":288.0,""mixed_auc_original_norm"":0.64,""mixed_excess_norm"":0.6666666666666666,""mixed_group_count"":4.0,""mixed_group_count_norm"":1.0,""num_block_rows"":1,""num_factor_groups"":4.0,""partition_id"":""semantic_role_k2"",""partition_kind"":""semantic-role"",""score_v3_lex"":""0.666666666667;0.6;0;110bbbd64f354ba9"",""singleton_bridge_count"":0.0,""singleton_bridge_count_norm"":0.0,""stable_factor_hash"":""110bbbd64f354ba9"",""target_mixed_weight"":90.0},{""factor_count"":28.0,""gadget_mixed_weight"":174.0,""gadget_mixed_weight_norm"":1.7058823529411764,""mixed_auc_greedy"":318.0,""mixed_auc_greedy_norm"":0.6235294117647059,""mixed_auc_original"":312.0,""mixed_auc_original_norm"":0.611764705882353,""mixed_excess_norm"":0.7058823529411765,""mixed_group_count"":4.0,""mixed_group_count_norm"":1.0,""num_block_rows"":1,""num_factor_groups"":4.0,""partition_id"":""tensor_graph_spectral_k2"",""partition_kind"":""tensor-graph"",""score_v3_lex"":""0.705882352941;0.623529411765;0;110bbbd64f354ba9"",""singleton_bridge_count"":0.0,""singleton_bridge_count_norm"":0.0,""stable_factor_hash"":""110bbbd64f354ba9"",""target_mixed_weight"":102.0}]"
barenco_tof_4,barenco_tof_4:combo19,19,ok,ok,,ok,,phase-slack-v1,conservative,0.2,public_resynth_gadgets,barenco_toff_4,9,1,1,0,1.0,1,28,14,6.848484848484849,ok,,2.3434343434343434,6.848484848484849,1.404040404040404,5.888888888888889,1.1717171717171717,2.0,3.4242424242424243,2.0,3.7676767676767677,7.5353535353535355,ok,,373,14,5222,116,14,1624,28,102,339,14,4746,456,28,389,19,749,127,1,456,1.0,339,1.646153846153846,362,14,5068,377,127,14,1778,115,11,246,0.6890080428954424,1.4660194174757282,0.47572815533980584,4.252427184466019,3.7676767676767677,0.5,0.7,3.7260273972602738,28,14,373,544,0.051470588235294115,0.35175879396984927,21,20,1.4,0.3,0.5,results/public_resynth_tensor_v3_phase_slack_expanded/public_resynth_tensor_v3_phase_slack/barenco_tof_4/structural_combinations/combo19/assembled.qasm,ok,,semantic_role_k2,semantic-role,0.12,90.0,126.0,1.4,0.4,252.0,0.56,210.0,0.4666666666666667,0.0,0.0,4.0,1.0,4.0,28.0,0.4;0.466666666667;0;dc46e8acc450bd47,dc46e8acc450bd47,"[{""factor_count"":28.0,""gadget_mixed_weight"":126.0,""gadget_mixed_weight_norm"":1.4,""mixed_auc_greedy"":210.0,""mixed_auc_greedy_norm"":0.4666666666666667,""mixed_auc_original"":252.0,""mixed_auc_original_norm"":0.56,""mixed_excess_norm"":0.4,""mixed_group_count"":4.0,""mixed_group_count_norm"":1.0,""num_block_rows"":1,""num_factor_groups"":4.0,""partition_id"":""balanced_contiguous_k2"",""partition_kind"":""contiguous"",""score_v3_lex"":""0.4;0.466666666667;0;dc46e8acc450bd47"",""singleton_bridge_count"":0.0,""singleton_bridge_count_norm"":0.0,""stable_factor_hash"":""dc46e8acc450bd47"",""target_mixed_weight"":90.0},{""factor_count"":28.0,""gadget_mixed_weight"":186.0,""gadget_mixed_weight_norm"":1.24,""mixed_auc_greedy"":318.0,""mixed_auc_greedy_norm"":0.424,""mixed_auc_original"":348.0,""mixed_auc_original_norm"":0.464,""mixed_excess_norm"":0.24,""mixed_group_count"":4.0,""mixed_group_count_norm"":1.0,""num_block_rows"":1,""num_factor_groups"":4.0,""partition_id"":""semantic_family_k2"",""partition_kind"":""semantic-family"",""score_v3_lex"":""0.24;0.424;0;dc46e8acc450bd47"",""singleton_bridge_count"":0.0,""singleton_bridge_count_norm"":0.0,""stable_factor_hash"":""dc46e8acc450bd47"",""target_mixed_weight"":150.0},{""factor_count"":28.0,""gadget_mixed_weight"":126.0,""gadget_mixed_weight_norm"":1.4,""mixed_auc_greedy"":210.0,""mixed_auc_greedy_norm"":0.4666666666666667,""mixed_auc_original"":252.0,""mixed_auc_original_norm"":0.56,""mixed_excess_norm"":0.4,""mixed_group_count"":4.0,""mixed_group_count_norm"":1.0,""num_block_rows"":1,""num_factor_groups"":4.0,""partition_id"":""semantic_role_k2"",""partition_kind"":""semantic-role"",""score_v3_lex"":""0.4;0.466666666667;0;dc46e8acc450bd47"",""singleton_bridge_count"":0.0,""singleton_bridge_count_norm"":0.0,""stable_factor_hash"":""dc46e8acc450bd47"",""target_mixed_weight"":90.0},{""factor_count"":28.0,""gadget_mixed_weight"":138.0,""gadget_mixed_weight_norm"":1.3529411764705883,""mixed_auc_greedy"":216.0,""mixed_auc_greedy_norm"":0.4235294117647059,""mixed_auc_original"":270.0,""mixed_auc_original_norm"":0.5294117647058824,""mixed_excess_norm"":0.35294117647058826,""mixed_group_count"":4.0,""mixed_group_count_norm"":1.0,""num_block_rows"":1,""num_factor_groups"":4.0,""partition_id"":""tensor_graph_spectral_k2"",""partition_kind"":""tensor-graph"",""score_v3_lex"":""0.352941176471;0.423529411765;0;dc46e8acc450bd47"",""singleton_bridge_count"":0.0,""singleton_bridge_count_norm"":0.0,""stable_factor_hash"":""dc46e8acc450bd47"",""target_mixed_weight"":102.0}]"
gf_2pow2_mult,gf_2pow2_mult:combo0,0,ok,ok,,ok,,phase-slack-v1,conservative,0.2,public_resynth_no_gadgets,gf_2pow2_mult_comp2,0,1,0,1,0.0,0,17,12,3.5238095238095237,ok,,2.0,3.5238095238095237,1.0714285714285714,2.5476190476190474,2.0,1.0,3.5238095238095237,1.0,4.023809523809524,4.023809523809524,ok,,169,6,1014,84,6,504,17,72,148,6,888,170,17,153,14,278,52,1,170,1.0,148,1.6449704142011834,157,6,942,145,96,6,576,80,12,73,0.5029585798816568,2.227272727272727,1.2499999999999998,4.295454545454546,4.023809523809524,0.6071428571428571,1.5,3.459016393442623,17,12,169,211,0.08056872037914692,0.46703296703296704,18,17,1.0,0.0,0.7058823529411765,results/public_resynth_tensor_v3_phase_slack_expanded/public_resynth_tensor_v3_phase_slack/gf_2pow2_mult/structural_combinations/combo0/assembled.qasm,ok,,semantic_role_k2,semantic-role,0.12,66.0,522.0,7.909090909090909,6.909090909090909,1134.0,0.9545454545454546,1008.0,0.8484848484848485,13.0,0.7647058823529411,13.0,0.7647058823529411,17.0,17.0,6.90909090909;0.848484848485;0.764705882353;1aad7586f686f902,1aad7586f686f902,"[{""factor_count"":17.0,""gadget_mixed_weight"":600.0,""gadget_mixed_weight_norm"":10.0,""mixed_auc_greedy"":1044.0,""mixed_auc_greedy_norm"":0.9666666666666667,""mixed_auc_original"":1188.0,""mixed_auc_original_norm"":1.1,""mixed_excess_norm"":9.0,""mixed_group_count"":14.0,""mixed_group_count_norm"":0.8235294117647058,""num_block_rows"":1,""num_factor_groups"":17.0,""partition_id"":""balanced_contiguous_k2"",""partition_kind"":""contiguous"",""score_v3_lex"":""9;0.966666666667;0.823529411765;1aad7586f686f902"",""singleton_bridge_count"":14.0,""singleton_bridge_count_norm"":0.8235294117647058,""stable_factor_hash"":""1aad7586f686f902"",""target_mixed_weight"":60.0},{""factor_count"":17.0,""gadget_mixed_weight"":522.0,""gadget_mixed_weight_norm"":7.909090909090909,""mixed_auc_greedy"":1008.0,""mixed_auc_greedy_norm"":0.8484848484848485,""mixed_auc_original"":1134.0,""mixed_auc_original_norm"":0.9545454545454546,""mixed_excess_norm"":6.909090909090909,""mixed_group_count"":13.0,""mixed_group_count_norm"":0.7647058823529411,""num_block_rows"":1,""num_factor_groups"":17.0,""partition_id"":""semantic_family_k2"",""partition_kind"":""semantic-family"",""score_v3_lex"":""6.90909090909;0.848484848485;0.764705882353;1aad7586f686f902"",""singleton_bridge_count"":13.0,""singleton_bridge_count_norm"":0.7647058823529411,""stable_factor_hash"":""1aad7586f686f902"",""target_mixed_weight"":66.0},{""factor_count"":17.0,""gadget_mixed_weight"":522.0,""gadget_mixed_weight_norm"":7.909090909090909,""mixed_auc_greedy"":1008.0,""mixed_auc_greedy_norm"":0.8484848484848485,""mixed_auc_original"":1134.0,""mixed_auc_original_norm"":0.9545454545454546,""mixed_excess_norm"":6.909090909090909,""mixed_group_count"":13.0,""mixed_group_count_norm"":0.7647058823529411,""num_block_rows"":1,""num_factor_groups"":17.0,""partition_id"":""semantic_register_k2"",""partition_kind"":""semantic-register"",""score_v3_lex"":""6.90909090909;0.848484848485;0.764705882353;1aad7586f686f902"",""singleton_bridge_count"":13.0,""singleton_bridge_count_norm"":0.7647058823529411,""stable_factor_hash"":""1aad7586f686f902"",""target_mixed_weight"":66.0},{""factor_count"":17.0,""gadget_mixed_weight"":522.0,""gadget_mixed_weight_norm"":7.909090909090909,""mixed_auc_greedy"":1008.0,""mixed_auc_greedy_norm"":0.8484848484848485,""mixed_auc_original"":1134.0,""mixed_auc_original_norm"":0.9545454545454546,""mixed_excess_norm"":6.909090909090909,""mixed_group_count"":13.0,""mixed_group_count_norm"":0.7647058823529411,""num_block_rows"":1,""num_factor_groups"":17.0,""partition_id"":""semantic_role_k2"",""partition_kind"":""semantic-role"",""score_v3_lex"":""6.90909090909;0.848484848485;0.764705882353;1aad7586f686f902"",""singleton_bridge_count"":13.0,""singleton_bridge_count_norm"":0.7647058823529411,""stable_factor_hash"":""1aad7586f686f902"",""target_mixed_weight"":66.0},{""factor_count"":17.0,""gadget_mixed_weight"":624.0,""gadget_mixed_weight_norm"":10.4,""mixed_auc_greedy"":1002.0,""mixed_auc_greedy_norm"":0.9277777777777778,""mixed_auc_original"":1140.0,""mixed_auc_original_norm"":1.0555555555555556,""mixed_excess_norm"":9.4,""mixed_group_count"":14.0,""mixed_group_count_norm"":0.8235294117647058,""num_block_rows"":1,""num_factor_groups"":17.0,""partition_id"":""tensor_graph_spectral_k2"",""partition_kind"":""tensor-graph"",""score_v3_lex"":""9.4;0.927777777778;0.823529411765;1aad7586f686f902"",""singleton_bridge_count"":14.0,""singleton_bridge_count_norm"":0.8235294117647058,""stable_factor_hash"":""1aad7586f686f902"",""target_mixed_weight"":60.0}]"
gf_2pow2_mult,gf_2pow2_mult:combo1,1,ok,ok,,ok,,phase-slack-v1,conservative,0.2,public_resynth_no_gadgets,gf_2pow2_mult_comp2,1,1,0,1,0.0,0,17,8,2.0952380952380953,ok,,1.8571428571428572,2.0952380952380953,0.9285714285714286,1.119047619047619,1.8571428571428572,1.0,2.0952380952380953,1.0,3.8095238095238093,3.8095238095238093,ok,,160,6,960,78,6,468,17,69,88,6,528,101,17,84,4,171,22,1,101,1.0,88,1.71,148,6,888,141,90,6,540,77,12,70,0.5125,2.159090909090909,1.1818181818181819,4.181818181818182,3.8095238095238093,0.6071428571428571,1.0,3.4262295081967213,17,8,160,209,0.08133971291866028,0.4696132596685083,18,17,1.0,0.0,0.47058823529411764,results/public_resynth_tensor_v3_phase_slack_expanded/public_resynth_tensor_v3_phase_slack/gf_2pow2_mult/structural_combinations/combo1/assembled.qasm,ok,,semantic_role_k2,semantic-role,0.12,66.0,474.0,7.181818181818182,6.181818181818182,1302.0,1.095959595959596,924.0,0.7777777777777778,11.0,0.6470588235294118,11.0,0.6470588235294118,17.0,17.0,6.18181818182;0.777777777778;0.647058823529;ee2f9698d6e80089,ee2f9698d6e80089,"[{""factor_count"":17.0,""gadget_mixed_weight"":564.0,""gadget_mixed_weight_norm"":9.4,""mixed_auc_greedy"":1026.0,""mixed_auc_greedy_norm"":0.95,""mixed_auc_original"":1362.0,""mixed_auc_original_norm"":1.261111111111111,""mixed_excess_norm"":8.4,""mixed_group_count"":14.0,""mixed_group_count_norm"":0.8235294117647058,""num_block_rows"":1,""num_factor_groups"":17.0,""partition_id"":""balanced_contiguous_k2"",""partition_kind"":""contiguous"",""score_v3_lex"":""8.4;0.95;0.823529411765;ee2f9698d6e80089"",""singleton_bridge_count"":14.0,""singleton_bridge_count_norm"":0.8235294117647058,""stable_factor_hash"":""ee2f9698d6e80089"",""target_mixed_weight"":60.0},{""factor_count"":17.0,""gadget_mixed_weight"":474.0,""gadget_mixed_weight_norm"":7.181818181818182,""mixed_auc_greedy"":924.0,""mixed_auc_greedy_norm"":0.7777777777777778,""mixed_auc_original"":1302.0,""mixed_auc_original_norm"":1.095959595959596,""mixed_excess_norm"":6.181818181818182,""mixed_group_count"":11.0,""mixed_group_count_norm"":0.6470588235294118,""num_block_rows"":1,""num_factor_groups"":17.0,""partition_id"":""semantic_family_k2"",""partition_kind"":""semantic-family"",""score_v3_lex"":""6.18181818182;0.777777777778;0.647058823529;ee2f9698d6e80089"",""singleton_bridge_count"":11.0,""singleton_bridge_count_norm"":0.6470588235294118,""stable_factor_hash"":""ee2f9698d6e80089"",""target_mixed_weight"":66.0},{""factor_count"":17.0,""gadget_mixed_weight"":474.0,""gadget_mixed_weight_norm"":7.181818181818182,""mixed_auc_greedy"":924.0,""mixed_auc_greedy_norm"":0.7777777777777778,""mixed_auc_original"":1302.0,""mixed_auc_original_norm"":1.095959595959596,""mixed_excess_norm"":6.181818181818182,""mixed_group_count"":11.0,""mixed_group_count_norm"":0.6470588235294118,""num_block_rows"":1,""num_factor_groups"":17.0,""partition_id"":""semantic_register_k2"",""partition_kind"":""semantic-register"",""score_v3_lex"":""6.18181818182;0.777777777778;0.647058823529;ee2f9698d6e80089"",""singleton_bridge_count"":11.0,""singleton_bridge_count_norm"":0.6470588235294118,""stable_factor_hash"":""ee2f9698d6e80089"",""target_mixed_weight"":66.0},{""factor_count"":17.0,""gadget_mixed_weight"":474.0,""gadget_mixed_weight_norm"":7.181818181818182,""mixed_auc_greedy"":924.0,""mixed_auc_greedy_norm"":0.7777777777777778,""mixed_auc_original"":1302.0,""mixed_auc_original_norm"":1.095959595959596,""mixed_excess_norm"":6.181818181818182,""mixed_group_count"":11.0,""mixed_group_count_norm"":0.6470588235294118,""num_block_rows"":1,""num_factor_groups"":17.0,""partition_id"":""semantic_role_k2"",""partition_kind"":""semantic-role"",""score_v3_lex"":""6.18181818182;0.777777777778;0.647058823529;ee2f9698d6e80089"",""singleton_bridge_count"":11.0,""singleton_bridge_count_norm"":0.6470588235294118,""stable_factor_hash"":""ee2f9698d6e80089"",""target_mixed_weight"":66.0},{""factor_count"":17.0,""gadget_mixed_weight"":540.0,""gadget_mixed_weight_norm"":9.0,""mixed_auc_greedy"":894.0,""mixed_auc_greedy_norm"":0.8277777777777777,""mixed_auc_original"":1272.0,""mixed_auc_original_norm"":1.1777777777777778,""mixed_excess_norm"":8.0,""mixed_group_count"":10.0,""mixed_group_count_norm"":0.5882352941176471,""num_block_rows"":1,""num_factor_groups"":17.0,""partition_id"":""tensor_graph_spectral_k2"",""partition_kind"":""tensor-graph"",""score_v3_lex"":""8;0.827777777778;0.588235294118;ee2f9698d6e80089"",""singleton_bridge_count"":10.0,""singleton_bridge_count_norm"":0.5882352941176471,""stable_factor_hash"":""ee2f9698d6e80089"",""target_mixed_weight"":60.0}]"
gf_2pow2_mult,gf_2pow2_mult:combo2,2,ok,ok,,ok,,phase-slack-v1,conservative,0.2,public_resynth_no_gadgets,gf_2pow2_mult_comp2,2,1,0,1,0.0,0,17,6,2.0952380952380953,ok,,1.7380952380952381,2.0952380952380953,0.8095238095238095,1.119047619047619,1.7380952380952381,1.0,2.0952380952380953,1.0,3.8333333333333335,3.8333333333333335,ok,,161,6,966,73,6,438,17,64,88,6,528,100,17,83,3,165,28,1,100,1.0,88,1.6666666666666667,148,6,888,139,86,6,516,73,13,75,0.546583850931677,2.0681818181818183,1.090909090909091,4.204545454545454,3.8333333333333335,0.6071428571428571,0.75,3.4754098360655736,17,6,161,212,0.08018867924528301,0.4657534246575342,18,17,1.0,0.0,0.35294117647058826,results/public_resynth_tensor_v3_phase_slack_expanded/public_resynth_tensor_v3_phase_slack/gf_2pow2_mult/structural_combinations/combo2/assembled.qasm,ok,,semantic_role_k2,semantic-role,0.12,66.0,450.0,6.818181818181818,5.818181818181818,1158.0,0.9747474747474747,870.0,0.7323232323232324,13.0,0.7647058823529411,13.0,0.7647058823529411,17.0,17.0,5.81818181818;0.732323232323;0.764705882353;f83da0818925d087,f83da0818925d087,"[{""factor_count"":17.0,""gadget_mixed_weight"":516.0,""gadget_mixed_weight_norm"":8.6,""mixed_auc_greedy"":1110.0,""mixed_auc_greedy_norm"":1.0277777777777777,""mixed_auc_original"":1320.0,""mixed_auc_original_norm"":1.2222222222222223,""mixed_excess_norm"":7.6,""mixed_group_count"":12.0,""mixed_group_count_norm"":0.7058823529411765,""num_block_rows"":1,""num_factor_groups"":17.0,""partition_id"":""balanced_contiguous_k2"",""partition_kind"":""contiguous"",""score_v3_lex"":""7.6;1.02777777778;0.705882352941;f83da0818925d087"",""singleton_bridge_count"":12.0,""singleton_bridge_count_norm"":0.7058823529411765,""stable_factor_hash"":""f83da0818925d087"",""target_mixed_weight"":60.0},{""factor_count"":17.0,""gadget_mixed_weight"":450.0,""gadget_mixed_weight_norm"":6.818181818181818,""mixed_auc_greedy"":870.0,""mixed_auc_greedy_norm"":0.7323232323232324,""mixed_auc_original"":1158.0,""mixed_auc_original_norm"":0.9747474747474747,""mixed_excess_norm"":5.818181818181818,""mixed_group_count"":13.0,""mixed_group_count_norm"":0.7647058823529411,""num_block_rows"":1,""num_factor_groups"":17.0,""partition_id"":""semantic_family_k2"",""partition_kind"":""semantic-family"",""score_v3_lex"":""5.81818181818;0.732323232323;0.764705882353;f83da0818925d087"",""singleton_bridge_count"":13.0,""singleton_bridge_count_norm"":0.7647058823529411,""stable_factor_hash"":""f83da0818925d087"",""target_mixed_weight"":66.0},{""factor_count"":17.0,""gadget_mixed_weight"":450.0,""gadget_mixed_weight_norm"":6.818181818181818,""mixed_auc_greedy"":870.0,""mixed_auc_greedy_norm"":0.7323232323232324,""mixed_auc_original"":1158.0,""mixed_auc_original_norm"":0.9747474747474747,""mixed_excess_norm"":5.818181818181818,""mixed_group_count"":13.0,""mixed_group_count_norm"":0.7647058823529411,""num_block_rows"":1,""num_factor_groups"":17.0,""partition_id"":""semantic_register_k2"",""partition_kind"":""semantic-register"",""score_v3_lex"":""5.81818181818;0.732323232323;0.764705882353;f83da0818925d087"",""singleton_bridge_count"":13.0,""singleton_bridge_count_norm"":0.7647058823529411,""stable_factor_hash"":""f83da0818925d087"",""target_mixed_weight"":66.0},{""factor_count"":17.0,""gadget_mixed_weight"":450.0,""gadget_mixed_weight_norm"":6.818181818181818,""mixed_auc_greedy"":870.0,""mixed_auc_greedy_norm"":0.7323232323232324,""mixed_auc_original"":1158.0,""mixed_auc_original_norm"":0.9747474747474747,""mixed_excess_norm"":5.818181818181818,""mixed_group_count"":13.0,""mixed_group_count_norm"":0.7647058823529411,""num_block_rows"":1,""num_factor_groups"":17.0,""partition_id"":""semantic_role_k2"",""partition_kind"":""semantic-role"",""score_v3_lex"":""5.81818181818;0.732323232323;0.764705882353;f83da0818925d087"",""singleton_bridge_count"":13.0,""singleton_bridge_count_norm"":0.7647058823529411,""stable_factor_hash"":""f83da0818925d087"",""target_mixed_weight"":66.0},{""factor_count"":17.0,""gadget_mixed_weight"":528.0,""gadget_mixed_weight_norm"":8.8,""mixed_auc_greedy"":1056.0,""mixed_auc_greedy_norm"":0.9777777777777777,""mixed_auc_original"":1266.0,""mixed_auc_original_norm"":1.1722222222222223,""mixed_excess_norm"":7.8,""mixed_group_count"":14.0,""mixed_group_count_norm"":0.8235294117647058,""num_block_rows"":1,""num_factor_groups"":17.0,""partition_id"":""tensor_graph_spectral_k2"",""partition_kind"":""tensor-graph"",""score_v3_lex"":""7.8;0.977777777778;0.823529411765;f83da0818925d087"",""singleton_bridge_count"":14.0,""singleton_bridge_count_norm"":0.8235294117647058,""stable_factor_hash"":""f83da0818925d087"",""target_mixed_weight"":60.0}]"
gf_2pow2_mult,gf_2pow2_mult:combo3,3,ok,ok,,ok,,phase-slack-v1,conservative,0.2,public_resynth_no_gadgets,gf_2pow2_mult_comp2,3,1,0,1,0.0,0,17,12,3.261904761904762,ok,,1.8333333333333333,3.261904761904762,0.9047619047619047,2.2857142857142856,1.8333333333333333,1.0,3.261904761904762,1.0,3.761904761904762,3.761904761904762,ok,,158,6,948,77,6,462,17,64,137,6,822,158,17,141,13,254,52,1,158,1.0,137,1.6178343949044587,147,6,882,134,88,6,528,71,11,70,0.5126582278481012,2.0454545454545454,1.0681818181818181,4.0,3.761904761904762,0.6071428571428571,1.5,3.262295081967213,17,12,158,199,0.08542713567839195,0.48295454545454547,18,17,1.0,0.029411764705882353,0.7058823529411765,results/public_resynth_tensor_v3_phase_slack_expanded/public_resynth_tensor_v3_phase_slack/gf_2pow2_mult/structural_combinations/combo3/assembled.qasm,ok,,semantic_role_k2,semantic-role,0.12,66.0,318.0,4.818181818181818,3.8181818181818183,762.0,0.6414141414141414,1038.0,0.8737373737373737,9.0,0.5294117647058824,9.0,0.5294117647058824,17.0,17.0,3.81818181818;0.873737373737;0.529411764706;68d0502850f6c043,68d0502850f6c043,"[{""factor_count"":17.0,""gadget_mixed_weight"":432.0,""gadget_mixed_weight_norm"":7.2,""mixed_auc_greedy"":984.0,""mixed_auc_greedy_norm"":0.9111111111111111,""mixed_auc_original"":906.0,""mixed_auc_original_norm"":0.8388888888888889,""mixed_excess_norm"":6.2,""mixed_group_count"":12.0,""mixed_group_count_norm"":0.7058823529411765,""num_block_rows"":1,""num_factor_groups"":17.0,""partition_id"":""balanced_contiguous_k2"",""partition_kind"":""contiguous"",""score_v3_lex"":""6.2;0.911111111111;0.705882352941;68d0502850f6c043"",""singleton_bridge_count"":12.0,""singleton_bridge_count_norm"":0.7058823529411765,""stable_factor_hash"":""68d0502850f6c043"",""target_mixed_weight"":60.0},{""factor_count"":17.0,""gadget_mixed_weight"":318.0,""gadget_mixed_weight_norm"":4.818181818181818,""mixed_auc_greedy"":1038.0,""mixed_auc_greedy_norm"":0.8737373737373737,""mixed_auc_original"":762.0,""mixed_auc_original_norm"":0.6414141414141414,""mixed_excess_norm"":3.8181818181818183,""mixed_group_count"":9.0,""mixed_group_count_norm"":0.5294117647058824,""num_block_rows"":1,""num_factor_groups"":17.0,""partition_id"":""semantic_family_k2"",""partition_kind"":""semantic-family"",""score_v3_lex"":""3.81818181818;0.873737373737;0.529411764706;68d0502850f6c043"",""singleton_bridge_count"":9.0,""singleton_bridge_count_norm"":0.5294117647058824,""stable_factor_hash"":""68d0502850f6c043"",""target_mixed_weight"":66.0},{""factor_count"":17.0,""gadget_mixed_weight"":318.0,""gadget_mixed_weight_norm"":4.818181818181818,""mixed_auc_greedy"":1038.0,""mixed_auc_greedy_norm"":0.8737373737373737,""mixed_auc_original"":762.0,""mixed_auc_original_norm"":0.6414141414141414,""mixed_excess_norm"":3.8181818181818183,""mixed_group_count"":9.0,""mixed_group_count_norm"":0.5294117647058824,""num_block_rows"":1,""num_factor_groups"":17.0,""partition_id"":""semantic_register_k2"",""partition_kind"":""semantic-register"",""score_v3_lex"":""3.81818181818;0.873737373737;0.529411764706;68d0502850f6c043"",""singleton_bridge_count"":9.0,""singleton_bridge_count_norm"":0.5294117647058824,""stable_factor_hash"":""68d0502850f6c043"",""target_mixed_weight"":66.0},{""factor_count"":17.0,""gadget_mixed_weight"":318.0,""gadget_mixed_weight_norm"":4.818181818181818,""mixed_auc_greedy"":1038.0,""mixed_auc_greedy_norm"":0.8737373737373737,""mixed_auc_original"":762.0,""mixed_auc_original_norm"":0.6414141414141414,""mixed_excess_norm"":3.8181818181818183,""mixed_group_count"":9.0,""mixed_group_count_norm"":0.5294117647058824,""num_block_rows"":1,""num_factor_groups"":17.0,""partition_id"":""semantic_role_k2"",""partition_kind"":""semantic-role"",""score_v3_lex"":""3.81818181818;0.873737373737;0.529411764706;68d0502850f6c043"",""singleton_bridge_count"":9.0,""singleton_bridge_count_norm"":0.5294117647058824,""stable_factor_hash"":""68d0502850f6c043"",""target_mixed_weight"":66.0},{""factor_count"":17.0,""gadget_mixed_weight"":456.0,""gadget_mixed_weight_norm"":7.6,""mixed_auc_greedy"":1038.0,""mixed_auc_greedy_norm"":0.9611111111111111,""mixed_auc_original"":948.0,""mixed_auc_original_norm"":0.8777777777777778,""mixed_excess_norm"":6.6,""mixed_group_count"":12.0,""mixed_group_count_norm"":0.7058823529411765,""num_block_rows"":1,""num_factor_groups"":17.0,""partition_id"":""tensor_graph_spectral_k2"",""partition_kind"":""tensor-graph"",""score_v3_lex"":""6.6;0.961111111111;0.705882352941;68d0502850f6c043"",""singleton_bridge_count"":12.0,""singleton_bridge_count_norm"":0.7058823529411765,""stable_factor_hash"":""68d0502850f6c043"",""target_mixed_weight"":60.0}]"
gf_2pow2_mult,gf_2pow2_mult:combo4,4,ok,ok,,ok,,phase-slack-v1,conservative,0.2,public_resynth_no_gadgets,gf_2pow2_mult_comp2,4,1,0,1,0.0,0,17,8,2.0,ok,,1.7142857142857142,2.0,0.7857142857142856,1.0238095238095237,1.7142857142857142,1.0,2.0,1.0,3.6666666666666665,3.6666666666666665,ok,,154,6,924,72,6,432,17,61,84,6,504,95,17,78,4,158,26,1,95,1.0,84,1.6808510638297873,143,6,858,136,83,6,498,68,11,72,0.538961038961039,1.9772727272727273,1.0,4.090909090909091,3.6666666666666665,0.6071428571428571,1.0,3.3934426229508197,17,8,154,207,0.0821256038647343,0.4722222222222222,18,17,1.0,0.0,0.47058823529411764,results/public_resynth_tensor_v3_phase_slack_expanded/public_resynth_tensor_v3_phase_slack/gf_2pow2_mult/structural_combinations/combo4/assembled.qasm,ok,,semantic_role_k2,semantic-role,0.12,66.0,390.0,5.909090909090909,4.909090909090909,1086.0,1.0284090909090908,948.0,0.8977272727272727,9.0,0.5294117647058824,10.0,0.6666666666666666,15.0,17.0,4.90909090909;0.897727272727;0.529411764706;925b5ea1c3110e56,925b5ea1c3110e56,"[{""factor_count"":17.0,""gadget_mixed_weight"":432.0,""gadget_mixed_weight_norm"":7.2,""mixed_auc_greedy"":954.0,""mixed_auc_greedy_norm"":0.99375,""mixed_auc_original"":1272.0,""mixed_auc_original_norm"":1.325,""mixed_excess_norm"":6.2,""mixed_group_count"":10.0,""mixed_group_count_norm"":0.6666666666666666,""num_block_rows"":1,""num_factor_groups"":15.0,""partition_id"":""balanced_contiguous_k2"",""partition_kind"":""contiguous"",""score_v3_lex"":""6.2;0.99375;0.529411764706;925b5ea1c3110e56"",""singleton_bridge_count"":9.0,""singleton_bridge_count_norm"":0.5294117647058824,""stable_factor_hash"":""925b5ea1c3110e56"",""target_mixed_weight"":60.0},{""factor_count"":17.0,""gadget_mixed_weight"":390.0,""gadget_mixed_weight_norm"":5.909090909090909,""mixed_auc_greedy"":948.0,""mixed_auc_greedy_norm"":0.8977272727272727,""mixed_auc_original"":1086.0,""mixed_auc_original_norm"":1.0284090909090908,""mixed_excess_norm"":4.909090909090909,""mixed_group_count"":10.0,""mixed_group_count_norm"":0.6666666666666666,""num_block_rows"":1,""num_factor_groups"":15.0,""partition_id"":""semantic_family_k2"",""partition_kind"":""semantic-family"",""score_v3_lex"":""4.90909090909;0.897727272727;0.529411764706;925b5ea1c3110e56"",""singleton_bridge_count"":9.0,""singleton_bridge_count_norm"":0.5294117647058824,""stable_factor_hash"":""925b5ea1c3110e56"",""target_mixed_weight"":66.0},{""factor_count"":17.0,""gadget_mixed_weight"":390.0,""gadget_mixed_weight_norm"":5.909090909090909,""mixed_auc_greedy"":948.0,""mixed_auc_greedy_norm"":0.8977272727272727,""mixed_auc_original"":1086.0,""mixed_auc_original_norm"":1.0284090909090908,""mixed_excess_norm"":4.909090909090909,""mixed_group_count"":10.0,""mixed_group_count_norm"":0.6666666666666666,""num_block_rows"":1,""num_factor_groups"":15.0,""partition_id"":""semantic_register_k2"",""partition_kind"":""semantic-register"",""score_v3_lex"":""4.90909090909;0.897727272727;0.529411764706;925b5ea1c3110e56"",""singleton_bridge_count"":9.0,""singleton_bridge_count_norm"":0.5294117647058824,""stable_factor_hash"":""925b5ea1c3110e56"",""target_mixed_weight"":66.0},{""factor_count"":17.0,""gadget_mixed_weight"":390.0,""gadget_mixed_weight_norm"":5.909090909090909,""mixed_auc_greedy"":948.0,""mixed_auc_greedy_norm"":0.8977272727272727,""mixed_auc_original"":1086.0,""mixed_auc_original_norm"":1.0284090909090908,""mixed_excess_norm"":4.909090909090909,""mixed_group_count"":10.0,""mixed_group_count_norm"":0.6666666666666666,""num_block_rows"":1,""num_factor_groups"":15.0,""partition_id"":""semantic_role_k2"",""partition_kind"":""semantic-role"",""score_v3_lex"":""4.90909090909;0.897727272727;0.529411764706;925b5ea1c3110e56"",""singleton_bridge_count"":9.0,""singleton_bridge_count_norm"":0.5294117647058824,""stable_factor_hash"":""925b5ea1c3110e56"",""target_mixed_weight"":66.0},{""factor_count"":17.0,""gadget_mixed_weight"":468.0,""gadget_mixed_weight_norm"":7.8,""mixed_auc_greedy"":936.0,""mixed_auc_greedy_norm"":0.975,""mixed_auc_original"":1314.0,""mixed_auc_original_norm"":1.36875,""mixed_excess_norm"":6.8,""mixed_group_count"":12.0,""mixed_group_count_norm"":0.8,""num_block_rows"":1,""num_factor_groups"":15.0,""partition_id"":""tensor_graph_spectral_k2"",""partition_kind"":""tensor-graph"",""score_v3_lex"":""6.8;0.975;0.647058823529;925b5ea1c3110e56"",""singleton_bridge_count"":11.0,""singleton_bridge_count_norm"":0.6470588235294118,""stable_factor_hash"":""925b5ea1c3110e56"",""target_mixed_weight"":60.0}]"
gf_2pow2_mult,gf_2pow2_mult:combo5,5,ok,ok,,ok,,phase-slack-v1,conservative,0.2,public_resynth_no_gadgets,gf_2pow2_mult_comp2,5,1,0,1,0.0,0,17,12,2.0952380952380953,ok,,1.8571428571428572,2.0952380952380953,0.9285714285714286,1.119047619047619,1.8571428571428572,1.0,2.0952380952380953,1.0,3.761904761904762,3.761904761904762,ok,,158,6,948,78,6,468,17,66,88,6,528,100,17,83,3,162,28,1,100,1.0,88,1.6363636363636365,148,6,888,142,88,6,528,72,10,73,0.5253164556962026,2.0454545454545454,1.0681818181818181,4.068181818181818,3.761904761904762,0.6071428571428571,1.5,3.4754098360655736,17,12,158,212,0.08018867924528301,0.4657534246575342,18,17,1.0,0.0,0.7058823529411765,results/public_resynth_tensor_v3_phase_slack_expanded/public_resynth_tensor_v3_phase_slack/gf_2pow2_mult/structural_combinations/combo5/assembled.qasm,ok,,semantic_role_k2,semantic-role,0.12,66.0,414.0,6.2727272727272725,5.2727272727272725,1044.0,0.8787878787878788,870.0,0.7323232323232324,13.0,0.7647058823529411,13.0,0.7647058823529411,17.0,17.0,5.27272727273;0.732323232323;0.764705882353;6a2d658945a03e52,6a2d658945a03e52,"[{""factor_count"":17.0,""gadget_mixed_weight"":456.0,""gadget_mixed_weight_norm"":7.6,""mixed_auc_greedy"":846.0,""mixed_auc_greedy_norm"":0.7833333333333333,""mixed_auc_original"":924.0,""mixed_auc_original_norm"":0.8555555555555555,""mixed_excess_norm"":6.6,""mixed_group_count"":14.0,""mixed_group_count_norm"":0.8235294117647058,""num_block_rows"":1,""num_factor_groups"":17.0,""partition_id"":""balanced_contiguous_k2"",""partition_kind"":""contiguous"",""score_v3_lex"":""6.6;0.783333333333;0.823529411765;6a2d658945a03e52"",""singleton_bridge_count"":14.0,""singleton_bridge_count_norm"":0.8235294117647058,""stable_factor_hash"":""6a2d658945a03e52"",""target_mixed_weight"":60.0},{""factor_count"":17.0,""gadget_mixed_weight"":414.0,""gadget_mixed_weight_norm"":6.2727272727272725,""mixed_auc_greedy"":870.0,""mixed_auc_greedy_norm"":0.7323232323232324,""mixed_auc_original"":1044.0,""mixed_auc_original_norm"":0.8787878787878788,""mixed_excess_norm"":5.2727272727272725,""mixed_group_count"":13.0,""mixed_group_count_norm"":0.7647058823529411,""num_block_rows"":1,""num_factor_groups"":17.0,""partition_id"":""semantic_family_k2"",""partition_kind"":""semantic-family"",""score_v3_lex"":""5.27272727273;0.732323232323;0.764705882353;6a2d658945a03e52"",""singleton_bridge_count"":13.0,""singleton_bridge_count_norm"":0.7647058823529411,""stable_factor_hash"":""6a2d658945a03e52"",""target_mixed_weight"":66.0},{""factor_count"":17.0,""gadget_mixed_weight"":414.0,""gadget_mixed_weight_norm"":6.2727272727272725,""mixed_auc_greedy"":870.0,""mixed_auc_greedy_norm"":0.7323232323232324,""mixed_auc_original"":1044.0,""mixed_auc_original_norm"":0.8787878787878788,""mixed_excess_norm"":5.2727272727272725,""mixed_group_count"":13.0,""mixed_group_count_norm"":0.7647058823529411,""num_block_rows"":1,""num_factor_groups"":17.0,""partition_id"":""semantic_register_k2"",""partition_kind"":""semantic-register"",""score_v3_lex"":""5.27272727273;0.732323232323;0.764705882353;6a2d658945a03e52"",""singleton_bridge_count"":13.0,""singleton_bridge_count_norm"":0.7647058823529411,""stable_factor_hash"":""6a2d658945a03e52"",""target_mixed_weight"":66.0},{""factor_count"":17.0,""gadget_mixed_weight"":414.0,""gadget_mixed_weight_norm"":6.2727272727272725,""mixed_auc_greedy"":870.0,""mixed_auc_greedy_norm"":0.7323232323232324,""mixed_auc_original"":1044.0,""mixed_auc_original_norm"":0.8787878787878788,""mixed_excess_norm"":5.2727272727272725,""mixed_group_count"":13.0,""mixed_group_count_norm"":0.7647058823529411,""num_block_rows"":1,""num_factor_groups"":17.0,""partition_id"":""semantic_role_k2"",""partition_kind"":""semantic-role"",""score_v3_lex"":""5.27272727273;0.732323232323;0.764705882353;6a2d658945a03e52"",""singleton_bridge_count"":13.0,""singleton_bridge_count_norm"":0.7647058823529411,""stable_factor_hash"":""6a2d658945a03e52"",""target_mixed_weight"":66.0},{""factor_count"":17.0,""gadget_mixed_weight"":456.0,""gadget_mixed_weight_norm"":7.6,""mixed_auc_greedy"":876.0,""mixed_auc_greedy_norm"":0.8111111111111111,""mixed_auc_original"":1032.0,""mixed_auc_original_norm"":0.9555555555555556,""mixed_excess_norm"":6.6,""mixed_group_count"":14.0,""mixed_group_count_norm"":0.8235294117647058,""num_block_rows"":1,""num_factor_groups"":17.0,""partition_id"":""tensor_graph_spectral_k2"",""partition_kind"":""tensor-graph"",""score_v3_lex"":""6.6;0.811111111111;0.823529411765;6a2d658945a03e52"",""singleton_bridge_count"":14.0,""singleton_bridge_count_norm"":0.8235294117647058,""stable_factor_hash"":""6a2d658945a03e52"",""target_mixed_weight"":60.0}]"
gf_2pow2_mult,gf_2pow2_mult:combo6,6,ok,ok,,ok,,phase-slack-v1,conservative,0.2,public_resynth_no_gadgets,gf_2pow2_mult_comp2,6,1,0,1,0.0,0,17,12,1.8095238095238095,ok,,1.5952380952380953,1.8095238095238095,0.6666666666666667,0.8333333333333334,1.5952380952380953,1.0,1.8095238095238095,1.0,3.5238095238095237,3.5238095238095237,ok,,148,6,888,67,6,402,17,58,76,6,456,91,17,74,4,146,26,1,91,1.0,76,1.6222222222222222,136,6,816,131,79,6,474,66,12,71,0.5608108108108109,1.8863636363636365,0.9090909090909092,4.045454545454546,3.5238095238095237,0.6071428571428571,1.5,3.3114754098360657,17,12,148,202,0.08415841584158416,0.4788732394366197,18,17,1.0,0.029411764705882353,0.7058823529411765,results/public_resynth_tensor_v3_phase_slack_expanded/public_resynth_tensor_v3_phase_slack/gf_2pow2_mult/structural_combinations/combo6/assembled.qasm,ok,,semantic_role_k2,semantic-role,0.12,66.0,318.0,4.818181818181818,3.8181818181818183,984.0,0.9318181818181818,630.0,0.5965909090909091,11.0,0.6470588235294118,11.0,0.7333333333333333,15.0,17.0,3.81818181818;0.596590909091;0.647058823529;dca579f0de09a4ec,dca579f0de09a4ec,"[{""factor_count"":17.0,""gadget_mixed_weight"":348.0,""gadget_mixed_weight_norm"":5.8,""mixed_auc_greedy"":876.0,""mixed_auc_greedy_norm"":0.9125,""mixed_auc_original"":1038.0,""mixed_auc_original_norm"":1.08125,""mixed_excess_norm"":4.8,""mixed_group_count"":11.0,""mixed_group_count_norm"":0.7333333333333333,""num_block_rows"":1,""num_factor_groups"":15.0,""partition_id"":""balanced_contiguous_k2"",""partition_kind"":""contiguous"",""score_v3_lex"":""4.8;0.9125;0.588235294118;dca579f0de09a4ec"",""singleton_bridge_count"":10.0,""singleton_bridge_count_norm"":0.5882352941176471,""stable_factor_hash"":""dca579f0de09a4ec"",""target_mixed_weight"":60.0},{""factor_count"":17.0,""gadget_mixed_weight"":318.0,""gadget_mixed_weight_norm"":4.818181818181818,""mixed_auc_greedy"":630.0,""mixed_auc_greedy_norm"":0.5965909090909091,""mixed_auc_original"":984.0,""mixed_auc_original_norm"":0.9318181818181818,""mixed_excess_norm"":3.8181818181818183,""mixed_group_count"":11.0,""mixed_group_count_norm"":0.7333333333333333,""num_block_rows"":1,""num_factor_groups"":15.0,""partition_id"":""semantic_family_k2"",""partition_kind"":""semantic-family"",""score_v3_lex"":""3.81818181818;0.596590909091;0.647058823529;dca579f0de09a4ec"",""singleton_bridge_count"":11.0,""singleton_bridge_count_norm"":0.6470588235294118,""stable_factor_hash"":""dca579f0de09a4ec"",""target_mixed_weight"":66.0},{""factor_count"":17.0,""gadget_mixed_weight"":318.0,""gadget_mixed_weight_norm"":4.818181818181818,""mixed_auc_greedy"":630.0,""mixed_auc_greedy_norm"":0.5965909090909091,""mixed_auc_original"":984.0,""mixed_auc_original_norm"":0.9318181818181818,""mixed_excess_norm"":3.8181818181818183,""mixed_group_count"":11.0,""mixed_group_count_norm"":0.7333333333333333,""num_block_rows"":1,""num_factor_groups"":15.0,""partition_id"":""semantic_register_k2"",""partition_kind"":""semantic-register"",""score_v3_lex"":""3.81818181818;0.596590909091;0.647058823529;dca579f0de09a4ec"",""singleton_bridge_count"":11.0,""singleton_bridge_count_norm"":0.6470588235294118,""stable_factor_hash"":""dca579f0de09a4ec"",""target_mixed_weight"":66.0},{""factor_count"":17.0,""gadget_mixed_weight"":318.0,""gadget_mixed_weight_norm"":4.818181818181818,""mixed_auc_greedy"":630.0,""mixed_auc_greedy_norm"":0.5965909090909091,""mixed_auc_original"":984.0,""mixed_auc_original_norm"":0.9318181818181818,""mixed_excess_norm"":3.8181818181818183,""mixed_group_count"":11.0,""mixed_group_count_norm"":0.7333333333333333,""num_block_rows"":1,""num_factor_groups"":15.0,""partition_id"":""semantic_role_k2"",""partition_kind"":""semantic-role"",""score_v3_lex"":""3.81818181818;0.596590909091;0.647058823529;dca579f0de09a4ec"",""singleton_bridge_count"":11.0,""singleton_bridge_count_norm"":0.6470588235294118,""stable_factor_hash"":""dca579f0de09a4ec"",""target_mixed_weight"":66.0},{""factor_count"":17.0,""gadget_mixed_weight"":348.0,""gadget_mixed_weight_norm"":5.8,""mixed_auc_greedy"":828.0,""mixed_auc_greedy_norm"":0.8625,""mixed_auc_original"":1032.0,""mixed_auc_original_norm"":1.075,""mixed_excess_norm"":4.8,""mixed_group_count"":11.0,""mixed_group_count_norm"":0.7333333333333333,""num_block_rows"":1,""num_factor_groups"":15.0,""partition_id"":""tensor_graph_spectral_k2"",""partition_kind"":""tensor-graph"",""score_v3_lex"":""4.8;0.8625;0.588235294118;dca579f0de09a4ec"",""singleton_bridge_count"":10.0,""singleton_bridge_count_norm"":0.5882352941176471,""stable_factor_hash"":""dca579f0de09a4ec"",""target_mixed_weight"":60.0}]"
gf_2pow2_mult,gf_2pow2_mult:combo7,7,ok,ok,,ok,,phase-slack-v1,conservative,0.2,public_resynth_no_gadgets,gf_2pow2_mult_comp2,7,1,0,1,0.0,0,17,12,1.6904761904761905,ok,,1.4523809523809523,1.6904761904761905,0.5238095238095237,0.7142857142857143,1.4523809523809523,1.0,1.6904761904761905,1.0,3.4523809523809526,3.4523809523809526,ok,,145,6,870,61,6,366,17,54,71,6,426,86,17,69,3,136,24,1,86,1.0,71,1.6,134,6,804,127,72,6,432,61,11,73,0.5793103448275863,1.7272727272727273,0.75,3.7954545454545454,3.4523809523809526,0.6071428571428571,1.5,3.19672131147541,17,12,145,195,0.08717948717948718,0.4885057471264368,18,17,1.0,0.029411764705882353,0.7058823529411765,results/public_resynth_tensor_v3_phase_slack_expanded/public_resynth_tensor_v3_phase_slack/gf_2pow2_mult/structural_combinations/combo7/assembled.qasm,ok,,semantic_role_k2,semantic-role,0.12,66.0,270.0,4.090909090909091,3.090909090909091,636.0,0.6022727272727273,252.0,0.23863636363636365,6.0,0.35294117647058826,7.0,0.4666666666666667,15.0,17.0,3.09090909091;0.238636363636;0.352941176471;3767bd4f612e7224,3767bd4f612e7224,"[{""factor_count"":17.0,""gadget_mixed_weight"":300.0,""gadget_mixed_weight_norm"":5.0,""mixed_auc_greedy"":762.0,""mixed_auc_greedy_norm"":0.79375,""mixed_auc_original"":762.0,""mixed_auc_original_norm"":0.79375,""mixed_excess_norm"":4.0,""mixed_group_count"":9.0,""mixed_group_count_norm"":0.6,""num_block_rows"":1,""num_factor_groups"":15.0,""partition_id"":""balanced_contiguous_k2"",""partition_kind"":""contiguous"",""score_v3_lex"":""4;0.79375;0.470588235294;3767bd4f612e7224"",""singleton_bridge_count"":8.0,""singleton_bridge_count_norm"":0.47058823529411764,""stable_factor_hash"":""3767bd4f612e7224"",""target_mixed_weight"":60.0},{""factor_count"":17.0,""gadget_mixed_weight"":270.0,""gadget_mixed_weight_norm"":4.090909090909091,""mixed_auc_greedy"":252.0,""mixed_auc_greedy_norm"":0.23863636363636365,""mixed_auc_original"":636.0,""mixed_auc_original_norm"":0.6022727272727273,""mixed_excess_norm"":3.090909090909091,""mixed_group_count"":7.0,""mixed_group_count_norm"":0.4666666666666667,""num_block_rows"":1,""num_factor_groups"":15.0,""partition_id"":""semantic_family_k2"",""partition_kind"":""semantic-family"",""score_v3_lex"":""3.09090909091;0.238636363636;0.352941176471;3767bd4f612e7224"",""singleton_bridge_count"":6.0,""singleton_bridge_count_norm"":0.35294117647058826,""stable_factor_hash"":""3767bd4f612e7224"",""target_mixed_weight"":66.0},{""factor_count"":17.0,""gadget_mixed_weight"":270.0,""gadget_mixed_weight_norm"":4.090909090909091,""mixed_auc_greedy"":252.0,""mixed_auc_greedy_norm"":0.23863636363636365,""mixed_auc_original"":636.0,""mixed_auc_original_norm"":0.6022727272727273,""mixed_excess_norm"":3.090909090909091,""mixed_group_count"":7.0,""mixed_group_count_norm"":0.4666666666666667,""num_block_rows"":1,""num_factor_groups"":15.0,""partition_id"":""semantic_register_k2"",""partition_kind"":""semantic-register"",""score_v3_lex"":""3.09090909091;0.238636363636;0.352941176471;3767bd4f612e7224"",""singleton_bridge_count"":6.0,""singleton_bridge_count_norm"":0.35294117647058826,""stable_factor_hash"":""3767bd4f612e7224"",""target_mixed_weight"":66.0},{""factor_count"":17.0,""gadget_mixed_weight"":270.0,""gadget_mixed_weight_norm"":4.090909090909091,""mixed_auc_greedy"":252.0,""mixed_auc_greedy_norm"":0.23863636363636365,""mixed_auc_original"":636.0,""mixed_auc_original_norm"":0.6022727272727273,""mixed_excess_norm"":3.090909090909091,""mixed_group_count"":7.0,""mixed_group_count_norm"":0.4666666666666667,""num_block_rows"":1,""num_factor_groups"":15.0,""partition_id"":""semantic_role_k2"",""partition_kind"":""semantic-role"",""score_v3_lex"":""3.09090909091;0.238636363636;0.352941176471;3767bd4f612e7224"",""singleton_bridge_count"":6.0,""singleton_bridge_count_norm"":0.35294117647058826,""stable_factor_hash"":""3767bd4f612e7224"",""target_mixed_weight"":66.0},{""factor_count"":17.0,""gadget_mixed_weight"":324.0,""gadget_mixed_weight_norm"":5.4,""mixed_auc_greedy"":840.0,""mixed_auc_greedy_norm"":0.875,""mixed_auc_original"":738.0,""mixed_auc_original_norm"":0.76875,""mixed_excess_norm"":4.4,""mixed_group_count"":10.0,""mixed_group_count_norm"":0.6666666666666666,""num_block_rows"":1,""num_factor_groups"":15.0,""partition_id"":""tensor_graph_spectral_k2"",""partition_kind"":""tensor-graph"",""score_v3_lex"":""4.4;0.875;0.529411764706;3767bd4f612e7224"",""singleton_bridge_count"":9.0,""singleton_bridge_count_norm"":0.5294117647058824,""stable_factor_hash"":""3767bd4f612e7224"",""target_mixed_weight"":60.0}]"
gf_2pow2_mult,gf_2pow2_mult:combo8,8,ok,ok,,ok,,phase-slack-v1,conservative,0.2,public_resynth_no_gadgets,gf_2pow2_mult_comp2,8,1,0,1,0.0,0,17,6,3.261904761904762,ok,,1.7857142857142858,3.261904761904762,0.8571428571428572,2.2857142857142856,1.7857142857142858,1.0,3.261904761904762,1.0,3.7142857142857144,3.7142857142857144,ok,,156,6,936,75,6,450,17,62,137,6,822,156,17,139,13,256,42,1,156,1.0,137,1.6516129032258065,145,6,870,132,86,6,516,69,11,70,0.5192307692307693,2.022727272727273,1.0454545454545456,3.9545454545454546,3.7142857142857144,0.6071428571428571,0.75,3.1147540983606556,17,6,156,190,0.08947368421052632,0.4956268221574344,18,17,1.0,0.0,0.35294117647058826,results/public_resynth_tensor_v3_phase_slack_expanded/public_resynth_tensor_v3_phase_slack/gf_2pow2_mult/structural_combinations/combo8/assembled.qasm,ok,,semantic_role_k2,semantic-role,0.12,66.0,366.0,5.545454545454546,4.545454545454546,738.0,0.6988636363636364,702.0,0.6647727272727273,11.0,0.6470588235294118,12.0,0.8,15.0,17.0,4.54545454545;0.664772727273;0.647058823529;27610115cab3e564,27610115cab3e564,"[{""factor_count"":17.0,""gadget_mixed_weight"":360.0,""gadget_mixed_weight_norm"":6.0,""mixed_auc_greedy"":612.0,""mixed_auc_greedy_norm"":0.6375,""mixed_auc_original"":744.0,""mixed_auc_original_norm"":0.775,""mixed_excess_norm"":5.0,""mixed_group_count"":13.0,""mixed_group_count_norm"":0.8666666666666667,""num_block_rows"":1,""num_factor_groups"":15.0,""partition_id"":""balanced_contiguous_k2"",""partition_kind"":""contiguous"",""score_v3_lex"":""5;0.6375;0.705882352941;27610115cab3e564"",""singleton_bridge_count"":12.0,""singleton_bridge_count_norm"":0.7058823529411765,""stable_factor_hash"":""27610115cab3e564"",""target_mixed_weight"":60.0},{""factor_count"":17.0,""gadget_mixed_weight"":366.0,""gadget_mixed_weight_norm"":5.545454545454546,""mixed_auc_greedy"":702.0,""mixed_auc_greedy_norm"":0.6647727272727273,""mixed_auc_original"":738.0,""mixed_auc_original_norm"":0.6988636363636364,""mixed_excess_norm"":4.545454545454546,""mixed_group_count"":12.0,""mixed_group_count_norm"":0.8,""num_block_rows"":1,""num_factor_groups"":15.0,""partition_id"":""semantic_family_k2"",""partition_kind"":""semantic-family"",""score_v3_lex"":""4.54545454545;0.664772727273;0.647058823529;27610115cab3e564"",""singleton_bridge_count"":11.0,""singleton_bridge_count_norm"":0.6470588235294118,""stable_factor_hash"":""27610115cab3e564"",""target_mixed_weight"":66.0},{""factor_count"":17.0,""gadget_mixed_weight"":366.0,""gadget_mixed_weight_norm"":5.545454545454546,""mixed_auc_greedy"":702.0,""mixed_auc_greedy_norm"":0.6647727272727273,""mixed_auc_original"":738.0,""mixed_auc_original_norm"":0.6988636363636364,""mixed_excess_norm"":4.545454545454546,""mixed_group_count"":12.0,""mixed_group_count_norm"":0.8,""num_block_rows"":1,""num_factor_groups"":15.0,""partition_id"":""semantic_register_k2"",""partition_kind"":""semantic-register"",""score_v3_lex"":""4.54545454545;0.664772727273;0.647058823529;27610115cab3e564"",""singleton_bridge_count"":11.0,""singleton_bridge_count_norm"":0.6470588235294118,""stable_factor_hash"":""27610115cab3e564"",""target_mixed_weight"":66.0},{""factor_count"":17.0,""gadget_mixed_weight"":366.0,""gadget_mixed_weight_norm"":5.545454545454546,""mixed_auc_greedy"":702.0,""mixed_auc_greedy_norm"":0.6647727272727273,""mixed_auc_original"":738.0,""mixed_auc_original_norm"":0.6988636363636364,""mixed_excess_norm"":4.545454545454546,""mixed_group_count"":12.0,""mixed_group_count_norm"":0.8,""num_block_rows"":1,""num_factor_groups"":15.0,""partition_id"":""semantic_role_k2"",""partition_kind"":""semantic-role"",""score_v3_lex"":""4.54545454545;0.664772727273;0.647058823529;27610115cab3e564"",""singleton_bridge_count"":11.0,""singleton_bridge_count_norm"":0.6470588235294118,""stable_factor_hash"":""27610115cab3e564"",""target_mixed_weight"":66.0},{""factor_count"":17.0,""gadget_mixed_weight"":408.0,""gadget_mixed_weight_norm"":6.8,""mixed_auc_greedy"":660.0,""mixed_auc_greedy_norm"":0.6875,""mixed_auc_original"":840.0,""mixed_auc_original_norm"":0.875,""mixed_excess_norm"":5.8,""mixed_group_count"":13.0,""mixed_group_count_norm"":0.8666666666666667,""num_block_rows"":1,""num_factor_groups"":15.0,""partition_id"":""tensor_graph_spectral_k2"",""partition_kind"":""tensor-graph"",""score_v3_lex"":""5.8;0.6875;0.705882352941;27610115cab3e564"",""singleton_bridge_count"":12.0,""singleton_bridge_count_norm"":0.7058823529411765,""stable_factor_hash"":""27610115cab3e564"",""target_mixed_weight"":60.0}]"
gf_2pow2_mult,gf_2pow2_mult:combo9,9,ok,ok,,ok,,phase-slack-v1,conservative,0.2,public_resynth_gadgets,gf_2pow2_mult_comp2,0,1,1,0,1.0,1,21,8,2.9285714285714284,ok,,1.4761904761904763,2.9285714285714284,0.5476190476190477,1.952380952380952,1.4761904761904763,1.0,2.9285714285714284,1.0,3.857142857142857,3.857142857142857,ok,,162,6,972,62,6,372,21,40,123,6,738,168,21,122,16,249,54,1,168,1.0,123,1.4910179640718564,147,6,882,122,77,6,462,51,15,85,0.6172839506172839,1.9090909090909092,0.9318181818181819,4.363636363636363,3.857142857142857,0.75,1.0,3.9344262295081966,21,8,162,240,0.0875,0.48951048951048953,16,15,1.4,0.3,0.38095238095238093,results/public_resynth_tensor_v3_phase_slack_expanded/public_resynth_tensor_v3_phase_slack/gf_2pow2_mult/structural_combinations/combo9/assembled.qasm,ok,,semantic_role_k2,semantic-role,0.12,66.0,78.0,1.1818181818181819,0.18181818181818182,102.0,0.38636363636363635,102.0,0.38636363636363635,0.0,0.0,3.0,1.0,3.0,21.0,0.181818181818;0.386363636364;0;fb19035ff8313f18,fb19035ff8313f18,"[{""factor_count"":21.0,""gadget_mixed_weight"":72.0,""gadget_mixed_weight_norm"":1.2,""mixed_auc_greedy"":96.0,""mixed_auc_greedy_norm"":0.4,""mixed_auc_original"":96.0,""mixed_auc_original_norm"":0.4,""mixed_excess_norm"":0.2,""mixed_group_count"":3.0,""mixed_group_count_norm"":1.0,""num_block_rows"":1,""num_factor_groups"":3.0,""partition_id"":""balanced_contiguous_k2"",""partition_kind"":""contiguous"",""score_v3_lex"":""0.2;0.4;0;fb19035ff8313f18"",""singleton_bridge_count"":0.0,""singleton_bridge_count_norm"":0.0,""stable_factor_hash"":""fb19035ff8313f18"",""target_mixed_weight"":60.0},{""factor_count"":21.0,""gadget_mixed_weight"":78.0,""gadget_mixed_weight_norm"":1.1818181818181819,""mixed_auc_greedy"":102.0,""mixed_auc_greedy_norm"":0.38636363636363635,""mixed_auc_original"":102.0,""mixed_auc_original_norm"":0.38636363636363635,""mixed_excess_norm"":0.18181818181818182,""mixed_group_count"":3.0,""mixed_group_count_norm"":1.0,""num_block_rows"":1,""num_factor_groups"":3.0,""partition_id"":""semantic_family_k2"",""partition_kind"":""semantic-family"",""score_v3_lex"":""0.181818181818;0.386363636364;0;fb19035ff8313f18"",""singleton_bridge_count"":0.0,""singleton_bridge_count_norm"":0.0,""stable_factor_hash"":""fb19035ff8313f18"",""target_mixed_weight"":66.0},{""factor_count"":21.0,""gadget_mixed_weight"":78.0,""gadget_mixed_weight_norm"":1.1818181818181819,""mixed_auc_greedy"":102.0,""mixed_auc_greedy_norm"":0.38636363636363635,""mixed_auc_original"":102.0,""mixed_auc_original_norm"":0.38636363636363635,""mixed_excess_norm"":0.18181818181818182,""mixed_group_count"":3.0,""mixed_group_count_norm"":1.0,""num_block_rows"":1,""num_factor_groups"":3.0,""partition_id"":""semantic_register_k2"",""partition_kind"":""semantic-register"",""score_v3_lex"":""0.181818181818;0.386363636364;0;fb19035ff8313f18"",""singleton_bridge_count"":0.0,""singleton_bridge_count_norm"":0.0,""stable_factor_hash"":""fb19035ff8313f18"",""target_mixed_weight"":66.0},{""factor_count"":21.0,""gadget_mixed_weight"":78.0,""gadget_mixed_weight_norm"":1.1818181818181819,""mixed_auc_greedy"":102.0,""mixed_auc_greedy_norm"":0.38636363636363635,""mixed_auc_original"":102.0,""mixed_auc_original_norm"":0.38636363636363635,""mixed_excess_norm"":0.18181818181818182,""mixed_group_count"":3.0,""mixed_group_count_norm"":1.0,""num_block_rows"":1,""num_factor_groups"":3.0,""partition_id"":""semantic_role_k2"",""partition_kind"":""semantic-role"",""score_v3_lex"":""0.181818181818;0.386363636364;0;fb19035ff8313f18"",""singleton_bridge_count"":0.0,""singleton_bridge_count_norm"":0.0,""stable_factor_hash"":""fb19035ff8313f18"",""target_mixed_weight"":66.0},{""factor_count"":21.0,""gadget_mixed_weight"":72.0,""gadget_mixed_weight_norm"":1.2,""mixed_auc_greedy"":96.0,""mixed_auc_greedy_norm"":0.4,""mixed_auc_original"":96.0,""mixed_auc_original_norm"":0.4,""mixed_excess_norm"":0.2,""mixed_group_count"":3.0,""mixed_group_count_norm"":1.0,""num_block_rows"":1,""num_factor_groups"":3.0,""partition_id"":""tensor_graph_spectral_k2"",""partition_kind"":""tensor-graph"",""score_v3_lex"":""0.2;0.4;0;fb19035ff8313f18"",""singleton_bridge_count"":0.0,""singleton_bridge_count_norm"":0.0,""stable_factor_hash"":""fb19035ff8313f18"",""target_mixed_weight"":60.0}]"
gf_2pow2_mult,gf_2pow2_mult:combo10,10,ok,ok,,ok,,phase-slack-v1,conservative,0.2,public_resynth_gadgets,gf_2pow2_mult_comp2,1,1,1,0,1.0,1,21,5,1.8333333333333333,ok,,1.4285714285714286,1.8333333333333333,0.5,0.8571428571428571,1.4285714285714286,1.0,1.8333333333333333,1.0,3.761904761904762,3.761904761904762,ok,,158,6,948,60,6,360,21,40,77,6,462,113,21,66,5,152,42,1,113,1.0,77,1.3571428571428572,144,6,864,123,74,6,444,49,14,84,0.620253164556962,1.9318181818181819,0.9545454545454546,4.409090909090909,3.761904761904762,0.75,0.625,3.9672131147540983,21,5,158,242,0.08677685950413223,0.4872389791183295,16,15,1.4,0.3,0.23809523809523808,results/public_resynth_tensor_v3_phase_slack_expanded/public_resynth_tensor_v3_phase_slack/gf_2pow2_mult/structural_combinations/combo10/assembled.qasm,ok,,semantic_role_k2,semantic-role,0.12,66.0,78.0,1.1818181818181819,0.18181818181818182,132.0,0.5,132.0,0.5,0.0,0.0,3.0,1.0,3.0,21.0,0.181818181818;0.5;0;a5875d8ecba70675,a5875d8ecba70675,"[{""factor_count"":21.0,""gadget_mixed_weight"":72.0,""gadget_mixed_weight_norm"":1.2,""mixed_auc_greedy"":120.0,""mixed_auc_greedy_norm"":0.5,""mixed_auc_original"":126.0,""mixed_auc_original_norm"":0.525,""mixed_excess_norm"":0.2,""mixed_group_count"":3.0,""mixed_group_count_norm"":1.0,""num_block_rows"":1,""num_factor_groups"":3.0,""partition_id"":""balanced_contiguous_k2"",""partition_kind"":""contiguous"",""score_v3_lex"":""0.2;0.5;0;a5875d8ecba70675"",""singleton_bridge_count"":0.0,""singleton_bridge_count_norm"":0.0,""stable_factor_hash"":""a5875d8ecba70675"",""target_mixed_weight"":60.0},{""factor_count"":21.0,""gadget_mixed_weight"":78.0,""gadget_mixed_weight_norm"":1.1818181818181819,""mixed_auc_greedy"":132.0,""mixed_auc_greedy_norm"":0.5,""mixed_auc_original"":132.0,""mixed_auc_original_norm"":0.5,""mixed_excess_norm"":0.18181818181818182,""mixed_group_count"":3.0,""mixed_group_count_norm"":1.0,""num_block_rows"":1,""num_factor_groups"":3.0,""partition_id"":""semantic_family_k2"",""partition_kind"":""semantic-family"",""score_v3_lex"":""0.181818181818;0.5;0;a5875d8ecba70675"",""singleton_bridge_count"":0.0,""singleton_bridge_count_norm"":0.0,""stable_factor_hash"":""a5875d8ecba70675"",""target_mixed_weight"":66.0},{""factor_count"":21.0,""gadget_mixed_weight"":78.0,""gadget_mixed_weight_norm"":1.1818181818181819,""mixed_auc_greedy"":132.0,""mixed_auc_greedy_norm"":0.5,""mixed_auc_original"":132.0,""mixed_auc_original_norm"":0.5,""mixed_excess_norm"":0.18181818181818182,""mixed_group_count"":3.0,""mixed_group_count_norm"":1.0,""num_block_rows"":1,""num_factor_groups"":3.0,""partition_id"":""semantic_register_k2"",""partition_kind"":""semantic-register"",""score_v3_lex"":""0.181818181818;0.5;0;a5875d8ecba70675"",""singleton_bridge_count"":0.0,""singleton_bridge_count_norm"":0.0,""stable_factor_hash"":""a5875d8ecba70675"",""target_mixed_weight"":66.0},{""factor_count"":21.0,""gadget_mixed_weight"":78.0,""gadget_mixed_weight_norm"":1.1818181818181819,""mixed_auc_greedy"":132.0,""mixed_auc_greedy_norm"":0.5,""mixed_auc_original"":132.0,""mixed_auc_original_norm"":0.5,""mixed_excess_norm"":0.18181818181818182,""mixed_group_count"":3.0,""mixed_group_count_norm"":1.0,""num_block_rows"":1,""num_factor_groups"":3.0,""partition_id"":""semantic_role_k2"",""partition_kind"":""semantic-role"",""score_v3_lex"":""0.181818181818;0.5;0;a5875d8ecba70675"",""singleton_bridge_count"":0.0,""singleton_bridge_count_norm"":0.0,""stable_factor_hash"":""a5875d8ecba70675"",""target_mixed_weight"":66.0},{""factor_count"":21.0,""gadget_mixed_weight"":72.0,""gadget_mixed_weight_norm"":1.2,""mixed_auc_greedy"":120.0,""mixed_auc_greedy_norm"":0.5,""mixed_auc_original"":120.0,""mixed_auc_original_norm"":0.5,""mixed_excess_norm"":0.2,""mixed_group_count"":3.0,""mixed_group_count_norm"":1.0,""num_block_rows"":1,""num_factor_groups"":3.0,""partition_id"":""tensor_graph_spectral_k2"",""partition_kind"":""tensor-graph"",""score_v3_lex"":""0.2;0.5;0;a5875d8ecba70675"",""singleton_bridge_count"":0.0,""singleton_bridge_count_norm"":0.0,""stable_factor_hash"":""a5875d8ecba70675"",""target_mixed_weight"":60.0}]"
gf_2pow2_mult,gf_2pow2_mult:combo11,11,ok,ok,,ok,,phase-slack-v1,conservative,0.2,public_resynth_gadgets,gf_2pow2_mult_comp2,2,1,1,0,1.0,1,21,6,1.5,ok,,1.2619047619047619,1.5,0.33333333333333326,0.5238095238095238,1.2619047619047619,1.0,1.5,1.0,3.5,3.5,ok,,147,6,882,53,6,318,21,33,63,6,378,93,21,48,4,129,20,1,93,1.0,63,1.4021739130434783,132,6,792,110,68,6,408,44,15,79,0.6394557823129252,1.7272727272727273,0.75,4.045454545454546,3.5,0.75,0.75,3.6885245901639343,21,6,147,225,0.09333333333333334,0.5072463768115942,16,15,1.4,0.3,0.2857142857142857,results/public_resynth_tensor_v3_phase_slack_expanded/public_resynth_tensor_v3_phase_slack/gf_2pow2_mult/structural_combinations/combo11/assembled.qasm,ok,,semantic_role_k2,semantic-role,0.12,66.0,78.0,1.1818181818181819,0.18181818181818182,90.0,0.3409090909090909,90.0,0.3409090909090909,0.0,0.0,3.0,1.0,3.0,21.0,0.181818181818;0.340909090909;0;3cecfa9bb3eec7e8,3cecfa9bb3eec7e8,"[{""factor_count"":21.0,""gadget_mixed_weight"":72.0,""gadget_mixed_weight_norm"":1.2,""mixed_auc_greedy"":84.0,""mixed_auc_greedy_norm"":0.35,""mixed_auc_original"":84.0,""mixed_auc_original_norm"":0.35,""mixed_excess_norm"":0.2,""mixed_group_count"":3.0,""mixed_group_count_norm"":1.0,""num_block_rows"":1,""num_factor_groups"":3.0,""partition_id"":""balanced_contiguous_k2"",""partition_kind"":""contiguous"",""score_v3_lex"":""0.2;0.35;0;3cecfa9bb3eec7e8"",""singleton_bridge_count"":0.0,""singleton_bridge_count_norm"":0.0,""stable_factor_hash"":""3cecfa9bb3eec7e8"",""target_mixed_weight"":60.0},{""factor_count"":21.0,""gadget_mixed_weight"":78.0,""gadget_mixed_weight_norm"":1.1818181818181819,""mixed_auc_greedy"":90.0,""mixed_auc_greedy_norm"":0.3409090909090909,""mixed_auc_original"":90.0,""mixed_auc_original_norm"":0.3409090909090909,""mixed_excess_norm"":0.18181818181818182,""mixed_group_count"":3.0,""mixed_group_count_norm"":1.0,""num_block_rows"":1,""num_factor_groups"":3.0,""partition_id"":""semantic_family_k2"",""partition_kind"":""semantic-family"",""score_v3_lex"":""0.181818181818;0.340909090909;0;3cecfa9bb3eec7e8"",""singleton_bridge_count"":0.0,""singleton_bridge_count_norm"":0.0,""stable_factor_hash"":""3cecfa9bb3eec7e8"",""target_mixed_weight"":66.0},{""factor_count"":21.0,""gadget_mixed_weight"":78.0,""gadget_mixed_weight_norm"":1.1818181818181819,""mixed_auc_greedy"":90.0,""mixed_auc_greedy_norm"":0.3409090909090909,""mixed_auc_original"":90.0,""mixed_auc_original_norm"":0.3409090909090909,""mixed_excess_norm"":0.18181818181818182,""mixed_group_count"":3.0,""mixed_group_count_norm"":1.0,""num_block_rows"":1,""num_factor_groups"":3.0,""partition_id"":""semantic_register_k2"",""partition_kind"":""semantic-register"",""score_v3_lex"":""0.181818181818;0.340909090909;0;3cecfa9bb3eec7e8"",""singleton_bridge_count"":0.0,""singleton_bridge_count_norm"":0.0,""stable_factor_hash"":""3cecfa9bb3eec7e8"",""target_mixed_weight"":66.0},{""factor_count"":21.0,""gadget_mixed_weight"":78.0,""gadget_mixed_weight_norm"":1.1818181818181819,""mixed_auc_greedy"":90.0,""mixed_auc_greedy_norm"":0.3409090909090909,""mixed_auc_original"":90.0,""mixed_auc_original_norm"":0.3409090909090909,""mixed_excess_norm"":0.18181818181818182,""mixed_group_count"":3.0,""mixed_group_count_norm"":1.0,""num_block_rows"":1,""num_factor_groups"":3.0,""partition_id"":""semantic_role_k2"",""partition_kind"":""semantic-role"",""score_v3_lex"":""0.181818181818;0.340909090909;0;3cecfa9bb3eec7e8"",""singleton_bridge_count"":0.0,""singleton_bridge_count_norm"":0.0,""stable_factor_hash"":""3cecfa9bb3eec7e8"",""target_mixed_weight"":66.0},{""factor_count"":21.0,""gadget_mixed_weight"":72.0,""gadget_mixed_weight_norm"":1.2,""mixed_auc_greedy"":84.0,""mixed_auc_greedy_norm"":0.35,""mixed_auc_original"":84.0,""mixed_auc_original_norm"":0.35,""mixed_excess_norm"":0.2,""mixed_group_count"":3.0,""mixed_group_count_norm"":1.0,""num_block_rows"":1,""num_factor_groups"":3.0,""partition_id"":""tensor_graph_spectral_k2"",""partition_kind"":""tensor-graph"",""score_v3_lex"":""0.2;0.35;0;3cecfa9bb3eec7e8"",""singleton_bridge_count"":0.0,""singleton_bridge_count_norm"":0.0,""stable_factor_hash"":""3cecfa9bb3eec7e8"",""target_mixed_weight"":60.0}]"
gf_2pow2_mult,gf_2pow2_mult:combo12,12,ok,ok,,ok,,phase-slack-v1,conservative,0.2,public_resynth_gadgets,gf_2pow2_mult_comp2,3,1,1,0,1.0,1,21,6,3.0952380952380953,ok,,1.4047619047619047,3.0952380952380953,0.47619047619047605,2.119047619047619,1.4047619047619047,1.0,3.0952380952380953,1.0,3.7857142857142856,3.7857142857142856,ok,,159,6,954,59,6,354,21,41,130,6,780,182,21,135,17,265,76,1,182,1.0,130,1.4640883977900552,143,6,858,124,75,6,450,53,16,84,0.6289308176100629,2.0,1.0227272727272727,4.431818181818182,3.7857142857142856,0.75,0.75,4.098360655737705,21,6,159,250,0.084,0.4783599088838269,16,15,1.4,0.3,0.2857142857142857,results/public_resynth_tensor_v3_phase_slack_expanded/public_resynth_tensor_v3_phase_slack/gf_2pow2_mult/structural_combinations/combo12/assembled.qasm,ok,,semantic_role_k2,semantic-role,0.12,66.0,102.0,1.5454545454545454,0.5454545454545454,108.0,0.4090909090909091,108.0,0.4090909090909091,0.0,0.0,3.0,1.0,3.0,21.0,0.545454545455;0.409090909091;0;a3371871fb71e871,a3371871fb71e871,"[{""factor_count"":21.0,""gadget_mixed_weight"":120.0,""gadget_mixed_weight_norm"":2.0,""mixed_auc_greedy"":114.0,""mixed_auc_greedy_norm"":0.475,""mixed_auc_original"":114.0,""mixed_auc_original_norm"":0.475,""mixed_excess_norm"":1.0,""mixed_group_count"":3.0,""mixed_group_count_norm"":1.0,""num_block_rows"":1,""num_factor_groups"":3.0,""partition_id"":""balanced_contiguous_k2"",""partition_kind"":""contiguous"",""score_v3_lex"":""1;0.475;0;a3371871fb71e871"",""singleton_bridge_count"":0.0,""singleton_bridge_count_norm"":0.0,""stable_factor_hash"":""a3371871fb71e871"",""target_mixed_weight"":60.0},{""factor_count"":21.0,""gadget_mixed_weight"":102.0,""gadget_mixed_weight_norm"":1.5454545454545454,""mixed_auc_greedy"":108.0,""mixed_auc_greedy_norm"":0.4090909090909091,""mixed_auc_original"":108.0,""mixed_auc_original_norm"":0.4090909090909091,""mixed_excess_norm"":0.5454545454545454,""mixed_group_count"":3.0,""mixed_group_count_norm"":1.0,""num_block_rows"":1,""num_factor_groups"":3.0,""partition_id"":""semantic_family_k2"",""partition_kind"":""semantic-family"",""score_v3_lex"":""0.545454545455;0.409090909091;0;a3371871fb71e871"",""singleton_bridge_count"":0.0,""singleton_bridge_count_norm"":0.0,""stable_factor_hash"":""a3371871fb71e871"",""target_mixed_weight"":66.0},{""factor_count"":21.0,""gadget_mixed_weight"":102.0,""gadget_mixed_weight_norm"":1.5454545454545454,""mixed_auc_greedy"":108.0,""mixed_auc_greedy_norm"":0.4090909090909091,""mixed_auc_original"":108.0,""mixed_auc_original_norm"":0.4090909090909091,""mixed_excess_norm"":0.5454545454545454,""mixed_group_count"":3.0,""mixed_group_count_norm"":1.0,""num_block_rows"":1,""num_factor_groups"":3.0,""partition_id"":""semantic_register_k2"",""partition_kind"":""semantic-register"",""score_v3_lex"":""0.545454545455;0.409090909091;0;a3371871fb71e871"",""singleton_bridge_count"":0.0,""singleton_bridge_count_norm"":0.0,""stable_factor_hash"":""a3371871fb71e871"",""target_mixed_weight"":66.0},{""factor_count"":21.0,""gadget_mixed_weight"":102.0,""gadget_mixed_weight_norm"":1.5454545454545454,""mixed_auc_greedy"":108.0,""mixed_auc_greedy_norm"":0.4090909090909091,""mixed_auc_original"":108.0,""mixed_auc_original_norm"":0.4090909090909091,""mixed_excess_norm"":0.5454545454545454,""mixed_group_count"":3.0,""mixed_group_count_norm"":1.0,""num_block_rows"":1,""num_factor_groups"":3.0,""partition_id"":""semantic_role_k2"",""partition_kind"":""semantic-role"",""score_v3_lex"":""0.545454545455;0.409090909091;0;a3371871fb71e871"",""singleton_bridge_count"":0.0,""singleton_bridge_count_norm"":0.0,""stable_factor_hash"":""a3371871fb71e871"",""target_mixed_weight"":66.0},{""factor_count"":21.0,""gadget_mixed_weight"":132.0,""gadget_mixed_weight_norm"":2.2,""mixed_auc_greedy"":120.0,""mixed_auc_greedy_norm"":0.5,""mixed_auc_original"":120.0,""mixed_auc_original_norm"":0.5,""mixed_excess_norm"":1.2,""mixed_group_count"":3.0,""mixed_group_count_norm"":1.0,""num_block_rows"":1,""num_factor_groups"":3.0,""partition_id"":""tensor_graph_spectral_k2"",""partition_kind"":""tensor-graph"",""score_v3_lex"":""1.2;0.5;0;a3371871fb71e871"",""singleton_bridge_count"":0.0,""singleton_bridge_count_norm"":0.0,""stable_factor_hash"":""a3371871fb71e871"",""target_mixed_weight"":60.0}]"
gf_2pow2_mult,gf_2pow2_mult:combo13,13,ok,ok,,ok,,phase-slack-v1,conservative,0.2,public_resynth_gadgets,gf_2pow2_mult_comp2,4,1,1,0,1.0,1,21,10,2.238095238095238,ok,,1.619047619047619,2.238095238095238,0.6904761904761905,1.2619047619047619,1.619047619047619,1.0,2.238095238095238,1.0,4.214285714285714,4.214285714285714,ok,,177,6,1062,68,6,408,21,47,94,6,564,126,21,79,6,179,40,1,126,1.0,94,1.432,160,6,960,132,85,6,510,60,17,92,0.615819209039548,2.159090909090909,1.1818181818181819,4.704545454545454,4.214285714285714,0.75,1.25,4.163934426229508,21,10,177,254,0.08267716535433071,0.47404063205417607,16,15,1.4,0.3,0.47619047619047616,results/public_resynth_tensor_v3_phase_slack_expanded/public_resynth_tensor_v3_phase_slack/gf_2pow2_mult/structural_combinations/combo13/assembled.qasm,ok,,semantic_role_k2,semantic-role,0.12,66.0,114.0,1.7272727272727273,0.7272727272727273,114.0,0.4318181818181818,114.0,0.4318181818181818,0.0,0.0,3.0,1.0,3.0,21.0,0.727272727273;0.431818181818;0;283fce4290aac424,283fce4290aac424,"[{""factor_count"":21.0,""gadget_mixed_weight"":132.0,""gadget_mixed_weight_norm"":2.2,""mixed_auc_greedy"":114.0,""mixed_auc_greedy_norm"":0.475,""mixed_auc_original"":114.0,""mixed_auc_original_norm"":0.475,""mixed_excess_norm"":1.2,""mixed_group_count"":3.0,""mixed_group_count_norm"":1.0,""num_block_rows"":1,""num_factor_groups"":3.0,""partition_id"":""balanced_contiguous_k2"",""partition_kind"":""contiguous"",""score_v3_lex"":""1.2;0.475;0;283fce4290aac424"",""singleton_bridge_count"":0.0,""singleton_bridge_count_norm"":0.0,""stable_factor_hash"":""283fce4290aac424"",""target_mixed_weight"":60.0},{""factor_count"":21.0,""gadget_mixed_weight"":114.0,""gadget_mixed_weight_norm"":1.7272727272727273,""mixed_auc_greedy"":114.0,""mixed_auc_greedy_norm"":0.4318181818181818,""mixed_auc_original"":114.0,""mixed_auc_original_norm"":0.4318181818181818,""mixed_excess_norm"":0.7272727272727273,""mixed_group_count"":3.0,""mixed_group_count_norm"":1.0,""num_block_rows"":1,""num_factor_groups"":3.0,""partition_id"":""semantic_family_k2"",""partition_kind"":""semantic-family"",""score_v3_lex"":""0.727272727273;0.431818181818;0;283fce4290aac424"",""singleton_bridge_count"":0.0,""singleton_bridge_count_norm"":0.0,""stable_factor_hash"":""283fce4290aac424"",""target_mixed_weight"":66.0},{""factor_count"":21.0,""gadget_mixed_weight"":114.0,""gadget_mixed_weight_norm"":1.7272727272727273,""mixed_auc_greedy"":114.0,""mixed_auc_greedy_norm"":0.4318181818181818,""mixed_auc_original"":114.0,""mixed_auc_original_norm"":0.4318181818181818,""mixed_excess_norm"":0.7272727272727273,""mixed_group_count"":3.0,""mixed_group_count_norm"":1.0,""num_block_rows"":1,""num_factor_groups"":3.0,""partition_id"":""semantic_register_k2"",""partition_kind"":""semantic-register"",""score_v3_lex"":""0.727272727273;0.431818181818;0;283fce4290aac424"",""singleton_bridge_count"":0.0,""singleton_bridge_count_norm"":0.0,""stable_factor_hash"":""283fce4290aac424"",""target_mixed_weight"":66.0},{""factor_count"":21.0,""gadget_mixed_weight"":114.0,""gadget_mixed_weight_norm"":1.7272727272727273,""mixed_auc_greedy"":114.0,""mixed_auc_greedy_norm"":0.4318181818181818,""mixed_auc_original"":114.0,""mixed_auc_original_norm"":0.4318181818181818,""mixed_excess_norm"":0.7272727272727273,""mixed_group_count"":3.0,""mixed_group_count_norm"":1.0,""num_block_rows"":1,""num_factor_groups"":3.0,""partition_id"":""semantic_role_k2"",""partition_kind"":""semantic-role"",""score_v3_lex"":""0.727272727273;0.431818181818;0;283fce4290aac424"",""singleton_bridge_count"":0.0,""singleton_bridge_count_norm"":0.0,""stable_factor_hash"":""283fce4290aac424"",""target_mixed_weight"":66.0},{""factor_count"":21.0,""gadget_mixed_weight"":120.0,""gadget_mixed_weight_norm"":2.0,""mixed_auc_greedy"":114.0,""mixed_auc_greedy_norm"":0.475,""mixed_auc_original"":120.0,""mixed_auc_original_norm"":0.5,""mixed_excess_norm"":1.0,""mixed_group_count"":3.0,""mixed_group_count_norm"":1.0,""num_block_rows"":1,""num_factor_groups"":3.0,""partition_id"":""tensor_graph_spectral_k2"",""partition_kind"":""tensor-graph"",""score_v3_lex"":""1;0.475;0;283fce4290aac424"",""singleton_bridge_count"":0.0,""singleton_bridge_count_norm"":0.0,""stable_factor_hash"":""283fce4290aac424"",""target_mixed_weight"":60.0}]"
gf_2pow2_mult,gf_2pow2_mult:combo14,14,ok,ok,,ok,,phase-slack-v1,conservative,0.2,public_resynth_gadgets,gf_2pow2_mult_comp2,5,1,1,0,1.0,1,21,9,3.1666666666666665,ok,,1.5238095238095237,3.1666666666666665,0.5952380952380951,2.1904761904761902,1.5238095238095237,1.0,3.1666666666666665,1.0,3.857142857142857,3.857142857142857,ok,,162,6,972,64,6,384,21,44,133,6,798,181,21,134,13,265,70,1,181,1.0,133,1.4722222222222223,148,6,888,125,78,6,468,54,14,84,0.6049382716049383,2.0,1.0227272727272727,4.454545454545454,3.857142857142857,0.75,1.125,3.9836065573770494,21,9,162,243,0.08641975308641975,0.4861111111111111,16,15,1.4,0.3,0.42857142857142855,results/public_resynth_tensor_v3_phase_slack_expanded/public_resynth_tensor_v3_phase_slack/gf_2pow2_mult/structural_combinations/combo14/assembled.qasm,ok,,semantic_role_k2,semantic-role,0.12,66.0,90.0,1.3636363636363635,0.36363636363636365,108.0,0.4090909090909091,108.0,0.4090909090909091,0.0,0.0,3.0,1.0,3.0,21.0,0.363636363636;0.409090909091;0;e477c756fb8aaa67,e477c756fb8aaa67,"[{""factor_count"":21.0,""gadget_mixed_weight"":108.0,""gadget_mixed_weight_norm"":1.8,""mixed_auc_greedy"":108.0,""mixed_auc_greedy_norm"":0.45,""mixed_auc_original"":114.0,""mixed_auc_original_norm"":0.475,""mixed_excess_norm"":0.8,""mixed_group_count"":3.0,""mixed_group_count_norm"":1.0,""num_block_rows"":1,""num_factor_groups"":3.0,""partition_id"":""balanced_contiguous_k2"",""partition_kind"":""contiguous"",""score_v3_lex"":""0.8;0.45;0;e477c756fb8aaa67"",""singleton_bridge_count"":0.0,""singleton_bridge_count_norm"":0.0,""stable_factor_hash"":""e477c756fb8aaa67"",""target_mixed_weight"":60.0},{""factor_count"":21.0,""gadget_mixed_weight"":90.0,""gadget_mixed_weight_norm"":1.3636363636363635,""mixed_auc_greedy"":108.0,""mixed_auc_greedy_norm"":0.4090909090909091,""mixed_auc_original"":108.0,""mixed_auc_original_norm"":0.4090909090909091,""mixed_excess_norm"":0.36363636363636365,""mixed_group_count"":3.0,""mixed_group_count_norm"":1.0,""num_block_rows"":1,""num_factor_groups"":3.0,""partition_id"":""semantic_family_k2"",""partition_kind"":""semantic-family"",""score_v3_lex"":""0.363636363636;0.409090909091;0;e477c756fb8aaa67"",""singleton_bridge_count"":0.0,""singleton_bridge_count_norm"":0.0,""stable_factor_hash"":""e477c756fb8aaa67"",""target_mixed_weight"":66.0},{""factor_count"":21.0,""gadget_mixed_weight"":90.0,""gadget_mixed_weight_norm"":1.3636363636363635,""mixed_auc_greedy"":108.0,""mixed_auc_greedy_norm"":0.4090909090909091,""mixed_auc_original"":108.0,""mixed_auc_original_norm"":0.4090909090909091,""mixed_excess_norm"":0.36363636363636365,""mixed_group_count"":3.0,""mixed_group_count_norm"":1.0,""num_block_rows"":1,""num_factor_groups"":3.0,""partition_id"":""semantic_register_k2"",""partition_kind"":""semantic-register"",""score_v3_lex"":""0.363636363636;0.409090909091;0;e477c756fb8aaa67"",""singleton_bridge_count"":0.0,""singleton_bridge_count_norm"":0.0,""stable_factor_hash"":""e477c756fb8aaa67"",""target_mixed_weight"":66.0},{""factor_count"":21.0,""gadget_mixed_weight"":90.0,""gadget_mixed_weight_norm"":1.3636363636363635,""mixed_auc_greedy"":108.0,""mixed_auc_greedy_norm"":0.4090909090909091,""mixed_auc_original"":108.0,""mixed_auc_original_norm"":0.4090909090909091,""mixed_excess_norm"":0.36363636363636365,""mixed_group_count"":3.0,""mixed_group_count_norm"":1.0,""num_block_rows"":1,""num_factor_groups"":3.0,""partition_id"":""semantic_role_k2"",""partition_kind"":""semantic-role"",""score_v3_lex"":""0.363636363636;0.409090909091;0;e477c756fb8aaa67"",""singleton_bridge_count"":0.0,""singleton_bridge_count_norm"":0.0,""stable_factor_hash"":""e477c756fb8aaa67"",""target_mixed_weight"":66.0},{""factor_count"":21.0,""gadget_mixed_weight"":120.0,""gadget_mixed_weight_norm"":2.0,""mixed_auc_greedy"":120.0,""mixed_auc_greedy_norm"":0.5,""mixed_auc_original"":120.0,""mixed_auc_original_norm"":0.5,""mixed_excess_norm"":1.0,""mixed_group_count"":3.0,""mixed_group_count_norm"":1.0,""num_block_rows"":1,""num_factor_groups"":3.0,""partition_id"":""tensor_graph_spectral_k2"",""partition_kind"":""tensor-graph"",""score_v3_lex"":""1;0.5;0;e477c756fb8aaa67"",""singleton_bridge_count"":0.0,""singleton_bridge_count_norm"":0.0,""stable_factor_hash"":""e477c756fb8aaa67"",""target_mixed_weight"":60.0}]"
gf_2pow2_mult,gf_2pow2_mult:combo15,15,ok,ok,,ok,,phase-slack-v1,conservative,0.2,public_resynth_gadgets,gf_2pow2_mult_comp2,6,1,1,0,1.0,1,21,12,3.3095238095238093,ok,,1.5952380952380953,3.3095238095238093,0.6666666666666667,2.333333333333333,1.5952380952380953,1.0,3.3095238095238093,1.0,4.0476190476190474,4.0476190476190474,ok,,170,6,1020,67,6,402,21,45,139,6,834,187,21,140,18,276,70,1,187,1.0,139,1.4838709677419355,153,6,918,127,84,6,504,59,17,86,0.6058823529411764,2.159090909090909,1.1818181818181819,4.590909090909091,4.0476190476190474,0.75,1.5,4.081967213114754,21,12,170,249,0.08433734939759036,0.4794520547945205,16,15,1.4,0.3,0.5714285714285714,results/public_resynth_tensor_v3_phase_slack_expanded/public_resynth_tensor_v3_phase_slack/gf_2pow2_mult/structural_combinations/combo15/assembled.qasm,ok,,semantic_role_k2,semantic-role,0.12,66.0,90.0,1.3636363636363635,0.36363636363636365,102.0,0.38636363636363635,102.0,0.38636363636363635,0.0,0.0,3.0,1.0,3.0,21.0,0.363636363636;0.386363636364;0;d44b7390ff1fb9d9,d44b7390ff1fb9d9,"[{""factor_count"":21.0,""gadget_mixed_weight"":108.0,""gadget_mixed_weight_norm"":1.8,""mixed_auc_greedy"":114.0,""mixed_auc_greedy_norm"":0.475,""mixed_auc_original"":114.0,""mixed_auc_original_norm"":0.475,""mixed_excess_norm"":0.8,""mixed_group_count"":3.0,""mixed_group_count_norm"":1.0,""num_block_rows"":1,""num_factor_groups"":3.0,""partition_id"":""balanced_contiguous_k2"",""partition_kind"":""contiguous"",""score_v3_lex"":""0.8;0.475;0;d44b7390ff1fb9d9"",""singleton_bridge_count"":0.0,""singleton_bridge_count_norm"":0.0,""stable_factor_hash"":""d44b7390ff1fb9d9"",""target_mixed_weight"":60.0},{""factor_count"":21.0,""gadget_mixed_weight"":90.0,""gadget_mixed_weight_norm"":1.3636363636363635,""mixed_auc_greedy"":102.0,""mixed_auc_greedy_norm"":0.38636363636363635,""mixed_auc_original"":102.0,""mixed_auc_original_norm"":0.38636363636363635,""mixed_excess_norm"":0.36363636363636365,""mixed_group_count"":3.0,""mixed_group_count_norm"":1.0,""num_block_rows"":1,""num_factor_groups"":3.0,""partition_id"":""semantic_family_k2"",""partition_kind"":""semantic-family"",""score_v3_lex"":""0.363636363636;0.386363636364;0;d44b7390ff1fb9d9"",""singleton_bridge_count"":0.0,""singleton_bridge_count_norm"":0.0,""stable_factor_hash"":""d44b7390ff1fb9d9"",""target_mixed_weight"":66.0},{""factor_count"":21.0,""gadget_mixed_weight"":90.0,""gadget_mixed_weight_norm"":1.3636363636363635,""mixed_auc_greedy"":102.0,""mixed_auc_greedy_norm"":0.38636363636363635,""mixed_auc_original"":102.0,""mixed_auc_original_norm"":0.38636363636363635,""mixed_excess_norm"":0.36363636363636365,""mixed_group_count"":3.0,""mixed_group_count_norm"":1.0,""num_block_rows"":1,""num_factor_groups"":3.0,""partition_id"":""semantic_register_k2"",""partition_kind"":""semantic-register"",""score_v3_lex"":""0.363636363636;0.386363636364;0;d44b7390ff1fb9d9"",""singleton_bridge_count"":0.0,""singleton_bridge_count_norm"":0.0,""stable_factor_hash"":""d44b7390ff1fb9d9"",""target_mixed_weight"":66.0},{""factor_count"":21.0,""gadget_mixed_weight"":90.0,""gadget_mixed_weight_norm"":1.3636363636363635,""mixed_auc_greedy"":102.0,""mixed_auc_greedy_norm"":0.38636363636363635,""mixed_auc_original"":102.0,""mixed_auc_original_norm"":0.38636363636363635,""mixed_excess_norm"":0.36363636363636365,""mixed_group_count"":3.0,""mixed_group_count_norm"":1.0,""num_block_rows"":1,""num_factor_groups"":3.0,""partition_id"":""semantic_role_k2"",""partition_kind"":""semantic-role"",""score_v3_lex"":""0.363636363636;0.386363636364;0;d44b7390ff1fb9d9"",""singleton_bridge_count"":0.0,""singleton_bridge_count_norm"":0.0,""stable_factor_hash"":""d44b7390ff1fb9d9"",""target_mixed_weight"":66.0},{""factor_count"":21.0,""gadget_mixed_weight"":96.0,""gadget_mixed_weight_norm"":1.6,""mixed_auc_greedy"":102.0,""mixed_auc_greedy_norm"":0.425,""mixed_auc_original"":108.0,""mixed_auc_original_norm"":0.45,""mixed_excess_norm"":0.6,""mixed_group_count"":3.0,""mixed_group_count_norm"":1.0,""num_block_rows"":1,""num_factor_groups"":3.0,""partition_id"":""tensor_graph_spectral_k2"",""partition_kind"":""tensor-graph"",""score_v3_lex"":""0.6;0.425;0;d44b7390ff1fb9d9"",""singleton_bridge_count"":0.0,""singleton_bridge_count_norm"":0.0,""stable_factor_hash"":""d44b7390ff1fb9d9"",""target_mixed_weight"":60.0}]"
gf_2pow2_mult,gf_2pow2_mult:combo16,16,ok,ok,,ok,,phase-slack-v1,conservative,0.2,public_resynth_gadgets,gf_2pow2_mult_comp2,7,1,1,0,1.0,1,21,5,2.0952380952380953,ok,,1.5476190476190477,2.0952380952380953,0.6190476190476191,1.119047619047619,1.5476190476190477,1.0,2.0952380952380953,1.0,4.0476190476190474,4.0476190476190474,ok,,170,6,1020,65,6,390,21,44,88,6,528,121,21,74,5,172,42,1,121,1.0,88,1.4333333333333333,152,6,912,126,83,6,498,58,18,87,0.6176470588235294,2.159090909090909,1.1818181818181819,4.636363636363637,4.0476190476190474,0.75,0.625,4.098360655737705,21,5,170,250,0.084,0.4783599088838269,16,15,1.4,0.3,0.23809523809523808,results/public_resynth_tensor_v3_phase_slack_expanded/public_resynth_tensor_v3_phase_slack/gf_2pow2_mult/structural_combinations/combo16/assembled.qasm,ok,,semantic_role_k2,semantic-role,0.12,66.0,78.0,1.1818181818181819,0.18181818181818182,120.0,0.45454545454545453,120.0,0.45454545454545453,0.0,0.0,3.0,1.0,3.0,21.0,0.181818181818;0.454545454545;0;e461c496b3a5f237,e461c496b3a5f237,"[{""factor_count"":21.0,""gadget_mixed_weight"":72.0,""gadget_mixed_weight_norm"":1.2,""mixed_auc_greedy"":102.0,""mixed_auc_greedy_norm"":0.425,""mixed_auc_original"":102.0,""mixed_auc_original_norm"":0.425,""mixed_excess_norm"":0.2,""mixed_group_count"":3.0,""mixed_group_count_norm"":1.0,""num_block_rows"":1,""num_factor_groups"":3.0,""partition_id"":""balanced_contiguous_k2"",""partition_kind"":""contiguous"",""score_v3_lex"":""0.2;0.425;0;e461c496b3a5f237"",""singleton_bridge_count"":0.0,""singleton_bridge_count_norm"":0.0,""stable_factor_hash"":""e461c496b3a5f237"",""target_mixed_weight"":60.0},{""factor_count"":21.0,""gadget_mixed_weight"":78.0,""gadget_mixed_weight_norm"":1.1818181818181819,""mixed_auc_greedy"":120.0,""mixed_auc_greedy_norm"":0.45454545454545453,""mixed_auc_original"":120.0,""mixed_auc_original_norm"":0.45454545454545453,""mixed_excess_norm"":0.18181818181818182,""mixed_group_count"":3.0,""mixed_group_count_norm"":1.0,""num_block_rows"":1,""num_factor_groups"":3.0,""partition_id"":""semantic_family_k2"",""partition_kind"":""semantic-family"",""score_v3_lex"":""0.181818181818;0.454545454545;0;e461c496b3a5f237"",""singleton_bridge_count"":0.0,""singleton_bridge_count_norm"":0.0,""stable_factor_hash"":""e461c496b3a5f237"",""target_mixed_weight"":66.0},{""factor_count"":21.0,""gadget_mixed_weight"":78.0,""gadget_mixed_weight_norm"":1.1818181818181819,""mixed_auc_greedy"":120.0,""mixed_auc_greedy_norm"":0.45454545454545453,""mixed_auc_original"":120.0,""mixed_auc_original_norm"":0.45454545454545453,""mixed_excess_norm"":0.18181818181818182,""mixed_group_count"":3.0,""mixed_group_count_norm"":1.0,""num_block_rows"":1,""num_factor_groups"":3.0,""partition_id"":""semantic_register_k2"",""partition_kind"":""semantic-register"",""score_v3_lex"":""0.181818181818;0.454545454545;0;e461c496b3a5f237"",""singleton_bridge_count"":0.0,""singleton_bridge_count_norm"":0.0,""stable_factor_hash"":""e461c496b3a5f237"",""target_mixed_weight"":66.0},{""factor_count"":21.0,""gadget_mixed_weight"":78.0,""gadget_mixed_weight_norm"":1.1818181818181819,""mixed_auc_greedy"":120.0,""mixed_auc_greedy_norm"":0.45454545454545453,""mixed_auc_original"":120.0,""mixed_auc_original_norm"":0.45454545454545453,""mixed_excess_norm"":0.18181818181818182,""mixed_group_count"":3.0,""mixed_group_count_norm"":1.0,""num_block_rows"":1,""num_factor_groups"":3.0,""partition_id"":""semantic_role_k2"",""partition_kind"":""semantic-role"",""score_v3_lex"":""0.181818181818;0.454545454545;0;e461c496b3a5f237"",""singleton_bridge_count"":0.0,""singleton_bridge_count_norm"":0.0,""stable_factor_hash"":""e461c496b3a5f237"",""target_mixed_weight"":66.0},{""factor_count"":21.0,""gadget_mixed_weight"":72.0,""gadget_mixed_weight_norm"":1.2,""mixed_auc_greedy"":114.0,""mixed_auc_greedy_norm"":0.475,""mixed_auc_original"":114.0,""mixed_auc_original_norm"":0.475,""mixed_excess_norm"":0.2,""mixed_group_count"":3.0,""mixed_group_count_norm"":1.0,""num_block_rows"":1,""num_factor_groups"":3.0,""partition_id"":""tensor_graph_spectral_k2"",""partition_kind"":""tensor-graph"",""score_v3_lex"":""0.2;0.475;0;e461c496b3a5f237"",""singleton_bridge_count"":0.0,""singleton_bridge_count_norm"":0.0,""stable_factor_hash"":""e461c496b3a5f237"",""target_mixed_weight"":60.0}]"
gf_2pow2_mult,gf_2pow2_mult:combo17,17,ok,ok,,ok,,phase-slack-v1,conservative,0.2,public_resynth_gadgets,gf_2pow2_mult_comp2,8,1,1,0,1.0,1,21,6,2.9761904761904763,ok,,1.2857142857142858,2.9761904761904763,0.3571428571428572,2.0,1.2857142857142858,1.0,2.9761904761904763,1.0,3.7142857142857144,3.7142857142857144,ok,,156,6,936,54,6,324,21,37,125,6,750,176,21,130,19,257,66,1,176,1.0,125,1.4685714285714286,139,6,834,119,71,6,426,51,17,85,0.6538461538461539,1.8636363636363635,0.8863636363636362,4.340909090909091,3.7142857142857144,0.75,0.75,3.9508196721311477,21,6,156,241,0.08713692946058091,0.4883720930232558,16,15,1.4,0.3,0.2857142857142857,results/public_resynth_tensor_v3_phase_slack_expanded/public_resynth_tensor_v3_phase_slack/gf_2pow2_mult/structural_combinations/combo17/assembled.qasm,ok,,semantic_role_k2,semantic-role,0.12,66.0,78.0,1.1818181818181819,0.18181818181818182,114.0,0.4318181818181818,108.0,0.4090909090909091,0.0,0.0,3.0,1.0,3.0,21.0,0.181818181818;0.409090909091;0;0c04946b2e459318,0c04946b2e459318,"[{""factor_count"":21.0,""gadget_mixed_weight"":72.0,""gadget_mixed_weight_norm"":1.2,""mixed_auc_greedy"":102.0,""mixed_auc_greedy_norm"":0.425,""mixed_auc_original"":108.0,""mixed_auc_original_norm"":0.45,""mixed_excess_norm"":0.2,""mixed_group_count"":3.0,""mixed_group_count_norm"":1.0,""num_block_rows"":1,""num_factor_groups"":3.0,""partition_id"":""balanced_contiguous_k2"",""partition_kind"":""contiguous"",""score_v3_lex"":""0.2;0.425;0;0c04946b2e459318"",""singleton_bridge_count"":0.0,""singleton_bridge_count_norm"":0.0,""stable_factor_hash"":""0c04946b2e459318"",""target_mixed_weight"":60.0},{""factor_count"":21.0,""gadget_mixed_weight"":78.0,""gadget_mixed_weight_norm"":1.1818181818181819,""mixed_auc_greedy"":108.0,""mixed_auc_greedy_norm"":0.4090909090909091,""mixed_auc_original"":114.0,""mixed_auc_original_norm"":0.4318181818181818,""mixed_excess_norm"":0.18181818181818182,""mixed_group_count"":3.0,""mixed_group_count_norm"":1.0,""num_block_rows"":1,""num_factor_groups"":3.0,""partition_id"":""semantic_family_k2"",""partition_kind"":""semantic-family"",""score_v3_lex"":""0.181818181818;0.409090909091;0;0c04946b2e459318"",""singleton_bridge_count"":0.0,""singleton_bridge_count_norm"":0.0,""stable_factor_hash"":""0c04946b2e459318"",""target_mixed_weight"":66.0},{""factor_count"":21.0,""gadget_mixed_weight"":78.0,""gadget_mixed_weight_norm"":1.1818181818181819,""mixed_auc_greedy"":108.0,""mixed_auc_greedy_norm"":0.4090909090909091,""mixed_auc_original"":114.0,""mixed_auc_original_norm"":0.4318181818181818,""mixed_excess_norm"":0.18181818181818182,""mixed_group_count"":3.0,""mixed_group_count_norm"":1.0,""num_block_rows"":1,""num_factor_groups"":3.0,""partition_id"":""semantic_register_k2"",""partition_kind"":""semantic-register"",""score_v3_lex"":""0.181818181818;0.409090909091;0;0c04946b2e459318"",""singleton_bridge_count"":0.0,""singleton_bridge_count_norm"":0.0,""stable_factor_hash"":""0c04946b2e459318"",""target_mixed_weight"":66.0},{""factor_count"":21.0,""gadget_mixed_weight"":78.0,""gadget_mixed_weight_norm"":1.1818181818181819,""mixed_auc_greedy"":108.0,""mixed_auc_greedy_norm"":0.4090909090909091,""mixed_auc_original"":114.0,""mixed_auc_original_norm"":0.4318181818181818,""mixed_excess_norm"":0.18181818181818182,""mixed_group_count"":3.0,""mixed_group_count_norm"":1.0,""num_block_rows"":1,""num_factor_groups"":3.0,""partition_id"":""semantic_role_k2"",""partition_kind"":""semantic-role"",""score_v3_lex"":""0.181818181818;0.409090909091;0;0c04946b2e459318"",""singleton_bridge_count"":0.0,""singleton_bridge_count_norm"":0.0,""stable_factor_hash"":""0c04946b2e459318"",""target_mixed_weight"":66.0},{""factor_count"":21.0,""gadget_mixed_weight"":72.0,""gadget_mixed_weight_norm"":1.2,""mixed_auc_greedy"":102.0,""mixed_auc_greedy_norm"":0.425,""mixed_auc_original"":108.0,""mixed_auc_original_norm"":0.45,""mixed_excess_norm"":0.2,""mixed_group_count"":3.0,""mixed_group_count_norm"":1.0,""num_block_rows"":1,""num_factor_groups"":3.0,""partition_id"":""tensor_graph_spectral_k2"",""partition_kind"":""tensor-graph"",""score_v3_lex"":""0.2;0.425;0;0c04946b2e459318"",""singleton_bridge_count"":0.0,""singleton_bridge_count_norm"":0.0,""stable_factor_hash"":""0c04946b2e459318"",""target_mixed_weight"":60.0}]"
hwb_6,hwb_6:combo0,0,ok,ok,,ok,,phase-slack-v1,conservative,0.2,public_resynth_no_gadgets,hwb_6,0,1,0,1,0.0,0,51,14,26.06553755522828,ok,,13.659057437407952,26.06553755522828,12.715758468335787,25.09131075110457,3.5412371134020617,3.857142857142857,6.757731958762887,3.857142857142857,7.170103092783505,27.656111929307805,ok,,1391,27,37557,687,27,18549,51,687,1311,27,35397,1574,51,1523,25,2790,401,1,1574,1.0,1311,1.7736808645899556,1365,27,36855,1497,713,27,19251,713,27,678,0.5068296189791517,3.493087557603687,2.525345622119816,7.617511520737327,7.170103092783505,0.4857142857142857,0.5833333333333334,5.896551724137931,51,14,1391,1881,0.02711323763955343,0.21794871794871795,52,51,1.0,0.0392156862745098,0.27450980392156865,results/public_resynth_tensor_v3_phase_slack_expanded/public_resynth_tensor_v3_phase_slack/hwb_6/structural_combinations/combo0/assembled.qasm,ok,,semantic_role_k2,semantic-role,0.12,390.0,13590.0,34.84615384615385,33.84615384615385,33594.0,1.7227692307692308,27198.0,1.3947692307692308,34.0,0.6666666666666666,35.0,0.7142857142857143,49.0,51.0,33.8461538462;1.39476923077;0.666666666667;36b0b44352baf0f7,36b0b44352baf0f7,"[{""factor_count"":51.0,""gadget_mixed_weight"":22158.0,""gadget_mixed_weight_norm"":62.59322033898305,""mixed_auc_greedy"":33672.0,""mixed_auc_greedy_norm"":1.9023728813559322,""mixed_auc_original"":47604.0,""mixed_auc_original_norm"":2.689491525423729,""mixed_excess_norm"":61.59322033898305,""mixed_group_count"":42.0,""mixed_group_count_norm"":0.8571428571428571,""num_block_rows"":1,""num_factor_groups"":49.0,""partition_id"":""balanced_contiguous_k2"",""partition_kind"":""contiguous"",""score_v3_lex"":""61.593220339;1.90237288136;0.803921568627;36b0b44352baf0f7"",""singleton_bridge_count"":41.0,""singleton_bridge_count_norm"":0.803921568627451,""stable_factor_hash"":""36b0b44352baf0f7"",""target_mixed_weight"":354.0},{""factor_count"":51.0,""gadget_mixed_weight"":8538.0,""gadget_mixed_weight_norm"":36.48717948717949,""mixed_auc_greedy"":16428.0,""mixed_auc_greedy_norm"":1.4041025641025642,""mixed_auc_original"":17304.0,""mixed_auc_original_norm"":1.478974358974359,""mixed_excess_norm"":35.48717948717949,""mixed_group_count"":21.0,""mixed_group_count_norm"":0.42857142857142855,""num_block_rows"":1,""num_factor_groups"":49.0,""partition_id"":""semantic_family_k2"",""partition_kind"":""semantic-family"",""score_v3_lex"":""35.4871794872;1.4041025641;0.411764705882;36b0b44352baf0f7"",""singleton_bridge_count"":21.0,""singleton_bridge_count_norm"":0.4117647058823529,""stable_factor_hash"":""36b0b44352baf0f7"",""target_mixed_weight"":234.0},{""factor_count"":51.0,""gadget_mixed_weight"":13590.0,""gadget_mixed_weight_norm"":34.84615384615385,""mixed_auc_greedy"":27198.0,""mixed_auc_greedy_norm"":1.3947692307692308,""mixed_auc_original"":33594.0,""mixed_auc_original_norm"":1.7227692307692308,""mixed_excess_norm"":33.84615384615385,""mixed_group_count"":35.0,""mixed_group_count_norm"":0.7142857142857143,""num_block_rows"":1,""num_factor_groups"":49.0,""partition_id"":""semantic_role_k2"",""partition_kind"":""semantic-role"",""score_v3_lex"":""33.8461538462;1.39476923077;0.666666666667;36b0b44352baf0f7"",""singleton_bridge_count"":34.0,""singleton_bridge_count_norm"":0.6666666666666666,""stable_factor_hash"":""36b0b44352baf0f7"",""target_mixed_weight"":390.0},{""factor_count"":51.0,""gadget_mixed_weight"":21048.0,""gadget_mixed_weight_norm"":67.46153846153847,""mixed_auc_greedy"":31296.0,""mixed_auc_greedy_norm"":2.006153846153846,""mixed_auc_original"":47712.0,""mixed_auc_original_norm"":3.0584615384615383,""mixed_excess_norm"":66.46153846153847,""mixed_group_count"":32.0,""mixed_group_count_norm"":0.6530612244897959,""num_block_rows"":1,""num_factor_groups"":49.0,""partition_id"":""tensor_graph_spectral_k2"",""partition_kind"":""tensor-graph"",""score_v3_lex"":""66.4615384615;2.00615384615;0.627450980392;36b0b44352baf0f7"",""singleton_bridge_count"":32.0,""singleton_bridge_count_norm"":0.6274509803921569,""stable_factor_hash"":""36b0b44352baf0f7"",""target_mixed_weight"":312.0}]"
hwb_6,hwb_6:combo1,1,ok,ok,,ok,,phase-slack-v1,conservative,0.2,public_resynth_no_gadgets,hwb_6,1,1,0,1,0.0,0,51,11,27.298232695139912,ok,,14.812223858615612,27.298232695139912,13.868924889543447,26.324005891016203,3.8402061855670104,3.857142857142857,7.077319587628866,3.857142857142857,7.515463917525773,28.98821796759941,ok,,1458,27,39366,745,27,20115,51,777,1373,27,37071,1665,51,1614,23,2970,403,1,1665,1.0,1373,1.7848557692307692,1432,27,38664,1586,771,27,20817,805,26,687,0.4890260631001372,3.751152073732719,2.783410138248848,7.838709677419355,7.515463917525773,0.4857142857142857,0.4583333333333333,6.169278996865204,51,11,1458,1968,0.025914634146341462,0.21013597033374537,52,51,1.0,0.0196078431372549,0.21568627450980393,results/public_resynth_tensor_v3_phase_slack_expanded/public_resynth_tensor_v3_phase_slack/hwb_6/structural_combinations/combo1/assembled.qasm,ok,,semantic_role_k2,semantic-role,0.12,390.0,20046.0,51.4,50.4,43698.0,2.240923076923077,29544.0,1.515076923076923,33.0,0.6470588235294118,34.0,0.6938775510204082,49.0,51.0,50.4;1.51507692308;0.647058823529;50c5257ec897ce52,50c5257ec897ce52,"[{""factor_count"":51.0,""gadget_mixed_weight"":31578.0,""gadget_mixed_weight_norm"":89.20338983050847,""mixed_auc_greedy"":39258.0,""mixed_auc_greedy_norm"":2.2179661016949153,""mixed_auc_original"":56994.0,""mixed_auc_original_norm"":3.22,""mixed_excess_norm"":88.20338983050847,""mixed_group_count"":40.0,""mixed_group_count_norm"":0.8163265306122449,""num_block_rows"":1,""num_factor_groups"":49.0,""partition_id"":""balanced_contiguous_k2"",""partition_kind"":""contiguous"",""score_v3_lex"":""88.2033898305;2.21796610169;0.764705882353;50c5257ec897ce52"",""singleton_bridge_count"":39.0,""singleton_bridge_count_norm"":0.7647058823529411,""stable_factor_hash"":""50c5257ec897ce52"",""target_mixed_weight"":354.0},{""factor_count"":51.0,""gadget_mixed_weight"":10638.0,""gadget_mixed_weight_norm"":45.46153846153846,""mixed_auc_greedy"":16260.0,""mixed_auc_greedy_norm"":1.3897435897435897,""mixed_auc_original"":29592.0,""mixed_auc_original_norm"":2.5292307692307694,""mixed_excess_norm"":44.46153846153846,""mixed_group_count"":19.0,""mixed_group_count_norm"":0.3877551020408163,""num_block_rows"":1,""num_factor_groups"":49.0,""partition_id"":""semantic_family_k2"",""partition_kind"":""semantic-family"",""score_v3_lex"":""44.4615384615;1.38974358974;0.372549019608;50c5257ec897ce52"",""singleton_bridge_count"":19.0,""singleton_bridge_count_norm"":0.37254901960784315,""stable_factor_hash"":""50c5257ec897ce52"",""target_mixed_weight"":234.0},{""factor_count"":51.0,""gadget_mixed_weight"":20046.0,""gadget_mixed_weight_norm"":51.4,""mixed_auc_greedy"":29544.0,""mixed_auc_greedy_norm"":1.515076923076923,""mixed_auc_original"":43698.0,""mixed_auc_original_norm"":2.240923076923077,""mixed_excess_norm"":50.4,""mixed_group_count"":34.0,""mixed_group_count_norm"":0.6938775510204082,""num_block_rows"":1,""num_factor_groups"":49.0,""partition_id"":""semantic_role_k2"",""partition_kind"":""semantic-role"",""score_v3_lex"":""50.4;1.51507692308;0.647058823529;50c5257ec897ce52"",""singleton_bridge_count"":33.0,""singleton_bridge_count_norm"":0.6470588235294118,""stable_factor_hash"":""50c5257ec897ce52"",""target_mixed_weight"":390.0},{""factor_count"":51.0,""gadget_mixed_weight"":32952.0,""gadget_mixed_weight_norm"":105.61538461538461,""mixed_auc_greedy"":38106.0,""mixed_auc_greedy_norm"":2.4426923076923077,""mixed_auc_original"":58266.0,""mixed_auc_original_norm"":3.735,""mixed_excess_norm"":104.61538461538461,""mixed_group_count"":36.0,""mixed_group_count_norm"":0.7346938775510204,""num_block_rows"":1,""num_factor_groups"":49.0,""partition_id"":""tensor_graph_spectral_k2"",""partition_kind"":""tensor-graph"",""score_v3_lex"":""104.615384615;2.44269230769;0.705882352941;50c5257ec897ce52"",""singleton_bridge_count"":36.0,""singleton_bridge_count_norm"":0.7058823529411765,""stable_factor_hash"":""50c5257ec897ce52"",""target_mixed_weight"":312.0}]"
hwb_6,hwb_6:combo2,2,ok,ok,,ok,,phase-slack-v1,conservative,0.2,public_resynth_no_gadgets,hwb_6,2,1,0,1,0.0,0,51,11,24.693667157584684,ok,,12.446244477172312,24.693667157584684,11.502945508100147,23.719440353460975,3.2268041237113403,3.857142857142857,6.402061855670103,3.857142857142857,6.819587628865979,26.304123711340207,ok,,1323,27,35721,626,27,16902,51,649,1242,27,33534,1527,51,1476,22,2697,395,1,1527,1.0,1242,1.7673656618610747,1296,27,34992,1450,653,27,17631,675,27,674,0.5298563869992441,3.28110599078341,2.313364055299539,7.304147465437788,6.819587628865979,0.4857142857142857,0.4583333333333333,5.724137931034483,51,11,1323,1826,0.02792990142387733,0.22319474835886213,51,50,1.02,0.02,0.21568627450980393,results/public_resynth_tensor_v3_phase_slack_expanded/public_resynth_tensor_v3_phase_slack/hwb_6/structural_combinations/combo2/assembled.qasm,ok,,semantic_role_k2,semantic-role,0.12,390.0,11622.0,29.8,28.8,35478.0,1.8193846153846154,23112.0,1.1852307692307693,34.0,0.6666666666666666,35.0,0.7142857142857143,49.0,51.0,28.8;1.18523076923;0.666666666667;d332808616ae179c,d332808616ae179c,"[{""factor_count"":51.0,""gadget_mixed_weight"":16086.0,""gadget_mixed_weight_norm"":45.440677966101696,""mixed_auc_greedy"":29598.0,""mixed_auc_greedy_norm"":1.6722033898305084,""mixed_auc_original"":40362.0,""mixed_auc_original_norm"":2.2803389830508474,""mixed_excess_norm"":44.440677966101696,""mixed_group_count"":42.0,""mixed_group_count_norm"":0.8571428571428571,""num_block_rows"":1,""num_factor_groups"":49.0,""partition_id"":""balanced_contiguous_k2"",""partition_kind"":""contiguous"",""score_v3_lex"":""44.4406779661;1.67220338983;0.803921568627;d332808616ae179c"",""singleton_bridge_count"":41.0,""singleton_bridge_count_norm"":0.803921568627451,""stable_factor_hash"":""d332808616ae179c"",""target_mixed_weight"":354.0},{""factor_count"":51.0,""gadget_mixed_weight"":5766.0,""gadget_mixed_weight_norm"":24.641025641025642,""mixed_auc_greedy"":13530.0,""mixed_auc_greedy_norm"":1.1564102564102565,""mixed_auc_original"":17430.0,""mixed_auc_original_norm"":1.4897435897435898,""mixed_excess_norm"":23.641025641025642,""mixed_group_count"":19.0,""mixed_group_count_norm"":0.3877551020408163,""num_block_rows"":1,""num_factor_groups"":49.0,""partition_id"":""semantic_family_k2"",""partition_kind"":""semantic-family"",""score_v3_lex"":""23.641025641;1.15641025641;0.372549019608;d332808616ae179c"",""singleton_bridge_count"":19.0,""singleton_bridge_count_norm"":0.37254901960784315,""stable_factor_hash"":""d332808616ae179c"",""target_mixed_weight"":234.0},{""factor_count"":51.0,""gadget_mixed_weight"":11622.0,""gadget_mixed_weight_norm"":29.8,""mixed_auc_greedy"":23112.0,""mixed_auc_greedy_norm"":1.1852307692307693,""mixed_auc_original"":35478.0,""mixed_auc_original_norm"":1.8193846153846154,""mixed_excess_norm"":28.8,""mixed_group_count"":35.0,""mixed_group_count_norm"":0.7142857142857143,""num_block_rows"":1,""num_factor_groups"":49.0,""partition_id"":""semantic_role_k2"",""partition_kind"":""semantic-role"",""score_v3_lex"":""28.8;1.18523076923;0.666666666667;d332808616ae179c"",""singleton_bridge_count"":34.0,""singleton_bridge_count_norm"":0.6666666666666666,""stable_factor_hash"":""d332808616ae179c"",""target_mixed_weight"":390.0},{""factor_count"":51.0,""gadget_mixed_weight"":16008.0,""gadget_mixed_weight_norm"":51.30769230769231,""mixed_auc_greedy"":25626.0,""mixed_auc_greedy_norm"":1.6426923076923077,""mixed_auc_original"":36708.0,""mixed_auc_original_norm"":2.353076923076923,""mixed_excess_norm"":50.30769230769231,""mixed_group_count"":36.0,""mixed_group_count_norm"":0.7346938775510204,""num_block_rows"":1,""num_factor_groups"":49.0,""partition_id"":""tensor_graph_spectral_k2"",""partition_kind"":""tensor-graph"",""score_v3_lex"":""50.3076923077;1.64269230769;0.705882352941;d332808616ae179c"",""singleton_bridge_count"":36.0,""singleton_bridge_count_norm"":0.7058823529411765,""stable_factor_hash"":""d332808616ae179c"",""target_mixed_weight"":312.0}]"
hwb_6,hwb_6:combo3,3,ok,ok,,ok,,phase-slack-v1,conservative,0.2,public_resynth_no_gadgets,hwb_6,3,1,0,1,0.0,0,51,12,28.153166421207658,ok,,15.647275405007363,28.153166421207658,14.703976435935198,27.178939617083948,4.056701030927835,3.857142857142857,7.298969072164948,3.857142857142857,7.762886597938144,29.94256259204713,ok,,1506,27,40662,787,27,21249,51,799,1416,27,38232,1683,51,1632,24,3001,401,1,1683,1.0,1416,1.7841854934601664,1479,27,39933,1606,814,27,21978,825,27,692,0.47742363877822047,3.9585253456221197,2.9907834101382487,8.036866359447005,7.762886597938144,0.4857142857142857,0.5,6.216300940438871,51,12,1506,1983,0.025718608169440244,0.20884520884520885,52,51,1.0,0.0196078431372549,0.23529411764705882,results/public_resynth_tensor_v3_phase_slack_expanded/public_resynth_tensor_v3_phase_slack/hwb_6/structural_combinations/combo3/assembled.qasm,ok,,semantic_role_k2,semantic-role,0.12,390.0,23490.0,60.23076923076923,59.23076923076923,48372.0,2.385207100591716,31554.0,1.5559171597633137,35.0,0.6862745098039216,35.0,0.6862745098039216,51.0,51.0,59.2307692308;1.55591715976;0.686274509804;c3be961e6c4590f6,c3be961e6c4590f6,"[{""factor_count"":51.0,""gadget_mixed_weight"":38766.0,""gadget_mixed_weight_norm"":109.50847457627118,""mixed_auc_greedy"":42354.0,""mixed_auc_greedy_norm"":2.3008474576271185,""mixed_auc_original"":61440.0,""mixed_auc_original_norm"":3.33767926988266,""mixed_excess_norm"":108.50847457627118,""mixed_group_count"":43.0,""mixed_group_count_norm"":0.8431372549019608,""num_block_rows"":1,""num_factor_groups"":51.0,""partition_id"":""balanced_contiguous_k2"",""partition_kind"":""contiguous"",""score_v3_lex"":""108.508474576;2.30084745763;0.843137254902;c3be961e6c4590f6"",""singleton_bridge_count"":43.0,""singleton_bridge_count_norm"":0.8431372549019608,""stable_factor_hash"":""c3be961e6c4590f6"",""target_mixed_weight"":354.0},{""factor_count"":51.0,""gadget_mixed_weight"":12414.0,""gadget_mixed_weight_norm"":53.05128205128205,""mixed_auc_greedy"":20694.0,""mixed_auc_greedy_norm"":1.70069033530572,""mixed_auc_original"":27486.0,""mixed_auc_original_norm"":2.2588757396449703,""mixed_excess_norm"":52.05128205128205,""mixed_group_count"":19.0,""mixed_group_count_norm"":0.37254901960784315,""num_block_rows"":1,""num_factor_groups"":51.0,""partition_id"":""semantic_family_k2"",""partition_kind"":""semantic-family"",""score_v3_lex"":""52.0512820513;1.70069033531;0.372549019608;c3be961e6c4590f6"",""singleton_bridge_count"":19.0,""singleton_bridge_count_norm"":0.37254901960784315,""stable_factor_hash"":""c3be961e6c4590f6"",""target_mixed_weight"":234.0},{""factor_count"":51.0,""gadget_mixed_weight"":23490.0,""gadget_mixed_weight_norm"":60.23076923076923,""mixed_auc_greedy"":31554.0,""mixed_auc_greedy_norm"":1.5559171597633137,""mixed_auc_original"":48372.0,""mixed_auc_original_norm"":2.385207100591716,""mixed_excess_norm"":59.23076923076923,""mixed_group_count"":35.0,""mixed_group_count_norm"":0.6862745098039216,""num_block_rows"":1,""num_factor_groups"":51.0,""partition_id"":""semantic_role_k2"",""partition_kind"":""semantic-role"",""score_v3_lex"":""59.2307692308;1.55591715976;0.686274509804;c3be961e6c4590f6"",""singleton_bridge_count"":35.0,""singleton_bridge_count_norm"":0.6862745098039216,""stable_factor_hash"":""c3be961e6c4590f6"",""target_mixed_weight"":390.0},{""factor_count"":51.0,""gadget_mixed_weight"":37188.0,""gadget_mixed_weight_norm"":119.1923076923077,""mixed_auc_greedy"":41268.0,""mixed_auc_greedy_norm"":2.543639053254438,""mixed_auc_original"":53898.0,""mixed_auc_original_norm"":3.3221153846153846,""mixed_excess_norm"":118.1923076923077,""mixed_group_count"":32.0,""mixed_group_count_norm"":0.6274509803921569,""num_block_rows"":1,""num_factor_groups"":51.0,""partition_id"":""tensor_graph_spectral_k2"",""partition_kind"":""tensor-graph"",""score_v3_lex"":""118.192307692;2.54363905325;0.627450980392;c3be961e6c4590f6"",""singleton_bridge_count"":32.0,""singleton_bridge_count_norm"":0.6274509803921569,""stable_factor_hash"":""c3be961e6c4590f6"",""target_mixed_weight"":312.0}]"
hwb_6,hwb_6:combo4,4,ok,ok,,ok,,phase-slack-v1,conservative,0.2,public_resynth_no_gadgets,hwb_6,4,1,0,1,0.0,0,51,18,26.62223858615611,ok,,14.096465390279823,26.62223858615611,13.153166421207658,25.648011782032402,3.654639175257732,3.857142857142857,6.902061855670103,3.857142857142857,7.381443298969073,28.471281296023562,ok,,1432,27,38664,709,27,19143,51,714,1339,27,36153,1615,51,1564,25,2850,441,1,1615,1.0,1339,1.7657992565055762,1405,27,37935,1538,736,27,19872,740,27,696,0.5048882681564246,3.5668202764976957,2.5990783410138247,7.847926267281106,7.381443298969073,0.4857142857142857,0.75,6.131661442006269,51,18,1432,1956,0.02607361963190184,0.2111801242236025,51,50,1.02,0.01,0.35294117647058826,results/public_resynth_tensor_v3_phase_slack_expanded/public_resynth_tensor_v3_phase_slack/hwb_6/structural_combinations/combo4/assembled.qasm,ok,,semantic_role_k2,semantic-role,0.12,390.0,21174.0,54.292307692307695,53.292307692307695,49644.0,2.44792899408284,27990.0,1.3801775147928994,39.0,0.7647058823529411,39.0,0.7647058823529411,51.0,51.0,53.2923076923;1.38017751479;0.764705882353;201bf0d1eac9c161,201bf0d1eac9c161,"[{""factor_count"":51.0,""gadget_mixed_weight"":26634.0,""gadget_mixed_weight_norm"":75.23728813559322,""mixed_auc_greedy"":33216.0,""mixed_auc_greedy_norm"":1.8044328552803128,""mixed_auc_original"":52950.0,""mixed_auc_original_norm"":2.876466753585398,""mixed_excess_norm"":74.23728813559322,""mixed_group_count"":45.0,""mixed_group_count_norm"":0.8823529411764706,""num_block_rows"":1,""num_factor_groups"":51.0,""partition_id"":""balanced_contiguous_k2"",""partition_kind"":""contiguous"",""score_v3_lex"":""74.2372881356;1.80443285528;0.882352941176;201bf0d1eac9c161"",""singleton_bridge_count"":45.0,""singleton_bridge_count_norm"":0.8823529411764706,""stable_factor_hash"":""201bf0d1eac9c161"",""target_mixed_weight"":354.0},{""factor_count"":51.0,""gadget_mixed_weight"":10950.0,""gadget_mixed_weight_norm"":46.794871794871796,""mixed_auc_greedy"":17604.0,""mixed_auc_greedy_norm"":1.4467455621301775,""mixed_auc_original"":29088.0,""mixed_auc_original_norm"":2.3905325443786984,""mixed_excess_norm"":45.794871794871796,""mixed_group_count"":21.0,""mixed_group_count_norm"":0.4117647058823529,""num_block_rows"":1,""num_factor_groups"":51.0,""partition_id"":""semantic_family_k2"",""partition_kind"":""semantic-family"",""score_v3_lex"":""45.7948717949;1.44674556213;0.411764705882;201bf0d1eac9c161"",""singleton_bridge_count"":21.0,""singleton_bridge_count_norm"":0.4117647058823529,""stable_factor_hash"":""201bf0d1eac9c161"",""target_mixed_weight"":234.0},{""factor_count"":51.0,""gadget_mixed_weight"":21174.0,""gadget_mixed_weight_norm"":54.292307692307695,""mixed_auc_greedy"":27990.0,""mixed_auc_greedy_norm"":1.3801775147928994,""mixed_auc_original"":49644.0,""mixed_auc_original_norm"":2.44792899408284,""mixed_excess_norm"":53.292307692307695,""mixed_group_count"":39.0,""mixed_group_count_norm"":0.7647058823529411,""num_block_rows"":1,""num_factor_groups"":51.0,""partition_id"":""semantic_role_k2"",""partition_kind"":""semantic-role"",""score_v3_lex"":""53.2923076923;1.38017751479;0.764705882353;201bf0d1eac9c161"",""singleton_bridge_count"":39.0,""singleton_bridge_count_norm"":0.7647058823529411,""stable_factor_hash"":""201bf0d1eac9c161"",""target_mixed_weight"":390.0},{""factor_count"":51.0,""gadget_mixed_weight"":25752.0,""gadget_mixed_weight_norm"":82.53846153846153,""mixed_auc_greedy"":28656.0,""mixed_auc_greedy_norm"":1.7662721893491125,""mixed_auc_original"":55578.0,""mixed_auc_original_norm"":3.4256656804733727,""mixed_excess_norm"":81.53846153846153,""mixed_group_count"":32.0,""mixed_group_count_norm"":0.6274509803921569,""num_block_rows"":1,""num_factor_groups"":51.0,""partition_id"":""tensor_graph_spectral_k2"",""partition_kind"":""tensor-graph"",""score_v3_lex"":""81.5384615385;1.76627218935;0.627450980392;201bf0d1eac9c161"",""singleton_bridge_count"":32.0,""singleton_bridge_count_norm"":0.6274509803921569,""stable_factor_hash"":""201bf0d1eac9c161"",""target_mixed_weight"":312.0}]"
hwb_6,hwb_6:combo5,5,ok,ok,,ok,,phase-slack-v1,conservative,0.2,public_resynth_no_gadgets,hwb_6,5,1,0,1,0.0,0,51,16,28.192930780559646,ok,,15.746686303387333,28.192930780559646,14.803387334315168,27.218703976435936,4.082474226804123,3.857142857142857,7.309278350515464,3.857142857142857,7.737113402061856,29.843151693667156,ok,,1501,27,40527,792,27,21384,51,783,1418,27,38286,1675,51,1624,24,2980,417,1,1675,1.0,1418,1.7801672640382318,1475,27,39825,1599,818,27,22086,808,26,683,0.47235176548967356,3.880184331797235,2.912442396313364,8.073732718894009,7.737113402061856,0.4857142857142857,0.6666666666666666,6.2727272727272725,51,16,1501,2001,0.025487256371814093,0.2073170731707317,52,51,1.0,0.0196078431372549,0.3137254901960784,results/public_resynth_tensor_v3_phase_slack_expanded/public_resynth_tensor_v3_phase_slack/hwb_6/structural_combinations/combo5/assembled.qasm,ok,,semantic_role_k2,semantic-role,0.12,390.0,25386.0,65.0923076923077,64.0923076923077,40878.0,2.015680473372781,30978.0,1.5275147928994084,37.0,0.7254901960784313,37.0,0.7254901960784313,51.0,51.0,64.0923076923;1.5275147929;0.725490196078;66bbfa8236cd65d2,66bbfa8236cd65d2,"[{""factor_count"":51.0,""gadget_mixed_weight"":32082.0,""gadget_mixed_weight_norm"":90.62711864406779,""mixed_auc_greedy"":34176.0,""mixed_auc_greedy_norm"":1.8565840938722296,""mixed_auc_original"":44898.0,""mixed_auc_original_norm"":2.4390482398956976,""mixed_excess_norm"":89.62711864406779,""mixed_group_count"":43.0,""mixed_group_count_norm"":0.8431372549019608,""num_block_rows"":1,""num_factor_groups"":51.0,""partition_id"":""balanced_contiguous_k2"",""partition_kind"":""contiguous"",""score_v3_lex"":""89.6271186441;1.85658409387;0.843137254902;66bbfa8236cd65d2"",""singleton_bridge_count"":43.0,""singleton_bridge_count_norm"":0.8431372549019608,""stable_factor_hash"":""66bbfa8236cd65d2"",""target_mixed_weight"":354.0},{""factor_count"":51.0,""gadget_mixed_weight"":15246.0,""gadget_mixed_weight_norm"":65.15384615384616,""mixed_auc_greedy"":19404.0,""mixed_auc_greedy_norm"":1.5946745562130178,""mixed_auc_original"":25584.0,""mixed_auc_original_norm"":2.1025641025641026,""mixed_excess_norm"":64.15384615384616,""mixed_group_count"":25.0,""mixed_group_count_norm"":0.49019607843137253,""num_block_rows"":1,""num_factor_groups"":51.0,""partition_id"":""semantic_family_k2"",""partition_kind"":""semantic-family"",""score_v3_lex"":""64.1538461538;1.59467455621;0.490196078431;66bbfa8236cd65d2"",""singleton_bridge_count"":25.0,""singleton_bridge_count_norm"":0.49019607843137253,""stable_factor_hash"":""66bbfa8236cd65d2"",""target_mixed_weight"":234.0},{""factor_count"":51.0,""gadget_mixed_weight"":25386.0,""gadget_mixed_weight_norm"":65.0923076923077,""mixed_auc_greedy"":30978.0,""mixed_auc_greedy_norm"":1.5275147928994084,""mixed_auc_original"":40878.0,""mixed_auc_original_norm"":2.015680473372781,""mixed_excess_norm"":64.0923076923077,""mixed_group_count"":37.0,""mixed_group_count_norm"":0.7254901960784313,""num_block_rows"":1,""num_factor_groups"":51.0,""partition_id"":""semantic_role_k2"",""partition_kind"":""semantic-role"",""score_v3_lex"":""64.0923076923;1.5275147929;0.725490196078;66bbfa8236cd65d2"",""singleton_bridge_count"":37.0,""singleton_bridge_count_norm"":0.7254901960784313,""stable_factor_hash"":""66bbfa8236cd65d2"",""target_mixed_weight"":390.0},{""factor_count"":51.0,""gadget_mixed_weight"":31944.0,""gadget_mixed_weight_norm"":102.38461538461539,""mixed_auc_greedy"":36246.0,""mixed_auc_greedy_norm"":2.234097633136095,""mixed_auc_original"":43806.0,""mixed_auc_original_norm"":2.7000739644970415,""mixed_excess_norm"":101.38461538461539,""mixed_group_count"":36.0,""mixed_group_count_norm"":0.7058823529411765,""num_block_rows"":1,""num_factor_groups"":51.0,""partition_id"":""tensor_graph_spectral_k2"",""partition_kind"":""tensor-graph"",""score_v3_lex"":""101.384615385;2.23409763314;0.705882352941;66bbfa8236cd65d2"",""singleton_bridge_count"":36.0,""singleton_bridge_count_norm"":0.7058823529411765,""stable_factor_hash"":""66bbfa8236cd65d2"",""target_mixed_weight"":312.0}]"
hwb_6,hwb_6:combo6,6,ok,ok,,ok,,phase-slack-v1,conservative,0.2,public_resynth_no_gadgets,hwb_6,6,1,0,1,0.0,0,51,11,27.3379970544919,ok,,14.871870397643594,27.3379970544919,13.928571428571429,26.36377025036819,3.8556701030927836,3.857142857142857,7.087628865979381,3.857142857142857,7.541237113402062,29.087628865979383,ok,,1463,27,39501,748,27,20196,51,820,1375,27,37125,1735,51,1684,25,3079,461,1,1735,1.0,1375,1.7756632064590543,1437,27,38799,1659,774,27,20898,845,26,689,0.48872180451127817,3.903225806451613,2.935483870967742,8.308755760368664,7.541237113402062,0.4857142857142857,0.4583333333333333,6.586206896551724,51,11,1463,2101,0.02427415516420752,0.19921875,52,51,1.0,0.0392156862745098,0.21568627450980393,results/public_resynth_tensor_v3_phase_slack_expanded/public_resynth_tensor_v3_phase_slack/hwb_6/structural_combinations/combo6/assembled.qasm,ok,,semantic_role_k2,semantic-role,0.12,390.0,22326.0,57.246153846153845,56.246153846153845,55164.0,2.828923076923077,29238.0,1.4993846153846153,33.0,0.6470588235294118,34.0,0.6938775510204082,49.0,51.0,56.2461538462;1.49938461538;0.647058823529;a4e0a222d545d683,a4e0a222d545d683,"[{""factor_count"":51.0,""gadget_mixed_weight"":35550.0,""gadget_mixed_weight_norm"":100.42372881355932,""mixed_auc_greedy"":40860.0,""mixed_auc_greedy_norm"":2.3084745762711862,""mixed_auc_original"":78396.0,""mixed_auc_original_norm"":4.429152542372881,""mixed_excess_norm"":99.42372881355932,""mixed_group_count"":42.0,""mixed_group_count_norm"":0.8571428571428571,""num_block_rows"":1,""num_factor_groups"":49.0,""partition_id"":""balanced_contiguous_k2"",""partition_kind"":""contiguous"",""score_v3_lex"":""99.4237288136;2.30847457627;0.803921568627;a4e0a222d545d683"",""singleton_bridge_count"":41.0,""singleton_bridge_count_norm"":0.803921568627451,""stable_factor_hash"":""a4e0a222d545d683"",""target_mixed_weight"":354.0},{""factor_count"":51.0,""gadget_mixed_weight"":13686.0,""gadget_mixed_weight_norm"":58.48717948717949,""mixed_auc_greedy"":20490.0,""mixed_auc_greedy_norm"":1.7512820512820513,""mixed_auc_original"":36792.0,""mixed_auc_original_norm"":3.144615384615385,""mixed_excess_norm"":57.48717948717949,""mixed_group_count"":21.0,""mixed_group_count_norm"":0.42857142857142855,""num_block_rows"":1,""num_factor_groups"":49.0,""partition_id"":""semantic_family_k2"",""partition_kind"":""semantic-family"",""score_v3_lex"":""57.4871794872;1.75128205128;0.411764705882;a4e0a222d545d683"",""singleton_bridge_count"":21.0,""singleton_bridge_count_norm"":0.4117647058823529,""stable_factor_hash"":""a4e0a222d545d683"",""target_mixed_weight"":234.0},{""factor_count"":51.0,""gadget_mixed_weight"":22326.0,""gadget_mixed_weight_norm"":57.246153846153845,""mixed_auc_greedy"":29238.0,""mixed_auc_greedy_norm"":1.4993846153846153,""mixed_auc_original"":55164.0,""mixed_auc_original_norm"":2.828923076923077,""mixed_excess_norm"":56.246153846153845,""mixed_group_count"":34.0,""mixed_group_count_norm"":0.6938775510204082,""num_block_rows"":1,""num_factor_groups"":49.0,""partition_id"":""semantic_role_k2"",""partition_kind"":""semantic-role"",""score_v3_lex"":""56.2461538462;1.49938461538;0.647058823529;a4e0a222d545d683"",""singleton_bridge_count"":33.0,""singleton_bridge_count_norm"":0.6470588235294118,""stable_factor_hash"":""a4e0a222d545d683"",""target_mixed_weight"":390.0},{""factor_count"":51.0,""gadget_mixed_weight"":36168.0,""gadget_mixed_weight_norm"":115.92307692307692,""mixed_auc_greedy"":41142.0,""mixed_auc_greedy_norm"":2.6373076923076924,""mixed_auc_original"":80586.0,""mixed_auc_original_norm"":5.1657692307692304,""mixed_excess_norm"":114.92307692307692,""mixed_group_count"":32.0,""mixed_group_count_norm"":0.6530612244897959,""num_block_rows"":1,""num_factor_groups"":49.0,""partition_id"":""tensor_graph_spectral_k2"",""partition_kind"":""tensor-graph"",""score_v3_lex"":""114.923076923;2.63730769231;0.627450980392;a4e0a222d545d683"",""singleton_bridge_count"":32.0,""singleton_bridge_count_norm"":0.6274509803921569,""stable_factor_hash"":""a4e0a222d545d683"",""target_mixed_weight"":312.0}]"
hwb_6,hwb_6:combo7,7,ok,ok,,ok,,phase-slack-v1,conservative,0.2,public_resynth_no_gadgets,hwb_6,7,1,0,1,0.0,0,51,14,28.749631811487482,ok,,16.223858615611192,28.749631811487482,15.280559646539027,27.775405007363773,4.206185567010309,3.857142857142857,7.453608247422681,3.857142857142857,7.912371134020619,30.519145802650957,ok,,1535,27,41445,816,27,22032,51,857,1446,27,39042,1776,51,1725,24,3159,463,1,1776,1.0,1446,1.779718309859155,1509,27,40743,1699,842,27,22734,883,26,693,0.46840390879478827,4.216589861751152,3.248847926267281,8.640552995391705,7.912371134020619,0.4857142857142857,0.5833333333333334,6.7272727272727275,51,14,1535,2146,0.023765144454799627,0.19577735124760076,52,51,1.0,0.0196078431372549,0.27450980392156865,results/public_resynth_tensor_v3_phase_slack_expanded/public_resynth_tensor_v3_phase_slack/hwb_6/structural_combinations/combo7/assembled.qasm,ok,,semantic_role_k2,semantic-role,0.12,390.0,28302.0,72.56923076923077,71.56923076923077,67362.0,3.321597633136095,35250.0,1.7381656804733727,37.0,0.7254901960784313,37.0,0.7254901960784313,51.0,51.0,71.5692307692;1.73816568047;0.725490196078;a7895ded64c3f801,a7895ded64c3f801,"[{""factor_count"":51.0,""gadget_mixed_weight"":47250.0,""gadget_mixed_weight_norm"":133.47457627118644,""mixed_auc_greedy"":47370.0,""mixed_auc_greedy_norm"":2.5733376792698825,""mixed_auc_original"":89058.0,""mixed_auc_original_norm"":4.838005215123859,""mixed_excess_norm"":132.47457627118644,""mixed_group_count"":43.0,""mixed_group_count_norm"":0.8431372549019608,""num_block_rows"":1,""num_factor_groups"":51.0,""partition_id"":""balanced_contiguous_k2"",""partition_kind"":""contiguous"",""score_v3_lex"":""132.474576271;2.57333767927;0.843137254902;a7895ded64c3f801"",""singleton_bridge_count"":43.0,""singleton_bridge_count_norm"":0.8431372549019608,""stable_factor_hash"":""a7895ded64c3f801"",""target_mixed_weight"":354.0},{""factor_count"":51.0,""gadget_mixed_weight"":15786.0,""gadget_mixed_weight_norm"":67.46153846153847,""mixed_auc_greedy"":23412.0,""mixed_auc_greedy_norm"":1.9240631163708086,""mixed_auc_original"":38526.0,""mixed_auc_original_norm"":3.166173570019724,""mixed_excess_norm"":66.46153846153847,""mixed_group_count"":21.0,""mixed_group_count_norm"":0.4117647058823529,""num_block_rows"":1,""num_factor_groups"":51.0,""partition_id"":""semantic_family_k2"",""partition_kind"":""semantic-family"",""score_v3_lex"":""66.4615384615;1.92406311637;0.411764705882;a7895ded64c3f801"",""singleton_bridge_count"":21.0,""singleton_bridge_count_norm"":0.4117647058823529,""stable_factor_hash"":""a7895ded64c3f801"",""target_mixed_weight"":234.0},{""factor_count"":51.0,""gadget_mixed_weight"":28302.0,""gadget_mixed_weight_norm"":72.56923076923077,""mixed_auc_greedy"":35250.0,""mixed_auc_greedy_norm"":1.7381656804733727,""mixed_auc_original"":67362.0,""mixed_auc_original_norm"":3.321597633136095,""mixed_excess_norm"":71.56923076923077,""mixed_group_count"":37.0,""mixed_group_count_norm"":0.7254901960784313,""num_block_rows"":1,""num_factor_groups"":51.0,""partition_id"":""semantic_role_k2"",""partition_kind"":""semantic-role"",""score_v3_lex"":""71.5692307692;1.73816568047;0.725490196078;a7895ded64c3f801"",""singleton_bridge_count"":37.0,""singleton_bridge_count_norm"":0.7254901960784313,""stable_factor_hash"":""a7895ded64c3f801"",""target_mixed_weight"":390.0},{""factor_count"":51.0,""gadget_mixed_weight"":46836.0,""gadget_mixed_weight_norm"":150.1153846153846,""mixed_auc_greedy"":45192.0,""mixed_auc_greedy_norm"":2.785502958579882,""mixed_auc_original"":86544.0,""mixed_auc_original_norm"":5.334319526627219,""mixed_excess_norm"":149.1153846153846,""mixed_group_count"":32.0,""mixed_group_count_norm"":0.6274509803921569,""num_block_rows"":1,""num_factor_groups"":51.0,""partition_id"":""tensor_graph_spectral_k2"",""partition_kind"":""tensor-graph"",""score_v3_lex"":""149.115384615;2.78550295858;0.627450980392;a7895ded64c3f801"",""singleton_bridge_count"":32.0,""singleton_bridge_count_norm"":0.6274509803921569,""stable_factor_hash"":""a7895ded64c3f801"",""target_mixed_weight"":312.0}]"
hwb_6,hwb_6:combo8,8,ok,ok,,ok,,phase-slack-v1,conservative,0.2,public_resynth_no_gadgets,hwb_6,8,1,0,1,0.0,0,51,12,24.952135493372605,ok,,12.525773195876289,24.952135493372605,11.582474226804123,23.977908689248896,3.247422680412371,3.857142857142857,6.469072164948454,3.857142857142857,6.88659793814433,26.56259204712813,ok,,1336,27,36072,630,27,17010,51,643,1255,27,33885,1513,51,1462,22,2679,369,1,1513,1.0,1255,1.7718253968253967,1309,27,35343,1436,657,27,17739,669,27,679,0.5284431137724551,3.19815668202765,2.230414746543779,7.193548387096774,6.88659793814433,0.4857142857142857,0.5,5.623824451410658,51,12,1336,1794,0.028428093645484948,0.22636484687083888,52,51,1.0,0.00980392156862745,0.23529411764705882,results/public_resynth_tensor_v3_phase_slack_expanded/public_resynth_tensor_v3_phase_slack/hwb_6/structural_combinations/combo8/assembled.qasm,ok,,semantic_role_k2,semantic-role,0.12,390.0,13026.0,33.4,32.4,31848.0,1.6332307692307693,24864.0,1.275076923076923,35.0,0.6862745098039216,36.0,0.7346938775510204,49.0,51.0,32.4;1.27507692308;0.686274509804;e071caae9da0b931,e071caae9da0b931,"[{""factor_count"":51.0,""gadget_mixed_weight"":17406.0,""gadget_mixed_weight_norm"":49.16949152542373,""mixed_auc_greedy"":27918.0,""mixed_auc_greedy_norm"":1.5772881355932202,""mixed_auc_original"":31590.0,""mixed_auc_original_norm"":1.7847457627118644,""mixed_excess_norm"":48.16949152542373,""mixed_group_count"":43.0,""mixed_group_count_norm"":0.8775510204081632,""num_block_rows"":1,""num_factor_groups"":49.0,""partition_id"":""balanced_contiguous_k2"",""partition_kind"":""contiguous"",""score_v3_lex"":""48.1694915254;1.57728813559;0.823529411765;e071caae9da0b931"",""singleton_bridge_count"":42.0,""singleton_bridge_count_norm"":0.8235294117647058,""stable_factor_hash"":""e071caae9da0b931"",""target_mixed_weight"":354.0},{""factor_count"":51.0,""gadget_mixed_weight"":6186.0,""gadget_mixed_weight_norm"":26.435897435897434,""mixed_auc_greedy"":14448.0,""mixed_auc_greedy_norm"":1.2348717948717949,""mixed_auc_original"":17676.0,""mixed_auc_original_norm"":1.5107692307692309,""mixed_excess_norm"":25.435897435897434,""mixed_group_count"":21.0,""mixed_group_count_norm"":0.42857142857142855,""num_block_rows"":1,""num_factor_groups"":49.0,""partition_id"":""semantic_family_k2"",""partition_kind"":""semantic-family"",""score_v3_lex"":""25.4358974359;1.23487179487;0.411764705882;e071caae9da0b931"",""singleton_bridge_count"":21.0,""singleton_bridge_count_norm"":0.4117647058823529,""stable_factor_hash"":""e071caae9da0b931"",""target_mixed_weight"":234.0},{""factor_count"":51.0,""gadget_mixed_weight"":13026.0,""gadget_mixed_weight_norm"":33.4,""mixed_auc_greedy"":24864.0,""mixed_auc_greedy_norm"":1.275076923076923,""mixed_auc_original"":31848.0,""mixed_auc_original_norm"":1.6332307692307693,""mixed_excess_norm"":32.4,""mixed_group_count"":36.0,""mixed_group_count_norm"":0.7346938775510204,""num_block_rows"":1,""num_factor_groups"":49.0,""partition_id"":""semantic_role_k2"",""partition_kind"":""semantic-role"",""score_v3_lex"":""32.4;1.27507692308;0.686274509804;e071caae9da0b931"",""singleton_bridge_count"":35.0,""singleton_bridge_count_norm"":0.6862745098039216,""stable_factor_hash"":""e071caae9da0b931"",""target_mixed_weight"":390.0},{""factor_count"":51.0,""gadget_mixed_weight"":17736.0,""gadget_mixed_weight_norm"":56.84615384615385,""mixed_auc_greedy"":30144.0,""mixed_auc_greedy_norm"":1.9323076923076923,""mixed_auc_original"":33162.0,""mixed_auc_original_norm"":2.125769230769231,""mixed_excess_norm"":55.84615384615385,""mixed_group_count"":37.0,""mixed_group_count_norm"":0.7551020408163265,""num_block_rows"":1,""num_factor_groups"":49.0,""partition_id"":""tensor_graph_spectral_k2"",""partition_kind"":""tensor-graph"",""score_v3_lex"":""55.8461538462;1.93230769231;0.725490196078;e071caae9da0b931"",""singleton_bridge_count"":37.0,""singleton_bridge_count_norm"":0.7254901960784313,""stable_factor_hash"":""e071caae9da0b931"",""target_mixed_weight"":312.0}]"
hwb_6,hwb_6:combo9,9,ok,ok,,ok,,phase-slack-v1,conservative,0.2,public_resynth_no_gadgets,hwb_6,9,1,0,1,0.0,0,51,16,26.164948453608247,ok,,13.738586156111928,26.164948453608247,12.795287187039763,25.190721649484537,3.5618556701030926,3.857142857142857,6.783505154639175,3.857142857142857,7.231958762886598,27.894698085419734,ok,,1403,27,37881,691,27,18657,51,693,1316,27,35532,1583,51,1532,25,2792,423,1,1583,1.0,1316,1.7648546144121366,1376,27,37152,1506,718,27,19386,719,27,685,0.5074839629365645,3.5023041474654377,2.5345622119815667,7.649769585253456,7.231958762886598,0.4857142857142857,0.6666666666666666,5.987460815047022,51,16,1403,1910,0.026701570680628273,0.21528070915998312,52,51,1.0,0.00980392156862745,0.3137254901960784,results/public_resynth_tensor_v3_phase_slack_expanded/public_resynth_tensor_v3_phase_slack/hwb_6/structural_combinations/combo9/assembled.qasm,ok,,semantic_role_k2,semantic-role,0.12,390.0,18546.0,47.55384615384615,46.55384615384615,34872.0,1.7883076923076924,29124.0,1.4935384615384615,35.0,0.6862745098039216,36.0,0.7346938775510204,49.0,51.0,46.5538461538;1.49353846154;0.686274509804;42ca36dce70f9d71,42ca36dce70f9d71,"[{""factor_count"":51.0,""gadget_mixed_weight"":26118.0,""gadget_mixed_weight_norm"":73.77966101694915,""mixed_auc_greedy"":33900.0,""mixed_auc_greedy_norm"":1.9152542372881356,""mixed_auc_original"":41028.0,""mixed_auc_original_norm"":2.3179661016949153,""mixed_excess_norm"":72.77966101694915,""mixed_group_count"":42.0,""mixed_group_count_norm"":0.8571428571428571,""num_block_rows"":1,""num_factor_groups"":49.0,""partition_id"":""balanced_contiguous_k2"",""partition_kind"":""contiguous"",""score_v3_lex"":""72.7796610169;1.91525423729;0.803921568627;42ca36dce70f9d71"",""singleton_bridge_count"":41.0,""singleton_bridge_count_norm"":0.803921568627451,""stable_factor_hash"":""42ca36dce70f9d71"",""target_mixed_weight"":354.0},{""factor_count"":51.0,""gadget_mixed_weight"":11094.0,""gadget_mixed_weight_norm"":47.41025641025641,""mixed_auc_greedy"":19008.0,""mixed_auc_greedy_norm"":1.6246153846153846,""mixed_auc_original"":21234.0,""mixed_auc_original_norm"":1.814871794871795,""mixed_excess_norm"":46.41025641025641,""mixed_group_count"":21.0,""mixed_group_count_norm"":0.42857142857142855,""num_block_rows"":1,""num_factor_groups"":49.0,""partition_id"":""semantic_family_k2"",""partition_kind"":""semantic-family"",""score_v3_lex"":""46.4102564103;1.62461538462;0.411764705882;42ca36dce70f9d71"",""singleton_bridge_count"":21.0,""singleton_bridge_count_norm"":0.4117647058823529,""stable_factor_hash"":""42ca36dce70f9d71"",""target_mixed_weight"":234.0},{""factor_count"":51.0,""gadget_mixed_weight"":18546.0,""gadget_mixed_weight_norm"":47.55384615384615,""mixed_auc_greedy"":29124.0,""mixed_auc_greedy_norm"":1.4935384615384615,""mixed_auc_original"":34872.0,""mixed_auc_original_norm"":1.7883076923076924,""mixed_excess_norm"":46.55384615384615,""mixed_group_count"":36.0,""mixed_group_count_norm"":0.7346938775510204,""num_block_rows"":1,""num_factor_groups"":49.0,""partition_id"":""semantic_role_k2"",""partition_kind"":""semantic-role"",""score_v3_lex"":""46.5538461538;1.49353846154;0.686274509804;42ca36dce70f9d71"",""singleton_bridge_count"":35.0,""singleton_bridge_count_norm"":0.6862745098039216,""stable_factor_hash"":""42ca36dce70f9d71"",""target_mixed_weight"":390.0},{""factor_count"":51.0,""gadget_mixed_weight"":25512.0,""gadget_mixed_weight_norm"":81.76923076923077,""mixed_auc_greedy"":33714.0,""mixed_auc_greedy_norm"":2.161153846153846,""mixed_auc_original"":39252.0,""mixed_auc_original_norm"":2.516153846153846,""mixed_excess_norm"":80.76923076923077,""mixed_group_count"":32.0,""mixed_group_count_norm"":0.6530612244897959,""num_block_rows"":1,""num_factor_groups"":49.0,""partition_id"":""tensor_graph_spectral_k2"",""partition_kind"":""tensor-graph"",""score_v3_lex"":""80.7692307692;2.16115384615;0.627450980392;42ca36dce70f9d71"",""singleton_bridge_count"":32.0,""singleton_bridge_count_norm"":0.6274509803921569,""stable_factor_hash"":""42ca36dce70f9d71"",""target_mixed_weight"":312.0}]"
hwb_6,hwb_6:combo10,10,ok,ok,,ok,,phase-slack-v1,conservative,0.2,public_resynth_gadgets,hwb_6,0,1,1,0,1.0,1,70,12,16.74079528718704,ok,,4.572901325478645,16.74079528718704,3.6296023564064797,15.76656848306333,1.1855670103092784,3.857142857142857,4.34020618556701,3.857142857142857,4.804123711340206,18.53019145802651,ok,,932,27,25164,230,27,6210,70,231,842,27,22734,1203,70,1019,25,1959,315,1,1203,1.0,842,1.6297836938435941,903,27,24381,998,259,27,6993,259,29,673,0.7532188841201717,1.7695852534562213,0.8018433179723503,5.552995391705069,4.804123711340206,0.6666666666666666,0.5,4.545454545454546,70,12,932,1450,0.04827586206896552,0.33653846153846156,51,50,1.4,0.3,0.17142857142857143,results/public_resynth_tensor_v3_phase_slack_expanded/public_resynth_tensor_v3_phase_slack/hwb_6/structural_combinations/combo10/assembled.qasm,ok,,semantic_role_k2,semantic-role,0.12,390.0,714.0,1.8307692307692307,0.8307692307692308,1758.0,0.4097902097902098,1524.0,0.35524475524475524,0.0,0.0,10.0,1.0,10.0,70.0,0.830769230769;0.355244755245;0;e77569796964d31b,e77569796964d31b,"[{""factor_count"":70.0,""gadget_mixed_weight"":702.0,""gadget_mixed_weight_norm"":1.9830508474576272,""mixed_auc_greedy"":1284.0,""mixed_auc_greedy_norm"":0.32973805855161786,""mixed_auc_original"":1788.0,""mixed_auc_original_norm"":0.4591679506933744,""mixed_excess_norm"":0.9830508474576272,""mixed_group_count"":7.0,""mixed_group_count_norm"":0.7,""num_block_rows"":1,""num_factor_groups"":10.0,""partition_id"":""balanced_contiguous_k2"",""partition_kind"":""contiguous"",""score_v3_lex"":""0.983050847458;0.329738058552;0;e77569796964d31b"",""singleton_bridge_count"":0.0,""singleton_bridge_count_norm"":0.0,""stable_factor_hash"":""e77569796964d31b"",""target_mixed_weight"":354.0},{""factor_count"":70.0,""gadget_mixed_weight"":258.0,""gadget_mixed_weight_norm"":1.1025641025641026,""mixed_auc_greedy"":492.0,""mixed_auc_greedy_norm"":0.19114219114219114,""mixed_auc_original"":774.0,""mixed_auc_original_norm"":0.3006993006993007,""mixed_excess_norm"":0.10256410256410256,""mixed_group_count"":5.0,""mixed_group_count_norm"":0.5,""num_block_rows"":1,""num_factor_groups"":10.0,""partition_id"":""semantic_family_k2"",""partition_kind"":""semantic-family"",""score_v3_lex"":""0.102564102564;0.191142191142;0;e77569796964d31b"",""singleton_bridge_count"":0.0,""singleton_bridge_count_norm"":0.0,""stable_factor_hash"":""e77569796964d31b"",""target_mixed_weight"":234.0},{""factor_count"":70.0,""gadget_mixed_weight"":714.0,""gadget_mixed_weight_norm"":1.8307692307692307,""mixed_auc_greedy"":1524.0,""mixed_auc_greedy_norm"":0.35524475524475524,""mixed_auc_original"":1758.0,""mixed_auc_original_norm"":0.4097902097902098,""mixed_excess_norm"":0.8307692307692308,""mixed_group_count"":10.0,""mixed_group_count_norm"":1.0,""num_block_rows"":1,""num_factor_groups"":10.0,""partition_id"":""semantic_role_k2"",""partition_kind"":""semantic-role"",""score_v3_lex"":""0.830769230769;0.355244755245;0;e77569796964d31b"",""singleton_bridge_count"":0.0,""singleton_bridge_count_norm"":0.0,""stable_factor_hash"":""e77569796964d31b"",""target_mixed_weight"":390.0},{""factor_count"":70.0,""gadget_mixed_weight"":552.0,""gadget_mixed_weight_norm"":1.7692307692307692,""mixed_auc_greedy"":960.0,""mixed_auc_greedy_norm"":0.27972027972027974,""mixed_auc_original"":1176.0,""mixed_auc_original_norm"":0.34265734265734266,""mixed_excess_norm"":0.7692307692307693,""mixed_group_count"":5.0,""mixed_group_count_norm"":0.5,""num_block_rows"":1,""num_factor_groups"":10.0,""partition_id"":""tensor_graph_spectral_k2"",""partition_kind"":""tensor-graph"",""score_v3_lex"":""0.769230769231;0.27972027972;0;e77569796964d31b"",""singleton_bridge_count"":0.0,""singleton_bridge_count_norm"":0.0,""stable_factor_hash"":""e77569796964d31b"",""target_mixed_weight"":312.0}]"
hwb_6,hwb_6:combo11,11,ok,ok,,ok,,phase-slack-v1,conservative,0.2,public_resynth_gadgets,hwb_6,1,1,1,0,1.0,1,70,13,16.363033873343152,ok,,3.9366715758468334,16.363033873343152,2.9933726067746687,15.38880706921944,1.0206185567010309,3.857142857142857,4.242268041237113,3.857142857142857,4.695876288659794,18.112665684830635,ok,,911,27,24597,198,27,5346,70,208,823,27,22221,1200,70,1026,23,1940,355,1,1200,1.0,823,1.6180150125104253,877,27,23679,1004,232,27,6264,239,34,688,0.7925356750823271,1.6543778801843319,0.6866359447004609,5.635944700460829,4.695876288659794,0.6666666666666666,0.5416666666666666,4.670846394984326,70,13,911,1490,0.04697986577181208,0.330188679245283,51,50,1.4,0.3,0.18571428571428572,results/public_resynth_tensor_v3_phase_slack_expanded/public_resynth_tensor_v3_phase_slack/hwb_6/structural_combinations/combo11/assembled.qasm,ok,,semantic_role_k2,semantic-role,0.12,390.0,678.0,1.7384615384615385,0.7384615384615385,1542.0,0.3594405594405594,1644.0,0.3832167832167832,0.0,0.0,8.0,0.8,10.0,70.0,0.738461538462;0.383216783217;0;81cdd126653eaa63,81cdd126653eaa63,"[{""factor_count"":70.0,""gadget_mixed_weight"":774.0,""gadget_mixed_weight_norm"":2.1864406779661016,""mixed_auc_greedy"":1494.0,""mixed_auc_greedy_norm"":0.38366718027734975,""mixed_auc_original"":2052.0,""mixed_auc_original_norm"":0.5269645608628659,""mixed_excess_norm"":1.1864406779661016,""mixed_group_count"":7.0,""mixed_group_count_norm"":0.7,""num_block_rows"":1,""num_factor_groups"":10.0,""partition_id"":""balanced_contiguous_k2"",""partition_kind"":""contiguous"",""score_v3_lex"":""1.18644067797;0.383667180277;0;81cdd126653eaa63"",""singleton_bridge_count"":0.0,""singleton_bridge_count_norm"":0.0,""stable_factor_hash"":""81cdd126653eaa63"",""target_mixed_weight"":354.0},{""factor_count"":70.0,""gadget_mixed_weight"":258.0,""gadget_mixed_weight_norm"":1.1025641025641026,""mixed_auc_greedy"":480.0,""mixed_auc_greedy_norm"":0.1864801864801865,""mixed_auc_original"":510.0,""mixed_auc_original_norm"":0.19813519813519814,""mixed_excess_norm"":0.10256410256410256,""mixed_group_count"":5.0,""mixed_group_count_norm"":0.5,""num_block_rows"":1,""num_factor_groups"":10.0,""partition_id"":""semantic_family_k2"",""partition_kind"":""semantic-family"",""score_v3_lex"":""0.102564102564;0.18648018648;0;81cdd126653eaa63"",""singleton_bridge_count"":0.0,""singleton_bridge_count_norm"":0.0,""stable_factor_hash"":""81cdd126653eaa63"",""target_mixed_weight"":234.0},{""factor_count"":70.0,""gadget_mixed_weight"":678.0,""gadget_mixed_weight_norm"":1.7384615384615385,""mixed_auc_greedy"":1644.0,""mixed_auc_greedy_norm"":0.3832167832167832,""mixed_auc_original"":1542.0,""mixed_auc_original_norm"":0.3594405594405594,""mixed_excess_norm"":0.7384615384615385,""mixed_group_count"":8.0,""mixed_group_count_norm"":0.8,""num_block_rows"":1,""num_factor_groups"":10.0,""partition_id"":""semantic_role_k2"",""partition_kind"":""semantic-role"",""score_v3_lex"":""0.738461538462;0.383216783217;0;81cdd126653eaa63"",""singleton_bridge_count"":0.0,""singleton_bridge_count_norm"":0.0,""stable_factor_hash"":""81cdd126653eaa63"",""target_mixed_weight"":390.0},{""factor_count"":70.0,""gadget_mixed_weight"":624.0,""gadget_mixed_weight_norm"":2.0,""mixed_auc_greedy"":990.0,""mixed_auc_greedy_norm"":0.28846153846153844,""mixed_auc_original"":1170.0,""mixed_auc_original_norm"":0.3409090909090909,""mixed_excess_norm"":1.0,""mixed_group_count"":5.0,""mixed_group_count_norm"":0.5,""num_block_rows"":1,""num_factor_groups"":10.0,""partition_id"":""tensor_graph_spectral_k2"",""partition_kind"":""tensor-graph"",""score_v3_lex"":""1;0.288461538462;0;81cdd126653eaa63"",""singleton_bridge_count"":0.0,""singleton_bridge_count_norm"":0.0,""stable_factor_hash"":""81cdd126653eaa63"",""target_mixed_weight"":312.0}]"
hwb_6,hwb_6:combo12,12,ok,ok,,ok,,phase-slack-v1,conservative,0.2,public_resynth_gadgets,hwb_6,2,1,1,0,1.0,1,70,16,17.436671575846834,ok,,5.109720176730486,17.436671575846834,4.1664212076583205,16.462444771723124,1.324742268041237,3.857142857142857,4.520618556701031,3.857142857142857,4.917525773195877,18.96759941089838,ok,,954,27,25758,257,27,6939,70,273,877,27,23679,1252,70,1071,23,2061,317,1,1252,1.0,877,1.6474820143884892,923,27,24921,1037,288,27,7776,308,31,666,0.7306079664570231,2.0,1.032258064516129,5.723502304147465,4.917525773195877,0.6666666666666666,0.6666666666666666,4.64576802507837,70,16,954,1482,0.04723346828609987,0.3314393939393939,51,50,1.4,0.3,0.22857142857142856,results/public_resynth_tensor_v3_phase_slack_expanded/public_resynth_tensor_v3_phase_slack/hwb_6/structural_combinations/combo12/assembled.qasm,ok,,semantic_role_k2,semantic-role,0.12,390.0,702.0,1.8,0.8,2430.0,0.5664335664335665,1410.0,0.32867132867132864,0.0,0.0,9.0,0.9,10.0,70.0,0.8;0.328671328671;0;fc9474499aeff00d,fc9474499aeff00d,"[{""factor_count"":70.0,""gadget_mixed_weight"":666.0,""gadget_mixed_weight_norm"":1.88135593220339,""mixed_auc_greedy"":1122.0,""mixed_auc_greedy_norm"":0.288135593220339,""mixed_auc_original"":1818.0,""mixed_auc_original_norm"":0.46687211093990755,""mixed_excess_norm"":0.8813559322033898,""mixed_group_count"":7.0,""mixed_group_count_norm"":0.7,""num_block_rows"":1,""num_factor_groups"":10.0,""partition_id"":""balanced_contiguous_k2"",""partition_kind"":""contiguous"",""score_v3_lex"":""0.881355932203;0.28813559322;0;fc9474499aeff00d"",""singleton_bridge_count"":0.0,""singleton_bridge_count_norm"":0.0,""stable_factor_hash"":""fc9474499aeff00d"",""target_mixed_weight"":354.0},{""factor_count"":70.0,""gadget_mixed_weight"":306.0,""gadget_mixed_weight_norm"":1.3076923076923077,""mixed_auc_greedy"":558.0,""mixed_auc_greedy_norm"":0.21678321678321677,""mixed_auc_original"":1572.0,""mixed_auc_original_norm"":0.6107226107226107,""mixed_excess_norm"":0.3076923076923077,""mixed_group_count"":6.0,""mixed_group_count_norm"":0.6,""num_block_rows"":1,""num_factor_groups"":10.0,""partition_id"":""semantic_family_k2"",""partition_kind"":""semantic-family"",""score_v3_lex"":""0.307692307692;0.216783216783;0;fc9474499aeff00d"",""singleton_bridge_count"":0.0,""singleton_bridge_count_norm"":0.0,""stable_factor_hash"":""fc9474499aeff00d"",""target_mixed_weight"":234.0},{""factor_count"":70.0,""gadget_mixed_weight"":702.0,""gadget_mixed_weight_norm"":1.8,""mixed_auc_greedy"":1410.0,""mixed_auc_greedy_norm"":0.32867132867132864,""mixed_auc_original"":2430.0,""mixed_auc_original_norm"":0.5664335664335665,""mixed_excess_norm"":0.8,""mixed_group_count"":9.0,""mixed_group_count_norm"":0.9,""num_block_rows"":1,""num_factor_groups"":10.0,""partition_id"":""semantic_role_k2"",""partition_kind"":""semantic-role"",""score_v3_lex"":""0.8;0.328671328671;0;fc9474499aeff00d"",""singleton_bridge_count"":0.0,""singleton_bridge_count_norm"":0.0,""stable_factor_hash"":""fc9474499aeff00d"",""target_mixed_weight"":390.0},{""factor_count"":70.0,""gadget_mixed_weight"":588.0,""gadget_mixed_weight_norm"":1.8846153846153846,""mixed_auc_greedy"":1014.0,""mixed_auc_greedy_norm"":0.29545454545454547,""mixed_auc_original"":2292.0,""mixed_auc_original_norm"":0.6678321678321678,""mixed_excess_norm"":0.8846153846153846,""mixed_group_count"":5.0,""mixed_group_count_norm"":0.5,""num_block_rows"":1,""num_factor_groups"":10.0,""partition_id"":""tensor_graph_spectral_k2"",""partition_kind"":""tensor-graph"",""score_v3_lex"":""0.884615384615;0.295454545455;0;fc9474499aeff00d"",""singleton_bridge_count"":0.0,""singleton_bridge_count_norm"":0.0,""stable_factor_hash"":""fc9474499aeff00d"",""target_mixed_weight"":312.0}]"
hwb_6,hwb_6:combo13,13,ok,ok,,ok,,phase-slack-v1,conservative,0.2,public_resynth_gadgets,hwb_6,3,1,1,0,1.0,1,70,17,16.99926362297496,ok,,4.652430044182622,16.99926362297496,3.7091310751104567,16.02503681885125,1.2061855670103092,3.857142857142857,4.407216494845361,3.857142857142857,4.819587628865979,18.58983799705449,ok,,935,27,25245,234,27,6318,70,225,855,27,23085,1197,70,1017,22,1954,311,1,1197,1.0,855,1.6337792642140467,902,27,24354,990,267,27,7209,256,33,668,0.7497326203208556,1.7004608294930876,0.7327188940092166,5.465437788018433,4.819587628865979,0.6666666666666666,0.7083333333333334,4.504702194357367,70,17,935,1437,0.04871259568545581,0.3386550556361877,51,50,1.4,0.3,0.24285714285714285,results/public_resynth_tensor_v3_phase_slack_expanded/public_resynth_tensor_v3_phase_slack/hwb_6/structural_combinations/combo13/assembled.qasm,ok,,semantic_role_k2,semantic-role,0.12,390.0,666.0,1.7076923076923076,0.7076923076923077,1830.0,0.42657342657342656,1578.0,0.3678321678321678,0.0,0.0,10.0,1.0,10.0,70.0,0.707692307692;0.367832167832;0;661e248adbbaf71d,661e248adbbaf71d,"[{""factor_count"":70.0,""gadget_mixed_weight"":774.0,""gadget_mixed_weight_norm"":2.1864406779661016,""mixed_auc_greedy"":1410.0,""mixed_auc_greedy_norm"":0.362095531587057,""mixed_auc_original"":2028.0,""mixed_auc_original_norm"":0.5208012326656395,""mixed_excess_norm"":1.1864406779661016,""mixed_group_count"":7.0,""mixed_group_count_norm"":0.7,""num_block_rows"":1,""num_factor_groups"":10.0,""partition_id"":""balanced_contiguous_k2"",""partition_kind"":""contiguous"",""score_v3_lex"":""1.18644067797;0.362095531587;0;661e248adbbaf71d"",""singleton_bridge_count"":0.0,""singleton_bridge_count_norm"":0.0,""stable_factor_hash"":""661e248adbbaf71d"",""target_mixed_weight"":354.0},{""factor_count"":70.0,""gadget_mixed_weight"":258.0,""gadget_mixed_weight_norm"":1.1025641025641026,""mixed_auc_greedy"":504.0,""mixed_auc_greedy_norm"":0.1958041958041958,""mixed_auc_original"":672.0,""mixed_auc_original_norm"":0.26107226107226106,""mixed_excess_norm"":0.10256410256410256,""mixed_group_count"":5.0,""mixed_group_count_norm"":0.5,""num_block_rows"":1,""num_factor_groups"":10.0,""partition_id"":""semantic_family_k2"",""partition_kind"":""semantic-family"",""score_v3_lex"":""0.102564102564;0.195804195804;0;661e248adbbaf71d"",""singleton_bridge_count"":0.0,""singleton_bridge_count_norm"":0.0,""stable_factor_hash"":""661e248adbbaf71d"",""target_mixed_weight"":234.0},{""factor_count"":70.0,""gadget_mixed_weight"":666.0,""gadget_mixed_weight_norm"":1.7076923076923076,""mixed_auc_greedy"":1578.0,""mixed_auc_greedy_norm"":0.3678321678321678,""mixed_auc_original"":1830.0,""mixed_auc_original_norm"":0.42657342657342656,""mixed_excess_norm"":0.7076923076923077,""mixed_group_count"":10.0,""mixed_group_count_norm"":1.0,""num_block_rows"":1,""num_factor_groups"":10.0,""partition_id"":""semantic_role_k2"",""partition_kind"":""semantic-role"",""score_v3_lex"":""0.707692307692;0.367832167832;0;661e248adbbaf71d"",""singleton_bridge_count"":0.0,""singleton_bridge_count_norm"":0.0,""stable_factor_hash"":""661e248adbbaf71d"",""target_mixed_weight"":390.0},{""factor_count"":70.0,""gadget_mixed_weight"":648.0,""gadget_mixed_weight_norm"":2.076923076923077,""mixed_auc_greedy"":1242.0,""mixed_auc_greedy_norm"":0.3618881118881119,""mixed_auc_original"":1272.0,""mixed_auc_original_norm"":0.3706293706293706,""mixed_excess_norm"":1.0769230769230769,""mixed_group_count"":5.0,""mixed_group_count_norm"":0.5,""num_block_rows"":1,""num_factor_groups"":10.0,""partition_id"":""tensor_graph_spectral_k2"",""partition_kind"":""tensor-graph"",""score_v3_lex"":""1.07692307692;0.361888111888;0;661e248adbbaf71d"",""singleton_bridge_count"":0.0,""singleton_bridge_count_norm"":0.0,""stable_factor_hash"":""661e248adbbaf71d"",""target_mixed_weight"":312.0}]"
hwb_6,hwb_6:combo14,14,ok,ok,,ok,,phase-slack-v1,conservative,0.2,public_resynth_gadgets,hwb_6,4,1,1,0,1.0,1,70,13,15.945508100147276,ok,,3.5589101620029453,15.945508100147276,2.61561119293078,14.971281296023564,0.9226804123711341,3.857142857142857,4.134020618556701,3.857142857142857,4.551546391752577,17.555964653902798,ok,,883,27,23841,179,27,4833,70,211,802,27,21654,1197,70,1017,23,1946,331,1,1197,1.0,802,1.6270903010033444,856,27,23112,988,206,27,5562,241,29,677,0.7995469988674971,1.6175115207373272,0.6497695852534562,5.460829493087558,4.551546391752577,0.6666666666666666,0.5416666666666666,4.532915360501567,70,13,883,1446,0.048409405255878286,0.3371868978805395,51,50,1.4,0.3,0.18571428571428572,results/public_resynth_tensor_v3_phase_slack_expanded/public_resynth_tensor_v3_phase_slack/hwb_6/structural_combinations/combo14/assembled.qasm,ok,,semantic_role_k2,semantic-role,0.12,390.0,486.0,1.2461538461538462,0.24615384615384617,2214.0,0.5160839160839161,1212.0,0.28251748251748254,0.0,0.0,9.0,0.9,10.0,70.0,0.246153846154;0.282517482517;0;4e95d383913871b6,4e95d383913871b6,"[{""factor_count"":70.0,""gadget_mixed_weight"":510.0,""gadget_mixed_weight_norm"":1.4406779661016949,""mixed_auc_greedy"":1062.0,""mixed_auc_greedy_norm"":0.2727272727272727,""mixed_auc_original"":2214.0,""mixed_auc_original_norm"":0.5685670261941448,""mixed_excess_norm"":0.4406779661016949,""mixed_group_count"":7.0,""mixed_group_count_norm"":0.7,""num_block_rows"":1,""num_factor_groups"":10.0,""partition_id"":""balanced_contiguous_k2"",""partition_kind"":""contiguous"",""score_v3_lex"":""0.440677966102;0.272727272727;0;4e95d383913871b6"",""singleton_bridge_count"":0.0,""singleton_bridge_count_norm"":0.0,""stable_factor_hash"":""4e95d383913871b6"",""target_mixed_weight"":354.0},{""factor_count"":70.0,""gadget_mixed_weight"":270.0,""gadget_mixed_weight_norm"":1.1538461538461537,""mixed_auc_greedy"":492.0,""mixed_auc_greedy_norm"":0.19114219114219114,""mixed_auc_original"":1146.0,""mixed_auc_original_norm"":0.44522144522144524,""mixed_excess_norm"":0.15384615384615385,""mixed_group_count"":5.0,""mixed_group_count_norm"":0.5,""num_block_rows"":1,""num_factor_groups"":10.0,""partition_id"":""semantic_family_k2"",""partition_kind"":""semantic-family"",""score_v3_lex"":""0.153846153846;0.191142191142;0;4e95d383913871b6"",""singleton_bridge_count"":0.0,""singleton_bridge_count_norm"":0.0,""stable_factor_hash"":""4e95d383913871b6"",""target_mixed_weight"":234.0},{""factor_count"":70.0,""gadget_mixed_weight"":486.0,""gadget_mixed_weight_norm"":1.2461538461538462,""mixed_auc_greedy"":1212.0,""mixed_auc_greedy_norm"":0.28251748251748254,""mixed_auc_original"":2214.0,""mixed_auc_original_norm"":0.5160839160839161,""mixed_excess_norm"":0.24615384615384617,""mixed_group_count"":9.0,""mixed_group_count_norm"":0.9,""num_block_rows"":1,""num_factor_groups"":10.0,""partition_id"":""semantic_role_k2"",""partition_kind"":""semantic-role"",""score_v3_lex"":""0.246153846154;0.282517482517;0;4e95d383913871b6"",""singleton_bridge_count"":0.0,""singleton_bridge_count_norm"":0.0,""stable_factor_hash"":""4e95d383913871b6"",""target_mixed_weight"":390.0},{""factor_count"":70.0,""gadget_mixed_weight"":384.0,""gadget_mixed_weight_norm"":1.2307692307692308,""mixed_auc_greedy"":618.0,""mixed_auc_greedy_norm"":0.18006993006993008,""mixed_auc_original"":2166.0,""mixed_auc_original_norm"":0.6311188811188811,""mixed_excess_norm"":0.23076923076923078,""mixed_group_count"":4.0,""mixed_group_count_norm"":0.4,""num_block_rows"":1,""num_factor_groups"":10.0,""partition_id"":""tensor_graph_spectral_k2"",""partition_kind"":""tensor-graph"",""score_v3_lex"":""0.230769230769;0.18006993007;0;4e95d383913871b6"",""singleton_bridge_count"":0.0,""singleton_bridge_count_norm"":0.0,""stable_factor_hash"":""4e95d383913871b6"",""target_mixed_weight"":312.0}]"
hwb_6,hwb_6:combo15,15,ok,ok,,ok,,phase-slack-v1,conservative,0.2,public_resynth_gadgets,hwb_6,5,1,1,0,1.0,1,70,20,16.184094256259204,ok,,3.8770250368188512,16.184094256259204,2.9337260677466865,15.209867452135493,1.0051546391752577,3.857142857142857,4.195876288659794,3.857142857142857,4.628865979381444,17.85419734904271,ok,,898,27,24246,195,27,5265,70,206,814,27,21978,1195,70,1012,23,1935,335,1,1195,1.0,814,1.620603015075377,868,27,23436,981,225,27,6075,239,31,673,0.7839643652561247,1.631336405529954,0.663594470046083,5.451612903225806,4.628865979381444,0.6666666666666666,0.8333333333333334,4.5423197492163006,70,20,898,1449,0.04830917874396135,0.3367003367003367,51,50,1.4,0.3,0.2857142857142857,results/public_resynth_tensor_v3_phase_slack_expanded/public_resynth_tensor_v3_phase_slack/hwb_6/structural_combinations/combo15/assembled.qasm,ok,,semantic_role_k2,semantic-role,0.12,390.0,690.0,1.7692307692307692,0.7692307692307693,1968.0,0.45874125874125876,1524.0,0.35524475524475524,0.0,0.0,9.0,0.9,10.0,70.0,0.769230769231;0.355244755245;0;d5c87ba20629da69,d5c87ba20629da69,"[{""factor_count"":70.0,""gadget_mixed_weight"":678.0,""gadget_mixed_weight_norm"":1.9152542372881356,""mixed_auc_greedy"":1158.0,""mixed_auc_greedy_norm"":0.29738058551617874,""mixed_auc_original"":2190.0,""mixed_auc_original_norm"":0.5624036979969184,""mixed_excess_norm"":0.9152542372881356,""mixed_group_count"":7.0,""mixed_group_count_norm"":0.7,""num_block_rows"":1,""num_factor_groups"":10.0,""partition_id"":""balanced_contiguous_k2"",""partition_kind"":""contiguous"",""score_v3_lex"":""0.915254237288;0.297380585516;0;d5c87ba20629da69"",""singleton_bridge_count"":0.0,""singleton_bridge_count_norm"":0.0,""stable_factor_hash"":""d5c87ba20629da69"",""target_mixed_weight"":354.0},{""factor_count"":70.0,""gadget_mixed_weight"":246.0,""gadget_mixed_weight_norm"":1.0512820512820513,""mixed_auc_greedy"":498.0,""mixed_auc_greedy_norm"":0.19347319347319347,""mixed_auc_original"":810.0,""mixed_auc_original_norm"":0.3146853146853147,""mixed_excess_norm"":0.05128205128205128,""mixed_group_count"":5.0,""mixed_group_count_norm"":0.5,""num_block_rows"":1,""num_factor_groups"":10.0,""partition_id"":""semantic_family_k2"",""partition_kind"":""semantic-family"",""score_v3_lex"":""0.0512820512821;0.193473193473;0;d5c87ba20629da69"",""singleton_bridge_count"":0.0,""singleton_bridge_count_norm"":0.0,""stable_factor_hash"":""d5c87ba20629da69"",""target_mixed_weight"":234.0},{""factor_count"":70.0,""gadget_mixed_weight"":690.0,""gadget_mixed_weight_norm"":1.7692307692307692,""mixed_auc_greedy"":1524.0,""mixed_auc_greedy_norm"":0.35524475524475524,""mixed_auc_original"":1968.0,""mixed_auc_original_norm"":0.45874125874125876,""mixed_excess_norm"":0.7692307692307693,""mixed_group_count"":9.0,""mixed_group_count_norm"":0.9,""num_block_rows"":1,""num_factor_groups"":10.0,""partition_id"":""semantic_role_k2"",""partition_kind"":""semantic-role"",""score_v3_lex"":""0.769230769231;0.355244755245;0;d5c87ba20629da69"",""singleton_bridge_count"":0.0,""singleton_bridge_count_norm"":0.0,""stable_factor_hash"":""d5c87ba20629da69"",""target_mixed_weight"":390.0},{""factor_count"":70.0,""gadget_mixed_weight"":540.0,""gadget_mixed_weight_norm"":1.7307692307692308,""mixed_auc_greedy"":936.0,""mixed_auc_greedy_norm"":0.2727272727272727,""mixed_auc_original"":1416.0,""mixed_auc_original_norm"":0.4125874125874126,""mixed_excess_norm"":0.7307692307692307,""mixed_group_count"":5.0,""mixed_group_count_norm"":0.5,""num_block_rows"":1,""num_factor_groups"":10.0,""partition_id"":""tensor_graph_spectral_k2"",""partition_kind"":""tensor-graph"",""score_v3_lex"":""0.730769230769;0.272727272727;0;d5c87ba20629da69"",""singleton_bridge_count"":0.0,""singleton_bridge_count_norm"":0.0,""stable_factor_hash"":""d5c87ba20629da69"",""target_mixed_weight"":312.0}]"
hwb_6,hwb_6:combo16,16,ok,ok,,ok,,phase-slack-v1,conservative,0.2,public_resynth_gadgets,hwb_6,6,1,1,0,1.0,1,70,14,15.985272459499264,ok,,3.8770250368188512,15.985272459499264,2.9337260677466865,15.011045655375552,1.0051546391752577,3.857142857142857,4.144329896907217,3.857142857142857,4.5,17.357142857142858,ok,,873,27,23571,195,27,5265,70,217,804,27,21708,1194,70,1011,25,1944,311,1,1194,1.0,804,1.6295054484492875,846,27,22842,975,222,27,5994,254,34,651,0.7846506300114547,1.705069124423963,0.7373271889400921,5.377880184331797,4.5,0.6666666666666666,0.5833333333333334,4.445141065830721,70,14,873,1418,0.04936530324400564,0.341796875,51,50,1.4,0.3,0.2,results/public_resynth_tensor_v3_phase_slack_expanded/public_resynth_tensor_v3_phase_slack/hwb_6/structural_combinations/combo16/assembled.qasm,ok,,semantic_role_k2,semantic-role,0.12,390.0,630.0,1.6153846153846154,0.6153846153846154,2568.0,0.5986013986013986,1464.0,0.3412587412587413,0.0,0.0,10.0,1.0,10.0,70.0,0.615384615385;0.341258741259;0;a2c9e8d3b383e6f7,a2c9e8d3b383e6f7,"[{""factor_count"":70.0,""gadget_mixed_weight"":642.0,""gadget_mixed_weight_norm"":1.8135593220338984,""mixed_auc_greedy"":1116.0,""mixed_auc_greedy_norm"":0.28659476117103233,""mixed_auc_original"":2244.0,""mixed_auc_original_norm"":0.576271186440678,""mixed_excess_norm"":0.8135593220338984,""mixed_group_count"":7.0,""mixed_group_count_norm"":0.7,""num_block_rows"":1,""num_factor_groups"":10.0,""partition_id"":""balanced_contiguous_k2"",""partition_kind"":""contiguous"",""score_v3_lex"":""0.813559322034;0.286594761171;0;a2c9e8d3b383e6f7"",""singleton_bridge_count"":0.0,""singleton_bridge_count_norm"":0.0,""stable_factor_hash"":""a2c9e8d3b383e6f7"",""target_mixed_weight"":354.0},{""factor_count"":70.0,""gadget_mixed_weight"":258.0,""gadget_mixed_weight_norm"":1.1025641025641026,""mixed_auc_greedy"":492.0,""mixed_auc_greedy_norm"":0.19114219114219114,""mixed_auc_original"":1464.0,""mixed_auc_original_norm"":0.5687645687645687,""mixed_excess_norm"":0.10256410256410256,""mixed_group_count"":5.0,""mixed_group_count_norm"":0.5,""num_block_rows"":1,""num_factor_groups"":10.0,""partition_id"":""semantic_family_k2"",""partition_kind"":""semantic-family"",""score_v3_lex"":""0.102564102564;0.191142191142;0;a2c9e8d3b383e6f7"",""singleton_bridge_count"":0.0,""singleton_bridge_count_norm"":0.0,""stable_factor_hash"":""a2c9e8d3b383e6f7"",""target_mixed_weight"":234.0},{""factor_count"":70.0,""gadget_mixed_weight"":630.0,""gadget_mixed_weight_norm"":1.6153846153846154,""mixed_auc_greedy"":1464.0,""mixed_auc_greedy_norm"":0.3412587412587413,""mixed_auc_original"":2568.0,""mixed_auc_original_norm"":0.5986013986013986,""mixed_excess_norm"":0.6153846153846154,""mixed_group_count"":10.0,""mixed_group_count_norm"":1.0,""num_block_rows"":1,""num_factor_groups"":10.0,""partition_id"":""semantic_role_k2"",""partition_kind"":""semantic-role"",""score_v3_lex"":""0.615384615385;0.341258741259;0;a2c9e8d3b383e6f7"",""singleton_bridge_count"":0.0,""singleton_bridge_count_norm"":0.0,""stable_factor_hash"":""a2c9e8d3b383e6f7"",""target_mixed_weight"":390.0},{""factor_count"":70.0,""gadget_mixed_weight"":528.0,""gadget_mixed_weight_norm"":1.6923076923076923,""mixed_auc_greedy"":1020.0,""mixed_auc_greedy_norm"":0.2972027972027972,""mixed_auc_original"":2574.0,""mixed_auc_original_norm"":0.75,""mixed_excess_norm"":0.6923076923076923,""mixed_group_count"":5.0,""mixed_group_count_norm"":0.5,""num_block_rows"":1,""num_factor_groups"":10.0,""partition_id"":""tensor_graph_spectral_k2"",""partition_kind"":""tensor-graph"",""score_v3_lex"":""0.692307692308;0.297202797203;0;a2c9e8d3b383e6f7"",""singleton_bridge_count"":0.0,""singleton_bridge_count_norm"":0.0,""stable_factor_hash"":""a2c9e8d3b383e6f7"",""target_mixed_weight"":312.0}]"
hwb_6,hwb_6:combo17,17,ok,ok,,ok,,phase-slack-v1,conservative,0.2,public_resynth_gadgets,hwb_6,7,1,1,0,1.0,1,70,14,17.555964653902798,ok,,5.1296023564064805,17.555964653902798,4.186303387334315,16.58173784977909,1.3298969072164948,3.857142857142857,4.551546391752577,3.857142857142857,5.005154639175258,19.30559646539028,ok,,971,27,26217,258,27,6966,70,232,883,27,23841,1224,70,1041,24,1981,351,1,1224,1.0,883,1.6197874080130825,938,27,25326,1014,291,27,7857,262,33,680,0.7342945417095778,1.8156682027649769,0.8479262672811059,5.709677419354839,5.005154639175258,0.6666666666666666,0.5833333333333334,4.673981191222571,70,14,971,1491,0.046948356807511735,0.33003300330033003,51,50,1.4,0.3,0.2,results/public_resynth_tensor_v3_phase_slack_expanded/public_resynth_tensor_v3_phase_slack/hwb_6/structural_combinations/combo17/assembled.qasm,ok,,semantic_role_k2,semantic-role,0.12,390.0,1050.0,2.6923076923076925,1.6923076923076923,1854.0,0.43216783216783217,2412.0,0.5622377622377622,0.0,0.0,10.0,1.0,10.0,70.0,1.69230769231;0.562237762238;0;235bbb15c538769a,235bbb15c538769a,"[{""factor_count"":70.0,""gadget_mixed_weight"":1026.0,""gadget_mixed_weight_norm"":2.8983050847457625,""mixed_auc_greedy"":2250.0,""mixed_auc_greedy_norm"":0.5778120184899846,""mixed_auc_original"":1782.0,""mixed_auc_original_norm"":0.4576271186440678,""mixed_excess_norm"":1.8983050847457628,""mixed_group_count"":7.0,""mixed_group_count_norm"":0.7,""num_block_rows"":1,""num_factor_groups"":10.0,""partition_id"":""balanced_contiguous_k2"",""partition_kind"":""contiguous"",""score_v3_lex"":""1.89830508475;0.57781201849;0;235bbb15c538769a"",""singleton_bridge_count"":0.0,""singleton_bridge_count_norm"":0.0,""stable_factor_hash"":""235bbb15c538769a"",""target_mixed_weight"":354.0},{""factor_count"":70.0,""gadget_mixed_weight"":438.0,""gadget_mixed_weight_norm"":1.8717948717948718,""mixed_auc_greedy"":546.0,""mixed_auc_greedy_norm"":0.21212121212121213,""mixed_auc_original"":864.0,""mixed_auc_original_norm"":0.3356643356643357,""mixed_excess_norm"":0.8717948717948718,""mixed_group_count"":5.0,""mixed_group_count_norm"":0.5,""num_block_rows"":1,""num_factor_groups"":10.0,""partition_id"":""semantic_family_k2"",""partition_kind"":""semantic-family"",""score_v3_lex"":""0.871794871795;0.212121212121;0;235bbb15c538769a"",""singleton_bridge_count"":0.0,""singleton_bridge_count_norm"":0.0,""stable_factor_hash"":""235bbb15c538769a"",""target_mixed_weight"":234.0},{""factor_count"":70.0,""gadget_mixed_weight"":1050.0,""gadget_mixed_weight_norm"":2.6923076923076925,""mixed_auc_greedy"":2412.0,""mixed_auc_greedy_norm"":0.5622377622377622,""mixed_auc_original"":1854.0,""mixed_auc_original_norm"":0.43216783216783217,""mixed_excess_norm"":1.6923076923076923,""mixed_group_count"":10.0,""mixed_group_count_norm"":1.0,""num_block_rows"":1,""num_factor_groups"":10.0,""partition_id"":""semantic_role_k2"",""partition_kind"":""semantic-role"",""score_v3_lex"":""1.69230769231;0.562237762238;0;235bbb15c538769a"",""singleton_bridge_count"":0.0,""singleton_bridge_count_norm"":0.0,""stable_factor_hash"":""235bbb15c538769a"",""target_mixed_weight"":390.0},{""factor_count"":70.0,""gadget_mixed_weight"":840.0,""gadget_mixed_weight_norm"":2.6923076923076925,""mixed_auc_greedy"":1008.0,""mixed_auc_greedy_norm"":0.2937062937062937,""mixed_auc_original"":1128.0,""mixed_auc_original_norm"":0.32867132867132864,""mixed_excess_norm"":1.6923076923076923,""mixed_group_count"":5.0,""mixed_group_count_norm"":0.5,""num_block_rows"":1,""num_factor_groups"":10.0,""partition_id"":""tensor_graph_spectral_k2"",""partition_kind"":""tensor-graph"",""score_v3_lex"":""1.69230769231;0.293706293706;0;235bbb15c538769a"",""singleton_bridge_count"":0.0,""singleton_bridge_count_norm"":0.0,""stable_factor_hash"":""235bbb15c538769a"",""target_mixed_weight"":312.0}]"
hwb_6,hwb_6:combo18,18,ok,ok,,ok,,phase-slack-v1,conservative,0.2,public_resynth_gadgets,hwb_6,8,1,1,0,1.0,1,70,15,16.084683357879236,ok,,3.956553755522828,16.084683357879236,3.0132547864506627,15.110456553755524,1.0257731958762886,3.857142857142857,4.170103092783505,3.857142857142857,4.556701030927835,17.575846833578794,ok,,884,27,23868,199,27,5373,70,218,809,27,21843,1179,70,1003,23,1925,303,1,1179,1.0,809,1.634125636672326,855,27,23085,977,228,27,6156,249,31,656,0.7771493212669683,1.6589861751152073,0.6912442396313363,5.373271889400922,4.556701030927835,0.6666666666666666,0.625,4.432601880877743,70,15,884,1414,0.04950495049504951,0.3424657534246575,51,50,1.4,0.3,0.21428571428571427,results/public_resynth_tensor_v3_phase_slack_expanded/public_resynth_tensor_v3_phase_slack/hwb_6/structural_combinations/combo18/assembled.qasm,ok,,semantic_role_k2,semantic-role,0.12,390.0,594.0,1.523076923076923,0.5230769230769231,1938.0,0.45174825174825173,1506.0,0.35104895104895106,0.0,0.0,10.0,1.0,10.0,70.0,0.523076923077;0.351048951049;0;162b314431b7fd51,162b314431b7fd51,"[{""factor_count"":70.0,""gadget_mixed_weight"":594.0,""gadget_mixed_weight_norm"":1.6779661016949152,""mixed_auc_greedy"":1242.0,""mixed_auc_greedy_norm"":0.3189522342064715,""mixed_auc_original"":2088.0,""mixed_auc_original_norm"":0.5362095531587057,""mixed_excess_norm"":0.6779661016949152,""mixed_group_count"":7.0,""mixed_group_count_norm"":0.7,""num_block_rows"":1,""num_factor_groups"":10.0,""partition_id"":""balanced_contiguous_k2"",""partition_kind"":""contiguous"",""score_v3_lex"":""0.677966101695;0.318952234206;0;162b314431b7fd51"",""singleton_bridge_count"":0.0,""singleton_bridge_count_norm"":0.0,""stable_factor_hash"":""162b314431b7fd51"",""target_mixed_weight"":354.0},{""factor_count"":70.0,""gadget_mixed_weight"":234.0,""gadget_mixed_weight_norm"":1.0,""mixed_auc_greedy"":498.0,""mixed_auc_greedy_norm"":0.19347319347319347,""mixed_auc_original"":810.0,""mixed_auc_original_norm"":0.3146853146853147,""mixed_excess_norm"":0.0,""mixed_group_count"":5.0,""mixed_group_count_norm"":0.5,""num_block_rows"":1,""num_factor_groups"":10.0,""partition_id"":""semantic_family_k2"",""partition_kind"":""semantic-family"",""score_v3_lex"":""0;0.193473193473;0;162b314431b7fd51"",""singleton_bridge_count"":0.0,""singleton_bridge_count_norm"":0.0,""stable_factor_hash"":""162b314431b7fd51"",""target_mixed_weight"":234.0},{""factor_count"":70.0,""gadget_mixed_weight"":594.0,""gadget_mixed_weight_norm"":1.523076923076923,""mixed_auc_greedy"":1506.0,""mixed_auc_greedy_norm"":0.35104895104895106,""mixed_auc_original"":1938.0,""mixed_auc_original_norm"":0.45174825174825173,""mixed_excess_norm"":0.5230769230769231,""mixed_group_count"":10.0,""mixed_group_count_norm"":1.0,""num_block_rows"":1,""num_factor_groups"":10.0,""partition_id"":""semantic_role_k2"",""partition_kind"":""semantic-role"",""score_v3_lex"":""0.523076923077;0.351048951049;0;162b314431b7fd51"",""singleton_bridge_count"":0.0,""singleton_bridge_count_norm"":0.0,""stable_factor_hash"":""162b314431b7fd51"",""target_mixed_weight"":390.0},{""factor_count"":70.0,""gadget_mixed_weight"":468.0,""gadget_mixed_weight_norm"":1.5,""mixed_auc_greedy"":900.0,""mixed_auc_greedy_norm"":0.26223776223776224,""mixed_auc_original"":1440.0,""mixed_auc_original_norm"":0.4195804195804196,""mixed_excess_norm"":0.5,""mixed_group_count"":5.0,""mixed_group_count_norm"":0.5,""num_block_rows"":1,""num_factor_groups"":10.0,""partition_id"":""tensor_graph_spectral_k2"",""partition_kind"":""tensor-graph"",""score_v3_lex"":""0.5;0.262237762238;0;162b314431b7fd51"",""singleton_bridge_count"":0.0,""singleton_bridge_count_norm"":0.0,""stable_factor_hash"":""162b314431b7fd51"",""target_mixed_weight"":312.0}]"
hwb_6,hwb_6:combo19,19,ok,ok,,ok,,phase-slack-v1,conservative,0.2,public_resynth_gadgets,hwb_6,9,1,1,0,1.0,1,70,16,17.536082474226806,ok,,5.189248895434463,17.536082474226806,4.2459499263622975,16.561855670103096,1.3453608247422681,3.857142857142857,4.546391752577319,3.857142857142857,4.963917525773196,19.146539027982328,ok,,963,27,26001,261,27,7047,70,268,882,27,23814,1253,70,1067,24,2046,333,1,1253,1.0,882,1.634185303514377,927,27,25029,1036,297,27,8019,300,36,666,0.7289719626168224,1.9493087557603688,0.9815668202764978,5.732718894009216,4.963917525773196,0.6666666666666666,0.6666666666666666,4.692789968652038,70,16,963,1497,0.04676018704074816,0.32910202162670427,51,50,1.4,0.3,0.22857142857142856,results/public_resynth_tensor_v3_phase_slack_expanded/public_resynth_tensor_v3_phase_slack/hwb_6/structural_combinations/combo19/assembled.qasm,ok,,semantic_role_k2,semantic-role,0.12,390.0,522.0,1.3384615384615384,0.3384615384615385,1746.0,0.406993006993007,1230.0,0.2867132867132867,0.0,0.0,8.0,0.8,10.0,70.0,0.338461538462;0.286713286713;0;25366347b21c904c,25366347b21c904c,"[{""factor_count"":70.0,""gadget_mixed_weight"":582.0,""gadget_mixed_weight_norm"":1.6440677966101696,""mixed_auc_greedy"":1266.0,""mixed_auc_greedy_norm"":0.325115562403698,""mixed_auc_original"":1332.0,""mixed_auc_original_norm"":0.3420647149460709,""mixed_excess_norm"":0.6440677966101694,""mixed_group_count"":7.0,""mixed_group_count_norm"":0.7,""num_block_rows"":1,""num_factor_groups"":10.0,""partition_id"":""balanced_contiguous_k2"",""partition_kind"":""contiguous"",""score_v3_lex"":""0.64406779661;0.325115562404;0;25366347b21c904c"",""singleton_bridge_count"":0.0,""singleton_bridge_count_norm"":0.0,""stable_factor_hash"":""25366347b21c904c"",""target_mixed_weight"":354.0},{""factor_count"":70.0,""gadget_mixed_weight"":318.0,""gadget_mixed_weight_norm"":1.358974358974359,""mixed_auc_greedy"":588.0,""mixed_auc_greedy_norm"":0.22843822843822845,""mixed_auc_original"":1062.0,""mixed_auc_original_norm"":0.4125874125874126,""mixed_excess_norm"":0.358974358974359,""mixed_group_count"":6.0,""mixed_group_count_norm"":0.6,""num_block_rows"":1,""num_factor_groups"":10.0,""partition_id"":""semantic_family_k2"",""partition_kind"":""semantic-family"",""score_v3_lex"":""0.358974358974;0.228438228438;0;25366347b21c904c"",""singleton_bridge_count"":0.0,""singleton_bridge_count_norm"":0.0,""stable_factor_hash"":""25366347b21c904c"",""target_mixed_weight"":234.0},{""factor_count"":70.0,""gadget_mixed_weight"":522.0,""gadget_mixed_weight_norm"":1.3384615384615384,""mixed_auc_greedy"":1230.0,""mixed_auc_greedy_norm"":0.2867132867132867,""mixed_auc_original"":1746.0,""mixed_auc_original_norm"":0.406993006993007,""mixed_excess_norm"":0.3384615384615385,""mixed_group_count"":8.0,""mixed_group_count_norm"":0.8,""num_block_rows"":1,""num_factor_groups"":10.0,""partition_id"":""semantic_role_k2"",""partition_kind"":""semantic-role"",""score_v3_lex"":""0.338461538462;0.286713286713;0;25366347b21c904c"",""singleton_bridge_count"":0.0,""singleton_bridge_count_norm"":0.0,""stable_factor_hash"":""25366347b21c904c"",""target_mixed_weight"":390.0},{""factor_count"":70.0,""gadget_mixed_weight"":456.0,""gadget_mixed_weight_norm"":1.4615384615384615,""mixed_auc_greedy"":666.0,""mixed_auc_greedy_norm"":0.19405594405594406,""mixed_auc_original"":1452.0,""mixed_auc_original_norm"":0.4230769230769231,""mixed_excess_norm"":0.46153846153846156,""mixed_group_count"":4.0,""mixed_group_count_norm"":0.4,""num_block_rows"":1,""num_factor_groups"":10.0,""partition_id"":""tensor_graph_spectral_k2"",""partition_kind"":""tensor-graph"",""score_v3_lex"":""0.461538461538;0.194055944056;0;25366347b21c904c"",""singleton_bridge_count"":0.0,""singleton_bridge_count_norm"":0.0,""stable_factor_hash"":""25366347b21c904c"",""target_mixed_weight"":312.0}]"
mod_5_4,mod_5_4:combo0,0,ok,ok,,ok,,phase-slack-v1,conservative,0.2,public_resynth_no_gadgets,mod_5_4,0,1,0,1,0.0,0,7,4,0.9322033898305084,ok,,0.4576271186440678,0.9322033898305084,-0.38983050847457623,0.016949152542372836,0.4576271186440678,1.0,0.9322033898305084,1.0,0.9661016949152542,0.9661016949152542,ok,,57,5,285,27,5,135,7,21,55,5,275,65,7,58,9,108,10,1,65,1.0,55,1.6875,53,5,265,53,31,5,155,26,4,26,0.5263157894736842,0.5423728813559322,-0.3728813559322034,1.11864406779661,0.9661016949152542,0.25,0.25,0.8987341772151899,7,4,57,71,0.09859154929577464,0.5223880597014925,8,7,1.0,0.07142857142857142,0.5714285714285714,results/public_resynth_tensor_v3_phase_slack_expanded/public_resynth_tensor_v3_phase_slack/mod_5_4/structural_combinations/combo0/assembled.qasm,ok,,semantic_role_k2,semantic-role,0.12,30.0,30.0,1.0,0.0,30.0,0.5,30.0,0.5,0.0,0.0,1.0,1.0,1.0,7.0,0;0.5;0;45bc255cf4d53232,45bc255cf4d53232,"[{""factor_count"":7.0,""gadget_mixed_weight"":30.0,""gadget_mixed_weight_norm"":1.0,""mixed_auc_greedy"":30.0,""mixed_auc_greedy_norm"":0.5,""mixed_auc_original"":30.0,""mixed_auc_original_norm"":0.5,""mixed_excess_norm"":0.0,""mixed_group_count"":1.0,""mixed_group_count_norm"":1.0,""num_block_rows"":1,""num_factor_groups"":1.0,""partition_id"":""balanced_contiguous_k2"",""partition_kind"":""contiguous"",""score_v3_lex"":""0;0.5;0;45bc255cf4d53232"",""singleton_bridge_count"":0.0,""singleton_bridge_count_norm"":0.0,""stable_factor_hash"":""45bc255cf4d53232"",""target_mixed_weight"":30.0},{""factor_count"":7.0,""gadget_mixed_weight"":30.0,""gadget_mixed_weight_norm"":1.0,""mixed_auc_greedy"":30.0,""mixed_auc_greedy_norm"":0.5,""mixed_auc_original"":30.0,""mixed_auc_original_norm"":0.5,""mixed_excess_norm"":0.0,""mixed_group_count"":1.0,""mixed_group_count_norm"":1.0,""num_block_rows"":1,""num_factor_groups"":1.0,""partition_id"":""semantic_family_k2"",""partition_kind"":""semantic-family"",""score_v3_lex"":""0;0.5;0;45bc255cf4d53232"",""singleton_bridge_count"":0.0,""singleton_bridge_count_norm"":0.0,""stable_factor_hash"":""45bc255cf4d53232"",""target_mixed_weight"":30.0},{""factor_count"":7.0,""gadget_mixed_weight"":30.0,""gadget_mixed_weight_norm"":1.0,""mixed_auc_greedy"":30.0,""mixed_auc_greedy_norm"":0.5,""mixed_auc_original"":30.0,""mixed_auc_original_norm"":0.5,""mixed_excess_norm"":0.0,""mixed_group_count"":1.0,""mixed_group_count_norm"":1.0,""num_block_rows"":1,""num_factor_groups"":1.0,""partition_id"":""semantic_role_k2"",""partition_kind"":""semantic-role"",""score_v3_lex"":""0;0.5;0;45bc255cf4d53232"",""singleton_bridge_count"":0.0,""singleton_bridge_count_norm"":0.0,""stable_factor_hash"":""45bc255cf4d53232"",""target_mixed_weight"":30.0},{""factor_count"":7.0,""gadget_mixed_weight"":24.0,""gadget_mixed_weight_norm"":1.0,""mixed_auc_greedy"":24.0,""mixed_auc_greedy_norm"":0.5,""mixed_auc_original"":24.0,""mixed_auc_original_norm"":0.5,""mixed_excess_norm"":0.0,""mixed_group_count"":1.0,""mixed_group_count_norm"":1.0,""num_block_rows"":1,""num_factor_groups"":1.0,""partition_id"":""tensor_graph_spectral_k2"",""partition_kind"":""tensor-graph"",""score_v3_lex"":""0;0.5;0;45bc255cf4d53232"",""singleton_bridge_count"":0.0,""singleton_bridge_count_norm"":0.0,""stable_factor_hash"":""45bc255cf4d53232"",""target_mixed_weight"":24.0}]"
mod_5_4,mod_5_4:combo1,1,ok,ok,,ok,,phase-slack-v1,conservative,0.2,public_resynth_gadgets,mod_5_4,0,1,1,0,1.0,1,7,4,0.8305084745762712,ok,,0.08135593220338982,0.8305084745762712,-0.7661016949152541,-0.0847457627118644,0.13559322033898305,0.6,0.8305084745762712,1.0,1.0,1.0,ok,,59,5,295,8,3,24,7,4,49,5,245,63,7,56,14,100,22,1,63,1.0,49,1.6129032258064515,48,5,240,46,19,5,95,15,11,40,0.864406779661017,0.3728813559322034,-0.5423728813559322,1.2203389830508475,1.0,0.25,0.25,1.0506329113924051,7,4,59,83,0.08433734939759036,0.4794520547945205,6,5,1.4,0.3,0.5714285714285714,results/public_resynth_tensor_v3_phase_slack_expanded/public_resynth_tensor_v3_phase_slack/mod_5_4/structural_combinations/combo1/assembled.qasm,ok,,semantic_role_k2,semantic-role,0.12,30.0,30.0,1.0,0.0,30.0,0.5,30.0,0.5,0.0,0.0,1.0,1.0,1.0,7.0,0;0.5;0;35f8ef5e37c56c46,35f8ef5e37c56c46,"[{""factor_count"":7.0,""gadget_mixed_weight"":30.0,""gadget_mixed_weight_norm"":1.0,""mixed_auc_greedy"":30.0,""mixed_auc_greedy_norm"":0.5,""mixed_auc_original"":30.0,""mixed_auc_original_norm"":0.5,""mixed_excess_norm"":0.0,""mixed_group_count"":1.0,""mixed_group_count_norm"":1.0,""num_block_rows"":1,""num_factor_groups"":1.0,""partition_id"":""balanced_contiguous_k2"",""partition_kind"":""contiguous"",""score_v3_lex"":""0;0.5;0;35f8ef5e37c56c46"",""singleton_bridge_count"":0.0,""singleton_bridge_count_norm"":0.0,""stable_factor_hash"":""35f8ef5e37c56c46"",""target_mixed_weight"":30.0},{""factor_count"":7.0,""gadget_mixed_weight"":30.0,""gadget_mixed_weight_norm"":1.0,""mixed_auc_greedy"":30.0,""mixed_auc_greedy_norm"":0.5,""mixed_auc_original"":30.0,""mixed_auc_original_norm"":0.5,""mixed_excess_norm"":0.0,""mixed_group_count"":1.0,""mixed_group_count_norm"":1.0,""num_block_rows"":1,""num_factor_groups"":1.0,""partition_id"":""semantic_family_k2"",""partition_kind"":""semantic-family"",""score_v3_lex"":""0;0.5;0;35f8ef5e37c56c46"",""singleton_bridge_count"":0.0,""singleton_bridge_count_norm"":0.0,""stable_factor_hash"":""35f8ef5e37c56c46"",""target_mixed_weight"":30.0},{""factor_count"":7.0,""gadget_mixed_weight"":30.0,""gadget_mixed_weight_norm"":1.0,""mixed_auc_greedy"":30.0,""mixed_auc_greedy_norm"":0.5,""mixed_auc_original"":30.0,""mixed_auc_original_norm"":0.5,""mixed_excess_norm"":0.0,""mixed_group_count"":1.0,""mixed_group_count_norm"":1.0,""num_block_rows"":1,""num_factor_groups"":1.0,""partition_id"":""semantic_role_k2"",""partition_kind"":""semantic-role"",""score_v3_lex"":""0;0.5;0;35f8ef5e37c56c46"",""singleton_bridge_count"":0.0,""singleton_bridge_count_norm"":0.0,""stable_factor_hash"":""35f8ef5e37c56c46"",""target_mixed_weight"":30.0},{""factor_count"":7.0,""gadget_mixed_weight"":24.0,""gadget_mixed_weight_norm"":1.0,""mixed_auc_greedy"":24.0,""mixed_auc_greedy_norm"":0.5,""mixed_auc_original"":24.0,""mixed_auc_original_norm"":0.5,""mixed_excess_norm"":0.0,""mixed_group_count"":1.0,""mixed_group_count_norm"":1.0,""num_block_rows"":1,""num_factor_groups"":1.0,""partition_id"":""tensor_graph_spectral_k2"",""partition_kind"":""tensor-graph"",""score_v3_lex"":""0;0.5;0;35f8ef5e37c56c46"",""singleton_bridge_count"":0.0,""singleton_bridge_count_norm"":0.0,""stable_factor_hash"":""35f8ef5e37c56c46"",""target_mixed_weight"":24.0}]"
nc_tof_3,nc_tof_3:combo0,0,ok,ok,,ok,,phase-slack-v1,conservative,0.2,public_resynth_no_gadgets,nc_toff_3,0,1,0,1,0.0,0,13,8,7.073684210526316,ok,,2.3210526315789473,7.073684210526316,1.4789473684210526,6.178947368421053,1.6578947368421053,1.4,5.052631578947368,1.4,5.447368421052632,7.626315789473685,ok,,207,7,1449,63,7,441,13,56,192,7,1344,222,13,209,20,389,55,1,222,1.0,192,1.760180995475113,202,7,1414,205,68,7,476,60,5,139,0.6956521739130435,1.8,0.8500000000000001,5.475,5.447368421052632,0.6190476190476191,0.8,4.526315789473684,13,8,207,258,0.050387596899224806,0.3466666666666667,14,13,1.0,0.038461538461538464,0.6153846153846154,results/public_resynth_tensor_v3_phase_slack_expanded/public_resynth_tensor_v3_phase_slack/nc_tof_3/structural_combinations/combo0/assembled.qasm,ok,,semantic_role_k2,semantic-role,0.12,18.0,234.0,13.0,12.0,444.0,2.0555555555555554,294.0,1.3611111111111112,6.0,0.46153846153846156,7.0,0.6363636363636364,11.0,13.0,12;1.36111111111;0.461538461538;4f3a300acaf8ef1d,4f3a300acaf8ef1d,"[{""factor_count"":13.0,""gadget_mixed_weight"":408.0,""gadget_mixed_weight_norm"":6.8,""mixed_auc_greedy"":708.0,""mixed_auc_greedy_norm"":0.9833333333333333,""mixed_auc_original"":822.0,""mixed_auc_original_norm"":1.1416666666666666,""mixed_excess_norm"":5.8,""mixed_group_count"":10.0,""mixed_group_count_norm"":0.9090909090909091,""num_block_rows"":1,""num_factor_groups"":11.0,""partition_id"":""balanced_contiguous_k2"",""partition_kind"":""contiguous"",""score_v3_lex"":""5.8;0.983333333333;0.692307692308;4f3a300acaf8ef1d"",""singleton_bridge_count"":9.0,""singleton_bridge_count_norm"":0.6923076923076923,""stable_factor_hash"":""4f3a300acaf8ef1d"",""target_mixed_weight"":60.0},{""factor_count"":13.0,""gadget_mixed_weight"":342.0,""gadget_mixed_weight_norm"":6.333333333333333,""mixed_auc_greedy"":660.0,""mixed_auc_greedy_norm"":1.0185185185185186,""mixed_auc_original"":672.0,""mixed_auc_original_norm"":1.037037037037037,""mixed_excess_norm"":5.333333333333333,""mixed_group_count"":9.0,""mixed_group_count_norm"":0.8181818181818182,""num_block_rows"":1,""num_factor_groups"":11.0,""partition_id"":""semantic_family_k2"",""partition_kind"":""semantic-family"",""score_v3_lex"":""5.33333333333;1.01851851852;0.615384615385;4f3a300acaf8ef1d"",""singleton_bridge_count"":8.0,""singleton_bridge_count_norm"":0.6153846153846154,""stable_factor_hash"":""4f3a300acaf8ef1d"",""target_mixed_weight"":54.0},{""factor_count"":13.0,""gadget_mixed_weight"":234.0,""gadget_mixed_weight_norm"":13.0,""mixed_auc_greedy"":294.0,""mixed_auc_greedy_norm"":1.3611111111111112,""mixed_auc_original"":444.0,""mixed_auc_original_norm"":2.0555555555555554,""mixed_excess_norm"":12.0,""mixed_group_count"":7.0,""mixed_group_count_norm"":0.6363636363636364,""num_block_rows"":1,""num_factor_groups"":11.0,""partition_id"":""semantic_role_k2"",""partition_kind"":""semantic-role"",""score_v3_lex"":""12;1.36111111111;0.461538461538;4f3a300acaf8ef1d"",""singleton_bridge_count"":6.0,""singleton_bridge_count_norm"":0.46153846153846156,""stable_factor_hash"":""4f3a300acaf8ef1d"",""target_mixed_weight"":18.0},{""factor_count"":13.0,""gadget_mixed_weight"":330.0,""gadget_mixed_weight_norm"":6.111111111111111,""mixed_auc_greedy"":678.0,""mixed_auc_greedy_norm"":1.0462962962962963,""mixed_auc_original"":774.0,""mixed_auc_original_norm"":1.1944444444444444,""mixed_excess_norm"":5.111111111111111,""mixed_group_count"":6.0,""mixed_group_count_norm"":0.5454545454545454,""num_block_rows"":1,""num_factor_groups"":11.0,""partition_id"":""tensor_graph_spectral_k2"",""partition_kind"":""tensor-graph"",""score_v3_lex"":""5.11111111111;1.0462962963;0.384615384615;4f3a300acaf8ef1d"",""singleton_bridge_count"":5.0,""singleton_bridge_count_norm"":0.38461538461538464,""stable_factor_hash"":""4f3a300acaf8ef1d"",""target_mixed_weight"":54.0}]"
nc_tof_3,nc_tof_3:combo1,1,ok,ok,,ok,,phase-slack-v1,conservative,0.2,public_resynth_no_gadgets,nc_toff_3,1,1,0,1,0.0,0,13,6,7.294736842105263,ok,,2.2842105263157895,7.294736842105263,1.4421052631578948,6.4,1.631578947368421,1.4,5.2105263157894735,1.4,5.842105263157895,8.178947368421053,ok,,222,7,1554,62,7,434,13,58,198,7,1386,235,13,222,21,403,79,1,235,1.0,198,1.7222222222222223,217,7,1519,218,67,7,469,62,5,155,0.7207207207207207,1.75,0.8,6.0,5.842105263157895,0.6190476190476191,0.6,5.12280701754386,13,6,222,292,0.04452054794520548,0.31784841075794623,14,13,1.0,0.038461538461538464,0.46153846153846156,results/public_resynth_tensor_v3_phase_slack_expanded/public_resynth_tensor_v3_phase_slack/nc_tof_3/structural_combinations/combo1/assembled.qasm,ok,,semantic_role_k2,semantic-role,0.12,18.0,426.0,23.666666666666668,22.666666666666668,534.0,2.119047619047619,384.0,1.5238095238095237,10.0,0.7692307692307693,10.0,0.7692307692307693,13.0,13.0,22.6666666667;1.52380952381;0.769230769231;6af77723f01e351b,6af77723f01e351b,"[{""factor_count"":13.0,""gadget_mixed_weight"":396.0,""gadget_mixed_weight_norm"":6.6,""mixed_auc_greedy"":720.0,""mixed_auc_greedy_norm"":0.8571428571428571,""mixed_auc_original"":684.0,""mixed_auc_original_norm"":0.8142857142857143,""mixed_excess_norm"":5.6,""mixed_group_count"":10.0,""mixed_group_count_norm"":0.7692307692307693,""num_block_rows"":1,""num_factor_groups"":13.0,""partition_id"":""balanced_contiguous_k2"",""partition_kind"":""contiguous"",""score_v3_lex"":""5.6;0.857142857143;0.769230769231;6af77723f01e351b"",""singleton_bridge_count"":10.0,""singleton_bridge_count_norm"":0.7692307692307693,""stable_factor_hash"":""6af77723f01e351b"",""target_mixed_weight"":60.0},{""factor_count"":13.0,""gadget_mixed_weight"":234.0,""gadget_mixed_weight_norm"":4.333333333333333,""mixed_auc_greedy"":684.0,""mixed_auc_greedy_norm"":0.9047619047619048,""mixed_auc_original"":618.0,""mixed_auc_original_norm"":0.8174603174603174,""mixed_excess_norm"":3.3333333333333335,""mixed_group_count"":7.0,""mixed_group_count_norm"":0.5384615384615384,""num_block_rows"":1,""num_factor_groups"":13.0,""partition_id"":""semantic_family_k2"",""partition_kind"":""semantic-family"",""score_v3_lex"":""3.33333333333;0.904761904762;0.538461538462;6af77723f01e351b"",""singleton_bridge_count"":7.0,""singleton_bridge_count_norm"":0.5384615384615384,""stable_factor_hash"":""6af77723f01e351b"",""target_mixed_weight"":54.0},{""factor_count"":13.0,""gadget_mixed_weight"":426.0,""gadget_mixed_weight_norm"":23.666666666666668,""mixed_auc_greedy"":384.0,""mixed_auc_greedy_norm"":1.5238095238095237,""mixed_auc_original"":534.0,""mixed_auc_original_norm"":2.119047619047619,""mixed_excess_norm"":22.666666666666668,""mixed_group_count"":10.0,""mixed_group_count_norm"":0.7692307692307693,""num_block_rows"":1,""num_factor_groups"":13.0,""partition_id"":""semantic_role_k2"",""partition_kind"":""semantic-role"",""score_v3_lex"":""22.6666666667;1.52380952381;0.769230769231;6af77723f01e351b"",""singleton_bridge_count"":10.0,""singleton_bridge_count_norm"":0.7692307692307693,""stable_factor_hash"":""6af77723f01e351b"",""target_mixed_weight"":18.0},{""factor_count"":13.0,""gadget_mixed_weight"":522.0,""gadget_mixed_weight_norm"":9.666666666666666,""mixed_auc_greedy"":738.0,""mixed_auc_greedy_norm"":0.9761904761904762,""mixed_auc_original"":834.0,""mixed_auc_original_norm"":1.1031746031746033,""mixed_excess_norm"":8.666666666666666,""mixed_group_count"":11.0,""mixed_group_count_norm"":0.8461538461538461,""num_block_rows"":1,""num_factor_groups"":13.0,""partition_id"":""tensor_graph_spectral_k2"",""partition_kind"":""tensor-graph"",""score_v3_lex"":""8.66666666667;0.97619047619;0.846153846154;6af77723f01e351b"",""singleton_bridge_count"":11.0,""singleton_bridge_count_norm"":0.8461538461538461,""stable_factor_hash"":""6af77723f01e351b"",""target_mixed_weight"":54.0}]"
nc_tof_3,nc_tof_3:combo2,2,ok,ok,,ok,,phase-slack-v1,conservative,0.2,public_resynth_no_gadgets,nc_toff_3,2,1,0,1,0.0,0,13,6,7.552631578947368,ok,,2.6157894736842104,7.552631578947368,1.7736842105263158,6.657894736842105,1.868421052631579,1.4,5.394736842105263,1.4,6.026315789473684,8.436842105263159,ok,,229,7,1603,71,7,497,13,61,205,7,1435,235,13,222,23,402,79,1,235,1.0,205,1.7179487179487178,224,7,1568,218,76,7,532,65,5,153,0.6899563318777293,1.925,0.9750000000000001,6.075,6.026315789473684,0.6190476190476191,0.6,5.12280701754386,13,6,229,292,0.04452054794520548,0.31784841075794623,14,13,1.0,0.07692307692307693,0.46153846153846156,results/public_resynth_tensor_v3_phase_slack_expanded/public_resynth_tensor_v3_phase_slack/nc_tof_3/structural_combinations/combo2/assembled.qasm,ok,,semantic_role_k2,semantic-role,0.12,18.0,522.0,29.0,28.0,498.0,1.9761904761904763,480.0,1.9047619047619047,10.0,0.7692307692307693,10.0,0.7692307692307693,13.0,13.0,28;1.90476190476;0.769230769231;a2df87d48e7b3c45,a2df87d48e7b3c45,"[{""factor_count"":13.0,""gadget_mixed_weight"":564.0,""gadget_mixed_weight_norm"":9.4,""mixed_auc_greedy"":846.0,""mixed_auc_greedy_norm"":1.0071428571428571,""mixed_auc_original"":684.0,""mixed_auc_original_norm"":0.8142857142857143,""mixed_excess_norm"":8.4,""mixed_group_count"":10.0,""mixed_group_count_norm"":0.7692307692307693,""num_block_rows"":1,""num_factor_groups"":13.0,""partition_id"":""balanced_contiguous_k2"",""partition_kind"":""contiguous"",""score_v3_lex"":""8.4;1.00714285714;0.769230769231;a2df87d48e7b3c45"",""singleton_bridge_count"":10.0,""singleton_bridge_count_norm"":0.7692307692307693,""stable_factor_hash"":""a2df87d48e7b3c45"",""target_mixed_weight"":60.0},{""factor_count"":13.0,""gadget_mixed_weight"":522.0,""gadget_mixed_weight_norm"":9.666666666666666,""mixed_auc_greedy"":768.0,""mixed_auc_greedy_norm"":1.0158730158730158,""mixed_auc_original"":660.0,""mixed_auc_original_norm"":0.873015873015873,""mixed_excess_norm"":8.666666666666666,""mixed_group_count"":8.0,""mixed_group_count_norm"":0.6153846153846154,""num_block_rows"":1,""num_factor_groups"":13.0,""partition_id"":""semantic_family_k2"",""partition_kind"":""semantic-family"",""score_v3_lex"":""8.66666666667;1.01587301587;0.615384615385;a2df87d48e7b3c45"",""singleton_bridge_count"":8.0,""singleton_bridge_count_norm"":0.6153846153846154,""stable_factor_hash"":""a2df87d48e7b3c45"",""target_mixed_weight"":54.0},{""factor_count"":13.0,""gadget_mixed_weight"":522.0,""gadget_mixed_weight_norm"":29.0,""mixed_auc_greedy"":480.0,""mixed_auc_greedy_norm"":1.9047619047619047,""mixed_auc_original"":498.0,""mixed_auc_original_norm"":1.9761904761904763,""mixed_excess_norm"":28.0,""mixed_group_count"":10.0,""mixed_group_count_norm"":0.7692307692307693,""num_block_rows"":1,""num_factor_groups"":13.0,""partition_id"":""semantic_role_k2"",""partition_kind"":""semantic-role"",""score_v3_lex"":""28;1.90476190476;0.769230769231;a2df87d48e7b3c45"",""singleton_bridge_count"":10.0,""singleton_bridge_count_norm"":0.7692307692307693,""stable_factor_hash"":""a2df87d48e7b3c45"",""target_mixed_weight"":18.0},{""factor_count"":13.0,""gadget_mixed_weight"":606.0,""gadget_mixed_weight_norm"":11.222222222222221,""mixed_auc_greedy"":810.0,""mixed_auc_greedy_norm"":1.0714285714285714,""mixed_auc_original"":588.0,""mixed_auc_original_norm"":0.7777777777777778,""mixed_excess_norm"":10.222222222222221,""mixed_group_count"":8.0,""mixed_group_count_norm"":0.6153846153846154,""num_block_rows"":1,""num_factor_groups"":13.0,""partition_id"":""tensor_graph_spectral_k2"",""partition_kind"":""tensor-graph"",""score_v3_lex"":""10.2222222222;1.07142857143;0.615384615385;a2df87d48e7b3c45"",""singleton_bridge_count"":8.0,""singleton_bridge_count_norm"":0.6153846153846154,""stable_factor_hash"":""a2df87d48e7b3c45"",""target_mixed_weight"":54.0}]"
nc_tof_3,nc_tof_3:combo3,3,ok,ok,,ok,,phase-slack-v1,conservative,0.2,public_resynth_no_gadgets,nc_toff_3,3,1,0,1,0.0,0,13,6,7.331578947368421,ok,,2.431578947368421,7.331578947368421,1.5894736842105264,6.436842105263159,1.736842105263158,1.4,5.2368421052631575,1.4,5.7631578947368425,8.06842105263158,ok,,219,7,1533,66,7,462,13,59,199,7,1393,235,13,222,21,403,79,1,235,1.0,199,1.7222222222222223,215,7,1505,217,70,7,490,64,4,151,0.7077625570776256,1.9,0.95,6.0,5.7631578947368425,0.6190476190476191,0.6,5.12280701754386,13,6,219,292,0.04452054794520548,0.31784841075794623,14,13,1.0,0.038461538461538464,0.46153846153846156,results/public_resynth_tensor_v3_phase_slack_expanded/public_resynth_tensor_v3_phase_slack/nc_tof_3/structural_combinations/combo3/assembled.qasm,ok,,semantic_role_k2,semantic-role,0.12,18.0,426.0,23.666666666666668,22.666666666666668,564.0,2.238095238095238,384.0,1.5238095238095237,10.0,0.7692307692307693,10.0,0.7692307692307693,13.0,13.0,22.6666666667;1.52380952381;0.769230769231;fb7f1b0de4ea3068,fb7f1b0de4ea3068,"[{""factor_count"":13.0,""gadget_mixed_weight"":492.0,""gadget_mixed_weight_norm"":8.2,""mixed_auc_greedy"":696.0,""mixed_auc_greedy_norm"":0.8285714285714286,""mixed_auc_original"":750.0,""mixed_auc_original_norm"":0.8928571428571429,""mixed_excess_norm"":7.2,""mixed_group_count"":12.0,""mixed_group_count_norm"":0.9230769230769231,""num_block_rows"":1,""num_factor_groups"":13.0,""partition_id"":""balanced_contiguous_k2"",""partition_kind"":""contiguous"",""score_v3_lex"":""7.2;0.828571428571;0.923076923077;fb7f1b0de4ea3068"",""singleton_bridge_count"":12.0,""singleton_bridge_count_norm"":0.9230769230769231,""stable_factor_hash"":""fb7f1b0de4ea3068"",""target_mixed_weight"":60.0},{""factor_count"":13.0,""gadget_mixed_weight"":390.0,""gadget_mixed_weight_norm"":7.222222222222222,""mixed_auc_greedy"":564.0,""mixed_auc_greedy_norm"":0.746031746031746,""mixed_auc_original"":588.0,""mixed_auc_original_norm"":0.7777777777777778,""mixed_excess_norm"":6.222222222222222,""mixed_group_count"":11.0,""mixed_group_count_norm"":0.8461538461538461,""num_block_rows"":1,""num_factor_groups"":13.0,""partition_id"":""semantic_family_k2"",""partition_kind"":""semantic-family"",""score_v3_lex"":""6.22222222222;0.746031746032;0.846153846154;fb7f1b0de4ea3068"",""singleton_bridge_count"":11.0,""singleton_bridge_count_norm"":0.8461538461538461,""stable_factor_hash"":""fb7f1b0de4ea3068"",""target_mixed_weight"":54.0},{""factor_count"":13.0,""gadget_mixed_weight"":426.0,""gadget_mixed_weight_norm"":23.666666666666668,""mixed_auc_greedy"":384.0,""mixed_auc_greedy_norm"":1.5238095238095237,""mixed_auc_original"":564.0,""mixed_auc_original_norm"":2.238095238095238,""mixed_excess_norm"":22.666666666666668,""mixed_group_count"":10.0,""mixed_group_count_norm"":0.7692307692307693,""num_block_rows"":1,""num_factor_groups"":13.0,""partition_id"":""semantic_role_k2"",""partition_kind"":""semantic-role"",""score_v3_lex"":""22.6666666667;1.52380952381;0.769230769231;fb7f1b0de4ea3068"",""singleton_bridge_count"":10.0,""singleton_bridge_count_norm"":0.7692307692307693,""stable_factor_hash"":""fb7f1b0de4ea3068"",""target_mixed_weight"":18.0},{""factor_count"":13.0,""gadget_mixed_weight"":522.0,""gadget_mixed_weight_norm"":9.666666666666666,""mixed_auc_greedy"":738.0,""mixed_auc_greedy_norm"":0.9761904761904762,""mixed_auc_original"":756.0,""mixed_auc_original_norm"":1.0,""mixed_excess_norm"":8.666666666666666,""mixed_group_count"":11.0,""mixed_group_count_norm"":0.8461538461538461,""num_block_rows"":1,""num_factor_groups"":13.0,""partition_id"":""tensor_graph_spectral_k2"",""partition_kind"":""tensor-graph"",""score_v3_lex"":""8.66666666667;0.97619047619;0.846153846154;fb7f1b0de4ea3068"",""singleton_bridge_count"":11.0,""singleton_bridge_count_norm"":0.8461538461538461,""stable_factor_hash"":""fb7f1b0de4ea3068"",""target_mixed_weight"":54.0}]"
nc_tof_3,nc_tof_3:combo4,4,ok,ok,,ok,,phase-slack-v1,conservative,0.2,public_resynth_no_gadgets,nc_toff_3,4,1,0,1,0.0,0,13,6,7.0,ok,,2.2842105263157895,7.0,1.4421052631578948,6.105263157894737,1.631578947368421,1.4,5.0,1.4,5.5,7.7,ok,,209,7,1463,62,7,434,13,52,190,7,1330,220,13,207,20,381,61,1,220,1.0,190,1.7397260273972603,204,7,1428,203,67,7,469,56,5,142,0.7033492822966507,1.675,0.7250000000000001,5.5,5.5,0.6190476190476191,0.6,4.578947368421052,13,6,209,261,0.04980842911877394,0.3439153439153439,14,13,1.0,0.038461538461538464,0.46153846153846156,results/public_resynth_tensor_v3_phase_slack_expanded/public_resynth_tensor_v3_phase_slack/nc_tof_3/structural_combinations/combo4/assembled.qasm,ok,,semantic_role_k2,semantic-role,0.12,18.0,222.0,12.333333333333334,11.333333333333334,396.0,1.5714285714285714,288.0,1.1428571428571428,7.0,0.5384615384615384,7.0,0.5384615384615384,13.0,13.0,11.3333333333;1.14285714286;0.538461538462;45da680d3a35e830,45da680d3a35e830,"[{""factor_count"":13.0,""gadget_mixed_weight"":468.0,""gadget_mixed_weight_norm"":7.8,""mixed_auc_greedy"":702.0,""mixed_auc_greedy_norm"":0.8357142857142857,""mixed_auc_original"":894.0,""mixed_auc_original_norm"":1.0642857142857143,""mixed_excess_norm"":6.8,""mixed_group_count"":10.0,""mixed_group_count_norm"":0.7692307692307693,""num_block_rows"":1,""num_factor_groups"":13.0,""partition_id"":""balanced_contiguous_k2"",""partition_kind"":""contiguous"",""score_v3_lex"":""6.8;0.835714285714;0.769230769231;45da680d3a35e830"",""singleton_bridge_count"":10.0,""singleton_bridge_count_norm"":0.7692307692307693,""stable_factor_hash"":""45da680d3a35e830"",""target_mixed_weight"":60.0},{""factor_count"":13.0,""gadget_mixed_weight"":378.0,""gadget_mixed_weight_norm"":7.0,""mixed_auc_greedy"":666.0,""mixed_auc_greedy_norm"":0.8809523809523809,""mixed_auc_original"":708.0,""mixed_auc_original_norm"":0.9365079365079365,""mixed_excess_norm"":6.0,""mixed_group_count"":7.0,""mixed_group_count_norm"":0.5384615384615384,""num_block_rows"":1,""num_factor_groups"":13.0,""partition_id"":""semantic_family_k2"",""partition_kind"":""semantic-family"",""score_v3_lex"":""6;0.880952380952;0.538461538462;45da680d3a35e830"",""singleton_bridge_count"":7.0,""singleton_bridge_count_norm"":0.5384615384615384,""stable_factor_hash"":""45da680d3a35e830"",""target_mixed_weight"":54.0},{""factor_count"":13.0,""gadget_mixed_weight"":222.0,""gadget_mixed_weight_norm"":12.333333333333334,""mixed_auc_greedy"":288.0,""mixed_auc_greedy_norm"":1.1428571428571428,""mixed_auc_original"":396.0,""mixed_auc_original_norm"":1.5714285714285714,""mixed_excess_norm"":11.333333333333334,""mixed_group_count"":7.0,""mixed_group_count_norm"":0.5384615384615384,""num_block_rows"":1,""num_factor_groups"":13.0,""partition_id"":""semantic_role_k2"",""partition_kind"":""semantic-role"",""score_v3_lex"":""11.3333333333;1.14285714286;0.538461538462;45da680d3a35e830"",""singleton_bridge_count"":7.0,""singleton_bridge_count_norm"":0.5384615384615384,""stable_factor_hash"":""45da680d3a35e830"",""target_mixed_weight"":18.0},{""factor_count"":13.0,""gadget_mixed_weight"":462.0,""gadget_mixed_weight_norm"":8.555555555555555,""mixed_auc_greedy"":714.0,""mixed_auc_greedy_norm"":0.9444444444444444,""mixed_auc_original"":846.0,""mixed_auc_original_norm"":1.119047619047619,""mixed_excess_norm"":7.555555555555555,""mixed_group_count"":7.0,""mixed_group_count_norm"":0.5384615384615384,""num_block_rows"":1,""num_factor_groups"":13.0,""partition_id"":""tensor_graph_spectral_k2"",""partition_kind"":""tensor-graph"",""score_v3_lex"":""7.55555555556;0.944444444444;0.538461538462;45da680d3a35e830"",""singleton_bridge_count"":7.0,""singleton_bridge_count_norm"":0.5384615384615384,""stable_factor_hash"":""45da680d3a35e830"",""target_mixed_weight"":54.0}]"
nc_tof_3,nc_tof_3:combo5,5,ok,ok,,ok,,phase-slack-v1,conservative,0.2,public_resynth_no_gadgets,nc_toff_3,5,1,0,1,0.0,0,13,6,7.257894736842105,ok,,2.2473684210526317,7.257894736842105,1.405263157894737,6.363157894736842,1.605263157894737,1.4,5.184210526315789,1.4,5.815789473684211,8.142105263157895,ok,,221,7,1547,61,7,427,13,58,197,7,1379,235,13,222,24,402,79,1,235,1.0,197,1.7179487179487178,216,7,1512,217,66,7,462,63,5,155,0.7239819004524887,1.875,0.925,6.075,5.815789473684211,0.6190476190476191,0.6,5.12280701754386,13,6,221,292,0.04452054794520548,0.31784841075794623,14,13,1.0,0.15384615384615385,0.46153846153846156,results/public_resynth_tensor_v3_phase_slack_expanded/public_resynth_tensor_v3_phase_slack/nc_tof_3/structural_combinations/combo5/assembled.qasm,ok,,semantic_role_k2,semantic-role,0.12,18.0,450.0,25.0,24.0,594.0,2.75,414.0,1.9166666666666667,8.0,0.6153846153846154,9.0,0.8181818181818182,11.0,13.0,24;1.91666666667;0.615384615385;1997c761b225ae8b,1997c761b225ae8b,"[{""factor_count"":13.0,""gadget_mixed_weight"":516.0,""gadget_mixed_weight_norm"":8.6,""mixed_auc_greedy"":666.0,""mixed_auc_greedy_norm"":0.925,""mixed_auc_original"":726.0,""mixed_auc_original_norm"":1.0083333333333333,""mixed_excess_norm"":7.6,""mixed_group_count"":8.0,""mixed_group_count_norm"":0.7272727272727273,""num_block_rows"":1,""num_factor_groups"":11.0,""partition_id"":""balanced_contiguous_k2"",""partition_kind"":""contiguous"",""score_v3_lex"":""7.6;0.925;0.538461538462;1997c761b225ae8b"",""singleton_bridge_count"":7.0,""singleton_bridge_count_norm"":0.5384615384615384,""stable_factor_hash"":""1997c761b225ae8b"",""target_mixed_weight"":60.0},{""factor_count"":13.0,""gadget_mixed_weight"":426.0,""gadget_mixed_weight_norm"":7.888888888888889,""mixed_auc_greedy"":618.0,""mixed_auc_greedy_norm"":0.9537037037037037,""mixed_auc_original"":726.0,""mixed_auc_original_norm"":1.1203703703703705,""mixed_excess_norm"":6.888888888888889,""mixed_group_count"":7.0,""mixed_group_count_norm"":0.6363636363636364,""num_block_rows"":1,""num_factor_groups"":11.0,""partition_id"":""semantic_family_k2"",""partition_kind"":""semantic-family"",""score_v3_lex"":""6.88888888889;0.953703703704;0.461538461538;1997c761b225ae8b"",""singleton_bridge_count"":6.0,""singleton_bridge_count_norm"":0.46153846153846156,""stable_factor_hash"":""1997c761b225ae8b"",""target_mixed_weight"":54.0},{""factor_count"":13.0,""gadget_mixed_weight"":450.0,""gadget_mixed_weight_norm"":25.0,""mixed_auc_greedy"":414.0,""mixed_auc_greedy_norm"":1.9166666666666667,""mixed_auc_original"":594.0,""mixed_auc_original_norm"":2.75,""mixed_excess_norm"":24.0,""mixed_group_count"":9.0,""mixed_group_count_norm"":0.8181818181818182,""num_block_rows"":1,""num_factor_groups"":11.0,""partition_id"":""semantic_role_k2"",""partition_kind"":""semantic-role"",""score_v3_lex"":""24;1.91666666667;0.615384615385;1997c761b225ae8b"",""singleton_bridge_count"":8.0,""singleton_bridge_count_norm"":0.6153846153846154,""stable_factor_hash"":""1997c761b225ae8b"",""target_mixed_weight"":18.0},{""factor_count"":13.0,""gadget_mixed_weight"":510.0,""gadget_mixed_weight_norm"":9.444444444444445,""mixed_auc_greedy"":642.0,""mixed_auc_greedy_norm"":0.9907407407407407,""mixed_auc_original"":756.0,""mixed_auc_original_norm"":1.1666666666666667,""mixed_excess_norm"":8.444444444444445,""mixed_group_count"":7.0,""mixed_group_count_norm"":0.6363636363636364,""num_block_rows"":1,""num_factor_groups"":11.0,""partition_id"":""tensor_graph_spectral_k2"",""partition_kind"":""tensor-graph"",""score_v3_lex"":""8.44444444444;0.990740740741;0.461538461538;1997c761b225ae8b"",""singleton_bridge_count"":6.0,""singleton_bridge_count_norm"":0.46153846153846156,""stable_factor_hash"":""1997c761b225ae8b"",""target_mixed_weight"":54.0}]"
nc_tof_3,nc_tof_3:combo6,6,ok,ok,,ok,,phase-slack-v1,conservative,0.2,public_resynth_no_gadgets,nc_toff_3,6,1,0,1,0.0,0,13,6,7.221052631578948,ok,,2.1736842105263157,7.221052631578948,1.331578947368421,6.326315789473685,1.5526315789473684,1.4,5.157894736842105,1.4,5.842105263157895,8.178947368421053,ok,,222,7,1554,59,7,413,13,55,196,7,1372,236,13,223,24,398,91,1,236,1.0,196,1.6936170212765957,217,7,1519,218,64,7,448,60,5,158,0.7342342342342343,1.7,0.75,6.125,5.842105263157895,0.6190476190476191,0.6,5.333333333333333,13,6,222,304,0.04276315789473684,0.3087885985748218,14,13,1.0,0.15384615384615385,0.46153846153846156,results/public_resynth_tensor_v3_phase_slack_expanded/public_resynth_tensor_v3_phase_slack/nc_tof_3/structural_combinations/combo6/assembled.qasm,ok,,semantic_role_k2,semantic-role,0.12,18.0,402.0,22.333333333333332,21.333333333333332,690.0,2.738095238095238,462.0,1.8333333333333333,10.0,0.7692307692307693,10.0,0.7692307692307693,13.0,13.0,21.3333333333;1.83333333333;0.769230769231;aae64536aebbf313,aae64536aebbf313,"[{""factor_count"":13.0,""gadget_mixed_weight"":492.0,""gadget_mixed_weight_norm"":8.2,""mixed_auc_greedy"":906.0,""mixed_auc_greedy_norm"":1.0785714285714285,""mixed_auc_original"":1056.0,""mixed_auc_original_norm"":1.2571428571428571,""mixed_excess_norm"":7.2,""mixed_group_count"":10.0,""mixed_group_count_norm"":0.7692307692307693,""num_block_rows"":1,""num_factor_groups"":13.0,""partition_id"":""balanced_contiguous_k2"",""partition_kind"":""contiguous"",""score_v3_lex"":""7.2;1.07857142857;0.769230769231;aae64536aebbf313"",""singleton_bridge_count"":10.0,""singleton_bridge_count_norm"":0.7692307692307693,""stable_factor_hash"":""aae64536aebbf313"",""target_mixed_weight"":60.0},{""factor_count"":13.0,""gadget_mixed_weight"":426.0,""gadget_mixed_weight_norm"":7.888888888888889,""mixed_auc_greedy"":798.0,""mixed_auc_greedy_norm"":1.0555555555555556,""mixed_auc_original"":936.0,""mixed_auc_original_norm"":1.2380952380952381,""mixed_excess_norm"":6.888888888888889,""mixed_group_count"":8.0,""mixed_group_count_norm"":0.6153846153846154,""num_block_rows"":1,""num_factor_groups"":13.0,""partition_id"":""semantic_family_k2"",""partition_kind"":""semantic-family"",""score_v3_lex"":""6.88888888889;1.05555555556;0.615384615385;aae64536aebbf313"",""singleton_bridge_count"":8.0,""singleton_bridge_count_norm"":0.6153846153846154,""stable_factor_hash"":""aae64536aebbf313"",""target_mixed_weight"":54.0},{""factor_count"":13.0,""gadget_mixed_weight"":402.0,""gadget_mixed_weight_norm"":22.333333333333332,""mixed_auc_greedy"":462.0,""mixed_auc_greedy_norm"":1.8333333333333333,""mixed_auc_original"":690.0,""mixed_auc_original_norm"":2.738095238095238,""mixed_excess_norm"":21.333333333333332,""mixed_group_count"":10.0,""mixed_group_count_norm"":0.7692307692307693,""num_block_rows"":1,""num_factor_groups"":13.0,""partition_id"":""semantic_role_k2"",""partition_kind"":""semantic-role"",""score_v3_lex"":""21.3333333333;1.83333333333;0.769230769231;aae64536aebbf313"",""singleton_bridge_count"":10.0,""singleton_bridge_count_norm"":0.7692307692307693,""stable_factor_hash"":""aae64536aebbf313"",""target_mixed_weight"":18.0},{""factor_count"":13.0,""gadget_mixed_weight"":450.0,""gadget_mixed_weight_norm"":8.333333333333334,""mixed_auc_greedy"":840.0,""mixed_auc_greedy_norm"":1.1111111111111112,""mixed_auc_original"":774.0,""mixed_auc_original_norm"":1.0238095238095237,""mixed_excess_norm"":7.333333333333333,""mixed_group_count"":8.0,""mixed_group_count_norm"":0.6153846153846154,""num_block_rows"":1,""num_factor_groups"":13.0,""partition_id"":""tensor_graph_spectral_k2"",""partition_kind"":""tensor-graph"",""score_v3_lex"":""7.33333333333;1.11111111111;0.615384615385;aae64536aebbf313"",""singleton_bridge_count"":8.0,""singleton_bridge_count_norm"":0.6153846153846154,""stable_factor_hash"":""aae64536aebbf313"",""target_mixed_weight"":54.0}]"
nc_tof_3,nc_tof_3:combo7,7,ok,ok,,ok,,phase-slack-v1,conservative,0.2,public_resynth_gadgets,nc_toff_3,0,1,1,0,1.0,1,14,5,6.557894736842106,ok,,1.436842105263158,6.557894736842106,0.5947368421052632,5.663157894736843,1.0263157894736843,1.4,4.684210526315789,1.4,5.2894736842105265,7.405263157894737,ok,,201,7,1407,39,7,273,14,29,178,7,1246,222,14,195,22,372,61,1,222,1.0,178,1.6832579185520362,190,7,1330,186,50,7,350,39,11,151,0.8059701492537313,1.4,0.44999999999999996,5.4,5.2894736842105265,0.6666666666666666,0.5,4.701754385964913,14,5,201,268,0.05223880597014925,0.3553299492385787,11,10,1.4,0.3,0.35714285714285715,results/public_resynth_tensor_v3_phase_slack_expanded/public_resynth_tensor_v3_phase_slack/nc_tof_3/structural_combinations/combo7/assembled.qasm,ok,,semantic_role_k2,semantic-role,0.12,18.0,18.0,1.0,0.0,24.0,0.4444444444444444,24.0,0.4444444444444444,0.0,0.0,2.0,1.0,2.0,14.0,0;0.444444444444;0;3ad1cd407e5c2348,3ad1cd407e5c2348,"[{""factor_count"":14.0,""gadget_mixed_weight"":60.0,""gadget_mixed_weight_norm"":1.0,""mixed_auc_greedy"":84.0,""mixed_auc_greedy_norm"":0.4666666666666667,""mixed_auc_original"":84.0,""mixed_auc_original_norm"":0.4666666666666667,""mixed_excess_norm"":0.0,""mixed_group_count"":2.0,""mixed_group_count_norm"":1.0,""num_block_rows"":1,""num_factor_groups"":2.0,""partition_id"":""balanced_contiguous_k2"",""partition_kind"":""contiguous"",""score_v3_lex"":""0;0.466666666667;0;3ad1cd407e5c2348"",""singleton_bridge_count"":0.0,""singleton_bridge_count_norm"":0.0,""stable_factor_hash"":""3ad1cd407e5c2348"",""target_mixed_weight"":60.0},{""factor_count"":14.0,""gadget_mixed_weight"":54.0,""gadget_mixed_weight_norm"":1.0,""mixed_auc_greedy"":66.0,""mixed_auc_greedy_norm"":0.4074074074074074,""mixed_auc_original"":66.0,""mixed_auc_original_norm"":0.4074074074074074,""mixed_excess_norm"":0.0,""mixed_group_count"":2.0,""mixed_group_count_norm"":1.0,""num_block_rows"":1,""num_factor_groups"":2.0,""partition_id"":""semantic_family_k2"",""partition_kind"":""semantic-family"",""score_v3_lex"":""0;0.407407407407;0;3ad1cd407e5c2348"",""singleton_bridge_count"":0.0,""singleton_bridge_count_norm"":0.0,""stable_factor_hash"":""3ad1cd407e5c2348"",""target_mixed_weight"":54.0},{""factor_count"":14.0,""gadget_mixed_weight"":18.0,""gadget_mixed_weight_norm"":1.0,""mixed_auc_greedy"":24.0,""mixed_auc_greedy_norm"":0.4444444444444444,""mixed_auc_original"":24.0,""mixed_auc_original_norm"":0.4444444444444444,""mixed_excess_norm"":0.0,""mixed_group_count"":2.0,""mixed_group_count_norm"":1.0,""num_block_rows"":1,""num_factor_groups"":2.0,""partition_id"":""semantic_role_k2"",""partition_kind"":""semantic-role"",""score_v3_lex"":""0;0.444444444444;0;3ad1cd407e5c2348"",""singleton_bridge_count"":0.0,""singleton_bridge_count_norm"":0.0,""stable_factor_hash"":""3ad1cd407e5c2348"",""target_mixed_weight"":18.0},{""factor_count"":14.0,""gadget_mixed_weight"":54.0,""gadget_mixed_weight_norm"":1.0,""mixed_auc_greedy"":66.0,""mixed_auc_greedy_norm"":0.4074074074074074,""mixed_auc_original"":66.0,""mixed_auc_original_norm"":0.4074074074074074,""mixed_excess_norm"":0.0,""mixed_group_count"":2.0,""mixed_group_count_norm"":1.0,""num_block_rows"":1,""num_factor_groups"":2.0,""partition_id"":""tensor_graph_spectral_k2"",""partition_kind"":""tensor-graph"",""score_v3_lex"":""0;0.407407407407;0;3ad1cd407e5c2348"",""singleton_bridge_count"":0.0,""singleton_bridge_count_norm"":0.0,""stable_factor_hash"":""3ad1cd407e5c2348"",""target_mixed_weight"":54.0}]"
nc_tof_4,nc_tof_4:combo0,0,ok,ok,,ok,,phase-slack-v1,conservative,0.2,public_resynth_no_gadgets,nc_toff_4,0,1,0,1,0.0,0,19,8,7.476958525345622,ok,,2.9907834101382487,7.476958525345622,2.0875576036866357,6.54147465437788,1.903225806451613,1.5714285714285714,4.758064516129032,1.5714285714285714,5.17741935483871,8.13594470046083,ok,,321,11,3531,118,11,1298,19,117,295,11,3245,359,19,340,18,625,100,1,359,1.0,295,1.7458100558659218,303,11,3333,328,136,11,1496,129,18,185,0.632398753894081,2.234375,1.25,5.734375,5.17741935483871,0.5428571428571428,0.6666666666666666,4.505263157894737,19,8,321,428,0.04439252336448598,0.31719532554257096,20,19,1.0,0.13157894736842105,0.42105263157894735,results/public_resynth_tensor_v3_phase_slack_expanded/public_resynth_tensor_v3_phase_slack/nc_tof_4/structural_combinations/combo0/assembled.qasm,ok,,semantic_role_k2,semantic-role,0.12,78.0,1218.0,15.615384615384615,14.615384615384615,1920.0,1.3675213675213675,2196.0,1.564102564102564,14.0,0.7368421052631579,15.0,0.8823529411764706,17.0,19.0,14.6153846154;1.5641025641;0.736842105263;940fcf7bb8ab5237,940fcf7bb8ab5237,"[{""factor_count"":19.0,""gadget_mixed_weight"":1476.0,""gadget_mixed_weight_norm"":11.181818181818182,""mixed_auc_greedy"":3180.0,""mixed_auc_greedy_norm"":1.3383838383838385,""mixed_auc_original"":2304.0,""mixed_auc_original_norm"":0.9696969696969697,""mixed_excess_norm"":10.181818181818182,""mixed_group_count"":14.0,""mixed_group_count_norm"":0.8235294117647058,""num_block_rows"":1,""num_factor_groups"":17.0,""partition_id"":""balanced_contiguous_k2"",""partition_kind"":""contiguous"",""score_v3_lex"":""10.1818181818;1.33838383838;0.684210526316;940fcf7bb8ab5237"",""singleton_bridge_count"":13.0,""singleton_bridge_count_norm"":0.6842105263157895,""stable_factor_hash"":""940fcf7bb8ab5237"",""target_mixed_weight"":132.0},{""factor_count"":19.0,""gadget_mixed_weight"":1344.0,""gadget_mixed_weight_norm"":8.615384615384615,""mixed_auc_greedy"":2952.0,""mixed_auc_greedy_norm"":1.0512820512820513,""mixed_auc_original"":1902.0,""mixed_auc_original_norm"":0.6773504273504274,""mixed_excess_norm"":7.615384615384615,""mixed_group_count"":10.0,""mixed_group_count_norm"":0.5882352941176471,""num_block_rows"":1,""num_factor_groups"":17.0,""partition_id"":""semantic_family_k2"",""partition_kind"":""semantic-family"",""score_v3_lex"":""7.61538461538;1.05128205128;0.473684210526;940fcf7bb8ab5237"",""singleton_bridge_count"":9.0,""singleton_bridge_count_norm"":0.47368421052631576,""stable_factor_hash"":""940fcf7bb8ab5237"",""target_mixed_weight"":156.0},{""factor_count"":19.0,""gadget_mixed_weight"":1218.0,""gadget_mixed_weight_norm"":15.615384615384615,""mixed_auc_greedy"":2196.0,""mixed_auc_greedy_norm"":1.564102564102564,""mixed_auc_original"":1920.0,""mixed_auc_original_norm"":1.3675213675213675,""mixed_excess_norm"":14.615384615384615,""mixed_group_count"":15.0,""mixed_group_count_norm"":0.8823529411764706,""num_block_rows"":1,""num_factor_groups"":17.0,""partition_id"":""semantic_role_k2"",""partition_kind"":""semantic-role"",""score_v3_lex"":""14.6153846154;1.5641025641;0.736842105263;940fcf7bb8ab5237"",""singleton_bridge_count"":14.0,""singleton_bridge_count_norm"":0.7368421052631579,""stable_factor_hash"":""940fcf7bb8ab5237"",""target_mixed_weight"":78.0},{""factor_count"":19.0,""gadget_mixed_weight"":1518.0,""gadget_mixed_weight_norm"":11.0,""mixed_auc_greedy"":2784.0,""mixed_auc_greedy_norm"":1.1207729468599035,""mixed_auc_original"":2196.0,""mixed_auc_original_norm"":0.8840579710144928,""mixed_excess_norm"":10.0,""mixed_group_count"":12.0,""mixed_group_count_norm"":0.7058823529411765,""num_block_rows"":1,""num_factor_groups"":17.0,""partition_id"":""tensor_graph_spectral_k2"",""partition_kind"":""tensor-graph"",""score_v3_lex"":""10;1.12077294686;0.578947368421;940fcf7bb8ab5237"",""singleton_bridge_count"":11.0,""singleton_bridge_count_norm"":0.5789473684210527,""stable_factor_hash"":""940fcf7bb8ab5237"",""target_mixed_weight"":138.0}]"
nc_tof_4,nc_tof_4:combo1,1,ok,ok,,ok,,phase-slack-v1,conservative,0.2,public_resynth_no_gadgets,nc_toff_4,1,1,0,1,0.0,0,19,10,7.6036866359447,ok,,3.0921658986175116,7.6036866359447,2.1889400921658986,6.668202764976958,1.967741935483871,1.5714285714285714,4.838709677419355,1.5714285714285714,5.370967741935484,8.440092165898617,ok,,333,11,3663,122,11,1342,19,120,300,11,3300,368,19,349,18,640,110,1,368,1.0,300,1.7438692098092643,317,11,3487,338,138,11,1518,131,16,195,0.6336336336336337,2.421875,1.4375,6.15625,5.370967741935484,0.5428571428571428,0.8333333333333334,4.747368421052632,19,10,333,451,0.04212860310421286,0.3054662379421222,20,19,1.0,0.02631578947368421,0.5263157894736842,results/public_resynth_tensor_v3_phase_slack_expanded/public_resynth_tensor_v3_phase_slack/nc_tof_4/structural_combinations/combo1/assembled.qasm,ok,,semantic_role_k2,semantic-role,0.12,78.0,1050.0,13.461538461538462,12.461538461538462,1356.0,0.8692307692307693,1620.0,1.0384615384615385,16.0,0.8421052631578947,16.0,0.8421052631578947,19.0,19.0,12.4615384615;1.03846153846;0.842105263158;7304d713914e1c48,7304d713914e1c48,"[{""factor_count"":19.0,""gadget_mixed_weight"":1428.0,""gadget_mixed_weight_norm"":10.818181818181818,""mixed_auc_greedy"":2682.0,""mixed_auc_greedy_norm"":1.0159090909090909,""mixed_auc_original"":2316.0,""mixed_auc_original_norm"":0.8772727272727273,""mixed_excess_norm"":9.818181818181818,""mixed_group_count"":18.0,""mixed_group_count_norm"":0.9473684210526315,""num_block_rows"":1,""num_factor_groups"":19.0,""partition_id"":""balanced_contiguous_k2"",""partition_kind"":""contiguous"",""score_v3_lex"":""9.81818181818;1.01590909091;0.947368421053;7304d713914e1c48"",""singleton_bridge_count"":18.0,""singleton_bridge_count_norm"":0.9473684210526315,""stable_factor_hash"":""7304d713914e1c48"",""target_mixed_weight"":132.0},{""factor_count"":19.0,""gadget_mixed_weight"":1308.0,""gadget_mixed_weight_norm"":8.384615384615385,""mixed_auc_greedy"":2778.0,""mixed_auc_greedy_norm"":0.8903846153846153,""mixed_auc_original"":2370.0,""mixed_auc_original_norm"":0.7596153846153846,""mixed_excess_norm"":7.384615384615385,""mixed_group_count"":18.0,""mixed_group_count_norm"":0.9473684210526315,""num_block_rows"":1,""num_factor_groups"":19.0,""partition_id"":""semantic_family_k2"",""partition_kind"":""semantic-family"",""score_v3_lex"":""7.38461538462;0.890384615385;0.947368421053;7304d713914e1c48"",""singleton_bridge_count"":18.0,""singleton_bridge_count_norm"":0.9473684210526315,""stable_factor_hash"":""7304d713914e1c48"",""target_mixed_weight"":156.0},{""factor_count"":19.0,""gadget_mixed_weight"":1050.0,""gadget_mixed_weight_norm"":13.461538461538462,""mixed_auc_greedy"":1620.0,""mixed_auc_greedy_norm"":1.0384615384615385,""mixed_auc_original"":1356.0,""mixed_auc_original_norm"":0.8692307692307693,""mixed_excess_norm"":12.461538461538462,""mixed_group_count"":16.0,""mixed_group_count_norm"":0.8421052631578947,""num_block_rows"":1,""num_factor_groups"":19.0,""partition_id"":""semantic_role_k2"",""partition_kind"":""semantic-role"",""score_v3_lex"":""12.4615384615;1.03846153846;0.842105263158;7304d713914e1c48"",""singleton_bridge_count"":16.0,""singleton_bridge_count_norm"":0.8421052631578947,""stable_factor_hash"":""7304d713914e1c48"",""target_mixed_weight"":78.0},{""factor_count"":19.0,""gadget_mixed_weight"":1338.0,""gadget_mixed_weight_norm"":9.695652173913043,""mixed_auc_greedy"":2610.0,""mixed_auc_greedy_norm"":0.9456521739130435,""mixed_auc_original"":2118.0,""mixed_auc_original_norm"":0.7673913043478261,""mixed_excess_norm"":8.695652173913043,""mixed_group_count"":18.0,""mixed_group_count_norm"":0.9473684210526315,""num_block_rows"":1,""num_factor_groups"":19.0,""partition_id"":""tensor_graph_spectral_k2"",""partition_kind"":""tensor-graph"",""score_v3_lex"":""8.69565217391;0.945652173913;0.947368421053;7304d713914e1c48"",""singleton_bridge_count"":18.0,""singleton_bridge_count_norm"":0.9473684210526315,""stable_factor_hash"":""7304d713914e1c48"",""target_mixed_weight"":138.0}]"
nc_tof_4,nc_tof_4:combo2,2,ok,ok,,ok,,phase-slack-v1,conservative,0.2,public_resynth_no_gadgets,nc_toff_4,2,1,0,1,0.0,0,19,10,8.465437788018432,ok,,3.7004608294930876,8.465437788018432,2.7972350230414746,7.52995391705069,2.3548387096774195,1.5714285714285714,5.387096774193548,1.5714285714285714,5.935483870967742,9.327188940092165,ok,,368,11,4048,146,11,1606,19,136,334,11,3674,398,19,379,19,681,142,1,398,1.0,334,1.7153652392947103,352,11,3872,369,162,11,1782,146,16,207,0.6059782608695652,2.6875,1.703125,6.9375,5.935483870967742,0.5428571428571428,0.8333333333333334,5.378947368421053,19,10,368,511,0.03718199608610567,0.2785923753665689,20,19,1.0,0.02631578947368421,0.5263157894736842,results/public_resynth_tensor_v3_phase_slack_expanded/public_resynth_tensor_v3_phase_slack/nc_tof_4/structural_combinations/combo2/assembled.qasm,ok,,semantic_role_k2,semantic-role,0.12,78.0,1530.0,19.615384615384617,18.615384615384617,2754.0,1.7653846153846153,1866.0,1.1961538461538461,16.0,0.8421052631578947,16.0,0.8421052631578947,19.0,19.0,18.6153846154;1.19615384615;0.842105263158;a56830990901d1c0,a56830990901d1c0,"[{""factor_count"":19.0,""gadget_mixed_weight"":1848.0,""gadget_mixed_weight_norm"":14.0,""mixed_auc_greedy"":2604.0,""mixed_auc_greedy_norm"":0.9863636363636363,""mixed_auc_original"":3582.0,""mixed_auc_original_norm"":1.356818181818182,""mixed_excess_norm"":13.0,""mixed_group_count"":18.0,""mixed_group_count_norm"":0.9473684210526315,""num_block_rows"":1,""num_factor_groups"":19.0,""partition_id"":""balanced_contiguous_k2"",""partition_kind"":""contiguous"",""score_v3_lex"":""13;0.986363636364;0.947368421053;a56830990901d1c0"",""singleton_bridge_count"":18.0,""singleton_bridge_count_norm"":0.9473684210526315,""stable_factor_hash"":""a56830990901d1c0"",""target_mixed_weight"":132.0},{""factor_count"":19.0,""gadget_mixed_weight"":1500.0,""gadget_mixed_weight_norm"":9.615384615384615,""mixed_auc_greedy"":2562.0,""mixed_auc_greedy_norm"":0.8211538461538461,""mixed_auc_original"":3144.0,""mixed_auc_original_norm"":1.0076923076923077,""mixed_excess_norm"":8.615384615384615,""mixed_group_count"":18.0,""mixed_group_count_norm"":0.9473684210526315,""num_block_rows"":1,""num_factor_groups"":19.0,""partition_id"":""semantic_family_k2"",""partition_kind"":""semantic-family"",""score_v3_lex"":""8.61538461538;0.821153846154;0.947368421053;a56830990901d1c0"",""singleton_bridge_count"":18.0,""singleton_bridge_count_norm"":0.9473684210526315,""stable_factor_hash"":""a56830990901d1c0"",""target_mixed_weight"":156.0},{""factor_count"":19.0,""gadget_mixed_weight"":1530.0,""gadget_mixed_weight_norm"":19.615384615384617,""mixed_auc_greedy"":1866.0,""mixed_auc_greedy_norm"":1.1961538461538461,""mixed_auc_original"":2754.0,""mixed_auc_original_norm"":1.7653846153846153,""mixed_excess_norm"":18.615384615384617,""mixed_group_count"":16.0,""mixed_group_count_norm"":0.8421052631578947,""num_block_rows"":1,""num_factor_groups"":19.0,""partition_id"":""semantic_role_k2"",""partition_kind"":""semantic-role"",""score_v3_lex"":""18.6153846154;1.19615384615;0.842105263158;a56830990901d1c0"",""singleton_bridge_count"":16.0,""singleton_bridge_count_norm"":0.8421052631578947,""stable_factor_hash"":""a56830990901d1c0"",""target_mixed_weight"":78.0},{""factor_count"":19.0,""gadget_mixed_weight"":1698.0,""gadget_mixed_weight_norm"":12.304347826086957,""mixed_auc_greedy"":2352.0,""mixed_auc_greedy_norm"":0.8521739130434782,""mixed_auc_original"":3324.0,""mixed_auc_original_norm"":1.2043478260869565,""mixed_excess_norm"":11.304347826086957,""mixed_group_count"":16.0,""mixed_group_count_norm"":0.8421052631578947,""num_block_rows"":1,""num_factor_groups"":19.0,""partition_id"":""tensor_graph_spectral_k2"",""partition_kind"":""tensor-graph"",""score_v3_lex"":""11.3043478261;0.852173913043;0.842105263158;a56830990901d1c0"",""singleton_bridge_count"":16.0,""singleton_bridge_count_norm"":0.8421052631578947,""stable_factor_hash"":""a56830990901d1c0"",""target_mixed_weight"":138.0}]"
nc_tof_4,nc_tof_4:combo3,3,ok,ok,,ok,,phase-slack-v1,conservative,0.2,public_resynth_no_gadgets,nc_toff_4,3,1,0,1,0.0,0,19,8,7.400921658986175,ok,,2.914746543778802,7.400921658986175,2.011520737327189,6.465437788018433,1.8548387096774193,1.5714285714285714,4.709677419354839,1.5714285714285714,5.161290322580645,8.110599078341014,ok,,320,11,3520,115,11,1265,19,118,292,11,3212,359,19,340,17,628,96,1,359,1.0,292,1.7541899441340782,302,11,3322,330,133,11,1463,128,18,187,0.640625,2.328125,1.34375,5.953125,5.161290322580645,0.5428571428571428,0.6666666666666666,4.515789473684211,19,8,320,429,0.04428904428904429,0.31666666666666665,19,19,1.0,0.08108108108108109,0.42105263157894735,results/public_resynth_tensor_v3_phase_slack_expanded/public_resynth_tensor_v3_phase_slack/nc_tof_4/structural_combinations/combo3/assembled.qasm,ok,,semantic_role_k2,semantic-role,0.12,78.0,1314.0,16.846153846153847,15.846153846153847,4572.0,2.9307692307692306,2112.0,1.353846153846154,18.0,0.9473684210526315,18.0,0.9473684210526315,19.0,19.0,15.8461538462;1.35384615385;0.947368421053;458888ea3885e597,458888ea3885e597,"[{""factor_count"":19.0,""gadget_mixed_weight"":1572.0,""gadget_mixed_weight_norm"":11.909090909090908,""mixed_auc_greedy"":3156.0,""mixed_auc_greedy_norm"":1.1954545454545455,""mixed_auc_original"":6048.0,""mixed_auc_original_norm"":2.290909090909091,""mixed_excess_norm"":10.909090909090908,""mixed_group_count"":18.0,""mixed_group_count_norm"":0.9473684210526315,""num_block_rows"":1,""num_factor_groups"":19.0,""partition_id"":""balanced_contiguous_k2"",""partition_kind"":""contiguous"",""score_v3_lex"":""10.9090909091;1.19545454545;0.947368421053;458888ea3885e597"",""singleton_bridge_count"":18.0,""singleton_bridge_count_norm"":0.9473684210526315,""stable_factor_hash"":""458888ea3885e597"",""target_mixed_weight"":132.0},{""factor_count"":19.0,""gadget_mixed_weight"":1320.0,""gadget_mixed_weight_norm"":8.461538461538462,""mixed_auc_greedy"":3186.0,""mixed_auc_greedy_norm"":1.021153846153846,""mixed_auc_original"":5244.0,""mixed_auc_original_norm"":1.6807692307692308,""mixed_excess_norm"":7.461538461538462,""mixed_group_count"":16.0,""mixed_group_count_norm"":0.8421052631578947,""num_block_rows"":1,""num_factor_groups"":19.0,""partition_id"":""semantic_family_k2"",""partition_kind"":""semantic-family"",""score_v3_lex"":""7.46153846154;1.02115384615;0.842105263158;458888ea3885e597"",""singleton_bridge_count"":16.0,""singleton_bridge_count_norm"":0.8421052631578947,""stable_factor_hash"":""458888ea3885e597"",""target_mixed_weight"":156.0},{""factor_count"":19.0,""gadget_mixed_weight"":1314.0,""gadget_mixed_weight_norm"":16.846153846153847,""mixed_auc_greedy"":2112.0,""mixed_auc_greedy_norm"":1.353846153846154,""mixed_auc_original"":4572.0,""mixed_auc_original_norm"":2.9307692307692306,""mixed_excess_norm"":15.846153846153847,""mixed_group_count"":18.0,""mixed_group_count_norm"":0.9473684210526315,""num_block_rows"":1,""num_factor_groups"":19.0,""partition_id"":""semantic_role_k2"",""partition_kind"":""semantic-role"",""score_v3_lex"":""15.8461538462;1.35384615385;0.947368421053;458888ea3885e597"",""singleton_bridge_count"":18.0,""singleton_bridge_count_norm"":0.9473684210526315,""stable_factor_hash"":""458888ea3885e597"",""target_mixed_weight"":78.0},{""factor_count"":19.0,""gadget_mixed_weight"":1542.0,""gadget_mixed_weight_norm"":11.173913043478262,""mixed_auc_greedy"":3222.0,""mixed_auc_greedy_norm"":1.1673913043478261,""mixed_auc_original"":5802.0,""mixed_auc_original_norm"":2.1021739130434782,""mixed_excess_norm"":10.173913043478262,""mixed_group_count"":18.0,""mixed_group_count_norm"":0.9473684210526315,""num_block_rows"":1,""num_factor_groups"":19.0,""partition_id"":""tensor_graph_spectral_k2"",""partition_kind"":""tensor-graph"",""score_v3_lex"":""10.1739130435;1.16739130435;0.947368421053;458888ea3885e597"",""singleton_bridge_count"":18.0,""singleton_bridge_count_norm"":0.9473684210526315,""stable_factor_hash"":""458888ea3885e597"",""target_mixed_weight"":138.0}]"
nc_tof_4,nc_tof_4:combo4,4,ok,ok,,ok,,phase-slack-v1,conservative,0.2,public_resynth_no_gadgets,nc_toff_4,4,1,0,1,0.0,0,19,12,7.831797235023042,ok,,3.294930875576037,7.831797235023042,2.391705069124424,6.8963133640553,2.096774193548387,1.5714285714285714,4.983870967741935,1.5714285714285714,5.516129032258065,8.668202764976959,ok,,342,11,3762,130,11,1430,19,137,309,11,3399,382,19,363,18,672,92,1,382,1.0,309,1.763779527559055,326,11,3586,352,146,11,1606,148,16,196,0.6198830409356725,2.5625,1.578125,6.171875,5.516129032258065,0.5428571428571428,1.0,4.7368421052631575,19,12,342,450,0.042222222222222223,0.3059581320450886,20,19,1.0,0.02631578947368421,0.631578947368421,results/public_resynth_tensor_v3_phase_slack_expanded/public_resynth_tensor_v3_phase_slack/nc_tof_4/structural_combinations/combo4/assembled.qasm,ok,,semantic_role_k2,semantic-role,0.12,78.0,2238.0,28.692307692307693,27.692307692307693,4986.0,3.1961538461538463,2478.0,1.5884615384615384,16.0,0.8421052631578947,16.0,0.8421052631578947,19.0,19.0,27.6923076923;1.58846153846;0.842105263158;82873e5fc021993b,82873e5fc021993b,"[{""factor_count"":19.0,""gadget_mixed_weight"":2316.0,""gadget_mixed_weight_norm"":17.545454545454547,""mixed_auc_greedy"":3210.0,""mixed_auc_greedy_norm"":1.2159090909090908,""mixed_auc_original"":5508.0,""mixed_auc_original_norm"":2.0863636363636364,""mixed_excess_norm"":16.545454545454547,""mixed_group_count"":18.0,""mixed_group_count_norm"":0.9473684210526315,""num_block_rows"":1,""num_factor_groups"":19.0,""partition_id"":""balanced_contiguous_k2"",""partition_kind"":""contiguous"",""score_v3_lex"":""16.5454545455;1.21590909091;0.947368421053;82873e5fc021993b"",""singleton_bridge_count"":18.0,""singleton_bridge_count_norm"":0.9473684210526315,""stable_factor_hash"":""82873e5fc021993b"",""target_mixed_weight"":132.0},{""factor_count"":19.0,""gadget_mixed_weight"":2256.0,""gadget_mixed_weight_norm"":14.461538461538462,""mixed_auc_greedy"":3126.0,""mixed_auc_greedy_norm"":1.001923076923077,""mixed_auc_original"":4824.0,""mixed_auc_original_norm"":1.5461538461538462,""mixed_excess_norm"":13.461538461538462,""mixed_group_count"":14.0,""mixed_group_count_norm"":0.7368421052631579,""num_block_rows"":1,""num_factor_groups"":19.0,""partition_id"":""semantic_family_k2"",""partition_kind"":""semantic-family"",""score_v3_lex"":""13.4615384615;1.00192307692;0.736842105263;82873e5fc021993b"",""singleton_bridge_count"":14.0,""singleton_bridge_count_norm"":0.7368421052631579,""stable_factor_hash"":""82873e5fc021993b"",""target_mixed_weight"":156.0},{""factor_count"":19.0,""gadget_mixed_weight"":2238.0,""gadget_mixed_weight_norm"":28.692307692307693,""mixed_auc_greedy"":2478.0,""mixed_auc_greedy_norm"":1.5884615384615384,""mixed_auc_original"":4986.0,""mixed_auc_original_norm"":3.1961538461538463,""mixed_excess_norm"":27.692307692307693,""mixed_group_count"":16.0,""mixed_group_count_norm"":0.8421052631578947,""num_block_rows"":1,""num_factor_groups"":19.0,""partition_id"":""semantic_role_k2"",""partition_kind"":""semantic-role"",""score_v3_lex"":""27.6923076923;1.58846153846;0.842105263158;82873e5fc021993b"",""singleton_bridge_count"":16.0,""singleton_bridge_count_norm"":0.8421052631578947,""stable_factor_hash"":""82873e5fc021993b"",""target_mixed_weight"":78.0},{""factor_count"":19.0,""gadget_mixed_weight"":2322.0,""gadget_mixed_weight_norm"":16.82608695652174,""mixed_auc_greedy"":3180.0,""mixed_auc_greedy_norm"":1.1521739130434783,""mixed_auc_original"":5370.0,""mixed_auc_original_norm"":1.9456521739130435,""mixed_excess_norm"":15.826086956521738,""mixed_group_count"":17.0,""mixed_group_count_norm"":0.8947368421052632,""num_block_rows"":1,""num_factor_groups"":19.0,""partition_id"":""tensor_graph_spectral_k2"",""partition_kind"":""tensor-graph"",""score_v3_lex"":""15.8260869565;1.15217391304;0.894736842105;82873e5fc021993b"",""singleton_bridge_count"":17.0,""singleton_bridge_count_norm"":0.8947368421052632,""stable_factor_hash"":""82873e5fc021993b"",""target_mixed_weight"":138.0}]"
nc_tof_4,nc_tof_4:combo5,5,ok,ok,,ok,,phase-slack-v1,conservative,0.2,public_resynth_no_gadgets,nc_toff_4,5,1,0,1,0.0,0,19,8,9.149769585253456,ok,,4.460829493087558,9.149769585253456,3.557603686635945,8.214285714285714,2.838709677419355,1.5714285714285714,5.82258064516129,1.5714285714285714,6.435483870967742,10.112903225806452,ok,,399,11,4389,176,11,1936,19,164,361,11,3971,409,19,390,17,727,98,1,409,1.0,361,1.7818627450980393,381,11,4191,378,194,11,2134,176,18,205,0.5588972431077694,3.109375,2.125,6.796875,6.435483870967742,0.5428571428571428,0.6666666666666666,5.073684210526316,19,8,399,482,0.03941908713692946,0.29096477794793263,20,19,1.0,0.07894736842105263,0.42105263157894735,results/public_resynth_tensor_v3_phase_slack_expanded/public_resynth_tensor_v3_phase_slack/nc_tof_4/structural_combinations/combo5/assembled.qasm,ok,,semantic_role_k2,semantic-role,0.12,78.0,2490.0,31.923076923076923,30.923076923076923,3966.0,2.542307692307692,2868.0,1.8384615384615384,18.0,0.9473684210526315,18.0,0.9473684210526315,19.0,19.0,30.9230769231;1.83846153846;0.947368421053;587c80993fcd188d,587c80993fcd188d,"[{""factor_count"":19.0,""gadget_mixed_weight"":2640.0,""gadget_mixed_weight_norm"":20.0,""mixed_auc_greedy"":3780.0,""mixed_auc_greedy_norm"":1.4318181818181819,""mixed_auc_original"":5250.0,""mixed_auc_original_norm"":1.9886363636363635,""mixed_excess_norm"":19.0,""mixed_group_count"":18.0,""mixed_group_count_norm"":0.9473684210526315,""num_block_rows"":1,""num_factor_groups"":19.0,""partition_id"":""balanced_contiguous_k2"",""partition_kind"":""contiguous"",""score_v3_lex"":""19;1.43181818182;0.947368421053;587c80993fcd188d"",""singleton_bridge_count"":18.0,""singleton_bridge_count_norm"":0.9473684210526315,""stable_factor_hash"":""587c80993fcd188d"",""target_mixed_weight"":132.0},{""factor_count"":19.0,""gadget_mixed_weight"":2100.0,""gadget_mixed_weight_norm"":13.461538461538462,""mixed_auc_greedy"":3636.0,""mixed_auc_greedy_norm"":1.1653846153846155,""mixed_auc_original"":4518.0,""mixed_auc_original_norm"":1.448076923076923,""mixed_excess_norm"":12.461538461538462,""mixed_group_count"":16.0,""mixed_group_count_norm"":0.8421052631578947,""num_block_rows"":1,""num_factor_groups"":19.0,""partition_id"":""semantic_family_k2"",""partition_kind"":""semantic-family"",""score_v3_lex"":""12.4615384615;1.16538461538;0.842105263158;587c80993fcd188d"",""singleton_bridge_count"":16.0,""singleton_bridge_count_norm"":0.8421052631578947,""stable_factor_hash"":""587c80993fcd188d"",""target_mixed_weight"":156.0},{""factor_count"":19.0,""gadget_mixed_weight"":2490.0,""gadget_mixed_weight_norm"":31.923076923076923,""mixed_auc_greedy"":2868.0,""mixed_auc_greedy_norm"":1.8384615384615384,""mixed_auc_original"":3966.0,""mixed_auc_original_norm"":2.542307692307692,""mixed_excess_norm"":30.923076923076923,""mixed_group_count"":18.0,""mixed_group_count_norm"":0.9473684210526315,""num_block_rows"":1,""num_factor_groups"":19.0,""partition_id"":""semantic_role_k2"",""partition_kind"":""semantic-role"",""score_v3_lex"":""30.9230769231;1.83846153846;0.947368421053;587c80993fcd188d"",""singleton_bridge_count"":18.0,""singleton_bridge_count_norm"":0.9473684210526315,""stable_factor_hash"":""587c80993fcd188d"",""target_mixed_weight"":78.0},{""factor_count"":19.0,""gadget_mixed_weight"":2694.0,""gadget_mixed_weight_norm"":19.52173913043478,""mixed_auc_greedy"":3864.0,""mixed_auc_greedy_norm"":1.4,""mixed_auc_original"":4998.0,""mixed_auc_original_norm"":1.8108695652173914,""mixed_excess_norm"":18.52173913043478,""mixed_group_count"":18.0,""mixed_group_count_norm"":0.9473684210526315,""num_block_rows"":1,""num_factor_groups"":19.0,""partition_id"":""tensor_graph_spectral_k2"",""partition_kind"":""tensor-graph"",""score_v3_lex"":""18.5217391304;1.4;0.947368421053;587c80993fcd188d"",""singleton_bridge_count"":18.0,""singleton_bridge_count_norm"":0.9473684210526315,""stable_factor_hash"":""587c80993fcd188d"",""target_mixed_weight"":138.0}]"
nc_tof_4,nc_tof_4:combo6,6,ok,ok,,ok,,phase-slack-v1,conservative,0.2,public_resynth_no_gadgets,nc_toff_4,6,1,0,1,0.0,0,19,10,8.794930875576037,ok,,4.055299539170507,8.794930875576037,3.152073732718894,7.859447004608295,2.5806451612903225,1.5714285714285714,5.596774193548387,1.5714285714285714,6.129032258064516,9.631336405529954,ok,,380,11,4180,160,11,1760,19,151,347,11,3817,411,19,392,20,712,136,1,411,1.0,347,1.7365853658536585,362,11,3982,381,178,11,1958,162,18,207,0.5921052631578947,2.84375,1.859375,6.78125,6.129032258064516,0.5428571428571428,0.8333333333333334,5.4526315789473685,19,10,380,518,0.03667953667953668,0.2757619738751814,20,19,1.0,0.07894736842105263,0.5263157894736842,results/public_resynth_tensor_v3_phase_slack_expanded/public_resynth_tensor_v3_phase_slack/nc_tof_4/structural_combinations/combo6/assembled.qasm,ok,,semantic_role_k2,semantic-role,0.12,78.0,3078.0,39.46153846153846,38.46153846153846,5082.0,3.2576923076923077,2898.0,1.8576923076923078,18.0,0.9473684210526315,18.0,0.9473684210526315,19.0,19.0,38.4615384615;1.85769230769;0.947368421053;aa41cc468da6d276,aa41cc468da6d276,"[{""factor_count"":19.0,""gadget_mixed_weight"":3528.0,""gadget_mixed_weight_norm"":26.727272727272727,""mixed_auc_greedy"":4002.0,""mixed_auc_greedy_norm"":1.5159090909090909,""mixed_auc_original"":5874.0,""mixed_auc_original_norm"":2.225,""mixed_excess_norm"":25.727272727272727,""mixed_group_count"":16.0,""mixed_group_count_norm"":0.8421052631578947,""num_block_rows"":1,""num_factor_groups"":19.0,""partition_id"":""balanced_contiguous_k2"",""partition_kind"":""contiguous"",""score_v3_lex"":""25.7272727273;1.51590909091;0.842105263158;aa41cc468da6d276"",""singleton_bridge_count"":16.0,""singleton_bridge_count_norm"":0.8421052631578947,""stable_factor_hash"":""aa41cc468da6d276"",""target_mixed_weight"":132.0},{""factor_count"":19.0,""gadget_mixed_weight"":3012.0,""gadget_mixed_weight_norm"":19.307692307692307,""mixed_auc_greedy"":3564.0,""mixed_auc_greedy_norm"":1.1423076923076922,""mixed_auc_original"":5148.0,""mixed_auc_original_norm"":1.65,""mixed_excess_norm"":18.307692307692307,""mixed_group_count"":14.0,""mixed_group_count_norm"":0.7368421052631579,""num_block_rows"":1,""num_factor_groups"":19.0,""partition_id"":""semantic_family_k2"",""partition_kind"":""semantic-family"",""score_v3_lex"":""18.3076923077;1.14230769231;0.736842105263;aa41cc468da6d276"",""singleton_bridge_count"":14.0,""singleton_bridge_count_norm"":0.7368421052631579,""stable_factor_hash"":""aa41cc468da6d276"",""target_mixed_weight"":156.0},{""factor_count"":19.0,""gadget_mixed_weight"":3078.0,""gadget_mixed_weight_norm"":39.46153846153846,""mixed_auc_greedy"":2898.0,""mixed_auc_greedy_norm"":1.8576923076923078,""mixed_auc_original"":5082.0,""mixed_auc_original_norm"":3.2576923076923077,""mixed_excess_norm"":38.46153846153846,""mixed_group_count"":18.0,""mixed_group_count_norm"":0.9473684210526315,""num_block_rows"":1,""num_factor_groups"":19.0,""partition_id"":""semantic_role_k2"",""partition_kind"":""semantic-role"",""score_v3_lex"":""38.4615384615;1.85769230769;0.947368421053;aa41cc468da6d276"",""singleton_bridge_count"":18.0,""singleton_bridge_count_norm"":0.9473684210526315,""stable_factor_hash"":""aa41cc468da6d276"",""target_mixed_weight"":78.0},{""factor_count"":19.0,""gadget_mixed_weight"":3510.0,""gadget_mixed_weight_norm"":25.434782608695652,""mixed_auc_greedy"":3942.0,""mixed_auc_greedy_norm"":1.4282608695652175,""mixed_auc_original"":5766.0,""mixed_auc_original_norm"":2.0891304347826085,""mixed_excess_norm"":24.434782608695652,""mixed_group_count"":17.0,""mixed_group_count_norm"":0.8947368421052632,""num_block_rows"":1,""num_factor_groups"":19.0,""partition_id"":""tensor_graph_spectral_k2"",""partition_kind"":""tensor-graph"",""score_v3_lex"":""24.4347826087;1.42826086957;0.894736842105;aa41cc468da6d276"",""singleton_bridge_count"":17.0,""singleton_bridge_count_norm"":0.8947368421052632,""stable_factor_hash"":""aa41cc468da6d276"",""target_mixed_weight"":138.0}]"
nc_tof_4,nc_tof_4:combo7,7,ok,ok,,ok,,phase-slack-v1,conservative,0.2,public_resynth_no_gadgets,nc_toff_4,7,1,0,1,0.0,0,19,10,8.896313364055299,ok,,3.97926267281106,8.896313364055299,3.076036866359447,7.960829493087557,2.532258064516129,1.5714285714285714,5.661290322580645,1.5714285714285714,6.306451612903226,9.910138248847927,ok,,391,11,4301,157,11,1727,19,154,351,11,3861,422,19,403,17,725,148,1,422,1.0,351,1.7220902612826603,372,11,4092,391,176,11,1936,166,19,215,0.59846547314578,2.921875,1.9375,7.21875,6.306451612903226,0.5428571428571428,0.8333333333333334,5.705263157894737,19,10,391,542,0.03505535055350553,0.2664796633941094,20,19,1.0,0.07894736842105263,0.5263157894736842,results/public_resynth_tensor_v3_phase_slack_expanded/public_resynth_tensor_v3_phase_slack/nc_tof_4/structural_combinations/combo7/assembled.qasm,ok,,semantic_role_k2,semantic-role,0.12,78.0,2274.0,29.153846153846153,28.153846153846153,3426.0,2.1961538461538463,2610.0,1.6730769230769231,16.0,0.8421052631578947,16.0,0.8421052631578947,19.0,19.0,28.1538461538;1.67307692308;0.842105263158;566b9e8d8944682b,566b9e8d8944682b,"[{""factor_count"":19.0,""gadget_mixed_weight"":2436.0,""gadget_mixed_weight_norm"":18.454545454545453,""mixed_auc_greedy"":3228.0,""mixed_auc_greedy_norm"":1.2227272727272727,""mixed_auc_original"":4152.0,""mixed_auc_original_norm"":1.5727272727272728,""mixed_excess_norm"":17.454545454545453,""mixed_group_count"":18.0,""mixed_group_count_norm"":0.9473684210526315,""num_block_rows"":1,""num_factor_groups"":19.0,""partition_id"":""balanced_contiguous_k2"",""partition_kind"":""contiguous"",""score_v3_lex"":""17.4545454545;1.22272727273;0.947368421053;566b9e8d8944682b"",""singleton_bridge_count"":18.0,""singleton_bridge_count_norm"":0.9473684210526315,""stable_factor_hash"":""566b9e8d8944682b"",""target_mixed_weight"":132.0},{""factor_count"":19.0,""gadget_mixed_weight"":2040.0,""gadget_mixed_weight_norm"":13.076923076923077,""mixed_auc_greedy"":2934.0,""mixed_auc_greedy_norm"":0.9403846153846154,""mixed_auc_original"":3312.0,""mixed_auc_original_norm"":1.0615384615384615,""mixed_excess_norm"":12.076923076923077,""mixed_group_count"":17.0,""mixed_group_count_norm"":0.8947368421052632,""num_block_rows"":1,""num_factor_groups"":19.0,""partition_id"":""semantic_family_k2"",""partition_kind"":""semantic-family"",""score_v3_lex"":""12.0769230769;0.940384615385;0.894736842105;566b9e8d8944682b"",""singleton_bridge_count"":17.0,""singleton_bridge_count_norm"":0.8947368421052632,""stable_factor_hash"":""566b9e8d8944682b"",""target_mixed_weight"":156.0},{""factor_count"":19.0,""gadget_mixed_weight"":2274.0,""gadget_mixed_weight_norm"":29.153846153846153,""mixed_auc_greedy"":2610.0,""mixed_auc_greedy_norm"":1.6730769230769231,""mixed_auc_original"":3426.0,""mixed_auc_original_norm"":2.1961538461538463,""mixed_excess_norm"":28.153846153846153,""mixed_group_count"":16.0,""mixed_group_count_norm"":0.8421052631578947,""num_block_rows"":1,""num_factor_groups"":19.0,""partition_id"":""semantic_role_k2"",""partition_kind"":""semantic-role"",""score_v3_lex"":""28.1538461538;1.67307692308;0.842105263158;566b9e8d8944682b"",""singleton_bridge_count"":16.0,""singleton_bridge_count_norm"":0.8421052631578947,""stable_factor_hash"":""566b9e8d8944682b"",""target_mixed_weight"":78.0},{""factor_count"":19.0,""gadget_mixed_weight"":2382.0,""gadget_mixed_weight_norm"":17.26086956521739,""mixed_auc_greedy"":3414.0,""mixed_auc_greedy_norm"":1.2369565217391305,""mixed_auc_original"":3810.0,""mixed_auc_original_norm"":1.3804347826086956,""mixed_excess_norm"":16.26086956521739,""mixed_group_count"":16.0,""mixed_group_count_norm"":0.8421052631578947,""num_block_rows"":1,""num_factor_groups"":19.0,""partition_id"":""tensor_graph_spectral_k2"",""partition_kind"":""tensor-graph"",""score_v3_lex"":""16.2608695652;1.23695652174;0.842105263158;566b9e8d8944682b"",""singleton_bridge_count"":16.0,""singleton_bridge_count_norm"":0.8421052631578947,""stable_factor_hash"":""566b9e8d8944682b"",""target_mixed_weight"":138.0}]"
nc_tof_4,nc_tof_4:combo8,8,ok,ok,,ok,,phase-slack-v1,conservative,0.2,public_resynth_no_gadgets,nc_toff_4,8,1,0,1,0.0,0,19,10,8.237327188940093,ok,,3.5483870967741935,8.237327188940093,2.6451612903225805,7.3018433179723505,2.2580645161290325,1.5714285714285714,5.241935483870968,1.5714285714285714,5.854838709677419,9.200460829493087,ok,,363,11,3993,140,11,1540,19,136,325,11,3575,392,19,373,19,676,130,1,392,1.0,325,1.7289002557544757,347,11,3817,363,156,11,1716,146,16,207,0.6143250688705234,2.53125,1.546875,6.546875,5.854838709677419,0.5428571428571428,0.8333333333333334,5.189473684210526,19,10,363,493,0.038539553752535496,0.286144578313253,20,19,1.0,0.02631578947368421,0.5263157894736842,results/public_resynth_tensor_v3_phase_slack_expanded/public_resynth_tensor_v3_phase_slack/nc_tof_4/structural_combinations/combo8/assembled.qasm,ok,,semantic_role_k2,semantic-role,0.12,78.0,1638.0,21.0,20.0,3678.0,2.6196581196581197,1956.0,1.393162393162393,14.0,0.7368421052631579,15.0,0.8823529411764706,17.0,19.0,20;1.39316239316;0.736842105263;54ad46a91ca913d0,54ad46a91ca913d0,"[{""factor_count"":19.0,""gadget_mixed_weight"":1800.0,""gadget_mixed_weight_norm"":13.636363636363637,""mixed_auc_greedy"":2562.0,""mixed_auc_greedy_norm"":1.0782828282828283,""mixed_auc_original"":4128.0,""mixed_auc_original_norm"":1.7373737373737375,""mixed_excess_norm"":12.636363636363637,""mixed_group_count"":16.0,""mixed_group_count_norm"":0.9411764705882353,""num_block_rows"":1,""num_factor_groups"":17.0,""partition_id"":""balanced_contiguous_k2"",""partition_kind"":""contiguous"",""score_v3_lex"":""12.6363636364;1.07828282828;0.789473684211;54ad46a91ca913d0"",""singleton_bridge_count"":15.0,""singleton_bridge_count_norm"":0.7894736842105263,""stable_factor_hash"":""54ad46a91ca913d0"",""target_mixed_weight"":132.0},{""factor_count"":19.0,""gadget_mixed_weight"":1536.0,""gadget_mixed_weight_norm"":9.846153846153847,""mixed_auc_greedy"":2382.0,""mixed_auc_greedy_norm"":0.8482905982905983,""mixed_auc_original"":3756.0,""mixed_auc_original_norm"":1.3376068376068375,""mixed_excess_norm"":8.846153846153847,""mixed_group_count"":12.0,""mixed_group_count_norm"":0.7058823529411765,""num_block_rows"":1,""num_factor_groups"":17.0,""partition_id"":""semantic_family_k2"",""partition_kind"":""semantic-family"",""score_v3_lex"":""8.84615384615;0.848290598291;0.578947368421;54ad46a91ca913d0"",""singleton_bridge_count"":11.0,""singleton_bridge_count_norm"":0.5789473684210527,""stable_factor_hash"":""54ad46a91ca913d0"",""target_mixed_weight"":156.0},{""factor_count"":19.0,""gadget_mixed_weight"":1638.0,""gadget_mixed_weight_norm"":21.0,""mixed_auc_greedy"":1956.0,""mixed_auc_greedy_norm"":1.393162393162393,""mixed_auc_original"":3678.0,""mixed_auc_original_norm"":2.6196581196581197,""mixed_excess_norm"":20.0,""mixed_group_count"":15.0,""mixed_group_count_norm"":0.8823529411764706,""num_block_rows"":1,""num_factor_groups"":17.0,""partition_id"":""semantic_role_k2"",""partition_kind"":""semantic-role"",""score_v3_lex"":""20;1.39316239316;0.736842105263;54ad46a91ca913d0"",""singleton_bridge_count"":14.0,""singleton_bridge_count_norm"":0.7368421052631579,""stable_factor_hash"":""54ad46a91ca913d0"",""target_mixed_weight"":78.0},{""factor_count"":19.0,""gadget_mixed_weight"":1698.0,""gadget_mixed_weight_norm"":12.304347826086957,""mixed_auc_greedy"":2610.0,""mixed_auc_greedy_norm"":1.0507246376811594,""mixed_auc_original"":3870.0,""mixed_auc_original_norm"":1.5579710144927537,""mixed_excess_norm"":11.304347826086957,""mixed_group_count"":15.0,""mixed_group_count_norm"":0.8823529411764706,""num_block_rows"":1,""num_factor_groups"":17.0,""partition_id"":""tensor_graph_spectral_k2"",""partition_kind"":""tensor-graph"",""score_v3_lex"":""11.3043478261;1.05072463768;0.736842105263;54ad46a91ca913d0"",""singleton_bridge_count"":14.0,""singleton_bridge_count_norm"":0.7368421052631579,""stable_factor_hash"":""54ad46a91ca913d0"",""target_mixed_weight"":138.0}]"
nc_tof_4,nc_tof_4:combo9,9,ok,ok,,ok,,phase-slack-v1,conservative,0.2,public_resynth_no_gadgets,nc_toff_4,9,1,0,1,0.0,0,19,10,7.6036866359447,ok,,2.9400921658986174,7.6036866359447,2.0368663594470044,6.668202764976958,1.8709677419354838,1.5714285714285714,4.838709677419355,1.5714285714285714,5.419354838709677,8.516129032258064,ok,,336,11,3696,116,11,1276,19,129,300,11,3300,391,19,372,20,673,136,1,391,1.0,300,1.7256410256410257,320,11,3520,361,132,11,1452,140,16,204,0.6547619047619048,2.578125,1.59375,6.703125,5.419354838709677,0.5428571428571428,0.8333333333333334,5.242105263157895,19,10,336,498,0.03815261044176707,0.28400597907324365,20,19,1.0,0.02631578947368421,0.5263157894736842,results/public_resynth_tensor_v3_phase_slack_expanded/public_resynth_tensor_v3_phase_slack/nc_tof_4/structural_combinations/combo9/assembled.qasm,ok,,semantic_role_k2,semantic-role,0.12,78.0,1602.0,20.53846153846154,19.53846153846154,3912.0,2.5076923076923077,2046.0,1.3115384615384615,16.0,0.8421052631578947,16.0,0.8421052631578947,19.0,19.0,19.5384615385;1.31153846154;0.842105263158;3647f9cc6df7fc8b,3647f9cc6df7fc8b,"[{""factor_count"":19.0,""gadget_mixed_weight"":1716.0,""gadget_mixed_weight_norm"":13.0,""mixed_auc_greedy"":2964.0,""mixed_auc_greedy_norm"":1.1227272727272728,""mixed_auc_original"":4302.0,""mixed_auc_original_norm"":1.6295454545454546,""mixed_excess_norm"":12.0,""mixed_group_count"":18.0,""mixed_group_count_norm"":0.9473684210526315,""num_block_rows"":1,""num_factor_groups"":19.0,""partition_id"":""balanced_contiguous_k2"",""partition_kind"":""contiguous"",""score_v3_lex"":""12;1.12272727273;0.947368421053;3647f9cc6df7fc8b"",""singleton_bridge_count"":18.0,""singleton_bridge_count_norm"":0.9473684210526315,""stable_factor_hash"":""3647f9cc6df7fc8b"",""target_mixed_weight"":132.0},{""factor_count"":19.0,""gadget_mixed_weight"":1500.0,""gadget_mixed_weight_norm"":9.615384615384615,""mixed_auc_greedy"":3108.0,""mixed_auc_greedy_norm"":0.9961538461538462,""mixed_auc_original"":4032.0,""mixed_auc_original_norm"":1.2923076923076924,""mixed_excess_norm"":8.615384615384615,""mixed_group_count"":18.0,""mixed_group_count_norm"":0.9473684210526315,""num_block_rows"":1,""num_factor_groups"":19.0,""partition_id"":""semantic_family_k2"",""partition_kind"":""semantic-family"",""score_v3_lex"":""8.61538461538;0.996153846154;0.947368421053;3647f9cc6df7fc8b"",""singleton_bridge_count"":18.0,""singleton_bridge_count_norm"":0.9473684210526315,""stable_factor_hash"":""3647f9cc6df7fc8b"",""target_mixed_weight"":156.0},{""factor_count"":19.0,""gadget_mixed_weight"":1602.0,""gadget_mixed_weight_norm"":20.53846153846154,""mixed_auc_greedy"":2046.0,""mixed_auc_greedy_norm"":1.3115384615384615,""mixed_auc_original"":3912.0,""mixed_auc_original_norm"":2.5076923076923077,""mixed_excess_norm"":19.53846153846154,""mixed_group_count"":16.0,""mixed_group_count_norm"":0.8421052631578947,""num_block_rows"":1,""num_factor_groups"":19.0,""partition_id"":""semantic_role_k2"",""partition_kind"":""semantic-role"",""score_v3_lex"":""19.5384615385;1.31153846154;0.842105263158;3647f9cc6df7fc8b"",""singleton_bridge_count"":16.0,""singleton_bridge_count_norm"":0.8421052631578947,""stable_factor_hash"":""3647f9cc6df7fc8b"",""target_mixed_weight"":78.0},{""factor_count"":19.0,""gadget_mixed_weight"":1626.0,""gadget_mixed_weight_norm"":11.782608695652174,""mixed_auc_greedy"":2838.0,""mixed_auc_greedy_norm"":1.0282608695652173,""mixed_auc_original"":4542.0,""mixed_auc_original_norm"":1.6456521739130434,""mixed_excess_norm"":10.782608695652174,""mixed_group_count"":17.0,""mixed_group_count_norm"":0.8947368421052632,""num_block_rows"":1,""num_factor_groups"":19.0,""partition_id"":""tensor_graph_spectral_k2"",""partition_kind"":""tensor-graph"",""score_v3_lex"":""10.7826086957;1.02826086957;0.894736842105;3647f9cc6df7fc8b"",""singleton_bridge_count"":17.0,""singleton_bridge_count_norm"":0.8947368421052632,""stable_factor_hash"":""3647f9cc6df7fc8b"",""target_mixed_weight"":138.0}]"
nc_tof_4,nc_tof_4:combo10,10,ok,ok,,ok,,phase-slack-v1,conservative,0.2,public_resynth_gadgets,nc_toff_4,0,1,1,0,1.0,1,21,6,6.919354838709677,ok,,2.0023041474654377,6.919354838709677,1.0990783410138247,5.983870967741935,1.2741935483870968,1.5714285714285714,4.403225806451613,1.5714285714285714,4.935483870967742,7.755760368663594,ok,,306,11,3366,79,11,869,21,77,273,11,3003,372,21,325,18,631,90,1,372,1.0,273,1.7008086253369272,278,11,3058,302,107,11,1177,101,28,199,0.7418300653594772,2.15625,1.171875,5.90625,4.935483870967742,0.6,0.5,4.663157894736842,21,6,306,443,0.04740406320541761,0.3322784810126582,16,15,1.4,0.3,0.2857142857142857,results/public_resynth_tensor_v3_phase_slack_expanded/public_resynth_tensor_v3_phase_slack/nc_tof_4/structural_combinations/combo10/assembled.qasm,ok,,semantic_role_k2,semantic-role,0.12,78.0,78.0,1.0,0.0,120.0,0.38461538461538464,120.0,0.38461538461538464,0.0,0.0,3.0,1.0,3.0,21.0,0;0.384615384615;0;1f76b6c3113dfd02,1f76b6c3113dfd02,"[{""factor_count"":21.0,""gadget_mixed_weight"":168.0,""gadget_mixed_weight_norm"":1.2727272727272727,""mixed_auc_greedy"":228.0,""mixed_auc_greedy_norm"":0.4318181818181818,""mixed_auc_original"":228.0,""mixed_auc_original_norm"":0.4318181818181818,""mixed_excess_norm"":0.2727272727272727,""mixed_group_count"":3.0,""mixed_group_count_norm"":1.0,""num_block_rows"":1,""num_factor_groups"":3.0,""partition_id"":""balanced_contiguous_k2"",""partition_kind"":""contiguous"",""score_v3_lex"":""0.272727272727;0.431818181818;0;1f76b6c3113dfd02"",""singleton_bridge_count"":0.0,""singleton_bridge_count_norm"":0.0,""stable_factor_hash"":""1f76b6c3113dfd02"",""target_mixed_weight"":132.0},{""factor_count"":21.0,""gadget_mixed_weight"":192.0,""gadget_mixed_weight_norm"":1.2307692307692308,""mixed_auc_greedy"":240.0,""mixed_auc_greedy_norm"":0.38461538461538464,""mixed_auc_original"":240.0,""mixed_auc_original_norm"":0.38461538461538464,""mixed_excess_norm"":0.23076923076923078,""mixed_group_count"":3.0,""mixed_group_count_norm"":1.0,""num_block_rows"":1,""num_factor_groups"":3.0,""partition_id"":""semantic_family_k2"",""partition_kind"":""semantic-family"",""score_v3_lex"":""0.230769230769;0.384615384615;0;1f76b6c3113dfd02"",""singleton_bridge_count"":0.0,""singleton_bridge_count_norm"":0.0,""stable_factor_hash"":""1f76b6c3113dfd02"",""target_mixed_weight"":156.0},{""factor_count"":21.0,""gadget_mixed_weight"":78.0,""gadget_mixed_weight_norm"":1.0,""mixed_auc_greedy"":120.0,""mixed_auc_greedy_norm"":0.38461538461538464,""mixed_auc_original"":120.0,""mixed_auc_original_norm"":0.38461538461538464,""mixed_excess_norm"":0.0,""mixed_group_count"":3.0,""mixed_group_count_norm"":1.0,""num_block_rows"":1,""num_factor_groups"":3.0,""partition_id"":""semantic_role_k2"",""partition_kind"":""semantic-role"",""score_v3_lex"":""0;0.384615384615;0;1f76b6c3113dfd02"",""singleton_bridge_count"":0.0,""singleton_bridge_count_norm"":0.0,""stable_factor_hash"":""1f76b6c3113dfd02"",""target_mixed_weight"":78.0},{""factor_count"":21.0,""gadget_mixed_weight"":162.0,""gadget_mixed_weight_norm"":1.173913043478261,""mixed_auc_greedy"":216.0,""mixed_auc_greedy_norm"":0.391304347826087,""mixed_auc_original"":216.0,""mixed_auc_original_norm"":0.391304347826087,""mixed_excess_norm"":0.17391304347826086,""mixed_group_count"":3.0,""mixed_group_count_norm"":1.0,""num_block_rows"":1,""num_factor_groups"":3.0,""partition_id"":""tensor_graph_spectral_k2"",""partition_kind"":""tensor-graph"",""score_v3_lex"":""0.173913043478;0.391304347826;0;1f76b6c3113dfd02"",""singleton_bridge_count"":0.0,""singleton_bridge_count_norm"":0.0,""stable_factor_hash"":""1f76b6c3113dfd02"",""target_mixed_weight"":138.0}]"
qft_4,qft_4:combo0,0,ok,ok,,ok,,phase-slack-v1,conservative,0.2,public_resynth_no_gadgets,qft_4,0,1,0,1,0.0,0,53,25,26.082894736842107,ok,,8.013157894736842,26.082894736842107,7.026315789473685,25.089473684210528,0.9539473684210527,8.4,3.0328947368421053,8.6,3.4802631578947367,29.930263157894736,ok,,529,43,22747,145,42,6090,53,145,461,43,19823,676,53,623,32,976,328,1,676,1.0,461,1.4459259259259258,527,43,22661,617,147,42,6174,151,10,387,0.7504725897920604,1.1646341463414633,0.17682926829268286,4.213414634146342,3.4802631578947367,0.7681159420289855,0.625,4.775401069518717,53,25,529,893,0.0593505039193729,0.38686131386861317,54,53,1.0,0.32075471698113206,0.4716981132075472,results/public_resynth_tensor_v3_phase_slack_expanded/public_resynth_tensor_v3_phase_slack/qft_4/structural_combinations/combo0/assembled.qasm,ok,,semantic_role_k2,semantic-role,0.12,210.0,990.0,4.714285714285714,3.7142857142857144,5670.0,0.5,4878.0,0.4301587301587302,35.0,0.660377358490566,35.0,0.660377358490566,53.0,53.0,3.71428571429;0.430158730159;0.660377358491;9c959fbf6d738ba4,9c959fbf6d738ba4,"[{""factor_count"":53.0,""gadget_mixed_weight"":1134.0,""gadget_mixed_weight_norm"":9.0,""mixed_auc_greedy"":2946.0,""mixed_auc_greedy_norm"":0.4329805996472663,""mixed_auc_original"":4764.0,""mixed_auc_original_norm"":0.7001763668430335,""mixed_excess_norm"":8.0,""mixed_group_count"":24.0,""mixed_group_count_norm"":0.4528301886792453,""num_block_rows"":1,""num_factor_groups"":53.0,""partition_id"":""balanced_contiguous_k2"",""partition_kind"":""contiguous"",""score_v3_lex"":""8;0.432980599647;0.452830188679;9c959fbf6d738ba4"",""singleton_bridge_count"":24.0,""singleton_bridge_count_norm"":0.4528301886792453,""stable_factor_hash"":""9c959fbf6d738ba4"",""target_mixed_weight"":126.0},{""factor_count"":53.0,""gadget_mixed_weight"":510.0,""gadget_mixed_weight_norm"":12.142857142857142,""mixed_auc_greedy"":1446.0,""mixed_auc_greedy_norm"":0.6375661375661376,""mixed_auc_original"":1926.0,""mixed_auc_original_norm"":0.8492063492063492,""mixed_excess_norm"":11.142857142857142,""mixed_group_count"":8.0,""mixed_group_count_norm"":0.1509433962264151,""num_block_rows"":1,""num_factor_groups"":53.0,""partition_id"":""semantic_family_k2"",""partition_kind"":""semantic-family"",""score_v3_lex"":""11.1428571429;0.637566137566;0.150943396226;9c959fbf6d738ba4"",""singleton_bridge_count"":8.0,""singleton_bridge_count_norm"":0.1509433962264151,""stable_factor_hash"":""9c959fbf6d738ba4"",""target_mixed_weight"":42.0},{""factor_count"":53.0,""gadget_mixed_weight"":990.0,""gadget_mixed_weight_norm"":4.714285714285714,""mixed_auc_greedy"":4878.0,""mixed_auc_greedy_norm"":0.4301587301587302,""mixed_auc_original"":5670.0,""mixed_auc_original_norm"":0.5,""mixed_excess_norm"":3.7142857142857144,""mixed_group_count"":35.0,""mixed_group_count_norm"":0.660377358490566,""num_block_rows"":1,""num_factor_groups"":53.0,""partition_id"":""semantic_role_k2"",""partition_kind"":""semantic-role"",""score_v3_lex"":""3.71428571429;0.430158730159;0.660377358491;9c959fbf6d738ba4"",""singleton_bridge_count"":35.0,""singleton_bridge_count_norm"":0.660377358490566,""stable_factor_hash"":""9c959fbf6d738ba4"",""target_mixed_weight"":210.0},{""factor_count"":53.0,""gadget_mixed_weight"":738.0,""gadget_mixed_weight_norm"":8.2,""mixed_auc_greedy"":1458.0,""mixed_auc_greedy_norm"":0.3,""mixed_auc_original"":2652.0,""mixed_auc_original_norm"":0.5456790123456791,""mixed_excess_norm"":7.2,""mixed_group_count"":25.0,""mixed_group_count_norm"":0.4716981132075472,""num_block_rows"":1,""num_factor_groups"":53.0,""partition_id"":""tensor_graph_spectral_k2"",""partition_kind"":""tensor-graph"",""score_v3_lex"":""7.2;0.3;0.471698113208;9c959fbf6d738ba4"",""singleton_bridge_count"":25.0,""singleton_bridge_count_norm"":0.4716981132075472,""stable_factor_hash"":""9c959fbf6d738ba4"",""target_mixed_weight"":90.0}]"
qft_4,qft_4:combo1,1,ok,ok,,ok,,phase-slack-v1,conservative,0.2,public_resynth_no_gadgets,qft_4,1,1,0,1,0.0,0,53,25,27.044736842105262,ok,,8.952631578947368,27.044736842105262,7.965789473684211,26.051315789473684,1.0657894736842106,8.4,3.1447368421052633,8.6,3.611842105263158,31.061842105263157,ok,,549,43,23607,162,42,6804,53,150,478,43,20554,676,53,623,33,978,326,1,676,1.0,478,1.448888888888889,547,43,23521,619,164,42,6888,154,8,386,0.7176684881602914,1.1890243902439024,0.2012195121951219,4.25,3.611842105263158,0.7681159420289855,0.625,4.770053475935829,53,25,549,892,0.05941704035874439,0.38714390065741416,54,53,1.0,0.3113207547169811,0.4716981132075472,results/public_resynth_tensor_v3_phase_slack_expanded/public_resynth_tensor_v3_phase_slack/qft_4/structural_combinations/combo1/assembled.qasm,ok,,semantic_role_k2,semantic-role,0.12,210.0,870.0,4.142857142857143,3.142857142857143,6864.0,0.6052910052910053,5166.0,0.45555555555555555,35.0,0.660377358490566,35.0,0.660377358490566,53.0,53.0,3.14285714286;0.455555555556;0.660377358491;da6fdbcf53e5f208,da6fdbcf53e5f208,"[{""factor_count"":53.0,""gadget_mixed_weight"":666.0,""gadget_mixed_weight_norm"":5.285714285714286,""mixed_auc_greedy"":2658.0,""mixed_auc_greedy_norm"":0.390652557319224,""mixed_auc_original"":4164.0,""mixed_auc_original_norm"":0.6119929453262787,""mixed_excess_norm"":4.285714285714286,""mixed_group_count"":22.0,""mixed_group_count_norm"":0.41509433962264153,""num_block_rows"":1,""num_factor_groups"":53.0,""partition_id"":""balanced_contiguous_k2"",""partition_kind"":""contiguous"",""score_v3_lex"":""4.28571428571;0.390652557319;0.415094339623;da6fdbcf53e5f208"",""singleton_bridge_count"":22.0,""singleton_bridge_count_norm"":0.41509433962264153,""stable_factor_hash"":""da6fdbcf53e5f208"",""target_mixed_weight"":126.0},{""factor_count"":53.0,""gadget_mixed_weight"":390.0,""gadget_mixed_weight_norm"":9.285714285714286,""mixed_auc_greedy"":1392.0,""mixed_auc_greedy_norm"":0.6137566137566137,""mixed_auc_original"":1674.0,""mixed_auc_original_norm"":0.7380952380952381,""mixed_excess_norm"":8.285714285714286,""mixed_group_count"":8.0,""mixed_group_count_norm"":0.1509433962264151,""num_block_rows"":1,""num_factor_groups"":53.0,""partition_id"":""semantic_family_k2"",""partition_kind"":""semantic-family"",""score_v3_lex"":""8.28571428571;0.613756613757;0.150943396226;da6fdbcf53e5f208"",""singleton_bridge_count"":8.0,""singleton_bridge_count_norm"":0.1509433962264151,""stable_factor_hash"":""da6fdbcf53e5f208"",""target_mixed_weight"":42.0},{""factor_count"":53.0,""gadget_mixed_weight"":870.0,""gadget_mixed_weight_norm"":4.142857142857143,""mixed_auc_greedy"":5166.0,""mixed_auc_greedy_norm"":0.45555555555555555,""mixed_auc_original"":6864.0,""mixed_auc_original_norm"":0.6052910052910053,""mixed_excess_norm"":3.142857142857143,""mixed_group_count"":35.0,""mixed_group_count_norm"":0.660377358490566,""num_block_rows"":1,""num_factor_groups"":53.0,""partition_id"":""semantic_role_k2"",""partition_kind"":""semantic-role"",""score_v3_lex"":""3.14285714286;0.455555555556;0.660377358491;da6fdbcf53e5f208"",""singleton_bridge_count"":35.0,""singleton_bridge_count_norm"":0.660377358490566,""stable_factor_hash"":""da6fdbcf53e5f208"",""target_mixed_weight"":210.0},{""factor_count"":53.0,""gadget_mixed_weight"":402.0,""gadget_mixed_weight_norm"":4.466666666666667,""mixed_auc_greedy"":1302.0,""mixed_auc_greedy_norm"":0.2679012345679012,""mixed_auc_original"":2382.0,""mixed_auc_original_norm"":0.4901234567901235,""mixed_excess_norm"":3.466666666666667,""mixed_group_count"":21.0,""mixed_group_count_norm"":0.39622641509433965,""num_block_rows"":1,""num_factor_groups"":53.0,""partition_id"":""tensor_graph_spectral_k2"",""partition_kind"":""tensor-graph"",""score_v3_lex"":""3.46666666667;0.267901234568;0.396226415094;da6fdbcf53e5f208"",""singleton_bridge_count"":21.0,""singleton_bridge_count_norm"":0.39622641509433965,""stable_factor_hash"":""da6fdbcf53e5f208"",""target_mixed_weight"":90.0}]"
qft_4,qft_4:combo2,2,ok,ok,,ok,,phase-slack-v1,conservative,0.2,public_resynth_no_gadgets,qft_4,2,1,0,1,0.0,0,53,25,26.478947368421053,ok,,8.178947368421053,26.478947368421053,7.192105263157895,25.485526315789475,0.9736842105263158,8.4,3.0789473684210527,8.6,3.5592105263157894,30.60921052631579,ok,,541,43,23263,148,42,6216,53,146,468,43,20124,676,53,623,33,978,326,1,676,1.0,468,1.448888888888889,539,43,23177,618,150,42,6300,151,10,391,0.7412199630314233,1.1829268292682926,0.19512195121951215,4.2682926829268295,3.5592105263157894,0.7681159420289855,0.625,4.770053475935829,53,25,541,892,0.05941704035874439,0.38714390065741416,54,53,1.0,0.29245283018867924,0.4716981132075472,results/public_resynth_tensor_v3_phase_slack_expanded/public_resynth_tensor_v3_phase_slack/qft_4/structural_combinations/combo2/assembled.qasm,ok,,semantic_role_k2,semantic-role,0.12,210.0,858.0,4.085714285714285,3.085714285714286,6060.0,0.554945054945055,4716.0,0.4318681318681319,33.0,0.6226415094339622,34.0,0.6666666666666666,51.0,53.0,3.08571428571;0.431868131868;0.622641509434;c262c1bba409235b,c262c1bba409235b,"[{""factor_count"":53.0,""gadget_mixed_weight"":990.0,""gadget_mixed_weight_norm"":7.857142857142857,""mixed_auc_greedy"":2850.0,""mixed_auc_greedy_norm"":0.434981684981685,""mixed_auc_original"":4416.0,""mixed_auc_original_norm"":0.673992673992674,""mixed_excess_norm"":6.857142857142857,""mixed_group_count"":24.0,""mixed_group_count_norm"":0.47058823529411764,""num_block_rows"":1,""num_factor_groups"":51.0,""partition_id"":""balanced_contiguous_k2"",""partition_kind"":""contiguous"",""score_v3_lex"":""6.85714285714;0.434981684982;0.452830188679;c262c1bba409235b"",""singleton_bridge_count"":24.0,""singleton_bridge_count_norm"":0.4528301886792453,""stable_factor_hash"":""c262c1bba409235b"",""target_mixed_weight"":126.0},{""factor_count"":53.0,""gadget_mixed_weight"":378.0,""gadget_mixed_weight_norm"":9.0,""mixed_auc_greedy"":1338.0,""mixed_auc_greedy_norm"":0.6126373626373627,""mixed_auc_original"":1902.0,""mixed_auc_original_norm"":0.8708791208791209,""mixed_excess_norm"":8.0,""mixed_group_count"":7.0,""mixed_group_count_norm"":0.13725490196078433,""num_block_rows"":1,""num_factor_groups"":51.0,""partition_id"":""semantic_family_k2"",""partition_kind"":""semantic-family"",""score_v3_lex"":""8;0.612637362637;0.11320754717;c262c1bba409235b"",""singleton_bridge_count"":6.0,""singleton_bridge_count_norm"":0.11320754716981132,""stable_factor_hash"":""c262c1bba409235b"",""target_mixed_weight"":42.0},{""factor_count"":53.0,""gadget_mixed_weight"":858.0,""gadget_mixed_weight_norm"":4.085714285714285,""mixed_auc_greedy"":4716.0,""mixed_auc_greedy_norm"":0.4318681318681319,""mixed_auc_original"":6060.0,""mixed_auc_original_norm"":0.554945054945055,""mixed_excess_norm"":3.085714285714286,""mixed_group_count"":34.0,""mixed_group_count_norm"":0.6666666666666666,""num_block_rows"":1,""num_factor_groups"":51.0,""partition_id"":""semantic_role_k2"",""partition_kind"":""semantic-role"",""score_v3_lex"":""3.08571428571;0.431868131868;0.622641509434;c262c1bba409235b"",""singleton_bridge_count"":33.0,""singleton_bridge_count_norm"":0.6226415094339622,""stable_factor_hash"":""c262c1bba409235b"",""target_mixed_weight"":210.0},{""factor_count"":53.0,""gadget_mixed_weight"":390.0,""gadget_mixed_weight_norm"":4.333333333333333,""mixed_auc_greedy"":1278.0,""mixed_auc_greedy_norm"":0.27307692307692305,""mixed_auc_original"":1728.0,""mixed_auc_original_norm"":0.36923076923076925,""mixed_excess_norm"":3.3333333333333335,""mixed_group_count"":20.0,""mixed_group_count_norm"":0.39215686274509803,""num_block_rows"":1,""num_factor_groups"":51.0,""partition_id"":""tensor_graph_spectral_k2"",""partition_kind"":""tensor-graph"",""score_v3_lex"":""3.33333333333;0.273076923077;0.358490566038;c262c1bba409235b"",""singleton_bridge_count"":19.0,""singleton_bridge_count_norm"":0.3584905660377358,""stable_factor_hash"":""c262c1bba409235b"",""target_mixed_weight"":90.0}]"
qft_4,qft_4:combo3,3,ok,ok,,ok,,phase-slack-v1,conservative,0.2,public_resynth_no_gadgets,qft_4,3,1,0,1,0.0,0,53,25,26.196052631578947,ok,,7.902631578947369,26.196052631578947,6.915789473684211,25.20263157894737,0.9407894736842105,8.4,3.0460526315789473,8.6,3.5065789473684212,30.15657894736842,ok,,533,43,22919,143,42,6006,53,151,463,43,19909,683,53,630,33,992,324,1,683,1.0,463,1.4545454545454546,531,43,22833,625,145,42,6090,156,10,388,0.7467166979362101,1.225609756097561,0.23780487804878048,4.2926829268292686,3.5065789473684212,0.7681159420289855,0.625,4.791443850267379,53,25,533,896,0.05915178571428571,0.3860160233066278,54,53,1.0,0.330188679245283,0.4716981132075472,results/public_resynth_tensor_v3_phase_slack_expanded/public_resynth_tensor_v3_phase_slack/qft_4/structural_combinations/combo3/assembled.qasm,ok,,semantic_role_k2,semantic-role,0.12,210.0,1062.0,5.057142857142857,4.057142857142857,7158.0,0.6312169312169312,5070.0,0.4470899470899471,35.0,0.660377358490566,35.0,0.660377358490566,53.0,53.0,4.05714285714;0.44708994709;0.660377358491;f9dc31b51feed3ce,f9dc31b51feed3ce,"[{""factor_count"":53.0,""gadget_mixed_weight"":1194.0,""gadget_mixed_weight_norm"":9.476190476190476,""mixed_auc_greedy"":2844.0,""mixed_auc_greedy_norm"":0.41798941798941797,""mixed_auc_original"":4812.0,""mixed_auc_original_norm"":0.7072310405643739,""mixed_excess_norm"":8.476190476190476,""mixed_group_count"":26.0,""mixed_group_count_norm"":0.49056603773584906,""num_block_rows"":1,""num_factor_groups"":53.0,""partition_id"":""balanced_contiguous_k2"",""partition_kind"":""contiguous"",""score_v3_lex"":""8.47619047619;0.417989417989;0.490566037736;f9dc31b51feed3ce"",""singleton_bridge_count"":26.0,""singleton_bridge_count_norm"":0.49056603773584906,""stable_factor_hash"":""f9dc31b51feed3ce"",""target_mixed_weight"":126.0},{""factor_count"":53.0,""gadget_mixed_weight"":522.0,""gadget_mixed_weight_norm"":12.428571428571429,""mixed_auc_greedy"":1458.0,""mixed_auc_greedy_norm"":0.6428571428571429,""mixed_auc_original"":2544.0,""mixed_auc_original_norm"":1.1216931216931216,""mixed_excess_norm"":11.428571428571429,""mixed_group_count"":8.0,""mixed_group_count_norm"":0.1509433962264151,""num_block_rows"":1,""num_factor_groups"":53.0,""partition_id"":""semantic_family_k2"",""partition_kind"":""semantic-family"",""score_v3_lex"":""11.4285714286;0.642857142857;0.150943396226;f9dc31b51feed3ce"",""singleton_bridge_count"":8.0,""singleton_bridge_count_norm"":0.1509433962264151,""stable_factor_hash"":""f9dc31b51feed3ce"",""target_mixed_weight"":42.0},{""factor_count"":53.0,""gadget_mixed_weight"":1062.0,""gadget_mixed_weight_norm"":5.057142857142857,""mixed_auc_greedy"":5070.0,""mixed_auc_greedy_norm"":0.4470899470899471,""mixed_auc_original"":7158.0,""mixed_auc_original_norm"":0.6312169312169312,""mixed_excess_norm"":4.057142857142857,""mixed_group_count"":35.0,""mixed_group_count_norm"":0.660377358490566,""num_block_rows"":1,""num_factor_groups"":53.0,""partition_id"":""semantic_role_k2"",""partition_kind"":""semantic-role"",""score_v3_lex"":""4.05714285714;0.44708994709;0.660377358491;f9dc31b51feed3ce"",""singleton_bridge_count"":35.0,""singleton_bridge_count_norm"":0.660377358490566,""stable_factor_hash"":""f9dc31b51feed3ce"",""target_mixed_weight"":210.0},{""factor_count"":53.0,""gadget_mixed_weight"":846.0,""gadget_mixed_weight_norm"":9.4,""mixed_auc_greedy"":1506.0,""mixed_auc_greedy_norm"":0.30987654320987656,""mixed_auc_original"":2988.0,""mixed_auc_original_norm"":0.6148148148148148,""mixed_excess_norm"":8.4,""mixed_group_count"":25.0,""mixed_group_count_norm"":0.4716981132075472,""num_block_rows"":1,""num_factor_groups"":53.0,""partition_id"":""tensor_graph_spectral_k2"",""partition_kind"":""tensor-graph"",""score_v3_lex"":""8.4;0.30987654321;0.471698113208;f9dc31b51feed3ce"",""singleton_bridge_count"":25.0,""singleton_bridge_count_norm"":0.4716981132075472,""stable_factor_hash"":""f9dc31b51feed3ce"",""target_mixed_weight"":90.0}]"
qft_4,qft_4:combo4,4,ok,ok,,ok,,phase-slack-v1,conservative,0.2,public_resynth_no_gadgets,qft_4,4,1,0,1,0.0,0,53,23,26.026315789473685,ok,,8.123684210526315,26.026315789473685,7.136842105263158,25.032894736842106,0.9671052631578947,8.4,3.026315789473684,8.6,3.4342105263157894,29.53421052631579,ok,,522,43,22446,147,42,6174,53,148,460,43,19780,672,53,619,31,974,314,1,672,1.0,460,1.451564828614009,520,43,22360,614,149,42,6258,153,10,374,0.735632183908046,1.2073170731707317,0.2195121951219512,4.225609756097561,3.4342105263157894,0.7681159420289855,0.575,4.695187165775401,53,23,522,878,0.06036446469248292,0.39114391143911437,54,53,1.0,0.32075471698113206,0.4339622641509434,results/public_resynth_tensor_v3_phase_slack_expanded/public_resynth_tensor_v3_phase_slack/qft_4/structural_combinations/combo4/assembled.qasm,ok,,semantic_role_k2,semantic-role,0.12,210.0,1002.0,4.771428571428571,3.7714285714285714,6282.0,0.553968253968254,4854.0,0.42804232804232806,37.0,0.6981132075471698,37.0,0.6981132075471698,53.0,53.0,3.77142857143;0.428042328042;0.698113207547;ab5429b45968529c,ab5429b45968529c,"[{""factor_count"":53.0,""gadget_mixed_weight"":978.0,""gadget_mixed_weight_norm"":7.761904761904762,""mixed_auc_greedy"":2868.0,""mixed_auc_greedy_norm"":0.42151675485008816,""mixed_auc_original"":4050.0,""mixed_auc_original_norm"":0.5952380952380952,""mixed_excess_norm"":6.761904761904762,""mixed_group_count"":25.0,""mixed_group_count_norm"":0.4716981132075472,""num_block_rows"":1,""num_factor_groups"":53.0,""partition_id"":""balanced_contiguous_k2"",""partition_kind"":""contiguous"",""score_v3_lex"":""6.7619047619;0.42151675485;0.471698113208;ab5429b45968529c"",""singleton_bridge_count"":25.0,""singleton_bridge_count_norm"":0.4716981132075472,""stable_factor_hash"":""ab5429b45968529c"",""target_mixed_weight"":126.0},{""factor_count"":53.0,""gadget_mixed_weight"":594.0,""gadget_mixed_weight_norm"":14.142857142857142,""mixed_auc_greedy"":1422.0,""mixed_auc_greedy_norm"":0.626984126984127,""mixed_auc_original"":2082.0,""mixed_auc_original_norm"":0.917989417989418,""mixed_excess_norm"":13.142857142857142,""mixed_group_count"":12.0,""mixed_group_count_norm"":0.22641509433962265,""num_block_rows"":1,""num_factor_groups"":53.0,""partition_id"":""semantic_family_k2"",""partition_kind"":""semantic-family"",""score_v3_lex"":""13.1428571429;0.626984126984;0.22641509434;ab5429b45968529c"",""singleton_bridge_count"":12.0,""singleton_bridge_count_norm"":0.22641509433962265,""stable_factor_hash"":""ab5429b45968529c"",""target_mixed_weight"":42.0},{""factor_count"":53.0,""gadget_mixed_weight"":1002.0,""gadget_mixed_weight_norm"":4.771428571428571,""mixed_auc_greedy"":4854.0,""mixed_auc_greedy_norm"":0.42804232804232806,""mixed_auc_original"":6282.0,""mixed_auc_original_norm"":0.553968253968254,""mixed_excess_norm"":3.7714285714285714,""mixed_group_count"":37.0,""mixed_group_count_norm"":0.6981132075471698,""num_block_rows"":1,""num_factor_groups"":53.0,""partition_id"":""semantic_role_k2"",""partition_kind"":""semantic-role"",""score_v3_lex"":""3.77142857143;0.428042328042;0.698113207547;ab5429b45968529c"",""singleton_bridge_count"":37.0,""singleton_bridge_count_norm"":0.6981132075471698,""stable_factor_hash"":""ab5429b45968529c"",""target_mixed_weight"":210.0},{""factor_count"":53.0,""gadget_mixed_weight"":522.0,""gadget_mixed_weight_norm"":5.8,""mixed_auc_greedy"":1362.0,""mixed_auc_greedy_norm"":0.2802469135802469,""mixed_auc_original"":2400.0,""mixed_auc_original_norm"":0.49382716049382713,""mixed_excess_norm"":4.8,""mixed_group_count"":21.0,""mixed_group_count_norm"":0.39622641509433965,""num_block_rows"":1,""num_factor_groups"":53.0,""partition_id"":""tensor_graph_spectral_k2"",""partition_kind"":""tensor-graph"",""score_v3_lex"":""4.8;0.28024691358;0.396226415094;ab5429b45968529c"",""singleton_bridge_count"":21.0,""singleton_bridge_count_norm"":0.39622641509433965,""stable_factor_hash"":""ab5429b45968529c"",""target_mixed_weight"":90.0}]"
qft_4,qft_4:combo5,5,ok,ok,,ok,,phase-slack-v1,conservative,0.2,public_resynth_no_gadgets,qft_4,5,1,0,1,0.0,0,53,23,25.517105263157895,ok,,7.4605263157894735,25.517105263157895,6.473684210526316,24.523684210526316,0.8881578947368421,8.4,2.9671052631578947,8.6,3.4539473684210527,29.70394736842105,ok,,525,43,22575,135,42,5670,53,135,451,43,19393,664,53,611,33,951,332,1,664,1.0,451,1.4343891402714932,523,43,22489,606,137,42,5754,140,10,389,0.76,1.079268292682927,0.09146341463414642,4.170731707317073,3.4539473684210527,0.7681159420289855,0.575,4.721925133689839,53,23,525,883,0.06002265005662514,0.3897058823529412,54,53,1.0,0.3113207547169811,0.4339622641509434,results/public_resynth_tensor_v3_phase_slack_expanded/public_resynth_tensor_v3_phase_slack/qft_4/structural_combinations/combo5/assembled.qasm,ok,,semantic_role_k2,semantic-role,0.12,210.0,930.0,4.428571428571429,3.4285714285714284,6402.0,0.5645502645502646,5208.0,0.45925925925925926,33.0,0.6226415094339622,33.0,0.6226415094339622,53.0,53.0,3.42857142857;0.459259259259;0.622641509434;b36f9547d4621aec,b36f9547d4621aec,"[{""factor_count"":53.0,""gadget_mixed_weight"":966.0,""gadget_mixed_weight_norm"":7.666666666666667,""mixed_auc_greedy"":3078.0,""mixed_auc_greedy_norm"":0.4523809523809524,""mixed_auc_original"":5136.0,""mixed_auc_original_norm"":0.7548500881834215,""mixed_excess_norm"":6.666666666666667,""mixed_group_count"":22.0,""mixed_group_count_norm"":0.41509433962264153,""num_block_rows"":1,""num_factor_groups"":53.0,""partition_id"":""balanced_contiguous_k2"",""partition_kind"":""contiguous"",""score_v3_lex"":""6.66666666667;0.452380952381;0.415094339623;b36f9547d4621aec"",""singleton_bridge_count"":22.0,""singleton_bridge_count_norm"":0.41509433962264153,""stable_factor_hash"":""b36f9547d4621aec"",""target_mixed_weight"":126.0},{""factor_count"":53.0,""gadget_mixed_weight"":510.0,""gadget_mixed_weight_norm"":12.142857142857142,""mixed_auc_greedy"":1446.0,""mixed_auc_greedy_norm"":0.6375661375661376,""mixed_auc_original"":2454.0,""mixed_auc_original_norm"":1.082010582010582,""mixed_excess_norm"":11.142857142857142,""mixed_group_count"":8.0,""mixed_group_count_norm"":0.1509433962264151,""num_block_rows"":1,""num_factor_groups"":53.0,""partition_id"":""semantic_family_k2"",""partition_kind"":""semantic-family"",""score_v3_lex"":""11.1428571429;0.637566137566;0.150943396226;b36f9547d4621aec"",""singleton_bridge_count"":8.0,""singleton_bridge_count_norm"":0.1509433962264151,""stable_factor_hash"":""b36f9547d4621aec"",""target_mixed_weight"":42.0},{""factor_count"":53.0,""gadget_mixed_weight"":930.0,""gadget_mixed_weight_norm"":4.428571428571429,""mixed_auc_greedy"":5208.0,""mixed_auc_greedy_norm"":0.45925925925925926,""mixed_auc_original"":6402.0,""mixed_auc_original_norm"":0.5645502645502646,""mixed_excess_norm"":3.4285714285714284,""mixed_group_count"":33.0,""mixed_group_count_norm"":0.6226415094339622,""num_block_rows"":1,""num_factor_groups"":53.0,""partition_id"":""semantic_role_k2"",""partition_kind"":""semantic-role"",""score_v3_lex"":""3.42857142857;0.459259259259;0.622641509434;b36f9547d4621aec"",""singleton_bridge_count"":33.0,""singleton_bridge_count_norm"":0.6226415094339622,""stable_factor_hash"":""b36f9547d4621aec"",""target_mixed_weight"":210.0},{""factor_count"":53.0,""gadget_mixed_weight"":606.0,""gadget_mixed_weight_norm"":6.733333333333333,""mixed_auc_greedy"":1626.0,""mixed_auc_greedy_norm"":0.3345679012345679,""mixed_auc_original"":3210.0,""mixed_auc_original_norm"":0.6604938271604939,""mixed_excess_norm"":5.733333333333333,""mixed_group_count"":22.0,""mixed_group_count_norm"":0.41509433962264153,""num_block_rows"":1,""num_factor_groups"":53.0,""partition_id"":""tensor_graph_spectral_k2"",""partition_kind"":""tensor-graph"",""score_v3_lex"":""5.73333333333;0.334567901235;0.415094339623;b36f9547d4621aec"",""singleton_bridge_count"":22.0,""singleton_bridge_count_norm"":0.41509433962264153,""stable_factor_hash"":""b36f9547d4621aec"",""target_mixed_weight"":90.0}]"
qft_4,qft_4:combo6,6,ok,ok,,ok,,phase-slack-v1,conservative,0.2,public_resynth_gadgets,qft_4,0,1,1,0,1.0,1,67,23,25.347368421052632,ok,,7.067105263157894,25.347368421052632,6.080263157894737,24.353947368421053,0.8618421052631579,8.2,2.9473684210526314,8.6,3.4276315789473686,29.477631578947367,ok,,521,43,22403,131,41,5371,67,106,448,43,19264,699,67,584,33,958,336,1,699,1.0,448,1.3724928366762177,519,43,22317,579,133,42,5586,112,9,392,0.7696737044145874,1.1524390243902438,0.16463414634146334,4.286585365853658,3.4276315789473686,0.9710144927536232,0.575,4.967914438502674,67,23,521,929,0.0721205597416577,0.43733681462140994,60,59,1.1355932203389831,0.3813559322033898,0.34328358208955223,results/public_resynth_tensor_v3_phase_slack_expanded/public_resynth_tensor_v3_phase_slack/qft_4/structural_combinations/combo6/assembled.qasm,ok,,semantic_role_k2,semantic-role,0.12,210.0,258.0,1.2285714285714286,0.22857142857142856,4668.0,0.5849624060150376,2424.0,0.3037593984962406,20.0,0.29850746268656714,26.0,0.7027027027027027,37.0,67.0,0.228571428571;0.303759398496;0.298507462687;22610773d04876d9,22610773d04876d9,"[{""factor_count"":67.0,""gadget_mixed_weight"":138.0,""gadget_mixed_weight_norm"":1.0952380952380953,""mixed_auc_greedy"":858.0,""mixed_auc_greedy_norm"":0.17919799498746866,""mixed_auc_original"":2622.0,""mixed_auc_original_norm"":0.5476190476190477,""mixed_excess_norm"":0.09523809523809523,""mixed_group_count"":16.0,""mixed_group_count_norm"":0.43243243243243246,""num_block_rows"":1,""num_factor_groups"":37.0,""partition_id"":""balanced_contiguous_k2"",""partition_kind"":""contiguous"",""score_v3_lex"":""0.0952380952381;0.179197994987;0.194029850746;22610773d04876d9"",""singleton_bridge_count"":13.0,""singleton_bridge_count_norm"":0.19402985074626866,""stable_factor_hash"":""22610773d04876d9"",""target_mixed_weight"":126.0},{""factor_count"":67.0,""gadget_mixed_weight"":42.0,""gadget_mixed_weight_norm"":1.0,""mixed_auc_greedy"":78.0,""mixed_auc_greedy_norm"":0.04887218045112782,""mixed_auc_original"":936.0,""mixed_auc_original_norm"":0.5864661654135338,""mixed_excess_norm"":0.0,""mixed_group_count"":3.0,""mixed_group_count_norm"":0.08108108108108109,""num_block_rows"":1,""num_factor_groups"":37.0,""partition_id"":""semantic_family_k2"",""partition_kind"":""semantic-family"",""score_v3_lex"":""0;0.0488721804511;0.0149253731343;22610773d04876d9"",""singleton_bridge_count"":1.0,""singleton_bridge_count_norm"":0.014925373134328358,""stable_factor_hash"":""22610773d04876d9"",""target_mixed_weight"":42.0},{""factor_count"":67.0,""gadget_mixed_weight"":258.0,""gadget_mixed_weight_norm"":1.2285714285714286,""mixed_auc_greedy"":2424.0,""mixed_auc_greedy_norm"":0.3037593984962406,""mixed_auc_original"":4668.0,""mixed_auc_original_norm"":0.5849624060150376,""mixed_excess_norm"":0.22857142857142856,""mixed_group_count"":26.0,""mixed_group_count_norm"":0.7027027027027027,""num_block_rows"":1,""num_factor_groups"":37.0,""partition_id"":""semantic_role_k2"",""partition_kind"":""semantic-role"",""score_v3_lex"":""0.228571428571;0.303759398496;0.298507462687;22610773d04876d9"",""singleton_bridge_count"":20.0,""singleton_bridge_count_norm"":0.29850746268656714,""stable_factor_hash"":""22610773d04876d9"",""target_mixed_weight"":210.0},{""factor_count"":67.0,""gadget_mixed_weight"":102.0,""gadget_mixed_weight_norm"":1.1333333333333333,""mixed_auc_greedy"":852.0,""mixed_auc_greedy_norm"":0.24912280701754386,""mixed_auc_original"":1944.0,""mixed_auc_original_norm"":0.5684210526315789,""mixed_excess_norm"":0.13333333333333333,""mixed_group_count"":16.0,""mixed_group_count_norm"":0.43243243243243246,""num_block_rows"":1,""num_factor_groups"":37.0,""partition_id"":""tensor_graph_spectral_k2"",""partition_kind"":""tensor-graph"",""score_v3_lex"":""0.133333333333;0.249122807018;0.194029850746;22610773d04876d9"",""singleton_bridge_count"":13.0,""singleton_bridge_count_norm"":0.19402985074626866,""stable_factor_hash"":""22610773d04876d9"",""target_mixed_weight"":90.0}]"
qft_4,qft_4:combo7,7,ok,ok,,ok,,phase-slack-v1,conservative,0.2,public_resynth_gadgets,qft_4,1,1,1,0,1.0,1,67,24,24.78157894736842,ok,,6.473684210526316,24.78157894736842,5.486842105263158,23.78815789473684,0.7894736842105263,8.2,2.8815789473684212,8.6,3.4473684210526314,29.647368421052633,ok,,524,43,22532,120,41,4920,67,102,438,43,18834,697,67,582,33,954,336,1,697,1.0,438,1.3706896551724137,515,43,22145,577,129,42,5418,112,13,395,0.7786259541984732,1.170731707317073,0.18292682926829262,4.298780487804878,3.4473684210526314,0.9710144927536232,0.6,5.005347593582887,67,24,524,936,0.07158119658119658,0.43534762833008445,60,59,1.1355932203389831,0.3728813559322034,0.3582089552238806,results/public_resynth_tensor_v3_phase_slack_expanded/public_resynth_tensor_v3_phase_slack/qft_4/structural_combinations/combo7/assembled.qasm,ok,,semantic_role_k2,semantic-role,0.12,210.0,270.0,1.2857142857142858,0.2857142857142857,3984.0,0.4992481203007519,2412.0,0.3022556390977444,20.0,0.29850746268656714,26.0,0.7027027027027027,37.0,67.0,0.285714285714;0.302255639098;0.298507462687;223ec55ca17842cf,223ec55ca17842cf,"[{""factor_count"":67.0,""gadget_mixed_weight"":138.0,""gadget_mixed_weight_norm"":1.0952380952380953,""mixed_auc_greedy"":858.0,""mixed_auc_greedy_norm"":0.17919799498746866,""mixed_auc_original"":2310.0,""mixed_auc_original_norm"":0.4824561403508772,""mixed_excess_norm"":0.09523809523809523,""mixed_group_count"":16.0,""mixed_group_count_norm"":0.43243243243243246,""num_block_rows"":1,""num_factor_groups"":37.0,""partition_id"":""balanced_contiguous_k2"",""partition_kind"":""contiguous"",""score_v3_lex"":""0.0952380952381;0.179197994987;0.194029850746;223ec55ca17842cf"",""singleton_bridge_count"":13.0,""singleton_bridge_count_norm"":0.19402985074626866,""stable_factor_hash"":""223ec55ca17842cf"",""target_mixed_weight"":126.0},{""factor_count"":67.0,""gadget_mixed_weight"":42.0,""gadget_mixed_weight_norm"":1.0,""mixed_auc_greedy"":78.0,""mixed_auc_greedy_norm"":0.04887218045112782,""mixed_auc_original"":402.0,""mixed_auc_original_norm"":0.2518796992481203,""mixed_excess_norm"":0.0,""mixed_group_count"":3.0,""mixed_group_count_norm"":0.08108108108108109,""num_block_rows"":1,""num_factor_groups"":37.0,""partition_id"":""semantic_family_k2"",""partition_kind"":""semantic-family"",""score_v3_lex"":""0;0.0488721804511;0.0149253731343;223ec55ca17842cf"",""singleton_bridge_count"":1.0,""singleton_bridge_count_norm"":0.014925373134328358,""stable_factor_hash"":""223ec55ca17842cf"",""target_mixed_weight"":42.0},{""factor_count"":67.0,""gadget_mixed_weight"":270.0,""gadget_mixed_weight_norm"":1.2857142857142858,""mixed_auc_greedy"":2412.0,""mixed_auc_greedy_norm"":0.3022556390977444,""mixed_auc_original"":3984.0,""mixed_auc_original_norm"":0.4992481203007519,""mixed_excess_norm"":0.2857142857142857,""mixed_group_count"":26.0,""mixed_group_count_norm"":0.7027027027027027,""num_block_rows"":1,""num_factor_groups"":37.0,""partition_id"":""semantic_role_k2"",""partition_kind"":""semantic-role"",""score_v3_lex"":""0.285714285714;0.302255639098;0.298507462687;223ec55ca17842cf"",""singleton_bridge_count"":20.0,""singleton_bridge_count_norm"":0.29850746268656714,""stable_factor_hash"":""223ec55ca17842cf"",""target_mixed_weight"":210.0},{""factor_count"":67.0,""gadget_mixed_weight"":102.0,""gadget_mixed_weight_norm"":1.1333333333333333,""mixed_auc_greedy"":852.0,""mixed_auc_greedy_norm"":0.24912280701754386,""mixed_auc_original"":1884.0,""mixed_auc_original_norm"":0.5508771929824562,""mixed_excess_norm"":0.13333333333333333,""mixed_group_count"":16.0,""mixed_group_count_norm"":0.43243243243243246,""num_block_rows"":1,""num_factor_groups"":37.0,""partition_id"":""tensor_graph_spectral_k2"",""partition_kind"":""tensor-graph"",""score_v3_lex"":""0.133333333333;0.249122807018;0.194029850746;223ec55ca17842cf"",""singleton_bridge_count"":13.0,""singleton_bridge_count_norm"":0.19402985074626866,""stable_factor_hash"":""223ec55ca17842cf"",""target_mixed_weight"":90.0}]"
qft_4,qft_4:combo8,8,ok,ok,,ok,,phase-slack-v1,conservative,0.2,public_resynth_gadgets,qft_4,2,1,1,0,1.0,1,67,23,26.478947368421053,ok,,7.714473684210526,26.478947368421053,6.727631578947369,25.485526315789475,0.9407894736842105,8.2,3.0789473684210527,8.6,3.6052631578947367,31.00526315789474,ok,,548,43,23564,143,41,5863,67,119,468,43,20124,727,67,603,33,1003,338,1,727,1.0,468,1.381542699724518,533,43,22919,594,158,42,6636,128,15,394,0.7463503649635036,1.2621951219512195,0.27439024390243905,4.371951219512195,3.6052631578947367,0.9710144927536232,0.575,5.101604278074866,67,23,548,954,0.07023060796645703,0.43031470777135516,60,59,1.1355932203389831,0.3728813559322034,0.34328358208955223,results/public_resynth_tensor_v3_phase_slack_expanded/public_resynth_tensor_v3_phase_slack/qft_4/structural_combinations/combo8/assembled.qasm,ok,,semantic_role_k2,semantic-role,0.12,210.0,342.0,1.6285714285714286,0.6285714285714286,4098.0,0.5135338345864662,3174.0,0.3977443609022556,20.0,0.29850746268656714,26.0,0.7027027027027027,37.0,67.0,0.628571428571;0.397744360902;0.298507462687;b6e50cd1e6b49b1e,b6e50cd1e6b49b1e,"[{""factor_count"":67.0,""gadget_mixed_weight"":186.0,""gadget_mixed_weight_norm"":1.4761904761904763,""mixed_auc_greedy"":1128.0,""mixed_auc_greedy_norm"":0.23558897243107768,""mixed_auc_original"":1878.0,""mixed_auc_original_norm"":0.39223057644110276,""mixed_excess_norm"":0.47619047619047616,""mixed_group_count"":16.0,""mixed_group_count_norm"":0.43243243243243246,""num_block_rows"":1,""num_factor_groups"":37.0,""partition_id"":""balanced_contiguous_k2"",""partition_kind"":""contiguous"",""score_v3_lex"":""0.47619047619;0.235588972431;0.194029850746;b6e50cd1e6b49b1e"",""singleton_bridge_count"":13.0,""singleton_bridge_count_norm"":0.19402985074626866,""stable_factor_hash"":""b6e50cd1e6b49b1e"",""target_mixed_weight"":126.0},{""factor_count"":67.0,""gadget_mixed_weight"":42.0,""gadget_mixed_weight_norm"":1.0,""mixed_auc_greedy"":78.0,""mixed_auc_greedy_norm"":0.04887218045112782,""mixed_auc_original"":540.0,""mixed_auc_original_norm"":0.3383458646616541,""mixed_excess_norm"":0.0,""mixed_group_count"":3.0,""mixed_group_count_norm"":0.08108108108108109,""num_block_rows"":1,""num_factor_groups"":37.0,""partition_id"":""semantic_family_k2"",""partition_kind"":""semantic-family"",""score_v3_lex"":""0;0.0488721804511;0.0149253731343;b6e50cd1e6b49b1e"",""singleton_bridge_count"":1.0,""singleton_bridge_count_norm"":0.014925373134328358,""stable_factor_hash"":""b6e50cd1e6b49b1e"",""target_mixed_weight"":42.0},{""factor_count"":67.0,""gadget_mixed_weight"":342.0,""gadget_mixed_weight_norm"":1.6285714285714286,""mixed_auc_greedy"":3174.0,""mixed_auc_greedy_norm"":0.3977443609022556,""mixed_auc_original"":4098.0,""mixed_auc_original_norm"":0.5135338345864662,""mixed_excess_norm"":0.6285714285714286,""mixed_group_count"":26.0,""mixed_group_count_norm"":0.7027027027027027,""num_block_rows"":1,""num_factor_groups"":37.0,""partition_id"":""semantic_role_k2"",""partition_kind"":""semantic-role"",""score_v3_lex"":""0.628571428571;0.397744360902;0.298507462687;b6e50cd1e6b49b1e"",""singleton_bridge_count"":20.0,""singleton_bridge_count_norm"":0.29850746268656714,""stable_factor_hash"":""b6e50cd1e6b49b1e"",""target_mixed_weight"":210.0},{""factor_count"":67.0,""gadget_mixed_weight"":138.0,""gadget_mixed_weight_norm"":1.5333333333333334,""mixed_auc_greedy"":864.0,""mixed_auc_greedy_norm"":0.25263157894736843,""mixed_auc_original"":2058.0,""mixed_auc_original_norm"":0.6017543859649123,""mixed_excess_norm"":0.5333333333333333,""mixed_group_count"":17.0,""mixed_group_count_norm"":0.4594594594594595,""num_block_rows"":1,""num_factor_groups"":37.0,""partition_id"":""tensor_graph_spectral_k2"",""partition_kind"":""tensor-graph"",""score_v3_lex"":""0.533333333333;0.252631578947;0.194029850746;b6e50cd1e6b49b1e"",""singleton_bridge_count"":13.0,""singleton_bridge_count_norm"":0.19402985074626866,""stable_factor_hash"":""b6e50cd1e6b49b1e"",""target_mixed_weight"":90.0}]"
qft_4,qft_4:combo9,9,ok,ok,,ok,,phase-slack-v1,conservative,0.2,public_resynth_gadgets,qft_4,3,1,1,0,1.0,1,67,26,24.78157894736842,ok,,6.689473684210526,24.78157894736842,5.7026315789473685,23.78815789473684,0.8157894736842105,8.2,2.8815789473684212,8.6,3.3684210526315788,28.96842105263158,ok,,512,43,22016,124,41,5084,67,107,438,43,18834,699,67,581,31,959,326,1,699,1.0,438,1.3739255014326648,503,43,21629,576,133,42,5586,113,11,384,0.771484375,1.1768292682926829,0.18902439024390238,4.225609756097561,3.3684210526315788,0.9710144927536232,0.65,4.93048128342246,67,26,512,922,0.07266811279826464,0.43934426229508194,60,59,1.1355932203389831,0.3813559322033898,0.3880597014925373,results/public_resynth_tensor_v3_phase_slack_expanded/public_resynth_tensor_v3_phase_slack/qft_4/structural_combinations/combo9/assembled.qasm,ok,,semantic_role_k2,semantic-role,0.12,210.0,222.0,1.0571428571428572,0.05714285714285714,3486.0,0.4368421052631579,2424.0,0.3037593984962406,20.0,0.29850746268656714,26.0,0.7027027027027027,37.0,67.0,0.0571428571429;0.303759398496;0.298507462687;9b854cab9644dee7,9b854cab9644dee7,"[{""factor_count"":67.0,""gadget_mixed_weight"":126.0,""gadget_mixed_weight_norm"":1.0,""mixed_auc_greedy"":870.0,""mixed_auc_greedy_norm"":0.18170426065162906,""mixed_auc_original"":1962.0,""mixed_auc_original_norm"":0.40977443609022557,""mixed_excess_norm"":0.0,""mixed_group_count"":16.0,""mixed_group_count_norm"":0.43243243243243246,""num_block_rows"":1,""num_factor_groups"":37.0,""partition_id"":""balanced_contiguous_k2"",""partition_kind"":""contiguous"",""score_v3_lex"":""0;0.181704260652;0.194029850746;9b854cab9644dee7"",""singleton_bridge_count"":13.0,""singleton_bridge_count_norm"":0.19402985074626866,""stable_factor_hash"":""9b854cab9644dee7"",""target_mixed_weight"":126.0},{""factor_count"":67.0,""gadget_mixed_weight"":42.0,""gadget_mixed_weight_norm"":1.0,""mixed_auc_greedy"":78.0,""mixed_auc_greedy_norm"":0.04887218045112782,""mixed_auc_original"":324.0,""mixed_auc_original_norm"":0.20300751879699247,""mixed_excess_norm"":0.0,""mixed_group_count"":3.0,""mixed_group_count_norm"":0.08108108108108109,""num_block_rows"":1,""num_factor_groups"":37.0,""partition_id"":""semantic_family_k2"",""partition_kind"":""semantic-family"",""score_v3_lex"":""0;0.0488721804511;0.0149253731343;9b854cab9644dee7"",""singleton_bridge_count"":1.0,""singleton_bridge_count_norm"":0.014925373134328358,""stable_factor_hash"":""9b854cab9644dee7"",""target_mixed_weight"":42.0},{""factor_count"":67.0,""gadget_mixed_weight"":222.0,""gadget_mixed_weight_norm"":1.0571428571428572,""mixed_auc_greedy"":2424.0,""mixed_auc_greedy_norm"":0.3037593984962406,""mixed_auc_original"":3486.0,""mixed_auc_original_norm"":0.4368421052631579,""mixed_excess_norm"":0.05714285714285714,""mixed_group_count"":26.0,""mixed_group_count_norm"":0.7027027027027027,""num_block_rows"":1,""num_factor_groups"":37.0,""partition_id"":""semantic_role_k2"",""partition_kind"":""semantic-role"",""score_v3_lex"":""0.0571428571429;0.303759398496;0.298507462687;9b854cab9644dee7"",""singleton_bridge_count"":20.0,""singleton_bridge_count_norm"":0.29850746268656714,""stable_factor_hash"":""9b854cab9644dee7"",""target_mixed_weight"":210.0},{""factor_count"":67.0,""gadget_mixed_weight"":90.0,""gadget_mixed_weight_norm"":1.0,""mixed_auc_greedy"":720.0,""mixed_auc_greedy_norm"":0.21052631578947367,""mixed_auc_original"":1560.0,""mixed_auc_original_norm"":0.45614035087719296,""mixed_excess_norm"":0.0,""mixed_group_count"":15.0,""mixed_group_count_norm"":0.40540540540540543,""num_block_rows"":1,""num_factor_groups"":37.0,""partition_id"":""tensor_graph_spectral_k2"",""partition_kind"":""tensor-graph"",""score_v3_lex"":""0;0.210526315789;0.194029850746;9b854cab9644dee7"",""singleton_bridge_count"":13.0,""singleton_bridge_count_norm"":0.19402985074626866,""stable_factor_hash"":""9b854cab9644dee7"",""target_mixed_weight"":90.0}]"
qft_4,qft_4:combo10,10,ok,ok,,ok,,phase-slack-v1,conservative,0.2,public_resynth_gadgets,qft_4,4,1,1,0,1.0,1,67,26,26.535526315789475,ok,,8.307894736842105,26.535526315789475,7.321052631578947,25.542105263157897,1.013157894736842,8.2,3.085526315789474,8.6,3.5592105263157894,30.60921052631579,ok,,541,43,23263,154,41,6314,67,121,469,43,20167,716,67,597,31,990,334,1,716,1.0,469,1.3846153846153846,536,43,23048,592,159,42,6678,127,8,388,0.7319778188539742,1.2073170731707317,0.2195121951219512,4.262195121951219,3.5592105263157894,0.9710144927536232,0.65,5.048128342245989,67,26,541,944,0.07097457627118645,0.43309631544925664,60,59,1.1355932203389831,0.3813559322033898,0.3880597014925373,results/public_resynth_tensor_v3_phase_slack_expanded/public_resynth_tensor_v3_phase_slack/qft_4/structural_combinations/combo10/assembled.qasm,ok,,semantic_role_k2,semantic-role,0.12,210.0,234.0,1.1142857142857143,0.11428571428571428,3492.0,0.43759398496240604,2412.0,0.3022556390977444,20.0,0.29850746268656714,26.0,0.7027027027027027,37.0,67.0,0.114285714286;0.302255639098;0.298507462687;a122b48c1e2783e8,a122b48c1e2783e8,"[{""factor_count"":67.0,""gadget_mixed_weight"":126.0,""gadget_mixed_weight_norm"":1.0,""mixed_auc_greedy"":870.0,""mixed_auc_greedy_norm"":0.18170426065162906,""mixed_auc_original"":1422.0,""mixed_auc_original_norm"":0.29699248120300753,""mixed_excess_norm"":0.0,""mixed_group_count"":16.0,""mixed_group_count_norm"":0.43243243243243246,""num_block_rows"":1,""num_factor_groups"":37.0,""partition_id"":""balanced_contiguous_k2"",""partition_kind"":""contiguous"",""score_v3_lex"":""0;0.181704260652;0.194029850746;a122b48c1e2783e8"",""singleton_bridge_count"":13.0,""singleton_bridge_count_norm"":0.19402985074626866,""stable_factor_hash"":""a122b48c1e2783e8"",""target_mixed_weight"":126.0},{""factor_count"":67.0,""gadget_mixed_weight"":42.0,""gadget_mixed_weight_norm"":1.0,""mixed_auc_greedy"":78.0,""mixed_auc_greedy_norm"":0.04887218045112782,""mixed_auc_original"":552.0,""mixed_auc_original_norm"":0.3458646616541353,""mixed_excess_norm"":0.0,""mixed_group_count"":3.0,""mixed_group_count_norm"":0.08108108108108109,""num_block_rows"":1,""num_factor_groups"":37.0,""partition_id"":""semantic_family_k2"",""partition_kind"":""semantic-family"",""score_v3_lex"":""0;0.0488721804511;0.0149253731343;a122b48c1e2783e8"",""singleton_bridge_count"":1.0,""singleton_bridge_count_norm"":0.014925373134328358,""stable_factor_hash"":""a122b48c1e2783e8"",""target_mixed_weight"":42.0},{""factor_count"":67.0,""gadget_mixed_weight"":234.0,""gadget_mixed_weight_norm"":1.1142857142857143,""mixed_auc_greedy"":2412.0,""mixed_auc_greedy_norm"":0.3022556390977444,""mixed_auc_original"":3492.0,""mixed_auc_original_norm"":0.43759398496240604,""mixed_excess_norm"":0.11428571428571428,""mixed_group_count"":26.0,""mixed_group_count_norm"":0.7027027027027027,""num_block_rows"":1,""num_factor_groups"":37.0,""partition_id"":""semantic_role_k2"",""partition_kind"":""semantic-role"",""score_v3_lex"":""0.114285714286;0.302255639098;0.298507462687;a122b48c1e2783e8"",""singleton_bridge_count"":20.0,""singleton_bridge_count_norm"":0.29850746268656714,""stable_factor_hash"":""a122b48c1e2783e8"",""target_mixed_weight"":210.0},{""factor_count"":67.0,""gadget_mixed_weight"":90.0,""gadget_mixed_weight_norm"":1.0,""mixed_auc_greedy"":720.0,""mixed_auc_greedy_norm"":0.21052631578947367,""mixed_auc_original"":1662.0,""mixed_auc_original_norm"":0.48596491228070177,""mixed_excess_norm"":0.0,""mixed_group_count"":15.0,""mixed_group_count_norm"":0.40540540540540543,""num_block_rows"":1,""num_factor_groups"":37.0,""partition_id"":""tensor_graph_spectral_k2"",""partition_kind"":""tensor-graph"",""score_v3_lex"":""0;0.210526315789;0.194029850746;a122b48c1e2783e8"",""singleton_bridge_count"":13.0,""singleton_bridge_count_norm"":0.19402985074626866,""stable_factor_hash"":""a122b48c1e2783e8"",""target_mixed_weight"":90.0}]"
qft_4,qft_4:combo11,11,ok,ok,,ok,,phase-slack-v1,conservative,0.2,public_resynth_gadgets,qft_4,5,1,1,0,1.0,1,67,24,28.11973684210526,ok,,9.781578947368422,28.11973684210526,8.794736842105264,27.126315789473683,1.1644736842105263,8.4,3.2697368421052633,8.6,3.7828947368421053,32.5328947368421,ok,,575,43,24725,177,42,7434,67,131,497,43,21371,733,67,605,33,1015,334,1,733,1.0,497,1.3866120218579234,565,43,24295,601,187,42,7854,136,10,389,0.6939130434782609,1.3658536585365855,0.378048780487805,4.4573170731707314,3.7828947368421053,0.9710144927536232,0.6,5.128342245989304,67,24,575,959,0.06986444212721585,0.42893725992317544,60,59,1.1355932203389831,0.3898305084745763,0.3582089552238806,results/public_resynth_tensor_v3_phase_slack_expanded/public_resynth_tensor_v3_phase_slack/qft_4/structural_combinations/combo11/assembled.qasm,ok,,semantic_role_k2,semantic-role,0.12,210.0,282.0,1.3428571428571427,0.34285714285714286,3942.0,0.493984962406015,2280.0,0.2857142857142857,20.0,0.29850746268656714,26.0,0.7027027027027027,37.0,67.0,0.342857142857;0.285714285714;0.298507462687;95238459901324dd,95238459901324dd,"[{""factor_count"":67.0,""gadget_mixed_weight"":150.0,""gadget_mixed_weight_norm"":1.1904761904761905,""mixed_auc_greedy"":882.0,""mixed_auc_greedy_norm"":0.18421052631578946,""mixed_auc_original"":2400.0,""mixed_auc_original_norm"":0.5012531328320802,""mixed_excess_norm"":0.19047619047619047,""mixed_group_count"":16.0,""mixed_group_count_norm"":0.43243243243243246,""num_block_rows"":1,""num_factor_groups"":37.0,""partition_id"":""balanced_contiguous_k2"",""partition_kind"":""contiguous"",""score_v3_lex"":""0.190476190476;0.184210526316;0.194029850746;95238459901324dd"",""singleton_bridge_count"":13.0,""singleton_bridge_count_norm"":0.19402985074626866,""stable_factor_hash"":""95238459901324dd"",""target_mixed_weight"":126.0},{""factor_count"":67.0,""gadget_mixed_weight"":42.0,""gadget_mixed_weight_norm"":1.0,""mixed_auc_greedy"":78.0,""mixed_auc_greedy_norm"":0.04887218045112782,""mixed_auc_original"":210.0,""mixed_auc_original_norm"":0.13157894736842105,""mixed_excess_norm"":0.0,""mixed_group_count"":3.0,""mixed_group_count_norm"":0.08108108108108109,""num_block_rows"":1,""num_factor_groups"":37.0,""partition_id"":""semantic_family_k2"",""partition_kind"":""semantic-family"",""score_v3_lex"":""0;0.0488721804511;0.0149253731343;95238459901324dd"",""singleton_bridge_count"":1.0,""singleton_bridge_count_norm"":0.014925373134328358,""stable_factor_hash"":""95238459901324dd"",""target_mixed_weight"":42.0},{""factor_count"":67.0,""gadget_mixed_weight"":282.0,""gadget_mixed_weight_norm"":1.3428571428571427,""mixed_auc_greedy"":2280.0,""mixed_auc_greedy_norm"":0.2857142857142857,""mixed_auc_original"":3942.0,""mixed_auc_original_norm"":0.493984962406015,""mixed_excess_norm"":0.34285714285714286,""mixed_group_count"":26.0,""mixed_group_count_norm"":0.7027027027027027,""num_block_rows"":1,""num_factor_groups"":37.0,""partition_id"":""semantic_role_k2"",""partition_kind"":""semantic-role"",""score_v3_lex"":""0.342857142857;0.285714285714;0.298507462687;95238459901324dd"",""singleton_bridge_count"":20.0,""singleton_bridge_count_norm"":0.29850746268656714,""stable_factor_hash"":""95238459901324dd"",""target_mixed_weight"":210.0},{""factor_count"":67.0,""gadget_mixed_weight"":102.0,""gadget_mixed_weight_norm"":1.1333333333333333,""mixed_auc_greedy"":852.0,""mixed_auc_greedy_norm"":0.24912280701754386,""mixed_auc_original"":1890.0,""mixed_auc_original_norm"":0.5526315789473685,""mixed_excess_norm"":0.13333333333333333,""mixed_group_count"":16.0,""mixed_group_count_norm"":0.43243243243243246,""num_block_rows"":1,""num_factor_groups"":37.0,""partition_id"":""tensor_graph_spectral_k2"",""partition_kind"":""tensor-graph"",""score_v3_lex"":""0.133333333333;0.249122807018;0.194029850746;95238459901324dd"",""singleton_bridge_count"":13.0,""singleton_bridge_count_norm"":0.19402985074626866,""stable_factor_hash"":""95238459901324dd"",""target_mixed_weight"":90.0}]"
qft_4,qft_4:combo12,12,ok,ok,,ok,,phase-slack-v1,conservative,0.2,public_resynth_gadgets,qft_4,6,1,1,0,1.0,1,67,23,26.592105263157894,ok,,8.523684210526316,26.592105263157894,7.536842105263158,25.598684210526315,1.0394736842105263,8.2,3.0921052631578947,8.6,3.5789473684210527,30.778947368421054,ok,,544,43,23392,158,41,6478,67,107,470,43,20210,698,67,579,33,957,322,1,698,1.0,470,1.3730272596843616,539,43,23177,577,163,42,6846,113,10,381,0.71875,1.1646341463414633,0.17682926829268286,4.2439024390243905,3.5789473684210527,0.9710144927536232,0.575,4.951871657754011,67,23,544,926,0.07235421166306695,0.4381948986265533,60,59,1.1355932203389831,0.3813559322033898,0.34328358208955223,results/public_resynth_tensor_v3_phase_slack_expanded/public_resynth_tensor_v3_phase_slack/qft_4/structural_combinations/combo12/assembled.qasm,ok,,semantic_role_k2,semantic-role,0.12,210.0,234.0,1.1142857142857143,0.11428571428571428,3462.0,0.4338345864661654,2400.0,0.3007518796992481,20.0,0.29850746268656714,26.0,0.7027027027027027,37.0,67.0,0.114285714286;0.300751879699;0.298507462687;29d28ad0c503932e,29d28ad0c503932e,"[{""factor_count"":67.0,""gadget_mixed_weight"":126.0,""gadget_mixed_weight_norm"":1.0,""mixed_auc_greedy"":768.0,""mixed_auc_greedy_norm"":0.16040100250626566,""mixed_auc_original"":2196.0,""mixed_auc_original_norm"":0.45864661654135336,""mixed_excess_norm"":0.0,""mixed_group_count"":15.0,""mixed_group_count_norm"":0.40540540540540543,""num_block_rows"":1,""num_factor_groups"":37.0,""partition_id"":""balanced_contiguous_k2"",""partition_kind"":""contiguous"",""score_v3_lex"":""0;0.160401002506;0.194029850746;29d28ad0c503932e"",""singleton_bridge_count"":13.0,""singleton_bridge_count_norm"":0.19402985074626866,""stable_factor_hash"":""29d28ad0c503932e"",""target_mixed_weight"":126.0},{""factor_count"":67.0,""gadget_mixed_weight"":42.0,""gadget_mixed_weight_norm"":1.0,""mixed_auc_greedy"":84.0,""mixed_auc_greedy_norm"":0.05263157894736842,""mixed_auc_original"":378.0,""mixed_auc_original_norm"":0.23684210526315788,""mixed_excess_norm"":0.0,""mixed_group_count"":4.0,""mixed_group_count_norm"":0.10810810810810811,""num_block_rows"":1,""num_factor_groups"":37.0,""partition_id"":""semantic_family_k2"",""partition_kind"":""semantic-family"",""score_v3_lex"":""0;0.0526315789474;0.0149253731343;29d28ad0c503932e"",""singleton_bridge_count"":1.0,""singleton_bridge_count_norm"":0.014925373134328358,""stable_factor_hash"":""29d28ad0c503932e"",""target_mixed_weight"":42.0},{""factor_count"":67.0,""gadget_mixed_weight"":234.0,""gadget_mixed_weight_norm"":1.1142857142857143,""mixed_auc_greedy"":2400.0,""mixed_auc_greedy_norm"":0.3007518796992481,""mixed_auc_original"":3462.0,""mixed_auc_original_norm"":0.4338345864661654,""mixed_excess_norm"":0.11428571428571428,""mixed_group_count"":26.0,""mixed_group_count_norm"":0.7027027027027027,""num_block_rows"":1,""num_factor_groups"":37.0,""partition_id"":""semantic_role_k2"",""partition_kind"":""semantic-role"",""score_v3_lex"":""0.114285714286;0.300751879699;0.298507462687;29d28ad0c503932e"",""singleton_bridge_count"":20.0,""singleton_bridge_count_norm"":0.29850746268656714,""stable_factor_hash"":""29d28ad0c503932e"",""target_mixed_weight"":210.0},{""factor_count"":67.0,""gadget_mixed_weight"":90.0,""gadget_mixed_weight_norm"":1.0,""mixed_auc_greedy"":720.0,""mixed_auc_greedy_norm"":0.21052631578947367,""mixed_auc_original"":1746.0,""mixed_auc_original_norm"":0.5105263157894737,""mixed_excess_norm"":0.0,""mixed_group_count"":15.0,""mixed_group_count_norm"":0.40540540540540543,""num_block_rows"":1,""num_factor_groups"":37.0,""partition_id"":""tensor_graph_spectral_k2"",""partition_kind"":""tensor-graph"",""score_v3_lex"":""0;0.210526315789;0.194029850746;29d28ad0c503932e"",""singleton_bridge_count"":13.0,""singleton_bridge_count_norm"":0.19402985074626866,""stable_factor_hash"":""29d28ad0c503932e"",""target_mixed_weight"":90.0}]"
qft_4,qft_4:combo13,13,ok,ok,,ok,,phase-slack-v1,conservative,0.2,public_resynth_gadgets,qft_4,7,1,1,0,1.0,1,67,27,26.535526315789475,ok,,8.2,26.535526315789475,7.213157894736842,25.542105263157897,1.0,8.2,3.085526315789474,8.6,3.5526315789473686,30.55263157894737,ok,,540,43,23220,152,41,6232,67,118,469,43,20167,717,67,595,31,988,336,1,717,1.0,469,1.3798882681564246,537,43,23091,589,155,42,6510,124,9,387,0.7333333333333333,1.2621951219512195,0.27439024390243905,4.365853658536586,3.5526315789473686,0.9710144927536232,0.675,5.042780748663102,67,27,540,943,0.07104984093319194,0.4333764553686934,60,59,1.1355932203389831,0.3728813559322034,0.40298507462686567,results/public_resynth_tensor_v3_phase_slack_expanded/public_resynth_tensor_v3_phase_slack/qft_4/structural_combinations/combo13/assembled.qasm,ok,,semantic_role_k2,semantic-role,0.12,210.0,270.0,1.2857142857142858,0.2857142857142857,3600.0,0.45112781954887216,2604.0,0.3263157894736842,20.0,0.29850746268656714,26.0,0.7027027027027027,37.0,67.0,0.285714285714;0.326315789474;0.298507462687;836f0bb18ddaf2b3,836f0bb18ddaf2b3,"[{""factor_count"":67.0,""gadget_mixed_weight"":162.0,""gadget_mixed_weight_norm"":1.2857142857142858,""mixed_auc_greedy"":1548.0,""mixed_auc_greedy_norm"":0.3233082706766917,""mixed_auc_original"":1998.0,""mixed_auc_original_norm"":0.41729323308270677,""mixed_excess_norm"":0.2857142857142857,""mixed_group_count"":16.0,""mixed_group_count_norm"":0.43243243243243246,""num_block_rows"":1,""num_factor_groups"":37.0,""partition_id"":""balanced_contiguous_k2"",""partition_kind"":""contiguous"",""score_v3_lex"":""0.285714285714;0.323308270677;0.194029850746;836f0bb18ddaf2b3"",""singleton_bridge_count"":13.0,""singleton_bridge_count_norm"":0.19402985074626866,""stable_factor_hash"":""836f0bb18ddaf2b3"",""target_mixed_weight"":126.0},{""factor_count"":67.0,""gadget_mixed_weight"":42.0,""gadget_mixed_weight_norm"":1.0,""mixed_auc_greedy"":78.0,""mixed_auc_greedy_norm"":0.04887218045112782,""mixed_auc_original"":570.0,""mixed_auc_original_norm"":0.35714285714285715,""mixed_excess_norm"":0.0,""mixed_group_count"":3.0,""mixed_group_count_norm"":0.08108108108108109,""num_block_rows"":1,""num_factor_groups"":37.0,""partition_id"":""semantic_family_k2"",""partition_kind"":""semantic-family"",""score_v3_lex"":""0;0.0488721804511;0.0149253731343;836f0bb18ddaf2b3"",""singleton_bridge_count"":1.0,""singleton_bridge_count_norm"":0.014925373134328358,""stable_factor_hash"":""836f0bb18ddaf2b3"",""target_mixed_weight"":42.0},{""factor_count"":67.0,""gadget_mixed_weight"":270.0,""gadget_mixed_weight_norm"":1.2857142857142858,""mixed_auc_greedy"":2604.0,""mixed_auc_greedy_norm"":0.3263157894736842,""mixed_auc_original"":3600.0,""mixed_auc_original_norm"":0.45112781954887216,""mixed_excess_norm"":0.2857142857142857,""mixed_group_count"":26.0,""mixed_group_count_norm"":0.7027027027027027,""num_block_rows"":1,""num_factor_groups"":37.0,""partition_id"":""semantic_role_k2"",""partition_kind"":""semantic-role"",""score_v3_lex"":""0.285714285714;0.326315789474;0.298507462687;836f0bb18ddaf2b3"",""singleton_bridge_count"":20.0,""singleton_bridge_count_norm"":0.29850746268656714,""stable_factor_hash"":""836f0bb18ddaf2b3"",""target_mixed_weight"":210.0},{""factor_count"":67.0,""gadget_mixed_weight"":90.0,""gadget_mixed_weight_norm"":1.0,""mixed_auc_greedy"":720.0,""mixed_auc_greedy_norm"":0.21052631578947367,""mixed_auc_original"":1494.0,""mixed_auc_original_norm"":0.4368421052631579,""mixed_excess_norm"":0.0,""mixed_group_count"":15.0,""mixed_group_count_norm"":0.40540540540540543,""num_block_rows"":1,""num_factor_groups"":37.0,""partition_id"":""tensor_graph_spectral_k2"",""partition_kind"":""tensor-graph"",""score_v3_lex"":""0;0.210526315789;0.194029850746;836f0bb18ddaf2b3"",""singleton_bridge_count"":13.0,""singleton_bridge_count_norm"":0.19402985074626866,""stable_factor_hash"":""836f0bb18ddaf2b3"",""target_mixed_weight"":90.0}]"
qft_4,qft_4:combo14,14,ok,ok,,ok,,phase-slack-v1,conservative,0.2,public_resynth_gadgets,qft_4,8,1,1,0,1.0,1,67,21,24.66842105263158,ok,,6.419736842105263,24.66842105263158,5.432894736842106,23.675,0.7828947368421053,8.2,2.8684210526315788,8.6,3.388157894736842,29.138157894736842,ok,,515,43,22145,119,41,4879,67,110,436,43,18748,709,67,585,31,972,332,1,709,1.0,436,1.3728813559322033,504,43,21672,580,130,42,5460,117,12,386,0.7728155339805826,1.2378048780487805,0.25,4.304878048780488,3.388157894736842,0.9710144927536232,0.525,5.010695187165775,67,21,515,937,0.07150480256136606,0.43506493506493504,60,59,1.1355932203389831,0.3813559322033898,0.31343283582089554,results/public_resynth_tensor_v3_phase_slack_expanded/public_resynth_tensor_v3_phase_slack/qft_4/structural_combinations/combo14/assembled.qasm,ok,,semantic_role_k2,semantic-role,0.12,210.0,282.0,1.3428571428571427,0.34285714285714286,3900.0,0.48872180451127817,2520.0,0.3157894736842105,18.0,0.26865671641791045,24.0,0.6486486486486487,37.0,67.0,0.342857142857;0.315789473684;0.268656716418;0db80c5c96be0d1b,0db80c5c96be0d1b,"[{""factor_count"":67.0,""gadget_mixed_weight"":150.0,""gadget_mixed_weight_norm"":1.1904761904761905,""mixed_auc_greedy"":924.0,""mixed_auc_greedy_norm"":0.19298245614035087,""mixed_auc_original"":2154.0,""mixed_auc_original_norm"":0.449874686716792,""mixed_excess_norm"":0.19047619047619047,""mixed_group_count"":16.0,""mixed_group_count_norm"":0.43243243243243246,""num_block_rows"":1,""num_factor_groups"":37.0,""partition_id"":""balanced_contiguous_k2"",""partition_kind"":""contiguous"",""score_v3_lex"":""0.190476190476;0.19298245614;0.179104477612;0db80c5c96be0d1b"",""singleton_bridge_count"":12.0,""singleton_bridge_count_norm"":0.1791044776119403,""stable_factor_hash"":""0db80c5c96be0d1b"",""target_mixed_weight"":126.0},{""factor_count"":67.0,""gadget_mixed_weight"":42.0,""gadget_mixed_weight_norm"":1.0,""mixed_auc_greedy"":78.0,""mixed_auc_greedy_norm"":0.04887218045112782,""mixed_auc_original"":576.0,""mixed_auc_original_norm"":0.3609022556390977,""mixed_excess_norm"":0.0,""mixed_group_count"":3.0,""mixed_group_count_norm"":0.08108108108108109,""num_block_rows"":1,""num_factor_groups"":37.0,""partition_id"":""semantic_family_k2"",""partition_kind"":""semantic-family"",""score_v3_lex"":""0;0.0488721804511;0.0149253731343;0db80c5c96be0d1b"",""singleton_bridge_count"":1.0,""singleton_bridge_count_norm"":0.014925373134328358,""stable_factor_hash"":""0db80c5c96be0d1b"",""target_mixed_weight"":42.0},{""factor_count"":67.0,""gadget_mixed_weight"":282.0,""gadget_mixed_weight_norm"":1.3428571428571427,""mixed_auc_greedy"":2520.0,""mixed_auc_greedy_norm"":0.3157894736842105,""mixed_auc_original"":3900.0,""mixed_auc_original_norm"":0.48872180451127817,""mixed_excess_norm"":0.34285714285714286,""mixed_group_count"":24.0,""mixed_group_count_norm"":0.6486486486486487,""num_block_rows"":1,""num_factor_groups"":37.0,""partition_id"":""semantic_role_k2"",""partition_kind"":""semantic-role"",""score_v3_lex"":""0.342857142857;0.315789473684;0.268656716418;0db80c5c96be0d1b"",""singleton_bridge_count"":18.0,""singleton_bridge_count_norm"":0.26865671641791045,""stable_factor_hash"":""0db80c5c96be0d1b"",""target_mixed_weight"":210.0},{""factor_count"":67.0,""gadget_mixed_weight"":114.0,""gadget_mixed_weight_norm"":1.2666666666666666,""mixed_auc_greedy"":996.0,""mixed_auc_greedy_norm"":0.2912280701754386,""mixed_auc_original"":1812.0,""mixed_auc_original_norm"":0.5298245614035088,""mixed_excess_norm"":0.26666666666666666,""mixed_group_count"":15.0,""mixed_group_count_norm"":0.40540540540540543,""num_block_rows"":1,""num_factor_groups"":37.0,""partition_id"":""tensor_graph_spectral_k2"",""partition_kind"":""tensor-graph"",""score_v3_lex"":""0.266666666667;0.291228070175;0.179104477612;0db80c5c96be0d1b"",""singleton_bridge_count"":12.0,""singleton_bridge_count_norm"":0.1791044776119403,""stable_factor_hash"":""0db80c5c96be0d1b"",""target_mixed_weight"":90.0}]"
qft_4,qft_4:combo15,15,ok,ok,,ok,,phase-slack-v1,conservative,0.2,public_resynth_gadgets,qft_4,9,1,1,0,1.0,1,67,27,27.214473684210525,ok,,9.063157894736841,27.214473684210525,8.076315789473684,26.221052631578946,1.0789473684210527,8.4,3.164473684210526,8.6,3.651315789473684,31.401315789473685,ok,,555,43,23865,164,42,6888,67,153,481,43,20683,754,67,630,33,1056,336,1,754,1.0,481,1.402390438247012,553,43,23779,623,166,42,6972,160,9,389,0.7171171171171171,1.4451219512195121,0.45731707317073167,4.536585365853658,3.651315789473684,0.9710144927536232,0.675,5.219251336898396,67,27,555,976,0.06864754098360656,0.4243191893603547,60,59,1.1355932203389831,0.3644067796610169,0.40298507462686567,results/public_resynth_tensor_v3_phase_slack_expanded/public_resynth_tensor_v3_phase_slack/qft_4/structural_combinations/combo15/assembled.qasm,ok,,semantic_role_k2,semantic-role,0.12,210.0,438.0,2.085714285714286,1.0857142857142856,4524.0,0.5669172932330827,3906.0,0.48947368421052634,20.0,0.29850746268656714,26.0,0.7027027027027027,37.0,67.0,1.08571428571;0.489473684211;0.298507462687;bc3aab6bf2fa1a21,bc3aab6bf2fa1a21,"[{""factor_count"":67.0,""gadget_mixed_weight"":258.0,""gadget_mixed_weight_norm"":2.0476190476190474,""mixed_auc_greedy"":1908.0,""mixed_auc_greedy_norm"":0.39849624060150374,""mixed_auc_original"":2550.0,""mixed_auc_original_norm"":0.5325814536340853,""mixed_excess_norm"":1.0476190476190477,""mixed_group_count"":16.0,""mixed_group_count_norm"":0.43243243243243246,""num_block_rows"":1,""num_factor_groups"":37.0,""partition_id"":""balanced_contiguous_k2"",""partition_kind"":""contiguous"",""score_v3_lex"":""1.04761904762;0.398496240602;0.194029850746;bc3aab6bf2fa1a21"",""singleton_bridge_count"":13.0,""singleton_bridge_count_norm"":0.19402985074626866,""stable_factor_hash"":""bc3aab6bf2fa1a21"",""target_mixed_weight"":126.0},{""factor_count"":67.0,""gadget_mixed_weight"":66.0,""gadget_mixed_weight_norm"":1.5714285714285714,""mixed_auc_greedy"":486.0,""mixed_auc_greedy_norm"":0.30451127819548873,""mixed_auc_original"":744.0,""mixed_auc_original_norm"":0.46616541353383456,""mixed_excess_norm"":0.5714285714285714,""mixed_group_count"":4.0,""mixed_group_count_norm"":0.10810810810810811,""num_block_rows"":1,""num_factor_groups"":37.0,""partition_id"":""semantic_family_k2"",""partition_kind"":""semantic-family"",""score_v3_lex"":""0.571428571429;0.304511278195;0.0149253731343;bc3aab6bf2fa1a21"",""singleton_bridge_count"":1.0,""singleton_bridge_count_norm"":0.014925373134328358,""stable_factor_hash"":""bc3aab6bf2fa1a21"",""target_mixed_weight"":42.0},{""factor_count"":67.0,""gadget_mixed_weight"":438.0,""gadget_mixed_weight_norm"":2.085714285714286,""mixed_auc_greedy"":3906.0,""mixed_auc_greedy_norm"":0.48947368421052634,""mixed_auc_original"":4524.0,""mixed_auc_original_norm"":0.5669172932330827,""mixed_excess_norm"":1.0857142857142856,""mixed_group_count"":26.0,""mixed_group_count_norm"":0.7027027027027027,""num_block_rows"":1,""num_factor_groups"":37.0,""partition_id"":""semantic_role_k2"",""partition_kind"":""semantic-role"",""score_v3_lex"":""1.08571428571;0.489473684211;0.298507462687;bc3aab6bf2fa1a21"",""singleton_bridge_count"":20.0,""singleton_bridge_count_norm"":0.29850746268656714,""stable_factor_hash"":""bc3aab6bf2fa1a21"",""target_mixed_weight"":210.0},{""factor_count"":67.0,""gadget_mixed_weight"":150.0,""gadget_mixed_weight_norm"":1.6666666666666667,""mixed_auc_greedy"":876.0,""mixed_auc_greedy_norm"":0.256140350877193,""mixed_auc_original"":1452.0,""mixed_auc_original_norm"":0.4245614035087719,""mixed_excess_norm"":0.6666666666666666,""mixed_group_count"":16.0,""mixed_group_count_norm"":0.43243243243243246,""num_block_rows"":1,""num_factor_groups"":37.0,""partition_id"":""tensor_graph_spectral_k2"",""partition_kind"":""tensor-graph"",""score_v3_lex"":""0.666666666667;0.256140350877;0.194029850746;bc3aab6bf2fa1a21"",""singleton_bridge_count"":13.0,""singleton_bridge_count_norm"":0.19402985074626866,""stable_factor_hash"":""bc3aab6bf2fa1a21"",""target_mixed_weight"":90.0}]"
vbe_adder_3,vbe_adder_3:combo0,0,ok,ok,,ok,,phase-slack-v1,conservative,0.2,public_resynth_no_gadgets,vbe_adder_3,0,1,0,1,0.0,0,19,8,5.383505154639176,ok,,2.4824742268041238,5.383505154639176,1.554639175257732,4.414432989690722,1.7731958762886597,1.4,3.845360824742268,1.4,4.082474226804123,5.715463917525773,ok,,396,14,5544,172,14,2408,19,164,373,14,5222,445,19,426,13,771,124,1,445,1.0,373,1.7364864864864864,385,14,5390,414,183,14,2562,176,11,223,0.5909090909090909,1.83,0.8600000000000001,4.41,4.082474226804123,0.2714285714285714,0.4444444444444444,2.836842105263158,19,8,396,539,0.03525046382189239,0.2676056338028169,20,19,1.0,0.10526315789473684,0.42105263157894735,results/public_resynth_tensor_v3_phase_slack_expanded/public_resynth_tensor_v3_phase_slack/vbe_adder_3/structural_combinations/combo0/assembled.qasm,ok,,semantic_role_k2,semantic-role,0.12,246.0,2850.0,11.585365853658537,10.585365853658537,4530.0,0.9207317073170732,5466.0,1.1109756097560977,16.0,0.8421052631578947,16.0,0.8421052631578947,19.0,19.0,10.5853658537;1.11097560976;0.842105263158;a5fb6defb1742dce,a5fb6defb1742dce,"[{""factor_count"":19.0,""gadget_mixed_weight"":3618.0,""gadget_mixed_weight_norm"":10.963636363636363,""mixed_auc_greedy"":8190.0,""mixed_auc_greedy_norm"":1.240909090909091,""mixed_auc_original"":5580.0,""mixed_auc_original_norm"":0.8454545454545455,""mixed_excess_norm"":9.963636363636363,""mixed_group_count"":16.0,""mixed_group_count_norm"":0.8421052631578947,""num_block_rows"":1,""num_factor_groups"":19.0,""partition_id"":""balanced_contiguous_k2"",""partition_kind"":""contiguous"",""score_v3_lex"":""9.96363636364;1.24090909091;0.842105263158;a5fb6defb1742dce"",""singleton_bridge_count"":16.0,""singleton_bridge_count_norm"":0.8421052631578947,""stable_factor_hash"":""a5fb6defb1742dce"",""target_mixed_weight"":330.0},{""factor_count"":19.0,""gadget_mixed_weight"":3174.0,""gadget_mixed_weight_norm"":8.966101694915254,""mixed_auc_greedy"":7710.0,""mixed_auc_greedy_norm"":1.0889830508474576,""mixed_auc_original"":5454.0,""mixed_auc_original_norm"":0.7703389830508475,""mixed_excess_norm"":7.966101694915254,""mixed_group_count"":14.0,""mixed_group_count_norm"":0.7368421052631579,""num_block_rows"":1,""num_factor_groups"":19.0,""partition_id"":""semantic_family_k2"",""partition_kind"":""semantic-family"",""score_v3_lex"":""7.96610169492;1.08898305085;0.736842105263;a5fb6defb1742dce"",""singleton_bridge_count"":14.0,""singleton_bridge_count_norm"":0.7368421052631579,""stable_factor_hash"":""a5fb6defb1742dce"",""target_mixed_weight"":354.0},{""factor_count"":19.0,""gadget_mixed_weight"":2850.0,""gadget_mixed_weight_norm"":11.585365853658537,""mixed_auc_greedy"":5466.0,""mixed_auc_greedy_norm"":1.1109756097560977,""mixed_auc_original"":4530.0,""mixed_auc_original_norm"":0.9207317073170732,""mixed_excess_norm"":10.585365853658537,""mixed_group_count"":16.0,""mixed_group_count_norm"":0.8421052631578947,""num_block_rows"":1,""num_factor_groups"":19.0,""partition_id"":""semantic_role_k2"",""partition_kind"":""semantic-role"",""score_v3_lex"":""10.5853658537;1.11097560976;0.842105263158;a5fb6defb1742dce"",""singleton_bridge_count"":16.0,""singleton_bridge_count_norm"":0.8421052631578947,""stable_factor_hash"":""a5fb6defb1742dce"",""target_mixed_weight"":246.0},{""factor_count"":19.0,""gadget_mixed_weight"":3396.0,""gadget_mixed_weight_norm"":11.791666666666666,""mixed_auc_greedy"":7092.0,""mixed_auc_greedy_norm"":1.23125,""mixed_auc_original"":4530.0,""mixed_auc_original_norm"":0.7864583333333334,""mixed_excess_norm"":10.791666666666666,""mixed_group_count"":15.0,""mixed_group_count_norm"":0.7894736842105263,""num_block_rows"":1,""num_factor_groups"":19.0,""partition_id"":""tensor_graph_spectral_k2"",""partition_kind"":""tensor-graph"",""score_v3_lex"":""10.7916666667;1.23125;0.789473684211;a5fb6defb1742dce"",""singleton_bridge_count"":15.0,""singleton_bridge_count_norm"":0.7894736842105263,""stable_factor_hash"":""a5fb6defb1742dce"",""target_mixed_weight"":288.0}]"
vbe_adder_3,vbe_adder_3:combo1,1,ok,ok,,ok,,phase-slack-v1,conservative,0.2,public_resynth_no_gadgets,vbe_adder_3,1,1,0,1,0.0,0,19,10,6.3793814432989695,ok,,3.3195876288659796,6.3793814432989695,2.391752577319588,5.410309278350516,2.3711340206185567,1.4,4.556701030927835,1.4,4.927835051546392,6.898969072164949,ok,,478,14,6692,230,14,3220,19,215,442,14,6188,524,19,505,12,901,180,1,524,1.0,442,1.722753346080306,470,14,6580,496,238,14,3332,224,8,240,0.5188284518828452,2.41,1.4400000000000002,5.55,4.927835051546392,0.2714285714285714,0.5555555555555556,3.536842105263158,19,10,478,672,0.028273809523809524,0.22538552787663108,20,19,1.0,0.02631578947368421,0.5263157894736842,results/public_resynth_tensor_v3_phase_slack_expanded/public_resynth_tensor_v3_phase_slack/vbe_adder_3/structural_combinations/combo1/assembled.qasm,ok,,semantic_role_k2,semantic-role,0.12,246.0,5682.0,23.097560975609756,22.097560975609756,8778.0,1.9823848238482384,6636.0,1.4986449864498645,14.0,0.7368421052631579,15.0,0.8823529411764706,17.0,19.0,22.0975609756;1.49864498645;0.736842105263;d2115842f3ab1494,d2115842f3ab1494,"[{""factor_count"":19.0,""gadget_mixed_weight"":6198.0,""gadget_mixed_weight_norm"":18.78181818181818,""mixed_auc_greedy"":8046.0,""mixed_auc_greedy_norm"":1.3545454545454545,""mixed_auc_original"":10104.0,""mixed_auc_original_norm"":1.701010101010101,""mixed_excess_norm"":17.78181818181818,""mixed_group_count"":15.0,""mixed_group_count_norm"":0.8823529411764706,""num_block_rows"":1,""num_factor_groups"":17.0,""partition_id"":""balanced_contiguous_k2"",""partition_kind"":""contiguous"",""score_v3_lex"":""17.7818181818;1.35454545455;0.736842105263;d2115842f3ab1494"",""singleton_bridge_count"":14.0,""singleton_bridge_count_norm"":0.7368421052631579,""stable_factor_hash"":""d2115842f3ab1494"",""target_mixed_weight"":330.0},{""factor_count"":19.0,""gadget_mixed_weight"":6054.0,""gadget_mixed_weight_norm"":17.10169491525424,""mixed_auc_greedy"":8184.0,""mixed_auc_greedy_norm"":1.2843691148775895,""mixed_auc_original"":9870.0,""mixed_auc_original_norm"":1.548964218455744,""mixed_excess_norm"":16.10169491525424,""mixed_group_count"":15.0,""mixed_group_count_norm"":0.8823529411764706,""num_block_rows"":1,""num_factor_groups"":17.0,""partition_id"":""semantic_family_k2"",""partition_kind"":""semantic-family"",""score_v3_lex"":""16.1016949153;1.28436911488;0.736842105263;d2115842f3ab1494"",""singleton_bridge_count"":14.0,""singleton_bridge_count_norm"":0.7368421052631579,""stable_factor_hash"":""d2115842f3ab1494"",""target_mixed_weight"":354.0},{""factor_count"":19.0,""gadget_mixed_weight"":5682.0,""gadget_mixed_weight_norm"":23.097560975609756,""mixed_auc_greedy"":6636.0,""mixed_auc_greedy_norm"":1.4986449864498645,""mixed_auc_original"":8778.0,""mixed_auc_original_norm"":1.9823848238482384,""mixed_excess_norm"":22.097560975609756,""mixed_group_count"":15.0,""mixed_group_count_norm"":0.8823529411764706,""num_block_rows"":1,""num_factor_groups"":17.0,""partition_id"":""semantic_role_k2"",""partition_kind"":""semantic-role"",""score_v3_lex"":""22.0975609756;1.49864498645;0.736842105263;d2115842f3ab1494"",""singleton_bridge_count"":14.0,""singleton_bridge_count_norm"":0.7368421052631579,""stable_factor_hash"":""d2115842f3ab1494"",""target_mixed_weight"":246.0},{""factor_count"":19.0,""gadget_mixed_weight"":5988.0,""gadget_mixed_weight_norm"":20.791666666666668,""mixed_auc_greedy"":7920.0,""mixed_auc_greedy_norm"":1.5277777777777777,""mixed_auc_original"":9996.0,""mixed_auc_original_norm"":1.9282407407407407,""mixed_excess_norm"":19.791666666666668,""mixed_group_count"":14.0,""mixed_group_count_norm"":0.8235294117647058,""num_block_rows"":1,""num_factor_groups"":17.0,""partition_id"":""tensor_graph_spectral_k2"",""partition_kind"":""tensor-graph"",""score_v3_lex"":""19.7916666667;1.52777777778;0.684210526316;d2115842f3ab1494"",""singleton_bridge_count"":13.0,""singleton_bridge_count_norm"":0.6842105263157895,""stable_factor_hash"":""d2115842f3ab1494"",""target_mixed_weight"":288.0}]"
vbe_adder_3,vbe_adder_3:combo2,2,ok,ok,,ok,,phase-slack-v1,conservative,0.2,public_resynth_no_gadgets,vbe_adder_3,2,1,0,1,0.0,0,19,8,5.022680412371134,ok,,2.063917525773196,5.022680412371134,1.1360824742268043,4.05360824742268,1.4742268041237114,1.4,3.5876288659793816,1.4,3.865979381443299,5.412371134020619,ok,,375,14,5250,143,14,2002,19,144,348,14,4872,430,19,411,12,736,136,1,430,1.0,348,1.7156177156177157,365,14,5110,400,153,14,2142,155,10,222,0.6186666666666667,1.6,0.6300000000000001,4.29,3.865979381443299,0.2714285714285714,0.4444444444444444,2.8157894736842106,19,8,375,535,0.03551401869158879,0.26912181303116145,20,19,1.0,0.07894736842105263,0.42105263157894735,results/public_resynth_tensor_v3_phase_slack_expanded/public_resynth_tensor_v3_phase_slack/vbe_adder_3/structural_combinations/combo2/assembled.qasm,ok,,semantic_role_k2,semantic-role,0.12,246.0,1782.0,7.2439024390243905,6.2439024390243905,3240.0,0.7317073170731707,4002.0,0.9037940379403794,14.0,0.7368421052631579,15.0,0.8823529411764706,17.0,19.0,6.24390243902;0.90379403794;0.736842105263;af45eaf07d52885c,af45eaf07d52885c,"[{""factor_count"":19.0,""gadget_mixed_weight"":2046.0,""gadget_mixed_weight_norm"":6.2,""mixed_auc_greedy"":5004.0,""mixed_auc_greedy_norm"":0.8424242424242424,""mixed_auc_original"":3528.0,""mixed_auc_original_norm"":0.593939393939394,""mixed_excess_norm"":5.2,""mixed_group_count"":15.0,""mixed_group_count_norm"":0.8823529411764706,""num_block_rows"":1,""num_factor_groups"":17.0,""partition_id"":""balanced_contiguous_k2"",""partition_kind"":""contiguous"",""score_v3_lex"":""5.2;0.842424242424;0.736842105263;af45eaf07d52885c"",""singleton_bridge_count"":14.0,""singleton_bridge_count_norm"":0.7368421052631579,""stable_factor_hash"":""af45eaf07d52885c"",""target_mixed_weight"":330.0},{""factor_count"":19.0,""gadget_mixed_weight"":2034.0,""gadget_mixed_weight_norm"":5.745762711864407,""mixed_auc_greedy"":5442.0,""mixed_auc_greedy_norm"":0.8540489642184558,""mixed_auc_original"":4272.0,""mixed_auc_original_norm"":0.6704331450094162,""mixed_excess_norm"":4.745762711864407,""mixed_group_count"":13.0,""mixed_group_count_norm"":0.7647058823529411,""num_block_rows"":1,""num_factor_groups"":17.0,""partition_id"":""semantic_family_k2"",""partition_kind"":""semantic-family"",""score_v3_lex"":""4.74576271186;0.854048964218;0.631578947368;af45eaf07d52885c"",""singleton_bridge_count"":12.0,""singleton_bridge_count_norm"":0.631578947368421,""stable_factor_hash"":""af45eaf07d52885c"",""target_mixed_weight"":354.0},{""factor_count"":19.0,""gadget_mixed_weight"":1782.0,""gadget_mixed_weight_norm"":7.2439024390243905,""mixed_auc_greedy"":4002.0,""mixed_auc_greedy_norm"":0.9037940379403794,""mixed_auc_original"":3240.0,""mixed_auc_original_norm"":0.7317073170731707,""mixed_excess_norm"":6.2439024390243905,""mixed_group_count"":15.0,""mixed_group_count_norm"":0.8823529411764706,""num_block_rows"":1,""num_factor_groups"":17.0,""partition_id"":""semantic_role_k2"",""partition_kind"":""semantic-role"",""score_v3_lex"":""6.24390243902;0.90379403794;0.736842105263;af45eaf07d52885c"",""singleton_bridge_count"":14.0,""singleton_bridge_count_norm"":0.7368421052631579,""stable_factor_hash"":""af45eaf07d52885c"",""target_mixed_weight"":246.0},{""factor_count"":19.0,""gadget_mixed_weight"":2076.0,""gadget_mixed_weight_norm"":7.208333333333333,""mixed_auc_greedy"":5280.0,""mixed_auc_greedy_norm"":1.0185185185185186,""mixed_auc_original"":3390.0,""mixed_auc_original_norm"":0.6539351851851852,""mixed_excess_norm"":6.208333333333333,""mixed_group_count"":14.0,""mixed_group_count_norm"":0.8235294117647058,""num_block_rows"":1,""num_factor_groups"":17.0,""partition_id"":""tensor_graph_spectral_k2"",""partition_kind"":""tensor-graph"",""score_v3_lex"":""6.20833333333;1.01851851852;0.684210526316;af45eaf07d52885c"",""singleton_bridge_count"":13.0,""singleton_bridge_count_norm"":0.6842105263157895,""stable_factor_hash"":""af45eaf07d52885c"",""target_mixed_weight"":288.0}]"
vbe_adder_3,vbe_adder_3:combo3,3,ok,ok,,ok,,phase-slack-v1,conservative,0.2,public_resynth_no_gadgets,vbe_adder_3,3,1,0,1,0.0,0,19,8,5.325773195876288,ok,,2.424742268041237,5.325773195876288,1.4969072164948451,4.356701030927835,1.731958762886598,1.4,3.804123711340206,1.4,4.103092783505154,5.7443298969072165,ok,,398,14,5572,168,14,2352,19,168,369,14,5166,450,19,431,14,782,128,1,450,1.0,369,1.7416481069042316,390,14,5460,422,176,14,2464,177,8,222,0.5778894472361809,1.88,0.9099999999999999,4.47,4.103092783505154,0.2714285714285714,0.4444444444444444,2.873684210526316,19,8,398,546,0.0347985347985348,0.2649930264993027,20,19,1.0,0.02631578947368421,0.42105263157894735,results/public_resynth_tensor_v3_phase_slack_expanded/public_resynth_tensor_v3_phase_slack/vbe_adder_3/structural_combinations/combo3/assembled.qasm,ok,,semantic_role_k2,semantic-role,0.12,246.0,3162.0,12.853658536585366,11.853658536585366,7848.0,1.5951219512195123,5958.0,1.2109756097560975,16.0,0.8421052631578947,16.0,0.8421052631578947,19.0,19.0,11.8536585366;1.21097560976;0.842105263158;45e16f934c555dc6,45e16f934c555dc6,"[{""factor_count"":19.0,""gadget_mixed_weight"":3018.0,""gadget_mixed_weight_norm"":9.145454545454545,""mixed_auc_greedy"":6294.0,""mixed_auc_greedy_norm"":0.9536363636363636,""mixed_auc_original"":7794.0,""mixed_auc_original_norm"":1.180909090909091,""mixed_excess_norm"":8.145454545454545,""mixed_group_count"":16.0,""mixed_group_count_norm"":0.8421052631578947,""num_block_rows"":1,""num_factor_groups"":19.0,""partition_id"":""balanced_contiguous_k2"",""partition_kind"":""contiguous"",""score_v3_lex"":""8.14545454545;0.953636363636;0.842105263158;45e16f934c555dc6"",""singleton_bridge_count"":16.0,""singleton_bridge_count_norm"":0.8421052631578947,""stable_factor_hash"":""45e16f934c555dc6"",""target_mixed_weight"":330.0},{""factor_count"":19.0,""gadget_mixed_weight"":2466.0,""gadget_mixed_weight_norm"":6.966101694915254,""mixed_auc_greedy"":5820.0,""mixed_auc_greedy_norm"":0.8220338983050848,""mixed_auc_original"":6450.0,""mixed_auc_original_norm"":0.9110169491525424,""mixed_excess_norm"":5.966101694915254,""mixed_group_count"":16.0,""mixed_group_count_norm"":0.8421052631578947,""num_block_rows"":1,""num_factor_groups"":19.0,""partition_id"":""semantic_family_k2"",""partition_kind"":""semantic-family"",""score_v3_lex"":""5.96610169492;0.822033898305;0.842105263158;45e16f934c555dc6"",""singleton_bridge_count"":16.0,""singleton_bridge_count_norm"":0.8421052631578947,""stable_factor_hash"":""45e16f934c555dc6"",""target_mixed_weight"":354.0},{""factor_count"":19.0,""gadget_mixed_weight"":3162.0,""gadget_mixed_weight_norm"":12.853658536585366,""mixed_auc_greedy"":5958.0,""mixed_auc_greedy_norm"":1.2109756097560975,""mixed_auc_original"":7848.0,""mixed_auc_original_norm"":1.5951219512195123,""mixed_excess_norm"":11.853658536585366,""mixed_group_count"":16.0,""mixed_group_count_norm"":0.8421052631578947,""num_block_rows"":1,""num_factor_groups"":19.0,""partition_id"":""semantic_role_k2"",""partition_kind"":""semantic-role"",""score_v3_lex"":""11.8536585366;1.21097560976;0.842105263158;45e16f934c555dc6"",""singleton_bridge_count"":16.0,""singleton_bridge_count_norm"":0.8421052631578947,""stable_factor_hash"":""45e16f934c555dc6"",""target_mixed_weight"":246.0},{""factor_count"":19.0,""gadget_mixed_weight"":3024.0,""gadget_mixed_weight_norm"":10.5,""mixed_auc_greedy"":5880.0,""mixed_auc_greedy_norm"":1.0208333333333333,""mixed_auc_original"":7740.0,""mixed_auc_original_norm"":1.34375,""mixed_excess_norm"":9.5,""mixed_group_count"":15.0,""mixed_group_count_norm"":0.7894736842105263,""num_block_rows"":1,""num_factor_groups"":19.0,""partition_id"":""tensor_graph_spectral_k2"",""partition_kind"":""tensor-graph"",""score_v3_lex"":""9.5;1.02083333333;0.789473684211;45e16f934c555dc6"",""singleton_bridge_count"":15.0,""singleton_bridge_count_norm"":0.7894736842105263,""stable_factor_hash"":""45e16f934c555dc6"",""target_mixed_weight"":288.0}]"
vbe_adder_3,vbe_adder_3:combo4,4,ok,ok,,ok,,phase-slack-v1,conservative,0.2,public_resynth_no_gadgets,vbe_adder_3,4,1,0,1,0.0,0,19,8,5.903092783505155,ok,,2.9587628865979383,5.903092783505155,2.0309278350515463,4.934020618556701,2.11340206185567,1.4,4.216494845360825,1.4,4.494845360824742,6.292783505154639,ok,,436,14,6104,205,14,2870,19,198,409,14,5726,481,19,462,18,842,128,1,481,1.0,409,1.7541666666666667,429,14,6006,454,212,14,2968,206,7,224,0.5298165137614679,2.12,1.1500000000000001,4.79,4.494845360824742,0.2714285714285714,0.4444444444444444,3.0473684210526315,19,8,436,579,0.03281519861830743,0.25333333333333335,20,19,1.0,0.07894736842105263,0.42105263157894735,results/public_resynth_tensor_v3_phase_slack_expanded/public_resynth_tensor_v3_phase_slack/vbe_adder_3/structural_combinations/combo4/assembled.qasm,ok,,semantic_role_k2,semantic-role,0.12,246.0,4926.0,20.024390243902438,19.024390243902438,7380.0,1.5,6246.0,1.2695121951219512,18.0,0.9473684210526315,18.0,0.9473684210526315,19.0,19.0,19.0243902439;1.26951219512;0.947368421053;8dc307ce720bbdcd,8dc307ce720bbdcd,"[{""factor_count"":19.0,""gadget_mixed_weight"":5418.0,""gadget_mixed_weight_norm"":16.418181818181818,""mixed_auc_greedy"":7350.0,""mixed_auc_greedy_norm"":1.1136363636363635,""mixed_auc_original"":8718.0,""mixed_auc_original_norm"":1.3209090909090908,""mixed_excess_norm"":15.418181818181818,""mixed_group_count"":18.0,""mixed_group_count_norm"":0.9473684210526315,""num_block_rows"":1,""num_factor_groups"":19.0,""partition_id"":""balanced_contiguous_k2"",""partition_kind"":""contiguous"",""score_v3_lex"":""15.4181818182;1.11363636364;0.947368421053;8dc307ce720bbdcd"",""singleton_bridge_count"":18.0,""singleton_bridge_count_norm"":0.9473684210526315,""stable_factor_hash"":""8dc307ce720bbdcd"",""target_mixed_weight"":330.0},{""factor_count"":19.0,""gadget_mixed_weight"":4806.0,""gadget_mixed_weight_norm"":13.576271186440678,""mixed_auc_greedy"":8526.0,""mixed_auc_greedy_norm"":1.2042372881355932,""mixed_auc_original"":8388.0,""mixed_auc_original_norm"":1.1847457627118645,""mixed_excess_norm"":12.576271186440678,""mixed_group_count"":14.0,""mixed_group_count_norm"":0.7368421052631579,""num_block_rows"":1,""num_factor_groups"":19.0,""partition_id"":""semantic_family_k2"",""partition_kind"":""semantic-family"",""score_v3_lex"":""12.5762711864;1.20423728814;0.736842105263;8dc307ce720bbdcd"",""singleton_bridge_count"":14.0,""singleton_bridge_count_norm"":0.7368421052631579,""stable_factor_hash"":""8dc307ce720bbdcd"",""target_mixed_weight"":354.0},{""factor_count"":19.0,""gadget_mixed_weight"":4926.0,""gadget_mixed_weight_norm"":20.024390243902438,""mixed_auc_greedy"":6246.0,""mixed_auc_greedy_norm"":1.2695121951219512,""mixed_auc_original"":7380.0,""mixed_auc_original_norm"":1.5,""mixed_excess_norm"":19.024390243902438,""mixed_group_count"":18.0,""mixed_group_count_norm"":0.9473684210526315,""num_block_rows"":1,""num_factor_groups"":19.0,""partition_id"":""semantic_role_k2"",""partition_kind"":""semantic-role"",""score_v3_lex"":""19.0243902439;1.26951219512;0.947368421053;8dc307ce720bbdcd"",""singleton_bridge_count"":18.0,""singleton_bridge_count_norm"":0.9473684210526315,""stable_factor_hash"":""8dc307ce720bbdcd"",""target_mixed_weight"":246.0},{""factor_count"":19.0,""gadget_mixed_weight"":5196.0,""gadget_mixed_weight_norm"":18.041666666666668,""mixed_auc_greedy"":6450.0,""mixed_auc_greedy_norm"":1.1197916666666667,""mixed_auc_original"":8316.0,""mixed_auc_original_norm"":1.44375,""mixed_excess_norm"":17.041666666666668,""mixed_group_count"":19.0,""mixed_group_count_norm"":1.0,""num_block_rows"":1,""num_factor_groups"":19.0,""partition_id"":""tensor_graph_spectral_k2"",""partition_kind"":""tensor-graph"",""score_v3_lex"":""17.0416666667;1.11979166667;1;8dc307ce720bbdcd"",""singleton_bridge_count"":19.0,""singleton_bridge_count_norm"":1.0,""stable_factor_hash"":""8dc307ce720bbdcd"",""target_mixed_weight"":288.0}]"
vbe_adder_3,vbe_adder_3:combo5,5,ok,ok,,ok,,phase-slack-v1,conservative,0.2,public_resynth_no_gadgets,vbe_adder_3,5,1,0,1,0.0,0,19,10,5.008247422680412,ok,,2.107216494845361,5.008247422680412,1.179381443298969,4.039175257731959,1.5051546391752577,1.4,3.577319587628866,1.4,3.845360824742268,5.383505154639176,ok,,373,14,5222,146,14,2044,19,141,347,14,4858,427,19,408,18,732,130,1,427,1.0,347,1.7183098591549295,368,14,5152,399,151,14,2114,150,5,227,0.6219839142091153,1.58,0.6100000000000001,4.25,3.845360824742268,0.2714285714285714,0.5555555555555556,2.7736842105263158,19,10,373,527,0.036053130929791274,0.2722063037249284,20,19,1.0,0.05263157894736842,0.5263157894736842,results/public_resynth_tensor_v3_phase_slack_expanded/public_resynth_tensor_v3_phase_slack/vbe_adder_3/structural_combinations/combo5/assembled.qasm,ok,,semantic_role_k2,semantic-role,0.12,246.0,1914.0,7.780487804878049,6.780487804878049,6150.0,1.3888888888888888,3540.0,0.7994579945799458,15.0,0.7894736842105263,16.0,0.9411764705882353,17.0,19.0,6.78048780488;0.79945799458;0.789473684211;af44ae0f579ed2b0,af44ae0f579ed2b0,"[{""factor_count"":19.0,""gadget_mixed_weight"":2082.0,""gadget_mixed_weight_norm"":6.3090909090909095,""mixed_auc_greedy"":4656.0,""mixed_auc_greedy_norm"":0.7838383838383839,""mixed_auc_original"":6936.0,""mixed_auc_original_norm"":1.1676767676767676,""mixed_excess_norm"":5.3090909090909095,""mixed_group_count"":16.0,""mixed_group_count_norm"":0.9411764705882353,""num_block_rows"":1,""num_factor_groups"":17.0,""partition_id"":""balanced_contiguous_k2"",""partition_kind"":""contiguous"",""score_v3_lex"":""5.30909090909;0.783838383838;0.789473684211;af44ae0f579ed2b0"",""singleton_bridge_count"":15.0,""singleton_bridge_count_norm"":0.7894736842105263,""stable_factor_hash"":""af44ae0f579ed2b0"",""target_mixed_weight"":330.0},{""factor_count"":19.0,""gadget_mixed_weight"":1926.0,""gadget_mixed_weight_norm"":5.440677966101695,""mixed_auc_greedy"":4176.0,""mixed_auc_greedy_norm"":0.655367231638418,""mixed_auc_original"":6042.0,""mixed_auc_original_norm"":0.948210922787194,""mixed_excess_norm"":4.440677966101695,""mixed_group_count"":17.0,""mixed_group_count_norm"":1.0,""num_block_rows"":1,""num_factor_groups"":17.0,""partition_id"":""semantic_family_k2"",""partition_kind"":""semantic-family"",""score_v3_lex"":""4.4406779661;0.655367231638;0.842105263158;af44ae0f579ed2b0"",""singleton_bridge_count"":16.0,""singleton_bridge_count_norm"":0.8421052631578947,""stable_factor_hash"":""af44ae0f579ed2b0"",""target_mixed_weight"":354.0},{""factor_count"":19.0,""gadget_mixed_weight"":1914.0,""gadget_mixed_weight_norm"":7.780487804878049,""mixed_auc_greedy"":3540.0,""mixed_auc_greedy_norm"":0.7994579945799458,""mixed_auc_original"":6150.0,""mixed_auc_original_norm"":1.3888888888888888,""mixed_excess_norm"":6.780487804878049,""mixed_group_count"":16.0,""mixed_group_count_norm"":0.9411764705882353,""num_block_rows"":1,""num_factor_groups"":17.0,""partition_id"":""semantic_role_k2"",""partition_kind"":""semantic-role"",""score_v3_lex"":""6.78048780488;0.79945799458;0.789473684211;af44ae0f579ed2b0"",""singleton_bridge_count"":15.0,""singleton_bridge_count_norm"":0.7894736842105263,""stable_factor_hash"":""af44ae0f579ed2b0"",""target_mixed_weight"":246.0},{""factor_count"":19.0,""gadget_mixed_weight"":1848.0,""gadget_mixed_weight_norm"":6.416666666666667,""mixed_auc_greedy"":3270.0,""mixed_auc_greedy_norm"":0.6307870370370371,""mixed_auc_original"":5922.0,""mixed_auc_original_norm"":1.1423611111111112,""mixed_excess_norm"":5.416666666666667,""mixed_group_count"":13.0,""mixed_group_count_norm"":0.7647058823529411,""num_block_rows"":1,""num_factor_groups"":17.0,""partition_id"":""tensor_graph_spectral_k2"",""partition_kind"":""tensor-graph"",""score_v3_lex"":""5.41666666667;0.630787037037;0.631578947368;af44ae0f579ed2b0"",""singleton_bridge_count"":12.0,""singleton_bridge_count_norm"":0.631578947368421,""stable_factor_hash"":""af44ae0f579ed2b0"",""target_mixed_weight"":288.0}]"
vbe_adder_3,vbe_adder_3:combo6,6,ok,ok,,ok,,phase-slack-v1,conservative,0.2,public_resynth_no_gadgets,vbe_adder_3,6,1,0,1,0.0,0,19,8,5.397938144329897,ok,,2.381443298969072,5.397938144329897,1.4536082474226804,4.4288659793814436,1.7010309278350515,1.4,3.8556701030927836,1.4,4.164948453608248,5.830927835051546,ok,,404,14,5656,165,14,2310,19,160,374,14,5236,453,19,434,11,785,136,1,453,1.0,374,1.7367256637168142,396,14,5544,425,173,14,2422,169,8,231,0.5915841584158416,1.86,0.8900000000000001,4.64,4.164948453608248,0.2714285714285714,0.4444444444444444,2.942105263157895,19,8,404,559,0.03398926654740608,0.2602739726027397,20,19,1.0,0.02631578947368421,0.42105263157894735,results/public_resynth_tensor_v3_phase_slack_expanded/public_resynth_tensor_v3_phase_slack/vbe_adder_3/structural_combinations/combo6/assembled.qasm,ok,,semantic_role_k2,semantic-role,0.12,246.0,3234.0,13.146341463414634,12.146341463414634,9126.0,1.854878048780488,6480.0,1.3170731707317074,16.0,0.8421052631578947,16.0,0.8421052631578947,19.0,19.0,12.1463414634;1.31707317073;0.842105263158;4d936630eeefc228,4d936630eeefc228,"[{""factor_count"":19.0,""gadget_mixed_weight"":3042.0,""gadget_mixed_weight_norm"":9.218181818181819,""mixed_auc_greedy"":6672.0,""mixed_auc_greedy_norm"":1.010909090909091,""mixed_auc_original"":9906.0,""mixed_auc_original_norm"":1.500909090909091,""mixed_excess_norm"":8.218181818181819,""mixed_group_count"":16.0,""mixed_group_count_norm"":0.8421052631578947,""num_block_rows"":1,""num_factor_groups"":19.0,""partition_id"":""balanced_contiguous_k2"",""partition_kind"":""contiguous"",""score_v3_lex"":""8.21818181818;1.01090909091;0.842105263158;4d936630eeefc228"",""singleton_bridge_count"":16.0,""singleton_bridge_count_norm"":0.8421052631578947,""stable_factor_hash"":""4d936630eeefc228"",""target_mixed_weight"":330.0},{""factor_count"":19.0,""gadget_mixed_weight"":2466.0,""gadget_mixed_weight_norm"":6.966101694915254,""mixed_auc_greedy"":6204.0,""mixed_auc_greedy_norm"":0.8762711864406779,""mixed_auc_original"":7812.0,""mixed_auc_original_norm"":1.1033898305084746,""mixed_excess_norm"":5.966101694915254,""mixed_group_count"":16.0,""mixed_group_count_norm"":0.8421052631578947,""num_block_rows"":1,""num_factor_groups"":19.0,""partition_id"":""semantic_family_k2"",""partition_kind"":""semantic-family"",""score_v3_lex"":""5.96610169492;0.876271186441;0.842105263158;4d936630eeefc228"",""singleton_bridge_count"":16.0,""singleton_bridge_count_norm"":0.8421052631578947,""stable_factor_hash"":""4d936630eeefc228"",""target_mixed_weight"":354.0},{""factor_count"":19.0,""gadget_mixed_weight"":3234.0,""gadget_mixed_weight_norm"":13.146341463414634,""mixed_auc_greedy"":6480.0,""mixed_auc_greedy_norm"":1.3170731707317074,""mixed_auc_original"":9126.0,""mixed_auc_original_norm"":1.854878048780488,""mixed_excess_norm"":12.146341463414634,""mixed_group_count"":16.0,""mixed_group_count_norm"":0.8421052631578947,""num_block_rows"":1,""num_factor_groups"":19.0,""partition_id"":""semantic_role_k2"",""partition_kind"":""semantic-role"",""score_v3_lex"":""12.1463414634;1.31707317073;0.842105263158;4d936630eeefc228"",""singleton_bridge_count"":16.0,""singleton_bridge_count_norm"":0.8421052631578947,""stable_factor_hash"":""4d936630eeefc228"",""target_mixed_weight"":246.0},{""factor_count"":19.0,""gadget_mixed_weight"":2952.0,""gadget_mixed_weight_norm"":10.25,""mixed_auc_greedy"":6612.0,""mixed_auc_greedy_norm"":1.1479166666666667,""mixed_auc_original"":9432.0,""mixed_auc_original_norm"":1.6375,""mixed_excess_norm"":9.25,""mixed_group_count"":15.0,""mixed_group_count_norm"":0.7894736842105263,""num_block_rows"":1,""num_factor_groups"":19.0,""partition_id"":""tensor_graph_spectral_k2"",""partition_kind"":""tensor-graph"",""score_v3_lex"":""9.25;1.14791666667;0.789473684211;4d936630eeefc228"",""singleton_bridge_count"":15.0,""singleton_bridge_count_norm"":0.7894736842105263,""stable_factor_hash"":""4d936630eeefc228"",""target_mixed_weight"":288.0}]"
vbe_adder_3,vbe_adder_3:combo7,7,ok,ok,,ok,,phase-slack-v1,conservative,0.2,public_resynth_no_gadgets,vbe_adder_3,7,1,0,1,0.0,0,19,10,5.455670103092784,ok,,2.511340206185567,5.455670103092784,1.5835051546391752,4.48659793814433,1.7938144329896908,1.4,3.8969072164948453,1.4,4.134020618556701,5.787628865979381,ok,,401,14,5614,174,14,2436,19,170,378,14,5292,442,19,423,13,779,98,1,442,1.0,378,1.7664399092970522,394,14,5516,415,181,14,2534,178,7,220,0.5660847880299252,1.93,0.96,4.39,4.134020618556701,0.2714285714285714,0.5555555555555556,2.7,19,10,401,513,0.037037037037037035,0.2777777777777778,20,19,1.0,0.07894736842105263,0.5263157894736842,results/public_resynth_tensor_v3_phase_slack_expanded/public_resynth_tensor_v3_phase_slack/vbe_adder_3/structural_combinations/combo7/assembled.qasm,ok,,semantic_role_k2,semantic-role,0.12,246.0,2058.0,8.365853658536585,7.365853658536586,4380.0,0.8902439024390244,3408.0,0.6926829268292682,18.0,0.9473684210526315,18.0,0.9473684210526315,19.0,19.0,7.36585365854;0.692682926829;0.947368421053;a3b9879b23a9496b,a3b9879b23a9496b,"[{""factor_count"":19.0,""gadget_mixed_weight"":2718.0,""gadget_mixed_weight_norm"":8.236363636363636,""mixed_auc_greedy"":4656.0,""mixed_auc_greedy_norm"":0.7054545454545454,""mixed_auc_original"":6024.0,""mixed_auc_original_norm"":0.9127272727272727,""mixed_excess_norm"":7.236363636363636,""mixed_group_count"":18.0,""mixed_group_count_norm"":0.9473684210526315,""num_block_rows"":1,""num_factor_groups"":19.0,""partition_id"":""balanced_contiguous_k2"",""partition_kind"":""contiguous"",""score_v3_lex"":""7.23636363636;0.705454545455;0.947368421053;a3b9879b23a9496b"",""singleton_bridge_count"":18.0,""singleton_bridge_count_norm"":0.9473684210526315,""stable_factor_hash"":""a3b9879b23a9496b"",""target_mixed_weight"":330.0},{""factor_count"":19.0,""gadget_mixed_weight"":3018.0,""gadget_mixed_weight_norm"":8.525423728813559,""mixed_auc_greedy"":4716.0,""mixed_auc_greedy_norm"":0.6661016949152543,""mixed_auc_original"":6810.0,""mixed_auc_original_norm"":0.961864406779661,""mixed_excess_norm"":7.52542372881356,""mixed_group_count"":18.0,""mixed_group_count_norm"":0.9473684210526315,""num_block_rows"":1,""num_factor_groups"":19.0,""partition_id"":""semantic_family_k2"",""partition_kind"":""semantic-family"",""score_v3_lex"":""7.52542372881;0.666101694915;0.947368421053;a3b9879b23a9496b"",""singleton_bridge_count"":18.0,""singleton_bridge_count_norm"":0.9473684210526315,""stable_factor_hash"":""a3b9879b23a9496b"",""target_mixed_weight"":354.0},{""factor_count"":19.0,""gadget_mixed_weight"":2058.0,""gadget_mixed_weight_norm"":8.365853658536585,""mixed_auc_greedy"":3408.0,""mixed_auc_greedy_norm"":0.6926829268292682,""mixed_auc_original"":4380.0,""mixed_auc_original_norm"":0.8902439024390244,""mixed_excess_norm"":7.365853658536586,""mixed_group_count"":18.0,""mixed_group_count_norm"":0.9473684210526315,""num_block_rows"":1,""num_factor_groups"":19.0,""partition_id"":""semantic_role_k2"",""partition_kind"":""semantic-role"",""score_v3_lex"":""7.36585365854;0.692682926829;0.947368421053;a3b9879b23a9496b"",""singleton_bridge_count"":18.0,""singleton_bridge_count_norm"":0.9473684210526315,""stable_factor_hash"":""a3b9879b23a9496b"",""target_mixed_weight"":246.0},{""factor_count"":19.0,""gadget_mixed_weight"":2640.0,""gadget_mixed_weight_norm"":9.166666666666666,""mixed_auc_greedy"":4878.0,""mixed_auc_greedy_norm"":0.846875,""mixed_auc_original"":5424.0,""mixed_auc_original_norm"":0.9416666666666667,""mixed_excess_norm"":8.166666666666666,""mixed_group_count"":19.0,""mixed_group_count_norm"":1.0,""num_block_rows"":1,""num_factor_groups"":19.0,""partition_id"":""tensor_graph_spectral_k2"",""partition_kind"":""tensor-graph"",""score_v3_lex"":""8.16666666667;0.846875;1;a3b9879b23a9496b"",""singleton_bridge_count"":19.0,""singleton_bridge_count_norm"":1.0,""stable_factor_hash"":""a3b9879b23a9496b"",""target_mixed_weight"":288.0}]"
vbe_adder_3,vbe_adder_3:combo8,8,ok,ok,,ok,,phase-slack-v1,conservative,0.2,public_resynth_no_gadgets,vbe_adder_3,8,1,0,1,0.0,0,19,10,6.061855670103093,ok,,3.0597938144329895,6.061855670103093,2.1319587628865975,5.092783505154639,2.185567010309278,1.4,4.329896907216495,1.4,4.608247422680412,6.4515463917525775,ok,,447,14,6258,212,14,2968,19,194,420,14,5880,475,19,456,14,833,124,1,475,1.0,420,1.7573839662447257,440,14,6160,448,219,14,3066,202,7,228,0.5257270693512305,2.19,1.22,4.79,4.608247422680412,0.2714285714285714,0.5555555555555556,2.9894736842105263,19,10,447,568,0.03345070422535211,0.2571041948579161,20,19,1.0,0.02631578947368421,0.5263157894736842,results/public_resynth_tensor_v3_phase_slack_expanded/public_resynth_tensor_v3_phase_slack/vbe_adder_3/structural_combinations/combo8/assembled.qasm,ok,,semantic_role_k2,semantic-role,0.12,246.0,4230.0,17.195121951219512,16.195121951219512,10398.0,2.1134146341463413,6954.0,1.4134146341463414,16.0,0.8421052631578947,16.0,0.8421052631578947,19.0,19.0,16.1951219512;1.41341463415;0.842105263158;07465c7d15444fda,07465c7d15444fda,"[{""factor_count"":19.0,""gadget_mixed_weight"":4758.0,""gadget_mixed_weight_norm"":14.418181818181818,""mixed_auc_greedy"":8418.0,""mixed_auc_greedy_norm"":1.2754545454545454,""mixed_auc_original"":13032.0,""mixed_auc_original_norm"":1.9745454545454546,""mixed_excess_norm"":13.418181818181818,""mixed_group_count"":16.0,""mixed_group_count_norm"":0.8421052631578947,""num_block_rows"":1,""num_factor_groups"":19.0,""partition_id"":""balanced_contiguous_k2"",""partition_kind"":""contiguous"",""score_v3_lex"":""13.4181818182;1.27545454545;0.842105263158;07465c7d15444fda"",""singleton_bridge_count"":16.0,""singleton_bridge_count_norm"":0.8421052631578947,""stable_factor_hash"":""07465c7d15444fda"",""target_mixed_weight"":330.0},{""factor_count"":19.0,""gadget_mixed_weight"":4446.0,""gadget_mixed_weight_norm"":12.559322033898304,""mixed_auc_greedy"":8766.0,""mixed_auc_greedy_norm"":1.238135593220339,""mixed_auc_original"":11166.0,""mixed_auc_original_norm"":1.5771186440677967,""mixed_excess_norm"":11.559322033898304,""mixed_group_count"":16.0,""mixed_group_count_norm"":0.8421052631578947,""num_block_rows"":1,""num_factor_groups"":19.0,""partition_id"":""semantic_family_k2"",""partition_kind"":""semantic-family"",""score_v3_lex"":""11.5593220339;1.23813559322;0.842105263158;07465c7d15444fda"",""singleton_bridge_count"":16.0,""singleton_bridge_count_norm"":0.8421052631578947,""stable_factor_hash"":""07465c7d15444fda"",""target_mixed_weight"":354.0},{""factor_count"":19.0,""gadget_mixed_weight"":4230.0,""gadget_mixed_weight_norm"":17.195121951219512,""mixed_auc_greedy"":6954.0,""mixed_auc_greedy_norm"":1.4134146341463414,""mixed_auc_original"":10398.0,""mixed_auc_original_norm"":2.1134146341463413,""mixed_excess_norm"":16.195121951219512,""mixed_group_count"":16.0,""mixed_group_count_norm"":0.8421052631578947,""num_block_rows"":1,""num_factor_groups"":19.0,""partition_id"":""semantic_role_k2"",""partition_kind"":""semantic-role"",""score_v3_lex"":""16.1951219512;1.41341463415;0.842105263158;07465c7d15444fda"",""singleton_bridge_count"":16.0,""singleton_bridge_count_norm"":0.8421052631578947,""stable_factor_hash"":""07465c7d15444fda"",""target_mixed_weight"":246.0},{""factor_count"":19.0,""gadget_mixed_weight"":4548.0,""gadget_mixed_weight_norm"":15.791666666666666,""mixed_auc_greedy"":8760.0,""mixed_auc_greedy_norm"":1.5208333333333333,""mixed_auc_original"":12870.0,""mixed_auc_original_norm"":2.234375,""mixed_excess_norm"":14.791666666666666,""mixed_group_count"":15.0,""mixed_group_count_norm"":0.7894736842105263,""num_block_rows"":1,""num_factor_groups"":19.0,""partition_id"":""tensor_graph_spectral_k2"",""partition_kind"":""tensor-graph"",""score_v3_lex"":""14.7916666667;1.52083333333;0.789473684211;07465c7d15444fda"",""singleton_bridge_count"":15.0,""singleton_bridge_count_norm"":0.7894736842105263,""stable_factor_hash"":""07465c7d15444fda"",""target_mixed_weight"":288.0}]"
vbe_adder_3,vbe_adder_3:combo9,9,ok,ok,,ok,,phase-slack-v1,conservative,0.2,public_resynth_gadgets,vbe_adder_3,0,1,1,0,1.0,1,21,7,4.301030927835051,ok,,1.1835051546391753,4.301030927835051,0.2556701030927835,3.3319587628865976,0.845360824742268,1.4,3.0721649484536084,1.4,3.329896907216495,4.661855670103093,ok,,323,14,4522,82,14,1148,21,80,298,14,4172,409,21,362,10,692,90,1,409,1.0,298,1.696078431372549,304,14,4256,333,101,14,1414,110,19,222,0.7461300309597523,1.37,0.40000000000000013,3.86,3.329896907216495,0.3,0.3888888888888889,2.5105263157894737,21,7,323,477,0.0440251572327044,0.3153153153153153,16,15,1.4,0.3,0.3333333333333333,results/public_resynth_tensor_v3_phase_slack_expanded/public_resynth_tensor_v3_phase_slack/vbe_adder_3/structural_combinations/combo9/assembled.qasm,ok,,semantic_role_k2,semantic-role,0.12,246.0,246.0,1.0,0.0,630.0,0.6402439024390244,354.0,0.3597560975609756,0.0,0.0,3.0,1.0,3.0,21.0,0;0.359756097561;0;a372b1edf7cc1c61,a372b1edf7cc1c61,"[{""factor_count"":21.0,""gadget_mixed_weight"":330.0,""gadget_mixed_weight_norm"":1.0,""mixed_auc_greedy"":510.0,""mixed_auc_greedy_norm"":0.38636363636363635,""mixed_auc_original"":810.0,""mixed_auc_original_norm"":0.6136363636363636,""mixed_excess_norm"":0.0,""mixed_group_count"":3.0,""mixed_group_count_norm"":1.0,""num_block_rows"":1,""num_factor_groups"":3.0,""partition_id"":""balanced_contiguous_k2"",""partition_kind"":""contiguous"",""score_v3_lex"":""0;0.386363636364;0;a372b1edf7cc1c61"",""singleton_bridge_count"":0.0,""singleton_bridge_count_norm"":0.0,""stable_factor_hash"":""a372b1edf7cc1c61"",""target_mixed_weight"":330.0},{""factor_count"":21.0,""gadget_mixed_weight"":354.0,""gadget_mixed_weight_norm"":1.0,""mixed_auc_greedy"":546.0,""mixed_auc_greedy_norm"":0.3855932203389831,""mixed_auc_original"":870.0,""mixed_auc_original_norm"":0.614406779661017,""mixed_excess_norm"":0.0,""mixed_group_count"":3.0,""mixed_group_count_norm"":1.0,""num_block_rows"":1,""num_factor_groups"":3.0,""partition_id"":""semantic_family_k2"",""partition_kind"":""semantic-family"",""score_v3_lex"":""0;0.385593220339;0;a372b1edf7cc1c61"",""singleton_bridge_count"":0.0,""singleton_bridge_count_norm"":0.0,""stable_factor_hash"":""a372b1edf7cc1c61"",""target_mixed_weight"":354.0},{""factor_count"":21.0,""gadget_mixed_weight"":246.0,""gadget_mixed_weight_norm"":1.0,""mixed_auc_greedy"":354.0,""mixed_auc_greedy_norm"":0.3597560975609756,""mixed_auc_original"":630.0,""mixed_auc_original_norm"":0.6402439024390244,""mixed_excess_norm"":0.0,""mixed_group_count"":3.0,""mixed_group_count_norm"":1.0,""num_block_rows"":1,""num_factor_groups"":3.0,""partition_id"":""semantic_role_k2"",""partition_kind"":""semantic-role"",""score_v3_lex"":""0;0.359756097561;0;a372b1edf7cc1c61"",""singleton_bridge_count"":0.0,""singleton_bridge_count_norm"":0.0,""stable_factor_hash"":""a372b1edf7cc1c61"",""target_mixed_weight"":246.0},{""factor_count"":21.0,""gadget_mixed_weight"":288.0,""gadget_mixed_weight_norm"":1.0,""mixed_auc_greedy"":396.0,""mixed_auc_greedy_norm"":0.34375,""mixed_auc_original"":738.0,""mixed_auc_original_norm"":0.640625,""mixed_excess_norm"":0.0,""mixed_group_count"":3.0,""mixed_group_count_norm"":1.0,""num_block_rows"":1,""num_factor_groups"":3.0,""partition_id"":""tensor_graph_spectral_k2"",""partition_kind"":""tensor-graph"",""score_v3_lex"":""0;0.34375;0;a372b1edf7cc1c61"",""singleton_bridge_count"":0.0,""singleton_bridge_count_norm"":0.0,""stable_factor_hash"":""a372b1edf7cc1c61"",""target_mixed_weight"":288.0}]"
