circuit_id,method,source,family,faixa,n_qubits,tensor_size,tensor_size_no_quizx,tensor_size_quizx,verify_status,runtime_sec,method_status,comparability_status,normalization_status,normalization_error,qasm_artifact_path,tcount_before,tcount_after,delta_t,rel_gain_t,tdepth_before,tdepth_after,delta_tdepth,rho_t,rho_w,rho_w_lambda_5,rho_w_lambda_10,rho_w_lambda_20,n_clifford_blocks,n_nonclifford_blocks,avg_nonclifford_block_len,hadamard_boundary_density,hadamard_boundary_density_w1,hadamard_boundary_density_w2,tdepth_over_tcount,normalized_qasm_num_qubits,normalized_qasm_depth,normalized_qasm_size,demo_log_path,selection_objective,selection_status,selection_error,structural_cost,alphaq_target_status,alphaq_target_error,alphaq_nc_core_area_ratio,alphaq_nc_core_area_delta_vs_original,alphaq_nc_core_depth_ratio,alphaq_nc_core_width_ratio,alphaq_total_depth_ratio,alphaq_total_area_ratio,alphaq_border_status,alphaq_border_error,alphaq_total_depth,alphaq_total_width,alphaq_total_area,alphaq_nc_core_depth,alphaq_nc_core_width,alphaq_nc_core_area,alphaq_core_tcount,alphaq_crossing_closure_count,alphaq_left_nc_core_depth,alphaq_left_nc_core_width,alphaq_left_nc_core_area,alphaq_left_crossing_closure_count,alphaq_right_nc_core_depth,alphaq_right_nc_core_width,alphaq_right_nc_core_area,alphaq_right_crossing_closure_count,alphaq_prefix_clifford_depth,alphaq_suffix_clifford_depth,alphaq_clifford_shaved_depth_fraction,primary_nc_depth_ratio,zx_total_depth_ratio,qasm_depth_ratio,tcount_ratio,tcount_after_selection,tdepth_after_selection,combo_index,source_candidate_id,predicted_structural_cost,predicted_primary_nc_depth_ratio,prediction_std,prediction_tolerance,prediction_margin_from_best,model_json,backend,devices,best_tcount_observed,reference_best_tcount,matched_reference
8_bit_adder,original,vendored-local,arithmetic,L,24,50,50,61,not-run,,ok,full,ok,,external/circuit-to-tensor/benchmarks/arithmetic/8_bit_adder/8_bit_adder.qasm,399,399,0,0.0,44,44,0,0.3537234042553192,0.845518118245391,0.7323788546255506,0.845518118245391,0.9162934894936273,286,285,1.4,0.24912280701754386,0.24912280701754386,0.39824561403508774,0.11027568922305764,24,282,1128,,,,,,,,,,,,,,,,,,,,,,,,,,,,,,,,,,,,,,,,,,,,,,,,,,,,,
8_bit_adder,pyzx,vendored-local,arithmetic,L,24,50,50,61,not-run,6.803485155105591,ok,full,ok,,results/pyzx/8_bit_adder/optimized.qasm,399,173,226,0.5664160401002506,44,18,26,0.1110397946084724,0.5553772070626003,0.3844444444444444,0.5553772070626003,0.7141382868937048,174,173,1.0,1.0982658959537572,1.0982658959537572,1.361271676300578,0.10404624277456648,24,681,1558,,,,,,,,,,,,,,,,,,,,,,,,,,,,,,,,,,,,,,,,,,,,,,,,,,,,,
8_bit_adder,compile_no_quizx,vendored-local,arithmetic,L,24,50,50,61,not-run,,ok,full,ok,,external/circuit-to-tensor/benchmarks/arithmetic/8_bit_adder/8_bit_adder.hopt.qasm,399,173,226,0.5664160401002506,44,66,-22,0.05173444976076555,0.35298918588043254,0.2143211100099108,0.35298918588043254,0.5217915849796411,174,173,1.0,0.017341040462427744,0.017341040462427744,0.02601156069364162,0.3815028901734104,24,2604,3344,,,,,,,,,,,,,,,,,,,,,,,,,,,,,,,,,,,,,,,,,,,,,,,,,,,,,
8_bit_adder,compile_quizx,vendored-local,arithmetic,L,24,50,50,61,not-run,0.28280091285705566,ok,full,ok,,results/compile_stage1/quizx/8_bit_adder/8_bit_adder.hopt.qasm,399,173,226,0.5664160401002506,44,44,0,0.053610164239231484,0.3616220735785953,0.22071957131921408,0.3616220735785953,0.5311636475284004,174,173,1.0,0.014450867052023121,0.014450867052023121,0.02023121387283237,0.2543352601156069,24,2620,3227,,,,,,,,,,,,,,,,,,,,,,,,,,,,,,,,,,,,,,,,,,,,,,,,,,,,,
8_bit_adder,public_resynth_no_gadgets,vendored-local,arithmetic,L,24,50,50,61,not-run,,ok,full,ok,,results/public_resynth/public_resynth_no_gadgets/8_bit_adder/assembled.qasm,399,0,399,1.0,44,0,44,0.0,0.0,0.0,0.0,0.0,1,0,0.0,0.0,0.0,0.0,0.0,59,3753,5014,,,,,,,,,,,,,,,,,,,,,,,,,,,,,,,,,,,,,,,,,,,,,,,,,,,,,
8_bit_adder,public_resynth_gadgets,vendored-local,arithmetic,L,24,50,50,61,not-run,,ok,full,ok,,results/public_resynth/public_resynth_gadgets/8_bit_adder/assembled.qasm,399,0,399,1.0,44,0,44,0.0,0.0,0.0,0.0,0.0,1,0,0.0,0.0,0.0,0.0,0.0,59,3753,5014,,,,,,,,,,,,,,,,,,,,,,,,,,,,,,,,,,,,,,,,,,,,,,,,,,,,,
8_bit_adder,demo_control_no_gadgets,vendored-local,arithmetic,L,24,50,50,61,not-run,,not-run,none,not-run,Missing QASM artifact.,,399,,,,44,,,,,,,,,,,,,,,,,,,,,,,,,,,,,,,,,,,,,,,,,,,,,,,,,,,,,,,,,,,,,,,,,,,,,,
8_bit_adder,demo_control_gadgets,vendored-local,arithmetic,L,24,50,50,61,not-run,,not-run,none,not-run,Missing QASM artifact.,,399,,,,44,,,,,,,,,,,,,,,,,,,,,,,,,,,,,,,,,,,,,,,,,,,,,,,,,,,,,,,,,,,,,,,,,,,,,,
barenco_tof_3,original,vendored-local,arithmetic,S,5,8,8,8,not-run,,ok,full,ok,,external/circuit-to-tensor/benchmarks/arithmetic/barenco_tof_3/barenco_tof_3.qasm,28,28,0,0.0,12,12,0,0.3684210526315789,0.8536585365853658,0.7446808510638298,0.8536585365853658,0.9210526315789473,21,20,1.4,0.3,0.3,0.45,0.42857142857142855,5,51,76,,,,,,,,,,,,,,,,,,,,,,,,,,,,,,,,,,,,,,,,,,,,,,,,,,,,,
barenco_tof_3,pyzx,vendored-local,arithmetic,S,5,8,8,8,not-run,1.5001518726348877,ok,full,ok,,results/pyzx/barenco_tof_3/optimized.qasm,28,16,12,0.42857142857142855,12,10,2,0.11851851851851852,0.5734767025089605,0.4020100502512563,0.5734767025089605,0.7289293849658315,17,16,1.0,1.1875,1.1875,1.46875,0.625,5,94,135,,,,,,,,,,,,,,,,,,,,,,,,,,,,,,,,,,,,,,,,,,,,,,,,,,,,,
barenco_tof_3,compile_no_quizx,vendored-local,arithmetic,S,5,8,8,8,not-run,,ok,full,ok,,external/circuit-to-tensor/benchmarks/arithmetic/barenco_tof_3/barenco_tof_3.hopt.qasm,28,16,12,0.42857142857142855,12,8,4,0.12903225806451613,0.5970149253731343,0.425531914893617,0.5970149253731343,0.7476635514018691,17,16,1.0,0.09375,0.09375,0.09375,0.5,5,110,124,,,,,,,,,,,,,,,,,,,,,,,,,,,,,,,,,,,,,,,,,,,,,,,,,,,,,
barenco_tof_3,compile_quizx,vendored-local,arithmetic,S,5,8,8,8,not-run,0.011898994445800781,ok,full,ok,,results/compile_stage1/quizx/barenco_tof_3/barenco_tof_3.hopt.qasm,28,16,12,0.42857142857142855,12,8,4,0.12903225806451613,0.5970149253731343,0.425531914893617,0.5970149253731343,0.7476635514018691,17,16,1.0,0.09375,0.09375,0.09375,0.5,5,111,124,,,,,,,,,,,,,,,,,,,,,,,,,,,,,,,,,,,,,,,,,,,,,,,,,,,,,
barenco_tof_3,public_resynth_no_gadgets,vendored-local,arithmetic,S,5,8,8,8,not-run,,not-available,none,not-run,Missing QASM artifact.,,28,,,,12,,,,,,,,,,,,,,,,,,,,,,,,,,,,,,,,,,,,,,,,,,,,,,,,,,,,,,,,,,,,,,,,,,,,,,
barenco_tof_3,public_resynth_gadgets,vendored-local,arithmetic,S,5,8,8,8,not-run,,not-available,none,not-run,Missing QASM artifact.,,28,,,,12,,,,,,,,,,,,,,,,,,,,,,,,,,,,,,,,,,,,,,,,,,,,,,,,,,,,,,,,,,,,,,,,,,,,,,
barenco_tof_3,demo_control_no_gadgets,vendored-local,arithmetic,S,5,8,8,8,not-run,,not-run,none,not-run,Missing QASM artifact.,,28,,,,12,,,,,,,,,,,,,,,,,,,,,,,,,,,,,,,,,,,,,,,,,,,,,,,,,,,,,,,,,,,,,,,,,,,,,,
barenco_tof_3,demo_control_gadgets,vendored-local,arithmetic,S,5,8,8,8,not-run,,not-run,none,not-run,Missing QASM artifact.,,28,,,,12,,,,,,,,,,,,,,,,,,,,,,,,,,,,,,,,,,,,,,,,,,,,,,,,,,,,,,,,,,,,,,,,,,,,,,
barenco_tof_4,original,vendored-local,arithmetic,M,7,14,14,14,not-run,,ok,full,ok,,external/circuit-to-tensor/benchmarks/arithmetic/barenco_tof_4/barenco_tof_4.qasm,56,56,0,0.0,20,20,0,0.3835616438356164,0.8615384615384616,0.7567567567567568,0.8615384615384616,0.9256198347107438,41,40,1.4,0.3,0.3,0.45,0.35714285714285715,7,99,146,,,,,,,,,,,,,,,,,,,,,,,,,,,,,,,,,,,,,,,,,,,,,,,,,,,,,
barenco_tof_4,pyzx,vendored-local,arithmetic,M,7,14,14,14,not-run,1.3940050601959229,ok,full,ok,,results/pyzx/barenco_tof_4/optimized.qasm,56,28,28,0.5,20,7,13,0.11336032388663968,0.561122244488978,0.38997214484679665,0.561122244488978,0.7188703465982028,28,28,1.0,1.2545454545454546,1.2545454545454546,1.5272727272727273,0.25,7,162,247,,,,,,,,,,,,,,,,,,,,,,,,,,,,,,,,,,,,,,,,,,,,,,,,,,,,,
barenco_tof_4,compile_no_quizx,vendored-local,arithmetic,M,7,14,14,14,not-run,,ok,full,ok,,external/circuit-to-tensor/benchmarks/arithmetic/barenco_tof_4/barenco_tof_4.hopt.qasm,56,28,28,0.5,20,12,8,0.11666666666666667,0.5691056910569106,0.3977272727272727,0.5691056910569106,0.7253886010362695,28,28,1.0,0.07272727272727272,0.07272727272727272,0.09090909090909091,0.42857142857142855,7,201,240,,,,,,,,,,,,,,,,,,,,,,,,,,,,,,,,,,,,,,,,,,,,,,,,,,,,,
barenco_tof_4,compile_quizx,vendored-local,arithmetic,M,7,14,14,14,not-run,0.019373178482055664,ok,full,ok,,results/compile_stage1/quizx/barenco_tof_4/barenco_tof_4.hopt.qasm,56,28,28,0.5,20,12,8,0.11570247933884298,0.5668016194331984,0.3954802259887006,0.5668016194331984,0.7235142118863049,29,28,1.0,0.07142857142857142,0.07142857142857142,0.07142857142857142,0.42857142857142855,7,197,242,,,,,,,,,,,,,,,,,,,,,,,,,,,,,,,,,,,,,,,,,,,,,,,,,,,,,
barenco_tof_4,public_resynth_no_gadgets,vendored-local,arithmetic,M,7,14,14,14,not-run,,not-available,none,not-run,Missing QASM artifact.,,56,,,,20,,,,,,,,,,,,,,,,,,,,,,,,,,,,,,,,,,,,,,,,,,,,,,,,,,,,,,,,,,,,,,,,,,,,,,
barenco_tof_4,public_resynth_gadgets,vendored-local,arithmetic,M,7,14,14,14,not-run,,not-available,none,not-run,Missing QASM artifact.,,56,,,,20,,,,,,,,,,,,,,,,,,,,,,,,,,,,,,,,,,,,,,,,,,,,,,,,,,,,,,,,,,,,,,,,,,,,,,
barenco_tof_4,demo_control_no_gadgets,vendored-local,arithmetic,M,7,14,14,14,not-run,,not-run,none,not-run,Missing QASM artifact.,,56,,,,20,,,,,,,,,,,,,,,,,,,,,,,,,,,,,,,,,,,,,,,,,,,,,,,,,,,,,,,,,,,,,,,,,,,,,,
barenco_tof_4,demo_control_gadgets,vendored-local,arithmetic,M,7,14,14,14,not-run,,not-run,none,not-run,Missing QASM artifact.,,56,,,,20,,,,,,,,,,,,,,,,,,,,,,,,,,,,,,,,,,,,,,,,,,,,,,,,,,,,,,,,,,,,,,,,,,,,,,
barenco_tof_5,original,vendored-local,arithmetic,M,9,20,20,20,not-run,,ok,full,ok,,external/circuit-to-tensor/benchmarks/arithmetic/barenco_tof_5/barenco_tof_5.qasm,84,84,0,0.0,24,24,0,0.3853211009174312,0.8624229979466119,0.7581227436823105,0.8624229979466119,0.9261300992282249,61,60,1.4,0.3,0.3,0.45,0.2857142857142857,9,147,218,,,,,,,,,,,,,,,,,,,,,,,,,,,,,,,,,,,,,,,,,,,,,,,,,,,,,
barenco_tof_5,pyzx,vendored-local,arithmetic,M,9,20,20,20,not-run,1.4375348091125488,ok,full,ok,,results/pyzx/barenco_tof_5/optimized.qasm,84,40,44,0.5238095238095238,24,11,13,0.12738853503184713,0.5934718100890207,0.4219409282700422,0.5934718100890207,0.74487895716946,40,39,1.0256410256410255,1.1794871794871795,1.1794871794871795,1.4615384615384615,0.275,9,213,314,,,,,,,,,,,,,,,,,,,,,,,,,,,,,,,,,,,,,,,,,,,,,,,,,,,,,
barenco_tof_5,compile_no_quizx,vendored-local,arithmetic,M,9,20,20,20,not-run,,ok,full,ok,,external/circuit-to-tensor/benchmarks/arithmetic/barenco_tof_5/barenco_tof_5.hopt.qasm,84,40,44,0.5238095238095238,24,16,8,0.09280742459396751,0.5056890012642224,0.338409475465313,0.5056890012642224,0.6717044500419815,40,40,1.0,0.0379746835443038,0.0379746835443038,0.0759493670886076,0.4,9,347,431,,,,,,,,,,,,,,,,,,,,,,,,,,,,,,,,,,,,,,,,,,,,,,,,,,,,,
barenco_tof_5,compile_quizx,vendored-local,arithmetic,M,9,20,20,20,not-run,0.039389848709106445,ok,full,ok,,results/compile_stage1/quizx/barenco_tof_5/barenco_tof_5.hopt.qasm,84,40,44,0.5238095238095238,24,16,8,0.09324009324009325,0.5069708491761724,0.3395585738539898,0.5069708491761724,0.6728343145500421,39,39,1.0256410256410255,0.07792207792207792,0.07792207792207792,0.07792207792207792,0.4,9,347,429,,,,,,,,,,,,,,,,,,,,,,,,,,,,,,,,,,,,,,,,,,,,,,,,,,,,,
barenco_tof_5,public_resynth_no_gadgets,vendored-local,arithmetic,M,9,20,20,20,not-run,,not-available,none,not-run,Missing QASM artifact.,,84,,,,24,,,,,,,,,,,,,,,,,,,,,,,,,,,,,,,,,,,,,,,,,,,,,,,,,,,,,,,,,,,,,,,,,,,,,,
barenco_tof_5,public_resynth_gadgets,vendored-local,arithmetic,M,9,20,20,20,not-run,,not-available,none,not-run,Missing QASM artifact.,,84,,,,24,,,,,,,,,,,,,,,,,,,,,,,,,,,,,,,,,,,,,,,,,,,,,,,,,,,,,,,,,,,,,,,,,,,,,,
barenco_tof_5,demo_control_no_gadgets,vendored-local,arithmetic,M,9,20,20,20,not-run,,not-run,none,not-run,Missing QASM artifact.,,84,,,,24,,,,,,,,,,,,,,,,,,,,,,,,,,,,,,,,,,,,,,,,,,,,,,,,,,,,,,,,,,,,,,,,,,,,,,
barenco_tof_5,demo_control_gadgets,vendored-local,arithmetic,M,9,20,20,20,not-run,,not-run,none,not-run,Missing QASM artifact.,,84,,,,24,,,,,,,,,,,,,,,,,,,,,,,,,,,,,,,,,,,,,,,,,,,,,,,,,,,,,,,,,,,,,,,,,,,,,,
barenco_tof_10,original,vendored-local,arithmetic,L,19,50,50,50,not-run,,ok,full,ok,,external/circuit-to-tensor/benchmarks/arithmetic/barenco_tof_10/barenco_tof_10.qasm,224,224,0,0.0,24,24,0,0.3875432525951557,0.8635312259059368,0.7598371777476255,0.8635312259059368,0.9267687215556475,161,160,1.4,0.3,0.3,0.45,0.10714285714285714,19,387,578,,,,,,,,,,,,,,,,,,,,,,,,,,,,,,,,,,,,,,,,,,,,,,,,,,,,,
barenco_tof_10,pyzx,vendored-local,arithmetic,L,19,50,50,50,not-run,2.5094571113586426,ok,full,ok,,results/pyzx/barenco_tof_10/optimized.qasm,224,100,124,0.5535714285714286,24,18,6,0.12903225806451613,0.5970149253731343,0.425531914893617,0.5970149253731343,0.7476635514018691,101,100,1.0,1.105,1.105,1.38,0.18,19,495,775,,,,,,,,,,,,,,,,,,,,,,,,,,,,,,,,,,,,,,,,,,,,,,,,,,,,,
barenco_tof_10,compile_no_quizx,vendored-local,arithmetic,L,19,50,50,50,not-run,,ok,full,ok,,external/circuit-to-tensor/benchmarks/arithmetic/barenco_tof_10/barenco_tof_10.hopt.qasm,224,100,124,0.5535714285714286,24,36,-12,0.0572737686139748,0.3779289493575208,0.23299161230195714,0.3779289493575208,0.5485463521667581,100,99,1.0101010101010102,0.06565656565656566,0.06565656565656566,0.0707070707070707,0.36,19,1399,1746,,,,,,,,,,,,,,,,,,,,,,,,,,,,,,,,,,,,,,,,,,,,,,,,,,,,,
barenco_tof_10,compile_quizx,vendored-local,arithmetic,L,19,50,50,50,not-run,1.5586490631103516,ok,full,ok,,results/compile_stage1/quizx/barenco_tof_10/barenco_tof_10.hopt.qasm,224,100,124,0.5535714285714286,24,36,-12,0.057208237986270026,0.3776435045317221,0.23277467411545624,0.3776435045317221,0.5482456140350878,100,100,1.0,0.035175879396984924,0.035175879396984924,0.05025125628140704,0.36,19,1420,1748,,,,,,,,,,,,,,,,,,,,,,,,,,,,,,,,,,,,,,,,,,,,,,,,,,,,,
barenco_tof_10,public_resynth_no_gadgets,vendored-local,arithmetic,L,19,50,50,50,not-run,,not-available,none,not-run,Missing QASM artifact.,,224,,,,24,,,,,,,,,,,,,,,,,,,,,,,,,,,,,,,,,,,,,,,,,,,,,,,,,,,,,,,,,,,,,,,,,,,,,,
barenco_tof_10,public_resynth_gadgets,vendored-local,arithmetic,L,19,50,50,50,not-run,,not-available,none,not-run,Missing QASM artifact.,,224,,,,24,,,,,,,,,,,,,,,,,,,,,,,,,,,,,,,,,,,,,,,,,,,,,,,,,,,,,,,,,,,,,,,,,,,,,,
barenco_tof_10,demo_control_no_gadgets,vendored-local,arithmetic,L,19,50,50,50,not-run,,not-run,none,not-run,Missing QASM artifact.,,224,,,,24,,,,,,,,,,,,,,,,,,,,,,,,,,,,,,,,,,,,,,,,,,,,,,,,,,,,,,,,,,,,,,,,,,,,,,
barenco_tof_10,demo_control_gadgets,vendored-local,arithmetic,L,19,50,50,50,not-run,,not-run,none,not-run,Missing QASM artifact.,,224,,,,24,,,,,,,,,,,,,,,,,,,,,,,,,,,,,,,,,,,,,,,,,,,,,,,,,,,,,,,,,,,,,,,,,,,,,,
basis_change_p4_o3,original,vendored-local,applications,L,21,27,27,27,not-run,,ok,full,ok,,external/circuit-to-tensor/benchmarks/applications/basis_change_p4_o3/basis_change_p4_o3.qasm,112,112,0,0.0,32,32,0,0.2828282828282828,0.7977207977207977,0.6635071090047393,0.7977207977207977,0.8874801901743264,81,80,1.4,0.2,0.2,0.2,0.2857142857142857,21,246,396,,,,,,,,,,,,,,,,,,,,,,,,,,,,,,,,,,,,,,,,,,,,,,,,,,,,,
basis_change_p4_o3,pyzx,vendored-local,applications,L,21,27,27,27,not-run,14.911988973617554,ok,full,ok,,results/pyzx/basis_change_p4_o3/optimized.qasm,112,48,64,0.5714285714285714,32,13,19,0.07535321821036106,0.4490177736202058,0.28950542822677927,0.4490177736202058,0.6197546804389928,49,48,1.0,1.0729166666666667,1.0729166666666667,1.28125,0.2708333333333333,21,379,637,,,,,,,,,,,,,,,,,,,,,,,,,,,,,,,,,,,,,,,,,,,,,,,,,,,,,
basis_change_p4_o3,compile_no_quizx,vendored-local,applications,L,21,27,27,27,not-run,,ok,full,ok,,external/circuit-to-tensor/benchmarks/applications/basis_change_p4_o3/basis_change_p4_o3.hopt.qasm,112,48,64,0.5714285714285714,32,13,19,0.059332509270704575,0.38678485092667203,0.23976023976023977,0.38678485092667203,0.557815223707147,49,48,1.0,0.010416666666666666,0.010416666666666666,0.052083333333333336,0.2708333333333333,21,633,809,,,,,,,,,,,,,,,,,,,,,,,,,,,,,,,,,,,,,,,,,,,,,,,,,,,,,
basis_change_p4_o3,compile_quizx,vendored-local,applications,L,21,27,27,27,not-run,0.13705801963806152,ok,full,ok,,results/compile_stage1/quizx/basis_change_p4_o3/basis_change_p4_o3.hopt.qasm,112,48,64,0.5714285714285714,32,13,19,0.05904059040590406,0.3855421686746988,0.23880597014925373,0.3855421686746988,0.5565217391304348,49,48,1.0,0.020833333333333332,0.020833333333333332,0.0625,0.2708333333333333,21,636,813,,,,,,,,,,,,,,,,,,,,,,,,,,,,,,,,,,,,,,,,,,,,,,,,,,,,,
basis_change_p4_o3,public_resynth_no_gadgets,vendored-local,applications,L,21,27,27,27,not-run,,not-available,none,not-run,Missing QASM artifact.,,112,,,,32,,,,,,,,,,,,,,,,,,,,,,,,,,,,,,,,,,,,,,,,,,,,,,,,,,,,,,,,,,,,,,,,,,,,,,
basis_change_p4_o3,public_resynth_gadgets,vendored-local,applications,L,21,27,27,27,not-run,,ok,full,ok,,results/public_resynth/public_resynth_gadgets/basis_change_p4_o3/assembled.qasm,112,56,56,0.5,32,12,20,0.028600612870275793,0.22745735174654752,0.12832263978001834,0.22745735174654752,0.37061548643282594,41,40,1.4,0.3,0.3,0.5,0.21428571428571427,35,1197,1958,,,,,,,,,,,,,,,,,,,,,,,,,,,,,,,,,,,,,,,,,,,,,,,,,,,,,
basis_change_p4_o3,demo_control_no_gadgets,vendored-local,applications,L,21,27,27,27,not-run,,not-run,none,not-run,Missing QASM artifact.,,112,,,,32,,,,,,,,,,,,,,,,,,,,,,,,,,,,,,,,,,,,,,,,,,,,,,,,,,,,,,,,,,,,,,,,,,,,,,
basis_change_p4_o3,demo_control_gadgets,vendored-local,applications,L,21,27,27,27,not-run,,not-run,none,not-run,Missing QASM artifact.,,112,,,,32,,,,,,,,,,,,,,,,,,,,,,,,,,,,,,,,,,,,,,,,,,,,,,,,,,,,,,,,,,,,,,,,,,,,,,
basis_change_p4_o4,original,vendored-local,applications,L,26,39,39,39,not-run,,ok,full,ok,,external/circuit-to-tensor/benchmarks/applications/basis_change_p4_o4/basis_change_p4_o4.qasm,168,168,0,0.0,48,48,0,0.2828282828282828,0.7977207977207977,0.6635071090047393,0.7977207977207977,0.8874801901743264,121,120,1.4,0.2,0.2,0.2,0.2857142857142857,26,369,594,,,,,,,,,,,,,,,,,,,,,,,,,,,,,,,,,,,,,,,,,,,,,,,,,,,,,
basis_change_p4_o4,pyzx,vendored-local,applications,L,26,39,39,39,not-run,10.202611923217773,ok,full,ok,,results/pyzx/basis_change_p4_o4/optimized.qasm,168,70,98,0.5833333333333334,48,13,35,0.07063572149344097,0.431832202344232,0.2753737214791503,0.431832202344232,0.6031882809133994,71,70,1.0,1.0071428571428571,1.0071428571428571,1.3714285714285714,0.18571428571428572,26,533,991,,,,,,,,,,,,,,,,,,,,,,,,,,,,,,,,,,,,,,,,,,,,,,,,,,,,,
basis_change_p4_o4,compile_no_quizx,vendored-local,applications,L,26,39,39,39,not-run,,ok,full,ok,,external/circuit-to-tensor/benchmarks/applications/basis_change_p4_o4/basis_change_p4_o4.hopt.qasm,168,70,98,0.5833333333333334,48,12,36,0.04946996466431095,0.3422982885085575,0.20648967551622419,0.3422982885085575,0.5100182149362478,71,70,1.0,0.02142857142857143,0.02142857142857143,0.04285714285714286,0.17142857142857143,26,1071,1415,,,,,,,,,,,,,,,,,,,,,,,,,,,,,,,,,,,,,,,,,,,,,,,,,,,,,
basis_change_p4_o4,compile_quizx,vendored-local,applications,L,26,39,39,39,not-run,0.39324092864990234,ok,full,ok,,results/compile_stage1/quizx/basis_change_p4_o4/basis_change_p4_o4.hopt.qasm,168,70,98,0.5833333333333334,48,12,36,0.0503235082674335,0.3463631865413162,0.2094554159186116,0.3463631865413162,0.5145167217934583,71,70,1.0,0.02857142857142857,0.02857142857142857,0.05714285714285714,0.17142857142857143,26,1046,1391,,,,,,,,,,,,,,,,,,,,,,,,,,,,,,,,,,,,,,,,,,,,,,,,,,,,,
basis_change_p4_o4,public_resynth_no_gadgets,vendored-local,applications,L,26,39,39,39,not-run,,not-available,none,not-run,Missing QASM artifact.,,168,,,,48,,,,,,,,,,,,,,,,,,,,,,,,,,,,,,,,,,,,,,,,,,,,,,,,,,,,,,,,,,,,,,,,,,,,,,
basis_change_p4_o4,public_resynth_gadgets,vendored-local,applications,L,26,39,39,39,not-run,,ok,full,ok,,results/public_resynth/public_resynth_gadgets/basis_change_p4_o4/assembled.qasm,168,84,84,0.5,48,14,34,0.021116138763197588,0.17743979721166034,0.09735744089012517,0.17743979721166034,0.3013993541442411,61,60,1.4,0.3,0.3,0.5,0.16666666666666666,48,2316,3978,,,,,,,,,,,,,,,,,,,,,,,,,,,,,,,,,,,,,,,,,,,,,,,,,,,,,
basis_change_p4_o4,demo_control_no_gadgets,vendored-local,applications,L,26,39,39,39,not-run,,not-run,none,not-run,Missing QASM artifact.,,168,,,,48,,,,,,,,,,,,,,,,,,,,,,,,,,,,,,,,,,,,,,,,,,,,,,,,,,,,,,,,,,,,,,,,,,,,,,
basis_change_p4_o4,demo_control_gadgets,vendored-local,applications,L,26,39,39,39,not-run,,not-run,none,not-run,Missing QASM artifact.,,168,,,,48,,,,,,,,,,,,,,,,,,,,,,,,,,,,,,,,,,,,,,,,,,,,,,,,,,,,,,,,,,,,,,,,,,,,,,
basis_change_p4_o5,original,vendored-local,applications,L,31,51,51,51,not-run,,ok,full,ok,,external/circuit-to-tensor/benchmarks/applications/basis_change_p4_o5/basis_change_p4_o5.qasm,224,224,0,0.0,64,64,0,0.2828282828282828,0.7977207977207977,0.6635071090047393,0.7977207977207977,0.8874801901743264,161,160,1.4,0.2,0.2,0.2,0.2857142857142857,31,492,792,,,,,,,,,,,,,,,,,,,,,,,,,,,,,,,,,,,,,,,,,,,,,,,,,,,,,
basis_change_p4_o5,pyzx,vendored-local,applications,L,31,51,51,51,not-run,18.09757709503174,ok,full,ok,,results/pyzx/basis_change_p4_o5/optimized.qasm,224,92,132,0.5892857142857143,64,23,41,0.071875,0.4364326375711575,0.279126213592233,0.4364326375711575,0.607661822985469,93,92,1.0,1.0326086956521738,1.0326086956521738,1.2826086956521738,0.25,31,749,1280,,,,,,,,,,,,,,,,,,,,,,,,,,,,,,,,,,,,,,,,,,,,,,,,,,,,,
basis_change_p4_o5,compile_no_quizx,vendored-local,applications,L,31,51,51,51,not-run,,ok,full,ok,,external/circuit-to-tensor/benchmarks/applications/basis_change_p4_o5/basis_change_p4_o5.hopt.qasm,224,92,132,0.5892857142857143,64,16,48,0.04103479036574487,0.2996742671009772,0.17624521072796934,0.2996742671009772,0.46115288220551376,93,92,1.0,0.005434782608695652,0.005434782608695652,0.005434782608695652,0.17391304347826086,31,1719,2242,,,,,,,,,,,,,,,,,,,,,,,,,,,,,,,,,,,,,,,,,,,,,,,,,,,,,
basis_change_p4_o5,compile_quizx,vendored-local,applications,L,31,51,51,51,not-run,0.28101015090942383,ok,full,ok,,results/compile_stage1/quizx/basis_change_p4_o5/basis_change_p4_o5.hopt.qasm,224,92,132,0.5892857142857143,64,17,47,0.04206675811614083,0.30514096185737977,0.18003913894324852,0.30514096185737977,0.4675984752223634,93,92,1.0,0.03260869565217391,0.03260869565217391,0.043478260869565216,0.18478260869565216,31,1730,2187,,,,,,,,,,,,,,,,,,,,,,,,,,,,,,,,,,,,,,,,,,,,,,,,,,,,,
basis_change_p4_o5,public_resynth_no_gadgets,vendored-local,applications,L,31,51,51,51,not-run,,not-available,none,not-run,Missing QASM artifact.,,224,,,,64,,,,,,,,,,,,,,,,,,,,,,,,,,,,,,,,,,,,,,,,,,,,,,,,,,,,,,,,,,,,,,,,,,,,,,
basis_change_p4_o5,public_resynth_gadgets,vendored-local,applications,L,31,51,51,51,not-run,,ok,full,ok,,results/public_resynth/public_resynth_gadgets/basis_change_p4_o5/assembled.qasm,224,112,112,0.5,64,17,47,0.01808201485308363,0.15551235767842267,0.08431195423065342,0.15551235767842267,0.2691660658495554,81,80,1.4,0.3,0.3,0.5,0.15178571428571427,61,3569,6194,,,,,,,,,,,,,,,,,,,,,,,,,,,,,,,,,,,,,,,,,,,,,,,,,,,,,
basis_change_p4_o5,demo_control_no_gadgets,vendored-local,applications,L,31,51,51,51,not-run,,not-run,none,not-run,Missing QASM artifact.,,224,,,,64,,,,,,,,,,,,,,,,,,,,,,,,,,,,,,,,,,,,,,,,,,,,,,,,,,,,,,,,,,,,,,,,,,,,,,
basis_change_p4_o5,demo_control_gadgets,vendored-local,applications,L,31,51,51,51,not-run,,not-run,none,not-run,Missing QASM artifact.,,224,,,,64,,,,,,,,,,,,,,,,,,,,,,,,,,,,,,,,,,,,,,,,,,,,,,,,,,,,,,,,,,,,,,,,,,,,,,
basis_change_p5_o3,original,vendored-local,applications,L,26,39,39,39,not-run,,ok,full,ok,,external/circuit-to-tensor/benchmarks/applications/basis_change_p5_o3/basis_change_p5_o3.qasm,168,168,0,0.0,32,32,0,0.30656934306569344,0.8155339805825242,0.6885245901639344,0.8155339805825242,0.8983957219251337,121,120,1.4,0.2,0.2,0.2,0.19047619047619047,26,344,548,,,,,,,,,,,,,,,,,,,,,,,,,,,,,,,,,,,,,,,,,,,,,,,,,,,,,
basis_change_p5_o3,pyzx,vendored-local,applications,L,26,39,39,39,not-run,6.308645963668823,ok,full,ok,,results/pyzx/basis_change_p5_o3/optimized.qasm,168,74,94,0.5595238095238095,32,14,18,0.07422266800401203,0.4449789536981359,0.2861562258313998,0.4449789536981359,0.6158967956720766,75,74,1.0,1.0743243243243243,1.0743243243243243,1.445945945945946,0.1891891891891892,26,537,997,,,,,,,,,,,,,,,,,,,,,,,,,,,,,,,,,,,,,,,,,,,,,,,,,,,,,
basis_change_p5_o3,compile_no_quizx,vendored-local,applications,L,26,39,39,39,not-run,,ok,full,ok,,external/circuit-to-tensor/benchmarks/applications/basis_change_p5_o3/basis_change_p5_o3.hopt.qasm,168,74,94,0.5595238095238095,32,21,11,0.04417910447761194,0.31610422896198204,0.18772196854388634,0.31610422896198204,0.4803635183382019,75,74,1.0,0.02702702702702703,0.02702702702702703,0.0472972972972973,0.28378378378378377,26,1335,1675,,,,,,,,,,,,,,,,,,,,,,,,,,,,,,,,,,,,,,,,,,,,,,,,,,,,,
basis_change_p5_o3,compile_quizx,vendored-local,applications,L,26,39,39,39,not-run,0.14056396484375,ok,full,ok,,results/compile_stage1/quizx/basis_change_p5_o3/basis_change_p5_o3.hopt.qasm,168,74,94,0.5595238095238095,32,20,12,0.05010155721056195,0.3453103126458236,0.2086858432036097,0.3453103126458236,0.5133541449878599,75,74,1.0,0.02702702702702703,0.02702702702702703,0.060810810810810814,0.2702702702702703,26,1173,1477,,,,,,,,,,,,,,,,,,,,,,,,,,,,,,,,,,,,,,,,,,,,,,,,,,,,,
basis_change_p5_o3,public_resynth_no_gadgets,vendored-local,applications,L,26,39,39,39,not-run,,not-available,none,not-run,Missing QASM artifact.,,168,,,,32,,,,,,,,,,,,,,,,,,,,,,,,,,,,,,,,,,,,,,,,,,,,,,,,,,,,,,,,,,,,,,,,,,,,,,
basis_change_p5_o3,public_resynth_gadgets,vendored-local,applications,L,26,39,39,39,not-run,,ok,full,ok,,results/public_resynth/public_resynth_gadgets/basis_change_p5_o3/assembled.qasm,168,84,84,0.5,32,18,14,0.018617021276595744,0.15945330296127563,0.08663366336633663,0.15945330296127563,0.275049115913556,61,60,1.4,0.3,0.3,0.5,0.21428571428571427,48,2776,4512,,,,,,,,,,,,,,,,,,,,,,,,,,,,,,,,,,,,,,,,,,,,,,,,,,,,,
basis_change_p5_o3,demo_control_no_gadgets,vendored-local,applications,L,26,39,39,39,not-run,,not-run,none,not-run,Missing QASM artifact.,,168,,,,32,,,,,,,,,,,,,,,,,,,,,,,,,,,,,,,,,,,,,,,,,,,,,,,,,,,,,,,,,,,,,,,,,,,,,,
basis_change_p5_o3,demo_control_gadgets,vendored-local,applications,L,26,39,39,39,not-run,,not-run,none,not-run,Missing QASM artifact.,,168,,,,32,,,,,,,,,,,,,,,,,,,,,,,,,,,,,,,,,,,,,,,,,,,,,,,,,,,,,,,,,,,,,,,,,,,,,,
basis_change_p5_o4,original,vendored-local,applications,L,32,56,56,56,not-run,,ok,full,ok,,external/circuit-to-tensor/benchmarks/applications/basis_change_p5_o4/basis_change_p5_o4.qasm,252,252,0,0.0,48,48,0,0.30656934306569344,0.8155339805825242,0.6885245901639344,0.8155339805825242,0.8983957219251337,181,180,1.4,0.2,0.2,0.2,0.19047619047619047,32,516,822,,,,,,,,,,,,,,,,,,,,,,,,,,,,,,,,,,,,,,,,,,,,,,,,,,,,,
basis_change_p5_o4,pyzx,vendored-local,applications,L,32,56,56,56,not-run,16.815791130065918,ok,full,ok,,results/pyzx/basis_change_p5_o4/optimized.qasm,252,108,144,0.5714285714285714,48,15,33,0.07848837209302326,0.4599659284497445,0.29867256637168144,0.4599659284497445,0.6301050175029171,109,108,1.0,0.9629629629629629,0.9629629629629629,1.2407407407407407,0.1388888888888889,32,759,1376,,,,,,,,,,,,,,,,,,,,,,,,,,,,,,,,,,,,,,,,,,,,,,,,,,,,,
basis_change_p5_o4,compile_no_quizx,vendored-local,applications,L,32,56,56,56,not-run,,ok,full,ok,,external/circuit-to-tensor/benchmarks/applications/basis_change_p5_o4/basis_change_p5_o4.hopt.qasm,252,108,144,0.5714285714285714,48,21,27,0.04001482030381623,0.294197766276219,0.17246885978920473,0.294197766276219,0.4546411281835403,109,108,1.0,0.013888888888888888,0.013888888888888888,0.018518518518518517,0.19444444444444445,32,2075,2699,,,,,,,,,,,,,,,,,,,,,,,,,,,,,,,,,,,,,,,,,,,,,,,,,,,,,
basis_change_p5_o4,compile_quizx,vendored-local,applications,L,32,56,56,56,not-run,0.6140491962432861,ok,full,ok,,results/compile_stage1/quizx/basis_change_p5_o4/basis_change_p5_o4.hopt.qasm,252,108,144,0.5714285714285714,48,21,27,0.041237113402061855,0.3007518796992481,0.17699115044247787,0.3007518796992481,0.4624277456647399,109,108,1.0,0.013888888888888888,0.013888888888888888,0.023148148148148147,0.19444444444444445,32,2050,2619,,,,,,,,,,,,,,,,,,,,,,,,,,,,,,,,,,,,,,,,,,,,,,,,,,,,,
basis_change_p5_o4,public_resynth_no_gadgets,vendored-local,applications,L,32,56,56,56,not-run,,not-available,none,not-run,Missing QASM artifact.,,252,,,,48,,,,,,,,,,,,,,,,,,,,,,,,,,,,,,,,,,,,,,,,,,,,,,,,,,,,,,,,,,,,,,,,,,,,,,
basis_change_p5_o4,public_resynth_gadgets,vendored-local,applications,L,32,56,56,56,not-run,,ok,full,ok,,results/public_resynth/public_resynth_gadgets/basis_change_p5_o4/assembled.qasm,252,126,126,0.5,48,19,29,0.017811704834605598,0.15350877192982457,0.0831353919239905,0.15350877192982457,0.2661596958174905,91,90,1.4,0.3,0.3,0.5,0.15079365079365079,66,4369,7074,,,,,,,,,,,,,,,,,,,,,,,,,,,,,,,,,,,,,,,,,,,,,,,,,,,,,
basis_change_p5_o4,demo_control_no_gadgets,vendored-local,applications,L,32,56,56,56,not-run,,not-run,none,not-run,Missing QASM artifact.,,252,,,,48,,,,,,,,,,,,,,,,,,,,,,,,,,,,,,,,,,,,,,,,,,,,,,,,,,,,,,,,,,,,,,,,,,,,,,
basis_change_p5_o4,demo_control_gadgets,vendored-local,applications,L,32,56,56,56,not-run,,not-run,none,not-run,Missing QASM artifact.,,252,,,,48,,,,,,,,,,,,,,,,,,,,,,,,,,,,,,,,,,,,,,,,,,,,,,,,,,,,,,,,,,,,,,,,,,,,,,
basis_change_p6_o3,original,vendored-local,applications,L,31,51,51,51,not-run,,ok,full,ok,,external/circuit-to-tensor/benchmarks/applications/basis_change_p6_o3/basis_change_p6_o3.qasm,224,224,0,0.0,32,32,0,0.32,0.8247422680412371,0.7017543859649122,0.8247422680412371,0.903954802259887,161,160,1.4,0.2,0.2,0.2,0.14285714285714285,31,442,700,,,,,,,,,,,,,,,,,,,,,,,,,,,,,,,,,,,,,,,,,,,,,,,,,,,,,
basis_change_p6_o3,pyzx,vendored-local,applications,L,31,51,51,51,not-run,12.408208847045898,ok,full,ok,,results/pyzx/basis_change_p6_o3/optimized.qasm,224,100,124,0.5535714285714286,32,14,18,0.08143322475570032,0.4699248120300752,0.3071253071253071,0.4699248120300752,0.639386189258312,101,100,1.0,0.98,0.98,1.255,0.14,31,700,1228,,,,,,,,,,,,,,,,,,,,,,,,,,,,,,,,,,,,,,,,,,,,,,,,,,,,,
basis_change_p6_o3,compile_no_quizx,vendored-local,applications,L,31,51,51,51,not-run,,ok,full,ok,,external/circuit-to-tensor/benchmarks/applications/basis_change_p6_o3/basis_change_p6_o3.hopt.qasm,224,100,124,0.5535714285714286,32,28,4,0.04568296025582458,0.32372936225315635,0.19312475859405176,0.32372936225315635,0.48911714355588165,101,100,1.0,0.035,0.035,0.05,0.28,31,1637,2189,,,,,,,,,,,,,,,,,,,,,,,,,,,,,,,,,,,,,,,,,,,,,,,,,,,,,
basis_change_p6_o3,compile_quizx,vendored-local,applications,L,31,51,51,51,not-run,0.38196802139282227,ok,full,ok,,results/compile_stage1/quizx/basis_change_p6_o3/basis_change_p6_o3.hopt.qasm,224,100,124,0.5535714285714286,32,28,4,0.04486316733961418,0.31959092361776925,0.1901863826550019,0.31959092361776925,0.4843787842092516,101,100,1.0,0.02,0.02,0.03,0.28,31,1681,2229,,,,,,,,,,,,,,,,,,,,,,,,,,,,,,,,,,,,,,,,,,,,,,,,,,,,,
basis_change_p6_o3,public_resynth_no_gadgets,vendored-local,applications,L,31,51,51,51,not-run,,not-available,none,not-run,Missing QASM artifact.,,224,,,,32,,,,,,,,,,,,,,,,,,,,,,,,,,,,,,,,,,,,,,,,,,,,,,,,,,,,,,,,,,,,,,,,,,,,,,
basis_change_p6_o3,public_resynth_gadgets,vendored-local,applications,L,31,51,51,51,not-run,,ok,full,ok,,results/public_resynth/public_resynth_gadgets/basis_change_p6_o3/assembled.qasm,224,112,112,0.5,32,18,14,0.019168235495464658,0.1634797839731426,0.08901605468129073,0.1634797839731426,0.28101869276125957,81,80,1.4,0.3,0.3,0.5,0.16071428571428573,61,3522,5843,,,,,,,,,,,,,,,,,,,,,,,,,,,,,,,,,,,,,,,,,,,,,,,,,,,,,
basis_change_p6_o3,demo_control_no_gadgets,vendored-local,applications,L,31,51,51,51,not-run,,not-run,none,not-run,Missing QASM artifact.,,224,,,,32,,,,,,,,,,,,,,,,,,,,,,,,,,,,,,,,,,,,,,,,,,,,,,,,,,,,,,,,,,,,,,,,,,,,,,
basis_change_p6_o3,demo_control_gadgets,vendored-local,applications,L,31,51,51,51,not-run,,not-run,none,not-run,Missing QASM artifact.,,224,,,,32,,,,,,,,,,,,,,,,,,,,,,,,,,,,,,,,,,,,,,,,,,,,,,,,,,,,,,,,,,,,,,,,,,,,,,
basis_change_p7_o3,original,vendored-local,applications,L,36,63,63,63,not-run,,ok,full,ok,,external/circuit-to-tensor/benchmarks/applications/basis_change_p7_o3/basis_change_p7_o3.qasm,280,280,0,0.0,32,32,0,0.3286384976525822,0.830367734282325,0.7099391480730223,0.830367734282325,0.9073233959818535,201,200,1.4,0.2,0.2,0.2,0.11428571428571428,36,540,852,,,,,,,,,,,,,,,,,,,,,,,,,,,,,,,,,,,,,,,,,,,,,,,,,,,,,
basis_change_p7_o3,pyzx,vendored-local,applications,L,36,63,63,63,not-run,18.497522830963135,ok,full,ok,,results/pyzx/basis_change_p7_o3/optimized.qasm,280,126,154,0.55,32,17,15,0.07473309608540925,0.44680851063829785,0.2876712328767123,0.44680851063829785,0.6176470588235294,127,126,1.0,1.003968253968254,1.003968253968254,1.2182539682539681,0.1349206349206349,36,913,1686,,,,,,,,,,,,,,,,,,,,,,,,,,,,,,,,,,,,,,,,,,,,,,,,,,,,,
basis_change_p7_o3,compile_no_quizx,vendored-local,applications,L,36,63,63,63,not-run,,ok,full,ok,,external/circuit-to-tensor/benchmarks/applications/basis_change_p7_o3/basis_change_p7_o3.hopt.qasm,280,126,154,0.55,32,31,1,0.039760176711896494,0.2928189635138276,0.17152191668935476,0.2928189635138276,0.45299298939421173,127,126,1.0,0.01984126984126984,0.01984126984126984,0.01984126984126984,0.24603174603174602,36,2542,3169,,,,,,,,,,,,,,,,,,,,,,,,,,,,,,,,,,,,,,,,,,,,,,,,,,,,,
basis_change_p7_o3,compile_quizx,vendored-local,applications,L,36,63,63,63,not-run,0.972541093826294,ok,full,ok,,results/compile_stage1/quizx/basis_change_p7_o3/basis_change_p7_o3.hopt.qasm,280,126,154,0.55,32,31,1,0.03820497271073378,0.2842960288808664,0.16570226196738558,0.2842960288808664,0.4427266338721012,127,126,1.0,0.011904761904761904,0.011904761904761904,0.023809523809523808,0.24603174603174602,36,2572,3298,,,,,,,,,,,,,,,,,,,,,,,,,,,,,,,,,,,,,,,,,,,,,,,,,,,,,
basis_change_p7_o3,public_resynth_no_gadgets,vendored-local,applications,L,36,63,63,63,not-run,,not-available,none,not-run,Missing QASM artifact.,,280,,,,32,,,,,,,,,,,,,,,,,,,,,,,,,,,,,,,,,,,,,,,,,,,,,,,,,,,,,,,,,,,,,,,,,,,,,,
basis_change_p7_o3,public_resynth_gadgets,vendored-local,applications,L,36,63,63,63,not-run,,ok,full,ok,,results/public_resynth/public_resynth_gadgets/basis_change_p7_o3/assembled.qasm,280,140,140,0.5,32,29,3,0.014909478168264111,0.13145539906103287,0.07035175879396985,0.13145539906103287,0.23236514522821577,101,100,1.4,0.3,0.3,0.5,0.20714285714285716,74,5490,9390,,,,,,,,,,,,,,,,,,,,,,,,,,,,,,,,,,,,,,,,,,,,,,,,,,,,,
basis_change_p7_o3,demo_control_no_gadgets,vendored-local,applications,L,36,63,63,63,not-run,,not-run,none,not-run,Missing QASM artifact.,,280,,,,32,,,,,,,,,,,,,,,,,,,,,,,,,,,,,,,,,,,,,,,,,,,,,,,,,,,,,,,,,,,,,,,,,,,,,,
basis_change_p7_o3,demo_control_gadgets,vendored-local,applications,L,36,63,63,63,not-run,,not-run,none,not-run,Missing QASM artifact.,,280,,,,32,,,,,,,,,,,,,,,,,,,,,,,,,,,,,,,,,,,,,,,,,,,,,,,,,,,,,,,,,,,,,,,,,,,,,,
csla_mux_3,original,vendored-local,arithmetic,L,15,21,21,21,not-run,,ok,full,ok,,external/circuit-to-tensor/benchmarks/arithmetic/csla_mux_3/csla_mux_3.qasm,70,70,0,0.0,10,10,0,0.3333333333333333,0.8333333333333334,0.7142857142857143,0.8333333333333334,0.9090909090909091,51,50,1.4,0.2,0.2,0.3,0.14285714285714285,15,80,210,,,,,,,,,,,,,,,,,,,,,,,,,,,,,,,,,,,,,,,,,,,,,,,,,,,,,
csla_mux_3,pyzx,vendored-local,arithmetic,L,15,21,21,21,not-run,1.3646867275238037,ok,full,ok,,results/pyzx/csla_mux_3/optimized.qasm,70,62,8,0.11428571428571428,10,9,1,0.09748427672955975,0.5192629815745393,0.3506787330316742,0.5192629815745393,0.6835722160970231,63,62,1.0,1.1693548387096775,1.1693548387096775,1.4193548387096775,0.14516129032258066,15,272,636,,,,,,,,,,,,,,,,,,,,,,,,,,,,,,,,,,,,,,,,,,,,,,,,,,,,,
csla_mux_3,compile_no_quizx,vendored-local,arithmetic,L,15,21,21,21,not-run,,ok,full,ok,,external/circuit-to-tensor/benchmarks/arithmetic/csla_mux_3/csla_mux_3.hopt.qasm,70,62,8,0.11428571428571428,10,18,-8,0.1082024432809773,0.5481874447391689,0.37758830694275275,0.5481874447391689,0.7081667618503712,63,62,1.0,0.056451612903225805,0.056451612903225805,0.08064516129032258,0.2903225806451613,15,393,573,,,,,,,,,,,,,,,,,,,,,,,,,,,,,,,,,,,,,,,,,,,,,,,,,,,,,
csla_mux_3,compile_quizx,vendored-local,arithmetic,L,15,21,21,21,not-run,0.34368896484375,ok,full,ok,,results/compile_stage1/quizx/csla_mux_3/csla_mux_3.hopt.qasm,70,62,8,0.11428571428571428,10,18,-8,0.1082024432809773,0.5481874447391689,0.37758830694275275,0.5481874447391689,0.7081667618503712,63,62,1.0,0.07258064516129033,0.07258064516129033,0.07258064516129033,0.2903225806451613,15,396,573,,,,,,,,,,,,,,,,,,,,,,,,,,,,,,,,,,,,,,,,,,,,,,,,,,,,,
csla_mux_3,public_resynth_no_gadgets,vendored-local,arithmetic,L,15,21,21,21,not-run,,ok,full,ok,,results/public_resynth/public_resynth_no_gadgets/csla_mux_3/assembled.qasm,70,39,31,0.44285714285714284,10,14,-4,0.02850877192982456,0.2268760907504363,0.1279527559055118,0.2268760907504363,0.36984352773826457,40,39,1.0,0.038461538461538464,0.038461538461538464,0.05128205128205128,0.358974358974359,21,987,1368,,,,,,,,,,,,,,,,,,,,,,,,,,,,,,,,,,,,,,,,,,,,,,,,,,,,,
csla_mux_3,public_resynth_gadgets,vendored-local,arithmetic,L,15,21,21,21,not-run,,ok,full,ok,,results/public_resynth/public_resynth_gadgets/csla_mux_3/assembled.qasm,70,56,14,0.2,10,14,-4,0.045491470349309504,0.3227665706051873,0.19243986254295534,0.3227665706051873,0.4880174291938998,41,40,1.4,0.3,0.3,0.5,0.25,21,720,1231,,,,,,,,,,,,,,,,,,,,,,,,,,,,,,,,,,,,,,,,,,,,,,,,,,,,,
csla_mux_3,demo_control_no_gadgets,vendored-local,arithmetic,L,15,21,21,21,not-run,,not-run,none,not-run,Missing QASM artifact.,,70,,,,10,,,,,,,,,,,,,,,,,,,,,,,,,,,,,,,,,,,,,,,,,,,,,,,,,,,,,,,,,,,,,,,,,,,,,,
csla_mux_3,demo_control_gadgets,vendored-local,arithmetic,L,15,21,21,21,not-run,,not-run,none,not-run,Missing QASM artifact.,,70,,,,10,,,,,,,,,,,,,,,,,,,,,,,,,,,,,,,,,,,,,,,,,,,,,,,,,,,,,,,,,,,,,,,,,,,,,,
csum_mux_9,original,vendored-local,arithmetic,L,30,42,42,42,not-run,,ok,full,ok,,external/circuit-to-tensor/benchmarks/arithmetic/csum_mux_9/csum_mux_9.qasm,196,196,0,0.0,12,12,0,0.3684210526315789,0.8536585365853658,0.7446808510638298,0.8536585365853658,0.9210526315789473,141,140,1.4,0.21428571428571427,0.21428571428571427,0.35,0.061224489795918366,30,72,532,,,,,,,,,,,,,,,,,,,,,,,,,,,,,,,,,,,,,,,,,,,,,,,,,,,,,
csum_mux_9,pyzx,vendored-local,arithmetic,L,30,42,42,42,not-run,2.380526065826416,ok,full,ok,,results/pyzx/csum_mux_9/optimized.qasm,196,84,112,0.5714285714285714,12,7,5,0.0718562874251497,0.43636363636363634,0.27906976744186046,0.43636363636363634,0.6075949367088608,85,84,1.0,1.2321428571428572,1.2321428571428572,1.5773809523809523,0.08333333333333333,30,279,1169,,,,,,,,,,,,,,,,,,,,,,,,,,,,,,,,,,,,,,,,,,,,,,,,,,,,,
csum_mux_9,compile_no_quizx,vendored-local,arithmetic,L,30,42,42,42,not-run,,ok,full,ok,,external/circuit-to-tensor/benchmarks/arithmetic/csum_mux_9/csum_mux_9.hopt.qasm,196,84,112,0.5714285714285714,12,12,0,0.076993583868011,0.4547915538711424,0.29432375613174494,0.4547915538711424,0.6252326014142165,85,84,1.0,0.07738095238095238,0.07738095238095238,0.1130952380952381,0.14285714285714285,30,542,1091,,,,,,,,,,,,,,,,,,,,,,,,,,,,,,,,,,,,,,,,,,,,,,,,,,,,,
csum_mux_9,compile_quizx,vendored-local,arithmetic,L,30,42,42,42,not-run,0.30092382431030273,ok,full,ok,,results/compile_stage1/quizx/csum_mux_9/csum_mux_9.hopt.qasm,196,84,112,0.5714285714285714,12,14,-2,0.10880829015544041,0.5497382198952879,0.37906137184115524,0.5497382198952879,0.7094594594594594,85,84,1.0,0.07142857142857142,0.07142857142857142,0.11904761904761904,0.16666666666666666,30,395,772,,,,,,,,,,,,,,,,,,,,,,,,,,,,,,,,,,,,,,,,,,,,,,,,,,,,,
csum_mux_9,public_resynth_no_gadgets,vendored-local,arithmetic,L,30,42,42,42,not-run,,ok,full,ok,,results/public_resynth/public_resynth_no_gadgets/csum_mux_9/assembled.qasm,196,71,125,0.6377551020408163,12,26,-14,0.021521673234313428,0.1802945657694261,0.09907898409154339,0.1802945657694261,0.3055077452667814,72,71,1.0,0.014084507042253521,0.014084507042253521,0.028169014084507043,0.36619718309859156,42,1636,3299,,,,,,,,,,,,,,,,,,,,,,,,,,,,,,,,,,,,,,,,,,,,,,,,,,,,,
csum_mux_9,public_resynth_gadgets,vendored-local,arithmetic,L,30,42,42,42,not-run,,ok,full,ok,,results/public_resynth/public_resynth_gadgets/csum_mux_9/assembled.qasm,196,98,98,0.5,12,9,3,0.03720577069096431,0.2787258248009101,0.16192994051553206,0.2787258248009101,0.4359430604982206,71,70,1.4,0.3,0.3,0.5,0.09183673469387756,42,1166,2634,,,,,,,,,,,,,,,,,,,,,,,,,,,,,,,,,,,,,,,,,,,,,,,,,,,,,
csum_mux_9,demo_control_no_gadgets,vendored-local,arithmetic,L,30,42,42,42,not-run,,not-run,none,not-run,Missing QASM artifact.,,196,,,,12,,,,,,,,,,,,,,,,,,,,,,,,,,,,,,,,,,,,,,,,,,,,,,,,,,,,,,,,,,,,,,,,,,,,,,
csum_mux_9,demo_control_gadgets,vendored-local,arithmetic,L,30,42,42,42,not-run,,not-run,none,not-run,Missing QASM artifact.,,196,,,,12,,,,,,,,,,,,,,,,,,,,,,,,,,,,,,,,,,,,,,,,,,,,,,,,,,,,,,,,,,,,,,,,,,,,,,
cuccaro_adder_n3,original,vendored-local,applications,S,7,8,8,8,not-run,,ok,full,ok,,external/circuit-to-tensor/benchmarks/applications/cuccaro_adder_n3/cuccaro_adder_n3.qasm,42,42,0,0.0,10,10,0,0.4117647058823529,0.875,0.7777777777777778,0.875,0.9333333333333333,31,30,1.4,0.2,0.2,0.2,0.23809523809523808,7,73,102,,,,,,,,,,,,,,,,,,,,,,,,,,,,,,,,,,,,,,,,,,,,,,,,,,,,,
cuccaro_adder_n3,pyzx,vendored-local,applications,S,7,8,8,8,not-run,1.556614875793457,ok,full,ok,,results/pyzx/cuccaro_adder_n3/optimized.qasm,42,16,26,0.6190476190476191,10,6,4,0.0784313725490196,0.45977011494252873,0.29850746268656714,0.45977011494252873,0.6299212598425197,17,16,1.0,1.28125,1.28125,1.53125,0.375,7,110,204,,,,,,,,,,,,,,,,,,,,,,,,,,,,,,,,,,,,,,,,,,,,,,,,,,,,,
cuccaro_adder_n3,compile_no_quizx,vendored-local,applications,S,7,8,8,8,not-run,,ok,full,ok,,external/circuit-to-tensor/benchmarks/applications/cuccaro_adder_n3/cuccaro_adder_n3.hopt.qasm,42,16,26,0.6190476190476191,10,16,-6,0.09090909090909091,0.5,0.3333333333333333,0.5,0.6666666666666666,17,16,1.0,0.03125,0.03125,0.125,1.0,7,158,176,,,,,,,,,,,,,,,,,,,,,,,,,,,,,,,,,,,,,,,,,,,,,,,,,,,,,
cuccaro_adder_n3,compile_quizx,vendored-local,applications,S,7,8,8,8,not-run,0.2914268970489502,ok,full,ok,,results/compile_stage1/quizx/cuccaro_adder_n3/cuccaro_adder_n3.hopt.qasm,42,16,26,0.6190476190476191,10,12,-2,0.10457516339869281,0.5387205387205387,0.3686635944700461,0.5387205387205387,0.700218818380744,17,16,1.0,0.0625,0.0625,0.0625,0.75,7,131,153,,,,,,,,,,,,,,,,,,,,,,,,,,,,,,,,,,,,,,,,,,,,,,,,,,,,,
cuccaro_adder_n3,public_resynth_no_gadgets,vendored-local,applications,S,7,8,8,8,not-run,,not-available,none,not-run,Missing QASM artifact.,,42,,,,10,,,,,,,,,,,,,,,,,,,,,,,,,,,,,,,,,,,,,,,,,,,,,,,,,,,,,,,,,,,,,,,,,,,,,,
cuccaro_adder_n3,public_resynth_gadgets,vendored-local,applications,S,7,8,8,8,not-run,,ok,full,ok,,results/public_resynth/public_resynth_gadgets/cuccaro_adder_n3/assembled.qasm,42,14,28,0.6666666666666666,10,4,6,0.046052631578947366,0.32558139534883723,0.19444444444444445,0.32558139534883723,0.49122807017543857,11,10,1.4,0.3,0.3,0.5,0.2857142857142857,8,242,304,,,,,,,,,,,,,,,,,,,,,,,,,,,,,,,,,,,,,,,,,,,,,,,,,,,,,
cuccaro_adder_n3,public_resynth_structural,vendored-local,applications,S,7,8,8,8,not-run,,ok,full,ok,,results/tmp_alphaq_border_full/public_resynth_structural/cuccaro_adder_n3/assembled.qasm,42,14,28,0.6666666666666666,10,4,6,0.046052631578947366,0.32558139534883723,0.19444444444444445,0.32558139534883723,0.49122807017543857,11,10,1.4,0.3,0.3,0.5,0.2857142857142857,8,242,304,,structural,ok,,0.5205479452054794,ok,,0.5205479452054794,-0.3835616438356164,0.5205479452054794,1.0,3.315068493150685,3.7886497064579254,ok,,242,8,1936,38,7,266,14,26,214,8,1712,201,66,8,528,45,28,176,0.8429752066115702,0.9090909090909091,3.324675324675325,3.315068493150685,0.3333333333333333,14,4,0,,,,,,,,,,,,
cuccaro_adder_n3,public_resynth_reranker,vendored-local,applications,S,7,8,8,8,not-run,,ok,full,ok,,results/public_resynth_reranker/public_resynth_reranker/cuccaro_adder_n3/assembled.qasm,42,14,28,0.6666666666666666,10,4,6,0.046052631578947366,0.32558139534883723,0.19444444444444445,0.32558139534883723,0.49122807017543857,11,10,1.4,0.3,0.3,0.5,0.2857142857142857,8,242,304,,mlp_reranker,ok,,0.9090909090909091,,,,,,,,,,,,,,,,,,,,,,,,,,,,,,0.9090909090909091,3.324675324675325,3.315068493150685,0.3333333333333333,14,4,0,cuccaro_adder_n3:combo0,,1.0682442010357922,0.03480816919334076,0.1,0.0,/Users/caio/Deep-Learning/project/results/models/alphatensor_structural_reranker.json,,,,,
cuccaro_adder_n3,demo_control_no_gadgets,vendored-local,applications,S,7,8,8,8,not-run,,not-run,none,not-run,Missing QASM artifact.,,42,,,,10,,,,,,,,,,,,,,,,,,,,,,,,,,,,,,,,,,,,,,,,,,,,,,,,,,,,,,,,,,,,,,,,,,,,,,
cuccaro_adder_n3,demo_control_gadgets,vendored-local,applications,S,7,8,8,8,not-run,,not-run,none,not-run,Missing QASM artifact.,,42,,,,10,,,,,,,,,,,,,,,,,,,,,,,,,,,,,,,,,,,,,,,,,,,,,,,,,,,,,,,,,,,,,,,,,,,,,,
cuccaro_adder_n4,original,vendored-local,applications,M,9,12,12,12,not-run,,ok,full,ok,,external/circuit-to-tensor/benchmarks/applications/cuccaro_adder_n4/cuccaro_adder_n4.qasm,56,56,0,0.0,10,10,0,0.4117647058823529,0.875,0.7777777777777778,0.875,0.9333333333333333,41,40,1.4,0.2,0.2,0.2,0.17857142857142858,9,97,136,,,,,,,,,,,,,,,,,,,,,,,,,,,,,,,,,,,,,,,,,,,,,,,,,,,,,
cuccaro_adder_n4,pyzx,vendored-local,applications,M,9,12,12,12,not-run,1.2359061241149902,ok,full,ok,,results/pyzx/cuccaro_adder_n4/optimized.qasm,56,24,32,0.5714285714285714,10,4,6,0.0933852140077821,0.507399577167019,0.33994334277620397,0.507399577167019,0.6732117812061711,25,24,1.0,1.2083333333333333,1.2083333333333333,1.5,0.16666666666666666,9,134,257,,,,,,,,,,,,,,,,,,,,,,,,,,,,,,,,,,,,,,,,,,,,,,,,,,,,,
cuccaro_adder_n4,compile_no_quizx,vendored-local,applications,M,9,12,12,12,not-run,,ok,full,ok,,external/circuit-to-tensor/benchmarks/applications/cuccaro_adder_n4/cuccaro_adder_n4.hopt.qasm,56,24,32,0.5714285714285714,10,15,-5,0.11428571428571428,0.5633802816901409,0.39215686274509803,0.5633802816901409,0.7207207207207207,25,24,1.0,0.041666666666666664,0.041666666666666664,0.10416666666666667,0.625,9,175,210,,,,,,,,,,,,,,,,,,,,,,,,,,,,,,,,,,,,,,,,,,,,,,,,,,,,,
cuccaro_adder_n4,compile_quizx,vendored-local,applications,M,9,12,12,12,not-run,0.06017589569091797,ok,full,ok,,results/compile_stage1/quizx/cuccaro_adder_n4/cuccaro_adder_n4.hopt.qasm,56,24,32,0.5714285714285714,10,13,-3,0.11059907834101383,0.5542725173210161,0.38338658146964855,0.5542725173210161,0.7132243684992571,25,24,1.0,0.0625,0.0625,0.10416666666666667,0.5416666666666666,9,179,217,,,,,,,,,,,,,,,,,,,,,,,,,,,,,,,,,,,,,,,,,,,,,,,,,,,,,
cuccaro_adder_n4,public_resynth_no_gadgets,vendored-local,applications,M,9,12,12,12,not-run,,not-available,none,not-run,Missing QASM artifact.,,56,,,,10,,,,,,,,,,,,,,,,,,,,,,,,,,,,,,,,,,,,,,,,,,,,,,,,,,,,,,,,,,,,,,,,,,,,,,
cuccaro_adder_n4,public_resynth_gadgets,vendored-local,applications,M,9,12,12,12,not-run,,ok,full,ok,,results/public_resynth/public_resynth_gadgets/cuccaro_adder_n4/assembled.qasm,56,21,35,0.625,10,7,3,0.05263157894736842,0.35714285714285715,0.21739130434782608,0.35714285714285715,0.5263157894736842,16,15,1.4,0.3,0.3,0.5,0.3333333333333333,12,292,399,,,,,,,,,,,,,,,,,,,,,,,,,,,,,,,,,,,,,,,,,,,,,,,,,,,,,
cuccaro_adder_n4,demo_control_no_gadgets,vendored-local,applications,M,9,12,12,12,not-run,,not-run,none,not-run,Missing QASM artifact.,,56,,,,10,,,,,,,,,,,,,,,,,,,,,,,,,,,,,,,,,,,,,,,,,,,,,,,,,,,,,,,,,,,,,,,,,,,,,,
cuccaro_adder_n4,demo_control_gadgets,vendored-local,applications,M,9,12,12,12,not-run,,not-run,none,not-run,Missing QASM artifact.,,56,,,,10,,,,,,,,,,,,,,,,,,,,,,,,,,,,,,,,,,,,,,,,,,,,,,,,,,,,,,,,,,,,,,,,,,,,,,
cuccaro_adder_n5,original,vendored-local,applications,M,11,16,16,16,not-run,,ok,full,ok,,external/circuit-to-tensor/benchmarks/applications/cuccaro_adder_n5/cuccaro_adder_n5.qasm,70,70,0,0.0,10,10,0,0.4117647058823529,0.875,0.7777777777777778,0.875,0.9333333333333333,51,50,1.4,0.2,0.2,0.2,0.14285714285714285,11,121,170,,,,,,,,,,,,,,,,,,,,,,,,,,,,,,,,,,,,,,,,,,,,,,,,,,,,,
cuccaro_adder_n5,pyzx,vendored-local,applications,M,11,16,16,16,not-run,1.4391732215881348,ok,full,ok,,results/pyzx/cuccaro_adder_n5/optimized.qasm,70,32,38,0.5428571428571428,10,9,1,0.09090909090909091,0.5,0.3333333333333333,0.5,0.6666666666666666,33,32,1.0,1.203125,1.203125,1.5,0.28125,11,185,352,,,,,,,,,,,,,,,,,,,,,,,,,,,,,,,,,,,,,,,,,,,,,,,,,,,,,
cuccaro_adder_n5,compile_no_quizx,vendored-local,applications,M,11,16,16,16,not-run,,ok,full,ok,,external/circuit-to-tensor/benchmarks/applications/cuccaro_adder_n5/cuccaro_adder_n5.hopt.qasm,70,32,38,0.5428571428571428,10,18,-8,0.10158730158730159,0.5306799336650083,0.3611738148984199,0.5306799336650083,0.6933911159263272,33,32,1.0,0.046875,0.046875,0.125,0.5625,11,258,315,,,,,,,,,,,,,,,,,,,,,,,,,,,,,,,,,,,,,,,,,,,,,,,,,,,,,
cuccaro_adder_n5,compile_quizx,vendored-local,applications,M,11,16,16,16,not-run,0.03772735595703125,ok,full,ok,,results/compile_stage1/quizx/cuccaro_adder_n5/cuccaro_adder_n5.hopt.qasm,70,32,38,0.5428571428571428,10,16,-6,0.10289389067524116,0.5342237061769616,0.36446469248291574,0.5342237061769616,0.6964091403699674,33,32,1.0,0.0625,0.0625,0.125,0.5,11,250,311,,,,,,,,,,,,,,,,,,,,,,,,,,,,,,,,,,,,,,,,,,,,,,,,,,,,,
cuccaro_adder_n5,public_resynth_no_gadgets,vendored-local,applications,M,11,16,16,16,not-run,,not-available,none,not-run,Missing QASM artifact.,,70,,,,10,,,,,,,,,,,,,,,,,,,,,,,,,,,,,,,,,,,,,,,,,,,,,,,,,,,,,,,,,,,,,,,,,,,,,,
cuccaro_adder_n5,public_resynth_gadgets,vendored-local,applications,M,11,16,16,16,not-run,,ok,full,ok,,results/public_resynth/public_resynth_gadgets/cuccaro_adder_n5/assembled.qasm,70,28,42,0.6,10,7,3,0.04185351270553064,0.30401737242128124,0.1792573623559539,0.30401737242128124,0.466278101582015,21,20,1.4,0.3,0.3,0.5,0.25,16,489,669,,,,,,,,,,,,,,,,,,,,,,,,,,,,,,,,,,,,,,,,,,,,,,,,,,,,,
cuccaro_adder_n5,demo_control_no_gadgets,vendored-local,applications,M,11,16,16,16,not-run,,not-run,none,not-run,Missing QASM artifact.,,70,,,,10,,,,,,,,,,,,,,,,,,,,,,,,,,,,,,,,,,,,,,,,,,,,,,,,,,,,,,,,,,,,,,,,,,,,,,
cuccaro_adder_n5,demo_control_gadgets,vendored-local,applications,M,11,16,16,16,not-run,,not-run,none,not-run,Missing QASM artifact.,,70,,,,10,,,,,,,,,,,,,,,,,,,,,,,,,,,,,,,,,,,,,,,,,,,,,,,,,,,,,,,,,,,,,,,,,,,,,,
cuccaro_adder_n6,original,vendored-local,applications,M,13,20,20,20,not-run,,ok,full,ok,,external/circuit-to-tensor/benchmarks/applications/cuccaro_adder_n6/cuccaro_adder_n6.qasm,84,84,0,0.0,10,10,0,0.4117647058823529,0.875,0.7777777777777778,0.875,0.9333333333333333,61,60,1.4,0.2,0.2,0.2,0.11904761904761904,13,145,204,,,,,,,,,,,,,,,,,,,,,,,,,,,,,,,,,,,,,,,,,,,,,,,,,,,,,
cuccaro_adder_n6,pyzx,vendored-local,applications,M,13,20,20,20,not-run,1.5587241649627686,ok,full,ok,,results/pyzx/cuccaro_adder_n6/optimized.qasm,84,40,44,0.5238095238095238,10,6,4,0.08928571428571429,0.49504950495049505,0.32894736842105265,0.49504950495049505,0.6622516556291391,41,40,1.0,1.175,1.175,1.4125,0.15,13,228,448,,,,,,,,,,,,,,,,,,,,,,,,,,,,,,,,,,,,,,,,,,,,,,,,,,,,,
cuccaro_adder_n6,compile_no_quizx,vendored-local,applications,M,13,20,20,20,not-run,,ok,full,ok,,external/circuit-to-tensor/benchmarks/applications/cuccaro_adder_n6/cuccaro_adder_n6.hopt.qasm,84,40,44,0.5238095238095238,10,21,-11,0.08213552361396304,0.4722550177095632,0.3091190108191654,0.4722550177095632,0.6415396952686447,41,40,1.0,0.025,0.025,0.0625,0.525,13,388,487,,,,,,,,,,,,,,,,,,,,,,,,,,,,,,,,,,,,,,,,,,,,,,,,,,,,,
cuccaro_adder_n6,compile_quizx,vendored-local,applications,M,13,20,20,20,not-run,0.05058908462524414,ok,full,ok,,results/compile_stage1/quizx/cuccaro_adder_n6/cuccaro_adder_n6.hopt.qasm,84,40,44,0.5238095238095238,10,30,-20,0.08620689655172414,0.4854368932038835,0.32051282051282054,0.4854368932038835,0.6535947712418301,41,40,1.0,0.0625,0.0625,0.075,0.75,13,388,464,,,,,,,,,,,,,,,,,,,,,,,,,,,,,,,,,,,,,,,,,,,,,,,,,,,,,
cuccaro_adder_n6,public_resynth_no_gadgets,vendored-local,applications,M,13,20,20,20,not-run,,not-available,none,not-run,Missing QASM artifact.,,84,,,,10,,,,,,,,,,,,,,,,,,,,,,,,,,,,,,,,,,,,,,,,,,,,,,,,,,,,,,,,,,,,,,,,,,,,,,
cuccaro_adder_n6,public_resynth_gadgets,vendored-local,applications,M,13,20,20,20,not-run,,ok,full,ok,,results/public_resynth/public_resynth_gadgets/cuccaro_adder_n6/assembled.qasm,84,35,49,0.5833333333333334,10,13,-3,0.03771551724137931,0.2815768302493966,0.16385767790262173,0.2815768302493966,0.4394224733207784,26,25,1.4,0.3,0.3,0.5,0.37142857142857144,20,676,928,,,,,,,,,,,,,,,,,,,,,,,,,,,,,,,,,,,,,,,,,,,,,,,,,,,,,
cuccaro_adder_n6,demo_control_no_gadgets,vendored-local,applications,M,13,20,20,20,not-run,,not-run,none,not-run,Missing QASM artifact.,,84,,,,10,,,,,,,,,,,,,,,,,,,,,,,,,,,,,,,,,,,,,,,,,,,,,,,,,,,,,,,,,,,,,,,,,,,,,,
cuccaro_adder_n6,demo_control_gadgets,vendored-local,applications,M,13,20,20,20,not-run,,not-run,none,not-run,Missing QASM artifact.,,84,,,,10,,,,,,,,,,,,,,,,,,,,,,,,,,,,,,,,,,,,,,,,,,,,,,,,,,,,,,,,,,,,,,,,,,,,,,
cuccaro_adder_n7,original,vendored-local,applications,L,15,24,24,24,not-run,,ok,full,ok,,external/circuit-to-tensor/benchmarks/applications/cuccaro_adder_n7/cuccaro_adder_n7.qasm,98,98,0,0.0,10,10,0,0.4117647058823529,0.875,0.7777777777777778,0.875,0.9333333333333333,71,70,1.4,0.2,0.2,0.2,0.10204081632653061,15,169,238,,,,,,,,,,,,,,,,,,,,,,,,,,,,,,,,,,,,,,,,,,,,,,,,,,,,,
cuccaro_adder_n7,pyzx,vendored-local,applications,L,15,24,24,24,not-run,1.7657737731933594,ok,full,ok,,results/pyzx/cuccaro_adder_n7/optimized.qasm,98,48,50,0.5102040816326531,10,9,1,0.09523809523809523,0.5128205128205128,0.3448275862068966,0.5128205128205128,0.6779661016949152,49,48,1.0,1.125,1.125,1.375,0.1875,15,280,504,,,,,,,,,,,,,,,,,,,,,,,,,,,,,,,,,,,,,,,,,,,,,,,,,,,,,
cuccaro_adder_n7,compile_no_quizx,vendored-local,applications,L,15,24,24,24,not-run,,ok,full,ok,,external/circuit-to-tensor/benchmarks/applications/cuccaro_adder_n7/cuccaro_adder_n7.hopt.qasm,98,48,50,0.5102040816326531,10,28,-18,0.08333333333333333,0.47619047619047616,0.3125,0.47619047619047616,0.6451612903225806,49,48,1.0,0.052083333333333336,0.052083333333333336,0.0625,0.5833333333333334,15,471,576,,,,,,,,,,,,,,,,,,,,,,,,,,,,,,,,,,,,,,,,,,,,,,,,,,,,,
cuccaro_adder_n7,compile_quizx,vendored-local,applications,L,15,24,24,24,not-run,0.03195977210998535,ok,full,ok,,results/compile_stage1/quizx/cuccaro_adder_n7/cuccaro_adder_n7.hopt.qasm,98,48,50,0.5102040816326531,10,32,-22,0.08135593220338982,0.46966731898238745,0.3069053708439898,0.46966731898238745,0.6391478029294274,49,48,1.0,0.041666666666666664,0.041666666666666664,0.09375,0.6666666666666666,15,476,590,,,,,,,,,,,,,,,,,,,,,,,,,,,,,,,,,,,,,,,,,,,,,,,,,,,,,
cuccaro_adder_n7,public_resynth_no_gadgets,vendored-local,applications,L,15,24,24,24,not-run,,not-available,none,not-run,Missing QASM artifact.,,98,,,,10,,,,,,,,,,,,,,,,,,,,,,,,,,,,,,,,,,,,,,,,,,,,,,,,,,,,,,,,,,,,,,,,,,,,,,
cuccaro_adder_n7,public_resynth_gadgets,vendored-local,applications,L,15,24,24,24,not-run,,ok,full,ok,,results/public_resynth/public_resynth_gadgets/cuccaro_adder_n7/assembled.qasm,98,42,56,0.5714285714285714,10,8,2,0.03700440528634361,0.2775941837409121,0.16116653875671527,0.2775941837409121,0.4345576823590274,31,30,1.4,0.3,0.3,0.5,0.19047619047619047,24,816,1135,,,,,,,,,,,,,,,,,,,,,,,,,,,,,,,,,,,,,,,,,,,,,,,,,,,,,
cuccaro_adder_n7,demo_control_no_gadgets,vendored-local,applications,L,15,24,24,24,not-run,,not-run,none,not-run,Missing QASM artifact.,,98,,,,10,,,,,,,,,,,,,,,,,,,,,,,,,,,,,,,,,,,,,,,,,,,,,,,,,,,,,,,,,,,,,,,,,,,,,,
cuccaro_adder_n7,demo_control_gadgets,vendored-local,applications,L,15,24,24,24,not-run,,not-run,none,not-run,Missing QASM artifact.,,98,,,,10,,,,,,,,,,,,,,,,,,,,,,,,,,,,,,,,,,,,,,,,,,,,,,,,,,,,,,,,,,,,,,,,,,,,,,
cuccaro_adder_n8,original,vendored-local,applications,L,17,28,28,28,not-run,,ok,full,ok,,external/circuit-to-tensor/benchmarks/applications/cuccaro_adder_n8/cuccaro_adder_n8.qasm,112,112,0,0.0,10,10,0,0.4117647058823529,0.875,0.7777777777777778,0.875,0.9333333333333333,81,80,1.4,0.2,0.2,0.2,0.08928571428571429,17,193,272,,,,,,,,,,,,,,,,,,,,,,,,,,,,,,,,,,,,,,,,,,,,,,,,,,,,,
cuccaro_adder_n8,pyzx,vendored-local,applications,L,17,28,28,28,not-run,1.8584251403808594,ok,full,ok,,results/pyzx/cuccaro_adder_n8/optimized.qasm,112,56,56,0.5,10,8,2,0.09859154929577464,0.5223880597014925,0.35353535353535354,0.5223880597014925,0.6862745098039216,57,56,1.0,1.2053571428571428,1.2053571428571428,1.4732142857142858,0.14285714285714285,17,260,568,,,,,,,,,,,,,,,,,,,,,,,,,,,,,,,,,,,,,,,,,,,,,,,,,,,,,
cuccaro_adder_n8,compile_no_quizx,vendored-local,applications,L,17,28,28,28,not-run,,ok,full,ok,,external/circuit-to-tensor/benchmarks/applications/cuccaro_adder_n8/cuccaro_adder_n8.hopt.qasm,112,56,56,0.5,10,33,-23,0.07282184655396619,0.4399057344854674,0.28197381671701915,0.4399057344854674,0.6110201854882706,57,56,1.0,0.044642857142857144,0.044642857142857144,0.08035714285714286,0.5892857142857143,17,595,769,,,,,,,,,,,,,,,,,,,,,,,,,,,,,,,,,,,,,,,,,,,,,,,,,,,,,
cuccaro_adder_n8,compile_quizx,vendored-local,applications,L,17,28,28,28,not-run,0.157958984375,ok,full,ok,,results/compile_stage1/quizx/cuccaro_adder_n8/cuccaro_adder_n8.hopt.qasm,112,56,56,0.5,10,27,-17,0.07567567567567568,0.45016077170418006,0.29045643153526973,0.45016077170418006,0.6208425720620843,57,56,1.0,0.044642857142857144,0.044642857142857144,0.07142857142857142,0.48214285714285715,17,591,740,,,,,,,,,,,,,,,,,,,,,,,,,,,,,,,,,,,,,,,,,,,,,,,,,,,,,
cuccaro_adder_n8,public_resynth_no_gadgets,vendored-local,applications,L,17,28,28,28,not-run,,not-available,none,not-run,Missing QASM artifact.,,112,,,,10,,,,,,,,,,,,,,,,,,,,,,,,,,,,,,,,,,,,,,,,,,,,,,,,,,,,,,,,,,,,,,,,,,,,,,
cuccaro_adder_n8,public_resynth_gadgets,vendored-local,applications,L,17,28,28,28,not-run,,ok,full,ok,,results/public_resynth/public_resynth_gadgets/cuccaro_adder_n8/assembled.qasm,112,49,63,0.5625,10,15,-5,0.0337465564738292,0.2588483888008452,0.1486650485436893,0.2588483888008452,0.4112463281577843,36,35,1.4,0.3,0.3,0.5,0.30612244897959184,28,1013,1452,,,,,,,,,,,,,,,,,,,,,,,,,,,,,,,,,,,,,,,,,,,,,,,,,,,,,
cuccaro_adder_n8,demo_control_no_gadgets,vendored-local,applications,L,17,28,28,28,not-run,,not-run,none,not-run,Missing QASM artifact.,,112,,,,10,,,,,,,,,,,,,,,,,,,,,,,,,,,,,,,,,,,,,,,,,,,,,,,,,,,,,,,,,,,,,,,,,,,,,,
cuccaro_adder_n8,demo_control_gadgets,vendored-local,applications,L,17,28,28,28,not-run,,not-run,none,not-run,Missing QASM artifact.,,112,,,,10,,,,,,,,,,,,,,,,,,,,,,,,,,,,,,,,,,,,,,,,,,,,,,,,,,,,,,,,,,,,,,,,,,,,,,
cuccaro_adder_n9,original,vendored-local,applications,L,19,32,32,32,not-run,,ok,full,ok,,external/circuit-to-tensor/benchmarks/applications/cuccaro_adder_n9/cuccaro_adder_n9.qasm,126,126,0,0.0,10,10,0,0.4117647058823529,0.875,0.7777777777777778,0.875,0.9333333333333333,91,90,1.4,0.2,0.2,0.2,0.07936507936507936,19,217,306,,,,,,,,,,,,,,,,,,,,,,,,,,,,,,,,,,,,,,,,,,,,,,,,,,,,,
cuccaro_adder_n9,pyzx,vendored-local,applications,L,19,32,32,32,not-run,1.629479169845581,ok,full,ok,,results/pyzx/cuccaro_adder_n9/optimized.qasm,126,64,62,0.49206349206349204,10,8,2,0.09169054441260745,0.5023547880690737,0.33542976939203356,0.5023547880690737,0.6687565308254964,65,64,1.0,1.1796875,1.1796875,1.53125,0.125,19,377,698,,,,,,,,,,,,,,,,,,,,,,,,,,,,,,,,,,,,,,,,,,,,,,,,,,,,,
cuccaro_adder_n9,compile_no_quizx,vendored-local,applications,L,19,32,32,32,not-run,,ok,full,ok,,external/circuit-to-tensor/benchmarks/applications/cuccaro_adder_n9/cuccaro_adder_n9.hopt.qasm,126,64,62,0.49206349206349204,10,35,-25,0.07166853303471445,0.43567052416609936,0.278503046127067,0.43567052416609936,0.6069227121858701,65,64,1.0,0.03125,0.03125,0.1171875,0.546875,19,717,893,,,,,,,,,,,,,,,,,,,,,,,,,,,,,,,,,,,,,,,,,,,,,,,,,,,,,
cuccaro_adder_n9,compile_quizx,vendored-local,applications,L,19,32,32,32,not-run,0.08463096618652344,ok,full,ok,,results/compile_stage1/quizx/cuccaro_adder_n9/cuccaro_adder_n9.hopt.qasm,126,64,62,0.49206349206349204,10,29,-19,0.07223476297968397,0.4377564979480164,0.28021015761821366,0.4377564979480164,0.6089438629876308,65,64,1.0,0.03125,0.03125,0.09375,0.453125,19,715,886,,,,,,,,,,,,,,,,,,,,,,,,,,,,,,,,,,,,,,,,,,,,,,,,,,,,,
cuccaro_adder_n9,public_resynth_no_gadgets,vendored-local,applications,L,19,32,32,32,not-run,,not-available,none,not-run,Missing QASM artifact.,,126,,,,10,,,,,,,,,,,,,,,,,,,,,,,,,,,,,,,,,,,,,,,,,,,,,,,,,,,,,,,,,,,,,,,,,,,,,,
cuccaro_adder_n9,public_resynth_gadgets,vendored-local,applications,L,19,32,32,32,not-run,,ok,full,ok,,results/public_resynth/public_resynth_gadgets/cuccaro_adder_n9/assembled.qasm,126,56,70,0.5555555555555556,10,13,-3,0.0278468423669816,0.22266401590457258,0.12527964205816555,0.22266401590457258,0.3642276422764228,41,40,1.4,0.3,0.3,0.5,0.23214285714285715,32,1452,2011,,,,,,,,,,,,,,,,,,,,,,,,,,,,,,,,,,,,,,,,,,,,,,,,,,,,,
cuccaro_adder_n9,demo_control_no_gadgets,vendored-local,applications,L,19,32,32,32,not-run,,not-run,none,not-run,Missing QASM artifact.,,126,,,,10,,,,,,,,,,,,,,,,,,,,,,,,,,,,,,,,,,,,,,,,,,,,,,,,,,,,,,,,,,,,,,,,,,,,,,
cuccaro_adder_n9,demo_control_gadgets,vendored-local,applications,L,19,32,32,32,not-run,,not-run,none,not-run,Missing QASM artifact.,,126,,,,10,,,,,,,,,,,,,,,,,,,,,,,,,,,,,,,,,,,,,,,,,,,,,,,,,,,,,,,,,,,,,,,,,,,,,,
cuccaro_adder_n10,original,vendored-local,applications,L,21,36,36,36,not-run,,ok,full,ok,,external/circuit-to-tensor/benchmarks/applications/cuccaro_adder_n10/cuccaro_adder_n10.qasm,140,140,0,0.0,10,10,0,0.4117647058823529,0.875,0.7777777777777778,0.875,0.9333333333333333,101,100,1.4,0.2,0.2,0.2,0.07142857142857142,21,241,340,,,,,,,,,,,,,,,,,,,,,,,,,,,,,,,,,,,,,,,,,,,,,,,,,,,,,
cuccaro_adder_n10,pyzx,vendored-local,applications,L,21,36,36,36,not-run,1.8502168655395508,ok,full,ok,,results/pyzx/cuccaro_adder_n10/optimized.qasm,140,72,68,0.4857142857142857,10,9,1,0.0995850622406639,0.5251641137855579,0.3560830860534125,0.5251641137855579,0.6886657101865137,73,72,1.0,1.1666666666666667,1.1666666666666667,1.4722222222222223,0.125,21,359,723,,,,,,,,,,,,,,,,,,,,,,,,,,,,,,,,,,,,,,,,,,,,,,,,,,,,,
cuccaro_adder_n10,compile_no_quizx,vendored-local,applications,L,21,36,36,36,not-run,,ok,full,ok,,external/circuit-to-tensor/benchmarks/applications/cuccaro_adder_n10/cuccaro_adder_n10.hopt.qasm,140,72,68,0.4857142857142857,10,38,-28,0.07243460764587525,0.438489646772229,0.28081123244929795,0.438489646772229,0.6096528365791702,73,72,1.0,0.034722222222222224,0.034722222222222224,0.05555555555555555,0.5277777777777778,21,782,994,,,,,,,,,,,,,,,,,,,,,,,,,,,,,,,,,,,,,,,,,,,,,,,,,,,,,
cuccaro_adder_n10,compile_quizx,vendored-local,applications,L,21,36,36,36,not-run,0.23885703086853027,ok,full,ok,,results/compile_stage1/quizx/cuccaro_adder_n10/cuccaro_adder_n10.hopt.qasm,140,72,68,0.4857142857142857,10,32,-22,0.06850618458610847,0.42377869334902885,0.268857356235997,0.42377869334902885,0.5952873088052915,73,72,1.0,0.041666666666666664,0.041666666666666664,0.10416666666666667,0.4444444444444444,21,846,1051,,,,,,,,,,,,,,,,,,,,,,,,,,,,,,,,,,,,,,,,,,,,,,,,,,,,,
cuccaro_adder_n10,public_resynth_no_gadgets,vendored-local,applications,L,21,36,36,36,not-run,,not-available,none,not-run,Missing QASM artifact.,,140,,,,10,,,,,,,,,,,,,,,,,,,,,,,,,,,,,,,,,,,,,,,,,,,,,,,,,,,,,,,,,,,,,,,,,,,,,,
cuccaro_adder_n10,public_resynth_gadgets,vendored-local,applications,L,21,36,36,36,not-run,,ok,full,ok,,results/public_resynth/public_resynth_gadgets/cuccaro_adder_n10/assembled.qasm,140,63,77,0.55,10,23,-13,0.03289817232375979,0.25382755842062854,0.14536225196123673,0.25382755842062854,0.40488431876606684,46,45,1.4,0.3,0.3,0.5,0.36507936507936506,36,1338,1915,,,,,,,,,,,,,,,,,,,,,,,,,,,,,,,,,,,,,,,,,,,,,,,,,,,,,
cuccaro_adder_n10,demo_control_no_gadgets,vendored-local,applications,L,21,36,36,36,not-run,,not-run,none,not-run,Missing QASM artifact.,,140,,,,10,,,,,,,,,,,,,,,,,,,,,,,,,,,,,,,,,,,,,,,,,,,,,,,,,,,,,,,,,,,,,,,,,,,,,,
cuccaro_adder_n10,demo_control_gadgets,vendored-local,applications,L,21,36,36,36,not-run,,not-run,none,not-run,Missing QASM artifact.,,140,,,,10,,,,,,,,,,,,,,,,,,,,,,,,,,,,,,,,,,,,,,,,,,,,,,,,,,,,,,,,,,,,,,,,,,,,,,
gf_2pow2_mult,original,vendored-local,arithmetic,S,6,6,6,6,not-run,,ok,full,ok,,external/circuit-to-tensor/benchmarks/arithmetic/gf_2pow2_mult/gf_2pow2_mult.qasm,28,28,0,0.0,8,8,0,0.45901639344262296,0.8945686900958466,0.8092485549132948,0.8945686900958466,0.9443507588532883,21,20,1.4,0.2,0.2,0.2,0.2857142857142857,6,42,61,,,,,,,,,,,,,,,,,,,,,,,,,,,,,,,,,,,,,,,,,,,,,,,,,,,,,
gf_2pow2_mult,pyzx,vendored-local,arithmetic,S,6,6,6,6,not-run,1.3611483573913574,ok,full,ok,,results/pyzx/gf_2pow2_mult/optimized.qasm,28,18,10,0.35714285714285715,8,4,4,0.0743801652892562,0.44554455445544555,0.28662420382165604,0.44554455445544555,0.6164383561643836,19,18,1.0,1.3055555555555556,1.3055555555555556,1.6388888888888888,0.2222222222222222,6,111,242,,,,,,,,,,,,,,,,,,,,,,,,,,,,,,,,,,,,,,,,,,,,,,,,,,,,,
gf_2pow2_mult,compile_no_quizx,vendored-local,arithmetic,S,6,6,6,6,not-run,,ok,full,ok,,external/circuit-to-tensor/benchmarks/arithmetic/gf_2pow2_mult/gf_2pow2_mult.hopt.qasm,28,18,10,0.35714285714285715,8,6,2,0.1565217391304348,0.6498194945848376,0.48128342245989303,0.6498194945848376,0.787746170678337,19,18,1.0,0.0,0.0,0.027777777777777776,0.3333333333333333,6,84,115,,,,,,,,,,,,,,,,,,,,,,,,,,,,,,,,,,,,,,,,,,,,,,,,,,,,,
gf_2pow2_mult,compile_quizx,vendored-local,arithmetic,S,6,6,6,6,not-run,0.060575008392333984,ok,full,ok,,results/compile_stage1/quizx/gf_2pow2_mult/gf_2pow2_mult.hopt.qasm,28,18,10,0.35714285714285715,8,6,2,0.1651376146788991,0.6642066420664207,0.4972375690607735,0.6642066420664207,0.7982261640798226,19,18,1.0,0.05555555555555555,0.05555555555555555,0.05555555555555555,0.3333333333333333,6,80,109,,,,,,,,,,,,,,,,,,,,,,,,,,,,,,,,,,,,,,,,,,,,,,,,,,,,,
gf_2pow2_mult,public_resynth_no_gadgets,vendored-local,arithmetic,S,6,6,6,6,not-run,,ok,full,ok,,results/public_resynth/public_resynth_no_gadgets/gf_2pow2_mult/assembled.qasm,28,17,11,0.39285714285714285,8,6,2,0.08018867924528301,0.4657534246575342,0.30357142857142855,0.4657534246575342,0.6355140186915887,18,17,1.0,0.0,0.0,0.029411764705882353,0.35294117647058826,6,161,212,,,,,,,,,,,,,,,,,,,,,,,,,,,,,,,,,,,,,,,,,,,,,,,,,,,,,
gf_2pow2_mult,public_resynth_gadgets,vendored-local,arithmetic,S,6,6,6,6,not-run,,ok,full,ok,,results/public_resynth/public_resynth_gadgets/gf_2pow2_mult/assembled.qasm,28,21,7,0.25,8,5,3,0.08677685950413223,0.4872389791183295,0.3220858895705521,0.4872389791183295,0.6552262090483619,16,15,1.4,0.3,0.3,0.5,0.23809523809523808,6,158,242,,,,,,,,,,,,,,,,,,,,,,,,,,,,,,,,,,,,,,,,,,,,,,,,,,,,,
gf_2pow2_mult,public_resynth_structural,vendored-local,arithmetic,S,6,6,6,6,not-run,,ok,full,ok,,results/tmp_alphaq_border_full/public_resynth_structural/gf_2pow2_mult/assembled.qasm,28,21,7,0.25,8,6,2,0.09333333333333334,0.5072463768115942,0.33980582524271846,0.5072463768115942,0.6730769230769231,16,15,1.4,0.3,0.3,0.5,0.2857142857142857,6,147,225,,structural,ok,,1.2619047619047619,ok,,1.2619047619047619,0.33333333333333326,1.2619047619047619,1.0,3.5,3.5,ok,,147,6,882,53,6,318,21,33,132,6,792,110,68,6,408,44,15,79,0.6394557823129252,1.7272727272727273,4.045454545454546,3.5,0.75,21,6,11,,,,,,,,,,,,
gf_2pow2_mult,public_resynth_reranker,vendored-local,arithmetic,S,6,6,6,6,not-run,,ok,full,ok,,results/public_resynth_reranker/public_resynth_reranker/gf_2pow2_mult/assembled.qasm,28,17,11,0.39285714285714285,8,12,-4,0.08717948717948718,0.4885057471264368,0.3231939163498099,0.4885057471264368,0.6563706563706564,18,17,1.0,0.029411764705882353,0.029411764705882353,0.08823529411764706,0.7058823529411765,6,145,195,,mlp_reranker,ok,,1.7272727272727273,,,,,,,,,,,,,,,,,,,,,,,,,,,,,,1.7272727272727273,3.7954545454545454,3.4523809523809526,0.6071428571428571,17,12,7,gf_2pow2_mult:combo7,,1.8210865948624269,0.02123627049814871,0.1,0.09037976527200842,/Users/caio/Deep-Learning/project/results/models/alphatensor_structural_reranker.json,,,,,
gf_2pow2_mult,demo_control_no_gadgets,vendored-local,arithmetic,S,6,6,6,6,not-run,,not-run,none,not-run,Missing QASM artifact.,,28,,,,8,,,,,,,,,,,,,,,,,,,,,,,,,,,,,,,,,,,,,,,,,,,,,,,,,,,,,,,,,,,,,,,,,,,,,,
gf_2pow2_mult,demo_control_gadgets,vendored-local,arithmetic,S,6,6,6,6,not-run,,not-run,none,not-run,Missing QASM artifact.,,28,,,,8,,,,,,,,,,,,,,,,,,,,,,,,,,,,,,,,,,,,,,,,,,,,,,,,,,,,,,,,,,,,,,,,,,,,,,
gf_2pow3_mult,original,vendored-local,arithmetic,M,9,9,9,9,not-run,,ok,full,ok,,external/circuit-to-tensor/benchmarks/arithmetic/gf_2pow3_mult/gf_2pow3_mult.qasm,63,63,0,0.0,12,12,0,0.45985401459854014,0.8948863636363636,0.8097686375321337,0.8948863636363636,0.9445277361319341,46,45,1.4,0.2,0.2,0.2,0.19047619047619047,9,81,137,,,,,,,,,,,,,,,,,,,,,,,,,,,,,,,,,,,,,,,,,,,,,,,,,,,,,
gf_2pow3_mult,pyzx,vendored-local,arithmetic,M,9,9,9,9,not-run,1.3162188529968262,ok,full,ok,,results/pyzx/gf_2pow3_mult/optimized.qasm,63,45,18,0.2857142857142857,12,6,6,0.0695517774343122,0.42775665399239543,0.2720677146311971,0.42775665399239543,0.5992010652463382,46,45,1.0,1.1777777777777778,1.1777777777777778,1.4777777777777779,0.13333333333333333,9,262,647,,,,,,,,,,,,,,,,,,,,,,,,,,,,,,,,,,,,,,,,,,,,,,,,,,,,,
gf_2pow3_mult,compile_no_quizx,vendored-local,arithmetic,M,9,9,9,9,not-run,,ok,full,ok,,external/circuit-to-tensor/benchmarks/arithmetic/gf_2pow3_mult/gf_2pow3_mult.hopt.qasm,63,45,18,0.2857142857142857,12,10,2,0.16917293233082706,0.6706408345752608,0.5044843049327354,0.6706408345752608,0.8028545941123997,46,45,1.0,0.011111111111111112,0.011111111111111112,0.011111111111111112,0.2222222222222222,9,162,266,,,,,,,,,,,,,,,,,,,,,,,,,,,,,,,,,,,,,,,,,,,,,,,,,,,,,
gf_2pow3_mult,compile_quizx,vendored-local,arithmetic,M,9,9,9,9,not-run,0.12734103202819824,ok,full,ok,,results/compile_stage1/quizx/gf_2pow3_mult/gf_2pow3_mult.hopt.qasm,63,45,18,0.2857142857142857,12,10,2,0.1744186046511628,0.6787330316742082,0.5136986301369864,0.6787330316742082,0.8086253369272237,46,45,1.0,0.022222222222222223,0.022222222222222223,0.03333333333333333,0.2222222222222222,9,153,258,,,,,,,,,,,,,,,,,,,,,,,,,,,,,,,,,,,,,,,,,,,,,,,,,,,,,
gf_2pow3_mult,public_resynth_no_gadgets,vendored-local,arithmetic,M,9,9,9,9,not-run,,ok,full,ok,,results/public_resynth/public_resynth_no_gadgets/gf_2pow3_mult/assembled.qasm,63,29,34,0.5396825396825397,12,10,2,0.06807511737089202,0.42212518195050946,0.26752767527675275,0.42212518195050946,0.593654042988741,30,29,1.0,0.034482758620689655,0.034482758620689655,0.10344827586206896,0.3448275862068966,9,284,426,,,,,,,,,,,,,,,,,,,,,,,,,,,,,,,,,,,,,,,,,,,,,,,,,,,,,
gf_2pow3_mult,public_resynth_gadgets,vendored-local,arithmetic,M,9,9,9,9,not-run,,ok,full,ok,,results/public_resynth/public_resynth_gadgets/gf_2pow3_mult/assembled.qasm,63,42,21,0.3333333333333333,12,9,3,0.07894736842105263,0.46153846153846156,0.3,0.46153846153846156,0.631578947368421,31,30,1.4,0.3,0.3,0.5,0.21428571428571427,9,329,532,,,,,,,,,,,,,,,,,,,,,,,,,,,,,,,,,,,,,,,,,,,,,,,,,,,,,
gf_2pow3_mult,demo_control_no_gadgets,vendored-local,arithmetic,M,9,9,9,9,not-run,,not-run,none,not-run,Missing QASM artifact.,,63,,,,12,,,,,,,,,,,,,,,,,,,,,,,,,,,,,,,,,,,,,,,,,,,,,,,,,,,,,,,,,,,,,,,,,,,,,,
gf_2pow3_mult,demo_control_gadgets,vendored-local,arithmetic,M,9,9,9,9,not-run,,not-run,none,not-run,Missing QASM artifact.,,63,,,,12,,,,,,,,,,,,,,,,,,,,,,,,,,,,,,,,,,,,,,,,,,,,,,,,,,,,,,,,,,,,,,,,,,,,,,
gf_2pow4_mult,original,vendored-local,arithmetic,M,12,12,12,12,not-run,,ok,full,ok,,external/circuit-to-tensor/benchmarks/arithmetic/gf_2pow4_mult/gf_2pow4_mult.qasm,112,112,0,0.0,16,16,0,0.3875432525951557,0.8635312259059368,0.7598371777476255,0.8635312259059368,0.9267687215556475,81,80,1.4,0.2625,0.2625,0.3625,0.14285714285714285,12,133,289,,,,,,,,,,,,,,,,,,,,,,,,,,,,,,,,,,,,,,,,,,,,,,,,,,,,,
gf_2pow4_mult,pyzx,vendored-local,arithmetic,M,12,12,12,12,not-run,1.8475751876831055,ok,full,ok,,results/pyzx/gf_2pow4_mult/optimized.qasm,112,68,44,0.39285714285714285,16,7,9,0.06221408966148216,0.39882697947214074,0.2490842490842491,0.39882697947214074,0.570230607966457,69,68,1.0,1.1323529411764706,1.1323529411764706,1.4411764705882353,0.10294117647058823,12,424,1093,,,,,,,,,,,,,,,,,,,,,,,,,,,,,,,,,,,,,,,,,,,,,,,,,,,,,
gf_2pow4_mult,compile_no_quizx,vendored-local,arithmetic,M,12,12,12,12,not-run,,ok,full,ok,,external/circuit-to-tensor/benchmarks/arithmetic/gf_2pow4_mult/gf_2pow4_mult.hopt.qasm,112,68,44,0.39285714285714285,16,12,4,0.1552511415525114,0.6476190476190476,0.4788732394366197,0.6476190476190476,0.7861271676300579,69,68,1.0,0.022058823529411766,0.022058823529411766,0.022058823529411766,0.17647058823529413,12,192,438,,,,,,,,,,,,,,,,,,,,,,,,,,,,,,,,,,,,,,,,,,,,,,,,,,,,,
gf_2pow4_mult,compile_quizx,vendored-local,arithmetic,M,12,12,12,12,not-run,0.12388992309570312,ok,full,ok,,results/compile_stage1/quizx/gf_2pow4_mult/gf_2pow4_mult.hopt.qasm,112,68,44,0.39285714285714285,16,12,4,0.1552511415525114,0.6476190476190476,0.4788732394366197,0.6476190476190476,0.7861271676300579,69,68,1.0,0.0,0.0,0.0,0.17647058823529413,12,227,438,,,,,,,,,,,,,,,,,,,,,,,,,,,,,,,,,,,,,,,,,,,,,,,,,,,,,
gf_2pow4_mult,public_resynth_no_gadgets,vendored-local,arithmetic,M,12,12,12,12,not-run,,failed,none,not-run,Missing QASM artifact.,,112,,,,16,,,,,,,,,,,,,,,,,,,,,,,,,,,,,,,,,,,,,,,,,,,,,,,,,,,,,,,,,,,,,,,,,,,,,,
gf_2pow4_mult,public_resynth_gadgets,vendored-local,arithmetic,M,12,12,12,12,not-run,,failed,none,not-run,Missing QASM artifact.,,112,,,,16,,,,,,,,,,,,,,,,,,,,,,,,,,,,,,,,,,,,,,,,,,,,,,,,,,,,,,,,,,,,,,,,,,,,,,
gf_2pow4_mult,demo_control_no_gadgets,vendored-local,arithmetic,M,12,12,12,12,not-run,,not-run,none,not-run,Missing QASM artifact.,,112,,,,16,,,,,,,,,,,,,,,,,,,,,,,,,,,,,,,,,,,,,,,,,,,,,,,,,,,,,,,,,,,,,,,,,,,,,,
gf_2pow4_mult,demo_control_gadgets,vendored-local,arithmetic,M,12,12,12,12,not-run,,not-run,none,not-run,Missing QASM artifact.,,112,,,,16,,,,,,,,,,,,,,,,,,,,,,,,,,,,,,,,,,,,,,,,,,,,,,,,,,,,,,,,,,,,,,,,,,,,,,
gf_2pow5_mult,original,vendored-local,arithmetic,M,15,15,15,15,not-run,,ok,full,ok,,external/circuit-to-tensor/benchmarks/arithmetic/gf_2pow5_mult/gf_2pow5_mult.qasm,175,175,0,0.0,20,20,0,0.39149888143176736,0.8654797230464887,0.7628596338273758,0.8654797230464887,0.9278897136797455,126,125,1.4,0.26,0.26,0.352,0.11428571428571428,15,168,447,,,,,,,,,,,,,,,,,,,,,,,,,,,,,,,,,,,,,,,,,,,,,,,,,,,,,
gf_2pow5_mult,pyzx,vendored-local,arithmetic,M,15,15,15,15,not-run,1.7959201335906982,ok,full,ok,,results/pyzx/gf_2pow5_mult/optimized.qasm,175,115,60,0.34285714285714286,20,10,10,0.058673469387755105,0.38397328881469117,0.23760330578512398,0.38397328881469117,0.5548854041013269,114,113,1.0176991150442478,1.2256637168141593,1.2256637168141593,1.5442477876106195,0.08695652173913043,15,672,1960,,,,,,,,,,,,,,,,,,,,,,,,,,,,,,,,,,,,,,,,,,,,,,,,,,,,,
gf_2pow5_mult,compile_no_quizx,vendored-local,arithmetic,M,15,15,15,15,not-run,,ok,full,ok,,external/circuit-to-tensor/benchmarks/arithmetic/gf_2pow5_mult/gf_2pow5_mult.hopt.qasm,175,115,60,0.34285714285714286,20,16,4,0.16083916083916083,0.6571428571428571,0.48936170212765956,0.6571428571428571,0.7931034482758621,116,115,1.0,0.0,0.0,0.013043478260869565,0.1391304347826087,15,305,715,,,,,,,,,,,,,,,,,,,,,,,,,,,,,,,,,,,,,,,,,,,,,,,,,,,,,
gf_2pow5_mult,compile_quizx,vendored-local,arithmetic,M,15,15,15,15,not-run,0.09752106666564941,ok,full,ok,,results/compile_stage1/quizx/gf_2pow5_mult/gf_2pow5_mult.hopt.qasm,175,115,60,0.34285714285714286,20,16,4,0.17087667161961367,0.6733021077283372,0.5075022065313327,0.6733021077283372,0.8047585724282715,116,115,1.0,0.021739130434782608,0.021739130434782608,0.021739130434782608,0.1391304347826087,15,298,673,,,,,,,,,,,,,,,,,,,,,,,,,,,,,,,,,,,,,,,,,,,,,,,,,,,,,
gf_2pow5_mult,public_resynth_no_gadgets,vendored-local,arithmetic,M,15,15,15,15,not-run,,failed,none,not-run,Missing QASM artifact.,,175,,,,20,,,,,,,,,,,,,,,,,,,,,,,,,,,,,,,,,,,,,,,,,,,,,,,,,,,,,,,,,,,,,,,,,,,,,,
gf_2pow5_mult,public_resynth_gadgets,vendored-local,arithmetic,M,15,15,15,15,not-run,,failed,none,not-run,Missing QASM artifact.,,175,,,,20,,,,,,,,,,,,,,,,,,,,,,,,,,,,,,,,,,,,,,,,,,,,,,,,,,,,,,,,,,,,,,,,,,,,,,
gf_2pow5_mult,demo_control_no_gadgets,vendored-local,arithmetic,M,15,15,15,15,not-run,,not-run,none,not-run,Missing QASM artifact.,,175,,,,20,,,,,,,,,,,,,,,,,,,,,,,,,,,,,,,,,,,,,,,,,,,,,,,,,,,,,,,,,,,,,,,,,,,,,,
gf_2pow5_mult,demo_control_gadgets,vendored-local,arithmetic,M,15,15,15,15,not-run,,not-run,none,not-run,Missing QASM artifact.,,175,,,,20,,,,,,,,,,,,,,,,,,,,,,,,,,,,,,,,,,,,,,,,,,,,,,,,,,,,,,,,,,,,,,,,,,,,,,
gf_2pow6_mult,original,vendored-local,arithmetic,M,18,18,18,18,not-run,,ok,full,ok,,external/circuit-to-tensor/benchmarks/arithmetic/gf_2pow6_mult/gf_2pow6_mult.qasm,252,252,0,0.0,24,24,0,0.39436619718309857,0.8668730650154799,0.7650273224043715,0.8668730650154799,0.9286898839137645,181,180,1.4,0.25833333333333336,0.25833333333333336,0.34444444444444444,0.09523809523809523,18,217,639,,,,,,,,,,,,,,,,,,,,,,,,,,,,,,,,,,,,,,,,,,,,,,,,,,,,,
gf_2pow6_mult,pyzx,vendored-local,arithmetic,M,18,18,18,18,not-run,3.73734712600708,ok,full,ok,,results/pyzx/gf_2pow6_mult/optimized.qasm,252,150,102,0.40476190476190477,24,9,15,0.04859086491739553,0.3380662609871535,0.20341741253051263,0.3380662609871535,0.5053057099545225,151,150,1.0,1.2233333333333334,1.2233333333333334,1.5166666666666666,0.06,18,1065,3087,,,,,,,,,,,,,,,,,,,,,,,,,,,,,,,,,,,,,,,,,,,,,,,,,,,,,
gf_2pow6_mult,compile_no_quizx,vendored-local,arithmetic,M,18,18,18,18,not-run,,ok,full,ok,,external/circuit-to-tensor/benchmarks/arithmetic/gf_2pow6_mult/gf_2pow6_mult.hopt.qasm,252,150,102,0.40476190476190477,24,18,6,0.1362397820163488,0.6119951040391677,0.4409171075837742,0.6119951040391677,0.7593014426727411,151,150,1.0,0.0,0.0,0.0,0.12,18,601,1101,,,,,,,,,,,,,,,,,,,,,,,,,,,,,,,,,,,,,,,,,,,,,,,,,,,,,
gf_2pow6_mult,compile_quizx,vendored-local,arithmetic,M,18,18,18,18,not-run,0.1978757381439209,ok,full,ok,,results/compile_stage1/quizx/gf_2pow6_mult/gf_2pow6_mult.hopt.qasm,252,150,102,0.40476190476190477,24,18,6,0.15991471215351813,0.6555944055944056,0.48764629388816644,0.6555944055944056,0.791974656810982,151,150,1.0,0.006666666666666667,0.006666666666666667,0.013333333333333334,0.12,18,350,938,,,,,,,,,,,,,,,,,,,,,,,,,,,,,,,,,,,,,,,,,,,,,,,,,,,,,
gf_2pow6_mult,public_resynth_no_gadgets,vendored-local,arithmetic,M,18,18,18,18,not-run,,failed,none,not-run,Missing QASM artifact.,,252,,,,24,,,,,,,,,,,,,,,,,,,,,,,,,,,,,,,,,,,,,,,,,,,,,,,,,,,,,,,,,,,,,,,,,,,,,,
gf_2pow6_mult,public_resynth_gadgets,vendored-local,arithmetic,M,18,18,18,18,not-run,,failed,none,not-run,Missing QASM artifact.,,252,,,,24,,,,,,,,,,,,,,,,,,,,,,,,,,,,,,,,,,,,,,,,,,,,,,,,,,,,,,,,,,,,,,,,,,,,,,
gf_2pow6_mult,demo_control_no_gadgets,vendored-local,arithmetic,M,18,18,18,18,not-run,,not-run,none,not-run,Missing QASM artifact.,,252,,,,24,,,,,,,,,,,,,,,,,,,,,,,,,,,,,,,,,,,,,,,,,,,,,,,,,,,,,,,,,,,,,,,,,,,,,,
gf_2pow6_mult,demo_control_gadgets,vendored-local,arithmetic,M,18,18,18,18,not-run,,not-run,none,not-run,Missing QASM artifact.,,252,,,,24,,,,,,,,,,,,,,,,,,,,,,,,,,,,,,,,,,,,,,,,,,,,,,,,,,,,,,,,,,,,,,,,,,,,,,
gf_2pow7_mult,original,vendored-local,arithmetic,L,21,21,21,21,not-run,,ok,full,ok,,external/circuit-to-tensor/benchmarks/arithmetic/gf_2pow7_mult/gf_2pow7_mult.qasm,343,343,0,0.0,28,28,0,0.3965317919075145,0.867914979757085,0.7666517657577112,0.867914979757085,0.9292874559739908,246,245,1.4,0.2571428571428571,0.2571428571428571,0.33877551020408164,0.08163265306122448,21,259,865,,,,,,,,,,,,,,,,,,,,,,,,,,,,,,,,,,,,,,,,,,,,,,,,,,,,,
gf_2pow7_mult,pyzx,vendored-local,arithmetic,L,21,21,21,21,not-run,3.2500128746032715,ok,full,ok,,results/pyzx/gf_2pow7_mult/optimized.qasm,343,217,126,0.3673469387755102,28,14,14,0.058983419407447675,0.38529829545454547,0.23861886958434134,0.38529829545454547,0.5562676236862343,218,217,1.0,1.1820276497695852,1.1820276497695852,1.412442396313364,0.06451612903225806,21,1173,3679,,,,,,,,,,,,,,,,,,,,,,,,,,,,,,,,,,,,,,,,,,,,,,,,,,,,,
gf_2pow7_mult,compile_no_quizx,vendored-local,arithmetic,L,21,21,21,21,not-run,,ok,full,ok,,external/circuit-to-tensor/benchmarks/arithmetic/gf_2pow7_mult/gf_2pow7_mult.hopt.qasm,343,217,126,0.3673469387755102,28,22,6,0.16157855547282204,0.658373786407767,0.49072817729534146,0.658373786407767,0.7939992682034395,218,217,1.0,0.0069124423963133645,0.0069124423963133645,0.009216589861751152,0.10138248847926268,21,492,1343,,,,,,,,,,,,,,,,,,,,,,,,,,,,,,,,,,,,,,,,,,,,,,,,,,,,,
gf_2pow7_mult,compile_quizx,vendored-local,arithmetic,L,21,21,21,21,not-run,0.24240517616271973,ok,full,ok,,results/compile_stage1/quizx/gf_2pow7_mult/gf_2pow7_mult.hopt.qasm,343,217,126,0.3673469387755102,28,22,6,0.16692307692307692,0.6670765447279434,0.5004612546125461,0.6670765447279434,0.8002950396459524,217,216,1.0046296296296295,0.004629629629629629,0.004629629629629629,0.006944444444444444,0.10138248847926268,21,446,1300,,,,,,,,,,,,,,,,,,,,,,,,,,,,,,,,,,,,,,,,,,,,,,,,,,,,,
gf_2pow7_mult,public_resynth_no_gadgets,vendored-local,arithmetic,L,21,21,21,21,not-run,,failed,none,not-run,Missing QASM artifact.,,343,,,,28,,,,,,,,,,,,,,,,,,,,,,,,,,,,,,,,,,,,,,,,,,,,,,,,,,,,,,,,,,,,,,,,,,,,,,
gf_2pow7_mult,public_resynth_gadgets,vendored-local,arithmetic,L,21,21,21,21,not-run,,failed,none,not-run,Missing QASM artifact.,,343,,,,28,,,,,,,,,,,,,,,,,,,,,,,,,,,,,,,,,,,,,,,,,,,,,,,,,,,,,,,,,,,,,,,,,,,,,,
gf_2pow7_mult,demo_control_no_gadgets,vendored-local,arithmetic,L,21,21,21,21,not-run,,not-run,none,not-run,Missing QASM artifact.,,343,,,,28,,,,,,,,,,,,,,,,,,,,,,,,,,,,,,,,,,,,,,,,,,,,,,,,,,,,,,,,,,,,,,,,,,,,,,
gf_2pow7_mult,demo_control_gadgets,vendored-local,arithmetic,L,21,21,21,21,not-run,,not-run,none,not-run,Missing QASM artifact.,,343,,,,28,,,,,,,,,,,,,,,,,,,,,,,,,,,,,,,,,,,,,,,,,,,,,,,,,,,,,,,,,,,,,,,,,,,,,,
gf_2pow8_mult,original,vendored-local,arithmetic,L,24,24,24,24,not-run,,ok,full,ok,,external/circuit-to-tensor/benchmarks/arithmetic/gf_2pow8_mult/gf_2pow8_mult.qasm,448,448,0,0.0,32,32,0,0.3933274802458297,0.8663701411719203,0.764244285226885,0.8663701411719203,0.9284012019479847,321,320,1.4,0.25625,0.25625,0.334375,0.07142857142857142,24,307,1139,,,,,,,,,,,,,,,,,,,,,,,,,,,,,,,,,,,,,,,,,,,,,,,,,,,,,
gf_2pow8_mult,pyzx,vendored-local,arithmetic,L,24,24,24,24,not-run,18.773202896118164,ok,full,ok,,results/pyzx/gf_2pow8_mult/optimized.qasm,448,264,184,0.4107142857142857,32,14,18,0.050028425241614556,0.3449627597020776,0.20843202273803885,0.3449627597020776,0.5129699795977849,265,264,1.0,1.1666666666666667,1.1666666666666667,1.4261363636363635,0.05303030303030303,24,1735,5277,,,,,,,,,,,,,,,,,,,,,,,,,,,,,,,,,,,,,,,,,,,,,,,,,,,,,
gf_2pow8_mult,compile_no_quizx,vendored-local,arithmetic,L,24,24,24,24,not-run,,ok,full,ok,,external/circuit-to-tensor/benchmarks/arithmetic/gf_2pow8_mult/gf_2pow8_mult.hopt.qasm,448,264,184,0.4107142857142857,32,24,8,0.11924119241192412,0.5751633986928104,0.4036697247706422,0.5751633986928104,0.7302904564315352,265,264,1.0,0.001893939393939394,0.001893939393939394,0.003787878787878788,0.09090909090909091,24,1057,2214,,,,,,,,,,,,,,,,,,,,,,,,,,,,,,,,,,,,,,,,,,,,,,,,,,,,,
gf_2pow8_mult,compile_quizx,vendored-local,arithmetic,L,24,24,24,24,not-run,0.6504077911376953,ok,full,ok,,results/compile_stage1/quizx/gf_2pow8_mult/gf_2pow8_mult.hopt.qasm,448,264,184,0.4107142857142857,32,24,8,0.11650485436893204,0.5687203791469194,0.3973509933774834,0.5687203791469194,0.7250755287009063,265,264,1.0,0.0,0.0,0.0,0.09090909090909091,24,1139,2266,,,,,,,,,,,,,,,,,,,,,,,,,,,,,,,,,,,,,,,,,,,,,,,,,,,,,
gf_2pow8_mult,public_resynth_no_gadgets,vendored-local,arithmetic,L,24,24,24,24,not-run,,failed,none,not-run,Missing QASM artifact.,,448,,,,32,,,,,,,,,,,,,,,,,,,,,,,,,,,,,,,,,,,,,,,,,,,,,,,,,,,,,,,,,,,,,,,,,,,,,,
gf_2pow8_mult,public_resynth_gadgets,vendored-local,arithmetic,L,24,24,24,24,not-run,,failed,none,not-run,Missing QASM artifact.,,448,,,,32,,,,,,,,,,,,,,,,,,,,,,,,,,,,,,,,,,,,,,,,,,,,,,,,,,,,,,,,,,,,,,,,,,,,,,
gf_2pow8_mult,demo_control_no_gadgets,vendored-local,arithmetic,L,24,24,24,24,not-run,,not-run,none,not-run,Missing QASM artifact.,,448,,,,32,,,,,,,,,,,,,,,,,,,,,,,,,,,,,,,,,,,,,,,,,,,,,,,,,,,,,,,,,,,,,,,,,,,,,,
gf_2pow8_mult,demo_control_gadgets,vendored-local,arithmetic,L,24,24,24,24,not-run,,not-run,none,not-run,Missing QASM artifact.,,448,,,,32,,,,,,,,,,,,,,,,,,,,,,,,,,,,,,,,,,,,,,,,,,,,,,,,,,,,,,,,,,,,,,,,,,,,,,
gf_2pow9_mult,original,vendored-local,arithmetic,L,27,27,27,27,not-run,,ok,full,ok,,external/circuit-to-tensor/benchmarks/arithmetic/gf_2pow9_mult/gf_2pow9_mult.qasm,567,567,0,0.0,36,36,0,0.39957716701902746,0.8693652253909844,0.7689178193653377,0.8693652253909844,0.9301181102362205,406,405,1.4,0.25555555555555554,0.25555555555555554,0.3308641975308642,0.06349206349206349,27,336,1419,,,,,,,,,,,,,,,,,,,,,,,,,,,,,,,,,,,,,,,,,,,,,,,,,,,,,
gf_2pow9_mult,pyzx,vendored-local,arithmetic,L,27,27,27,27,not-run,11.484370946884155,ok,full,ok,,results/pyzx/gf_2pow9_mult/optimized.qasm,567,351,216,0.38095238095238093,36,20,16,0.05211581291759466,0.3547604608853851,0.2156284555842241,0.3547604608853851,0.5237242614145031,351,350,1.002857142857143,1.1485714285714286,1.1485714285714286,1.4142857142857144,0.05698005698005698,27,1961,6735,,,,,,,,,,,,,,,,,,,,,,,,,,,,,,,,,,,,,,,,,,,,,,,,,,,,,
gf_2pow9_mult,compile_no_quizx,vendored-local,arithmetic,L,27,27,27,27,not-run,,ok,full,ok,,external/circuit-to-tensor/benchmarks/arithmetic/gf_2pow9_mult/gf_2pow9_mult.hopt.qasm,567,351,216,0.38095238095238093,36,28,8,0.15976331360946747,0.6553398058252428,0.48736462093862815,0.6553398058252428,0.7917888563049853,352,351,1.0,0.0014245014245014246,0.0014245014245014246,0.005698005698005698,0.07977207977207977,27,679,2197,,,,,,,,,,,,,,,,,,,,,,,,,,,,,,,,,,,,,,,,,,,,,,,,,,,,,
gf_2pow9_mult,compile_quizx,vendored-local,arithmetic,L,27,27,27,27,not-run,0.6332871913909912,ok,full,ok,,results/compile_stage1/quizx/gf_2pow9_mult/gf_2pow9_mult.hopt.qasm,567,351,216,0.38095238095238093,36,28,8,0.1662719090478446,0.6660341555977229,0.4992887624466572,0.6660341555977229,0.7995444191343963,350,350,1.002857142857143,0.004291845493562232,0.004291845493562232,0.008583690987124463,0.07977207977207977,27,607,2111,,,,,,,,,,,,,,,,,,,,,,,,,,,,,,,,,,,,,,,,,,,,,,,,,,,,,
gf_2pow9_mult,public_resynth_no_gadgets,vendored-local,arithmetic,L,27,27,27,27,not-run,,failed,none,not-run,Missing QASM artifact.,,567,,,,36,,,,,,,,,,,,,,,,,,,,,,,,,,,,,,,,,,,,,,,,,,,,,,,,,,,,,,,,,,,,,,,,,,,,,,
gf_2pow9_mult,public_resynth_gadgets,vendored-local,arithmetic,L,27,27,27,27,not-run,,failed,none,not-run,Missing QASM artifact.,,567,,,,36,,,,,,,,,,,,,,,,,,,,,,,,,,,,,,,,,,,,,,,,,,,,,,,,,,,,,,,,,,,,,,,,,,,,,,
gf_2pow9_mult,demo_control_no_gadgets,vendored-local,arithmetic,L,27,27,27,27,not-run,,not-run,none,not-run,Missing QASM artifact.,,567,,,,36,,,,,,,,,,,,,,,,,,,,,,,,,,,,,,,,,,,,,,,,,,,,,,,,,,,,,,,,,,,,,,,,,,,,,,
gf_2pow9_mult,demo_control_gadgets,vendored-local,arithmetic,L,27,27,27,27,not-run,,not-run,none,not-run,Missing QASM artifact.,,567,,,,36,,,,,,,,,,,,,,,,,,,,,,,,,,,,,,,,,,,,,,,,,,,,,,,,,,,,,,,,,,,,,,,,,,,,,,
gf_2pow10_mult,original,vendored-local,arithmetic,L,30,30,30,30,not-run,,ok,full,ok,,external/circuit-to-tensor/benchmarks/arithmetic/gf_2pow10_mult/gf_2pow10_mult.qasm,700,700,0,0.0,40,40,0,0.4006868918145392,0.8698893997763142,0.7697382889817462,0.8698893997763142,0.9304180235262843,501,500,1.4,0.255,0.255,0.328,0.05714285714285714,30,378,1747,,,,,,,,,,,,,,,,,,,,,,,,,,,,,,,,,,,,,,,,,,,,,,,,,,,,,
gf_2pow10_mult,pyzx,vendored-local,arithmetic,L,30,30,30,30,not-run,15.804778814315796,ok,full,ok,,results/pyzx/gf_2pow10_mult/optimized.qasm,700,410,290,0.4142857142857143,40,21,19,0.05133984472827448,0.3511476533059267,0.21296488676501144,0.3511476533059267,0.5197768762677485,411,410,1.0,1.1182926829268294,1.1182926829268294,1.3695121951219513,0.05121951219512195,30,2142,7986,,,,,,,,,,,,,,,,,,,,,,,,,,,,,,,,,,,,,,,,,,,,,,,,,,,,,
gf_2pow10_mult,compile_no_quizx,vendored-local,arithmetic,L,30,30,30,30,not-run,,ok,full,ok,,external/circuit-to-tensor/benchmarks/arithmetic/gf_2pow10_mult/gf_2pow10_mult.hopt.qasm,700,410,290,0.4142857142857143,40,30,10,0.155420773313116,0.6479140328697851,0.4791958859280037,0.6479140328697851,0.7863444572305331,411,410,1.0,0.0012195121951219512,0.0012195121951219512,0.003658536585365854,0.07317073170731707,30,717,2638,,,,,,,,,,,,,,,,,,,,,,,,,,,,,,,,,,,,,,,,,,,,,,,,,,,,,
gf_2pow10_mult,compile_quizx,vendored-local,arithmetic,L,30,30,30,30,not-run,0.8737826347351074,ok,full,ok,,results/compile_stage1/quizx/gf_2pow10_mult/gf_2pow10_mult.hopt.qasm,700,410,290,0.4142857142857143,40,30,10,0.1419667590027701,0.6232897537245363,0.45273851590106007,0.6232897537245363,0.7679340700505712,411,410,1.0,0.0012195121951219512,0.0012195121951219512,0.0012195121951219512,0.07317073170731707,30,962,2888,,,,,,,,,,,,,,,,,,,,,,,,,,,,,,,,,,,,,,,,,,,,,,,,,,,,,
gf_2pow10_mult,public_resynth_no_gadgets,vendored-local,arithmetic,L,30,30,30,30,not-run,,failed,none,not-run,Missing QASM artifact.,,700,,,,40,,,,,,,,,,,,,,,,,,,,,,,,,,,,,,,,,,,,,,,,,,,,,,,,,,,,,,,,,,,,,,,,,,,,,,
gf_2pow10_mult,public_resynth_gadgets,vendored-local,arithmetic,L,30,30,30,30,not-run,,failed,none,not-run,Missing QASM artifact.,,700,,,,40,,,,,,,,,,,,,,,,,,,,,,,,,,,,,,,,,,,,,,,,,,,,,,,,,,,,,,,,,,,,,,,,,,,,,,
gf_2pow10_mult,demo_control_no_gadgets,vendored-local,arithmetic,L,30,30,30,30,not-run,,not-run,none,not-run,Missing QASM artifact.,,700,,,,40,,,,,,,,,,,,,,,,,,,,,,,,,,,,,,,,,,,,,,,,,,,,,,,,,,,,,,,,,,,,,,,,,,,,,,
gf_2pow10_mult,demo_control_gadgets,vendored-local,arithmetic,L,30,30,30,30,not-run,,not-run,none,not-run,Missing QASM artifact.,,700,,,,40,,,,,,,,,,,,,,,,,,,,,,,,,,,,,,,,,,,,,,,,,,,,,,,,,,,,,,,,,,,,,,,,,,,,,,
grover_5,original,vendored-local,arithmetic,L,9,58,58,77,not-run,,ok,full,ok,,external/circuit-to-tensor/benchmarks/arithmetic/grover_5/grover_5.qasm,336,336,0,0.0,96,96,0,0.3284457478005865,0.8302446256486287,0.7097591888466414,0.8302446256486287,0.907249898744431,241,240,1.4,0.25833333333333336,0.25833333333333336,0.425,0.2857142857142857,9,593,1023,,,,,,,,,,,,,,,,,,,,,,,,,,,,,,,,,,,,,,,,,,,,,,,,,,,,,
grover_5,pyzx,vendored-local,arithmetic,L,9,58,58,77,not-run,3.1497819423675537,ok,full,ok,,results/pyzx/grover_5/optimized.qasm,336,166,170,0.5059523809523809,96,34,62,0.14981949458483754,0.6379707916986933,0.4683972911963883,0.6379707916986933,0.7789770061004223,167,166,1.0,1.0271084337349397,1.0271084337349397,1.283132530120482,0.20481927710843373,9,801,1108,,,,,,,,,,,,,,,,,,,,,,,,,,,,,,,,,,,,,,,,,,,,,,,,,,,,,
grover_5,compile_no_quizx,vendored-local,arithmetic,L,9,58,58,77,not-run,,ok,full,ok,,external/circuit-to-tensor/benchmarks/arithmetic/grover_5/grover_5.hopt.qasm,336,166,170,0.5059523809523809,96,126,-30,0.08963282937365011,0.49611476389719067,0.3298887122416534,0.49611476389719067,0.6632041550139832,167,166,1.0,0.030120481927710843,0.030120481927710843,0.060240963855421686,0.7590361445783133,9,1695,1852,,,,,,,,,,,,,,,,,,,,,,,,,,,,,,,,,,,,,,,,,,,,,,,,,,,,,
grover_5,compile_quizx,vendored-local,arithmetic,L,9,58,58,77,not-run,0.8680310249328613,ok,full,ok,,results/compile_stage1/quizx/grover_5/grover_5.hopt.qasm,336,166,170,0.5059523809523809,96,110,-14,0.10265924551638837,0.5335904853744776,0.3638754932047348,0.5335904853744776,0.6958708866065815,167,166,1.0,0.06626506024096386,0.06626506024096386,0.10542168674698796,0.6626506024096386,9,1476,1617,,,,,,,,,,,,,,,,,,,,,,,,,,,,,,,,,,,,,,,,,,,,,,,,,,,,,
grover_5,public_resynth_no_gadgets,vendored-local,arithmetic,L,9,58,58,77,not-run,,ok,full,ok,,results/public_resynth/public_resynth_no_gadgets/grover_5/assembled.qasm,336,0,336,1.0,96,0,96,0.0,0.0,0.0,0.0,0.0,1,0,0.0,0.0,0.0,0.0,0.0,76,3168,4084,,,,,,,,,,,,,,,,,,,,,,,,,,,,,,,,,,,,,,,,,,,,,,,,,,,,,
grover_5,public_resynth_gadgets,vendored-local,arithmetic,L,9,58,58,77,not-run,,ok,full,ok,,results/public_resynth/public_resynth_gadgets/grover_5/assembled.qasm,336,0,336,1.0,96,0,96,0.0,0.0,0.0,0.0,0.0,1,0,0.0,0.0,0.0,0.0,0.0,76,3168,4084,,,,,,,,,,,,,,,,,,,,,,,,,,,,,,,,,,,,,,,,,,,,,,,,,,,,,
grover_5,demo_control_no_gadgets,vendored-local,arithmetic,L,9,58,58,77,not-run,,not-run,none,not-run,Missing QASM artifact.,,336,,,,96,,,,,,,,,,,,,,,,,,,,,,,,,,,,,,,,,,,,,,,,,,,,,,,,,,,,,,,,,,,,,,,,,,,,,,
grover_5,demo_control_gadgets,vendored-local,arithmetic,L,9,58,58,77,not-run,,not-run,none,not-run,Missing QASM artifact.,,336,,,,96,,,,,,,,,,,,,,,,,,,,,,,,,,,,,,,,,,,,,,,,,,,,,,,,,,,,,,,,,,,,,,,,,,,,,,
hamming_15_high,original,vendored-local,arithmetic,L,20,59,59,351,not-run,,ok,full,ok,,external/circuit-to-tensor/benchmarks/arithmetic/hamming_15_high/hamming_15_high.qasm,2457,2457,0,0.0,612,612,0,0.36606078665077474,0.8523850823937554,0.742744860943168,0.8523850823937554,0.9203108905328214,1756,1755,1.4,0.2928774928774929,0.2928774928774929,0.4393162393162393,0.2490842490842491,20,3694,6712,,,,,,,,,,,,,,,,,,,,,,,,,,,,,,,,,,,,,,,,,,,,,,,,,,,,,
hamming_15_high,pyzx,vendored-local,arithmetic,L,20,59,59,351,not-run,91.38341021537781,ok,full,ok,,results/pyzx/hamming_15_high/optimized.qasm,2457,1019,1438,0.5852665852665853,612,146,466,0.1552643608106049,0.6476420490657175,0.4788983927060814,0.6476420490657175,0.7861441135627218,1020,1019,1.0,0.9224730127576055,0.9224730127576055,1.1015701668302258,0.14327772325809618,20,4805,6563,,,,,,,,,,,,,,,,,,,,,,,,,,,,,,,,,,,,,,,,,,,,,,,,,,,,,
hamming_15_high,compile_no_quizx,vendored-local,arithmetic,L,20,59,59,351,not-run,,ok,full,ok,,external/circuit-to-tensor/benchmarks/arithmetic/hamming_15_high/hamming_15_high.hopt.qasm,2457,1019,1438,0.5852665852665853,612,596,16,0.04991672381698834,0.3444312996450904,0.20804409963250306,0.3444312996450904,0.5123821495914519,1020,1019,1.0,0.004906771344455349,0.004906771344455349,0.01226692836113837,0.5848871442590775,20,18175,20414,,,,,,,,,,,,,,,,,,,,,,,,,,,,,,,,,,,,,,,,,,,,,,,,,,,,,
hamming_15_high,compile_quizx,vendored-local,arithmetic,L,20,59,59,351,not-run,224.47278308868408,ok,full,ok,,results/compile_stage1/quizx/hamming_15_high/hamming_15_high.hopt.qasm,2457,1019,1438,0.5852665852665853,612,555,57,0.04905406055937996,0.3403018968741651,0.2050384321300656,0.3403018968741651,0.5077988737728609,1020,1019,1.0,0.01324828263002944,0.01324828263002944,0.023061825318940136,0.5446516192345436,20,18623,20773,,,,,,,,,,,,,,,,,,,,,,,,,,,,,,,,,,,,,,,,,,,,,,,,,,,,,
hamming_15_high,public_resynth_no_gadgets,vendored-local,arithmetic,L,20,59,59,351,not-run,,failed,none,not-run,Missing QASM artifact.,,2457,,,,612,,,,,,,,,,,,,,,,,,,,,,,,,,,,,,,,,,,,,,,,,,,,,,,,,,,,,,,,,,,,,,,,,,,,,,
hamming_15_high,public_resynth_gadgets,vendored-local,arithmetic,L,20,59,59,351,not-run,,failed,none,not-run,Missing QASM artifact.,,2457,,,,612,,,,,,,,,,,,,,,,,,,,,,,,,,,,,,,,,,,,,,,,,,,,,,,,,,,,,,,,,,,,,,,,,,,,,,
hamming_15_high,demo_control_no_gadgets,vendored-local,arithmetic,L,20,59,59,351,not-run,,not-run,none,not-run,Missing QASM artifact.,,2457,,,,612,,,,,,,,,,,,,,,,,,,,,,,,,,,,,,,,,,,,,,,,,,,,,,,,,,,,,,,,,,,,,,,,,,,,,,
hamming_15_high,demo_control_gadgets,vendored-local,arithmetic,L,20,59,59,351,not-run,,not-run,none,not-run,Missing QASM artifact.,,2457,,,,612,,,,,,,,,,,,,,,,,,,,,,,,,,,,,,,,,,,,,,,,,,,,,,,,,,,,,,,,,,,,,,,,,,,,,,
hamming_15_low,original,vendored-local,arithmetic,L,17,42,42,42,not-run,,ok,full,ok,,external/circuit-to-tensor/benchmarks/arithmetic/hamming_15_low/hamming_15_low.qasm,161,161,0,0.0,45,45,0,0.30093457943925234,0.811491935483871,0.6827820186598813,0.811491935483871,0.895937673900946,116,115,1.4,0.27391304347826084,0.27391304347826084,0.41304347826086957,0.2795031055900621,17,317,535,,,,,,,,,,,,,,,,,,,,,,,,,,,,,,,,,,,,,,,,,,,,,,,,,,,,,
hamming_15_low,pyzx,vendored-local,arithmetic,L,17,42,42,42,not-run,2.4241549968719482,ok,full,ok,,results/pyzx/hamming_15_low/optimized.qasm,161,97,64,0.39751552795031053,45,21,24,0.08956602031394276,0.49591002044989774,0.3297076818490823,0.49591002044989774,0.6630211893369788,98,97,1.0,1.056701030927835,1.056701030927835,1.324742268041237,0.21649484536082475,17,634,1083,,,,,,,,,,,,,,,,,,,,,,,,,,,,,,,,,,,,,,,,,,,,,,,,,,,,,
hamming_15_low,compile_no_quizx,vendored-local,arithmetic,L,17,42,42,42,not-run,,ok,full,ok,,external/circuit-to-tensor/benchmarks/arithmetic/hamming_15_low/hamming_15_low.hopt.qasm,161,97,64,0.39751552795031053,45,52,-7,0.05492638731596829,0.36756347101174686,0.22516248839368616,0.36756347101174686,0.5375450263230812,98,97,1.0,0.05154639175257732,0.05154639175257732,0.05154639175257732,0.5360824742268041,17,1482,1766,,,,,,,,,,,,,,,,,,,,,,,,,,,,,,,,,,,,,,,,,,,,,,,,,,,,,
hamming_15_low,compile_quizx,vendored-local,arithmetic,L,17,42,42,42,not-run,0.12280869483947754,ok,full,ok,,results/compile_stage1/quizx/hamming_15_low/hamming_15_low.hopt.qasm,161,97,64,0.39751552795031053,45,52,-7,0.059218559218559216,0.38630027877339707,0.23938795656465942,0.38630027877339707,0.5573111174949728,98,97,1.0,0.030927835051546393,0.030927835051546393,0.05154639175257732,0.5360824742268041,17,1405,1638,,,,,,,,,,,,,,,,,,,,,,,,,,,,,,,,,,,,,,,,,,,,,,,,,,,,,
hamming_15_low,public_resynth_no_gadgets,vendored-local,arithmetic,L,17,42,42,42,not-run,,ok,full,ok,,results/public_resynth/public_resynth_no_gadgets/hamming_15_low/assembled.qasm,161,73,88,0.546583850931677,45,17,28,0.01518618681090077,0.13360175695461202,0.07158266326730732,0.13360175695461202,0.23571197933484017,74,73,1.0,0.02054794520547945,0.02054794520547945,0.02054794520547945,0.2328767123287671,46,3646,4807,,,,,,,,,,,,,,,,,,,,,,,,,,,,,,,,,,,,,,,,,,,,,,,,,,,,,
hamming_15_low,public_resynth_gadgets,vendored-local,arithmetic,L,17,42,42,42,not-run,,ok,full,ok,,results/public_resynth/public_resynth_gadgets/hamming_15_low/assembled.qasm,161,119,42,0.2608695652173913,45,25,20,0.029794692038057086,0.2349457058242843,0.1331096196868009,0.2349457058242843,0.38049560351718625,86,85,1.4,0.3,0.3,0.5,0.21008403361344538,46,2721,3994,,,,,,,,,,,,,,,,,,,,,,,,,,,,,,,,,,,,,,,,,,,,,,,,,,,,,
hamming_15_low,demo_control_no_gadgets,vendored-local,arithmetic,L,17,42,42,42,not-run,,not-run,none,not-run,Missing QASM artifact.,,161,,,,45,,,,,,,,,,,,,,,,,,,,,,,,,,,,,,,,,,,,,,,,,,,,,,,,,,,,,,,,,,,,,,,,,,,,,,
hamming_15_low,demo_control_gadgets,vendored-local,arithmetic,L,17,42,42,42,not-run,,not-run,none,not-run,Missing QASM artifact.,,161,,,,45,,,,,,,,,,,,,,,,,,,,,,,,,,,,,,,,,,,,,,,,,,,,,,,,,,,,,,,,,,,,,,,,,,,,,,
hamming_15_med,original,vendored-local,arithmetic,L,17,59,59,71,not-run,,ok,full,ok,,external/circuit-to-tensor/benchmarks/arithmetic/hamming_15_med/hamming_15_med.qasm,574,574,0,0.0,144,144,0,0.35875,0.8483594442802247,0.7366529774127311,0.8483594442802247,0.917959379497841,411,410,1.4,0.28536585365853656,0.28536585365853656,0.4292682926829268,0.2508710801393728,17,895,1600,,,,,,,,,,,,,,,,,,,,,,,,,,,,,,,,,,,,,,,,,,,,,,,,,,,,,
hamming_15_med,pyzx,vendored-local,arithmetic,L,17,59,59,71,not-run,6.896770715713501,ok,full,ok,,results/pyzx/hamming_15_med/optimized.qasm,574,212,362,0.6306620209059234,144,32,112,0.12268518518518519,0.583058305830583,0.4114906832298137,0.583058305830583,0.7366226546212647,213,212,1.0,1.0353773584905661,1.0353773584905661,1.25,0.1509433962264151,17,1072,1728,,,,,,,,,,,,,,,,,,,,,,,,,,,,,,,,,,,,,,,,,,,,,,,,,,,,,
hamming_15_med,compile_no_quizx,vendored-local,arithmetic,L,17,59,59,71,not-run,,ok,full,ok,,external/circuit-to-tensor/benchmarks/arithmetic/hamming_15_med/hamming_15_med.hopt.qasm,574,212,362,0.6306620209059234,144,120,24,0.05824175824175824,0.3821196827685652,0.23618538324420676,0.3821196827685652,0.5529473135106938,213,212,1.0,0.02122641509433962,0.02122641509433962,0.03773584905660377,0.5660377358490566,17,3095,3640,,,,,,,,,,,,,,,,,,,,,,,,,,,,,,,,,,,,,,,,,,,,,,,,,,,,,
hamming_15_med,compile_quizx,vendored-local,arithmetic,L,17,59,59,71,not-run,0.2926509380340576,ok,full,ok,,results/compile_stage1/quizx/hamming_15_med/hamming_15_med.hopt.qasm,574,212,362,0.6306620209059234,144,100,44,0.05465326114978087,0.3663383445654052,0.22424370636767507,0.3663383445654052,0.536233716959656,213,212,1.0,0.018867924528301886,0.018867924528301886,0.0330188679245283,0.4716981132075472,17,3215,3879,,,,,,,,,,,,,,,,,,,,,,,,,,,,,,,,,,,,,,,,,,,,,,,,,,,,,
hamming_15_med,public_resynth_no_gadgets,vendored-local,arithmetic,L,17,59,59,71,not-run,,ok,full,ok,,results/public_resynth/public_resynth_no_gadgets/hamming_15_med/assembled.qasm,574,0,574,1.0,144,0,144,0.0,0.0,0.0,0.0,0.0,1,0,0.0,0.0,0.0,0.0,0.0,70,4599,5789,,,,,,,,,,,,,,,,,,,,,,,,,,,,,,,,,,,,,,,,,,,,,,,,,,,,,
hamming_15_med,public_resynth_gadgets,vendored-local,arithmetic,L,17,59,59,71,not-run,,ok,full,ok,,results/public_resynth/public_resynth_gadgets/hamming_15_med/assembled.qasm,574,0,574,1.0,144,0,144,0.0,0.0,0.0,0.0,0.0,1,0,0.0,0.0,0.0,0.0,0.0,70,4599,5789,,,,,,,,,,,,,,,,,,,,,,,,,,,,,,,,,,,,,,,,,,,,,,,,,,,,,
hamming_15_med,demo_control_no_gadgets,vendored-local,arithmetic,L,17,59,59,71,not-run,,not-run,none,not-run,Missing QASM artifact.,,574,,,,144,,,,,,,,,,,,,,,,,,,,,,,,,,,,,,,,,,,,,,,,,,,,,,,,,,,,,,,,,,,,,,,,,,,,,,
hamming_15_med,demo_control_gadgets,vendored-local,arithmetic,L,17,59,59,71,not-run,,not-run,none,not-run,Missing QASM artifact.,,574,,,,144,,,,,,,,,,,,,,,,,,,,,,,,,,,,,,,,,,,,,,,,,,,,,,,,,,,,,,,,,,,,,,,,,,,,,,
hamming_weight_n4,original,vendored-local,applications,M,7,9,9,9,not-run,,ok,full,ok,,external/circuit-to-tensor/benchmarks/applications/hamming_weight_n4/hamming_weight_n4.qasm,21,21,0,0.0,6,6,0,0.40384615384615385,0.8713692946058091,0.7720588235294118,0.8713692946058091,0.9312638580931264,16,15,1.4,0.2,0.2,0.2,0.2857142857142857,7,34,52,,,,,,,,,,,,,,,,,,,,,,,,,,,,,,,,,,,,,,,,,,,,,,,,,,,,,
hamming_weight_n4,pyzx,vendored-local,applications,M,7,9,9,9,not-run,1.3412258625030518,ok,full,ok,,results/pyzx/hamming_weight_n4/optimized.qasm,21,21,0,0.0,6,5,1,0.1076923076923077,0.546875,0.3763440860215054,0.546875,0.7070707070707071,22,21,1.0,1.4047619047619047,1.4047619047619047,1.6904761904761905,0.23809523809523808,7,92,195,,,,,,,,,,,,,,,,,,,,,,,,,,,,,,,,,,,,,,,,,,,,,,,,,,,,,
hamming_weight_n4,compile_no_quizx,vendored-local,applications,M,7,9,9,9,not-run,,ok,full,ok,,external/circuit-to-tensor/benchmarks/applications/hamming_weight_n4/hamming_weight_n4.hopt.qasm,21,21,0,0.0,6,12,-6,0.14285714285714285,0.625,0.45454545454545453,0.625,0.7692307692307693,22,21,1.0,0.11904761904761904,0.11904761904761904,0.11904761904761904,0.5714285714285714,7,117,147,,,,,,,,,,,,,,,,,,,,,,,,,,,,,,,,,,,,,,,,,,,,,,,,,,,,,
hamming_weight_n4,compile_quizx,vendored-local,applications,M,7,9,9,9,not-run,3.354499101638794,ok,full,ok,,results/compile_stage1/quizx/hamming_weight_n4/hamming_weight_n4.hopt.qasm,21,21,0,0.0,6,12,-6,0.14189189189189189,0.6231454005934718,0.4525862068965517,0.6231454005934718,0.7678244972577697,22,21,1.0,0.11904761904761904,0.11904761904761904,0.11904761904761904,0.5714285714285714,7,121,148,,,,,,,,,,,,,,,,,,,,,,,,,,,,,,,,,,,,,,,,,,,,,,,,,,,,,
hamming_weight_n4,public_resynth_no_gadgets,vendored-local,applications,M,7,9,9,9,not-run,,not-available,none,not-run,Missing QASM artifact.,,21,,,,6,,,,,,,,,,,,,,,,,,,,,,,,,,,,,,,,,,,,,,,,,,,,,,,,,,,,,,,,,,,,,,,,,,,,,,
hamming_weight_n4,public_resynth_gadgets,vendored-local,applications,M,7,9,9,9,not-run,,ok,full,ok,,results/public_resynth/public_resynth_gadgets/hamming_weight_n4/assembled.qasm,21,21,0,0.0,6,6,0,0.06796116504854369,0.42168674698795183,0.26717557251908397,0.42168674698795183,0.5932203389830508,16,15,1.4,0.3,0.3,0.5,0.2857142857142857,9,221,309,,,,,,,,,,,,,,,,,,,,,,,,,,,,,,,,,,,,,,,,,,,,,,,,,,,,,
hamming_weight_n4,demo_control_no_gadgets,vendored-local,applications,M,7,9,9,9,not-run,,not-run,none,not-run,Missing QASM artifact.,,21,,,,6,,,,,,,,,,,,,,,,,,,,,,,,,,,,,,,,,,,,,,,,,,,,,,,,,,,,,,,,,,,,,,,,,,,,,,
hamming_weight_n4,demo_control_gadgets,vendored-local,applications,M,7,9,9,9,not-run,,not-run,none,not-run,Missing QASM artifact.,,21,,,,6,,,,,,,,,,,,,,,,,,,,,,,,,,,,,,,,,,,,,,,,,,,,,,,,,,,,,,,,,,,,,,,,,,,,,,
hamming_weight_n5,original,vendored-local,applications,M,8,10,10,10,not-run,,ok,full,ok,,external/circuit-to-tensor/benchmarks/applications/hamming_weight_n5/hamming_weight_n5.qasm,21,21,0,0.0,6,6,0,0.375,0.8571428571428571,0.75,0.8571428571428571,0.9230769230769231,16,15,1.4,0.2,0.2,0.2,0.2857142857142857,8,38,56,,,,,,,,,,,,,,,,,,,,,,,,,,,,,,,,,,,,,,,,,,,,,,,,,,,,,
hamming_weight_n5,pyzx,vendored-local,applications,M,8,10,10,10,not-run,1.4325177669525146,ok,full,ok,,results/pyzx/hamming_weight_n5/optimized.qasm,21,21,0,0.0,6,6,0,0.09170305676855896,0.5023923444976076,0.3354632587859425,0.5023923444976076,0.6687898089171974,22,21,1.0,1.4285714285714286,1.4285714285714286,1.6904761904761905,0.2857142857142857,8,112,229,,,,,,,,,,,,,,,,,,,,,,,,,,,,,,,,,,,,,,,,,,,,,,,,,,,,,
hamming_weight_n5,compile_no_quizx,vendored-local,applications,M,8,10,10,10,not-run,,ok,full,ok,,external/circuit-to-tensor/benchmarks/applications/hamming_weight_n5/hamming_weight_n5.hopt.qasm,21,21,0,0.0,6,12,-6,0.12574850299401197,0.5898876404494382,0.41832669322709165,0.5898876404494382,0.7420494699646644,22,21,1.0,0.11904761904761904,0.11904761904761904,0.11904761904761904,0.5714285714285714,8,126,167,,,,,,,,,,,,,,,,,,,,,,,,,,,,,,,,,,,,,,,,,,,,,,,,,,,,,
hamming_weight_n5,compile_quizx,vendored-local,applications,M,8,10,10,10,not-run,0.1923530101776123,ok,full,ok,,results/compile_stage1/quizx/hamming_weight_n5/hamming_weight_n5.hopt.qasm,21,21,0,0.0,6,12,-6,0.12574850299401197,0.5898876404494382,0.41832669322709165,0.5898876404494382,0.7420494699646644,22,21,1.0,0.11904761904761904,0.11904761904761904,0.11904761904761904,0.5714285714285714,8,131,167,,,,,,,,,,,,,,,,,,,,,,,,,,,,,,,,,,,,,,,,,,,,,,,,,,,,,
hamming_weight_n5,public_resynth_no_gadgets,vendored-local,applications,M,8,10,10,10,not-run,,not-available,none,not-run,Missing QASM artifact.,,21,,,,6,,,,,,,,,,,,,,,,,,,,,,,,,,,,,,,,,,,,,,,,,,,,,,,,,,,,,,,,,,,,,,,,,,,,,,
hamming_weight_n5,public_resynth_gadgets,vendored-local,applications,M,8,10,10,10,not-run,,ok,full,ok,,results/public_resynth/public_resynth_gadgets/hamming_weight_n5/assembled.qasm,21,21,0,0.0,6,4,2,0.06422018348623854,0.4069767441860465,0.25547445255474455,0.4069767441860465,0.5785123966942148,16,15,1.4,0.3,0.3,0.5,0.19047619047619047,10,224,327,,,,,,,,,,,,,,,,,,,,,,,,,,,,,,,,,,,,,,,,,,,,,,,,,,,,,
hamming_weight_n5,demo_control_no_gadgets,vendored-local,applications,M,8,10,10,10,not-run,,not-run,none,not-run,Missing QASM artifact.,,21,,,,6,,,,,,,,,,,,,,,,,,,,,,,,,,,,,,,,,,,,,,,,,,,,,,,,,,,,,,,,,,,,,,,,,,,,,,
hamming_weight_n5,demo_control_gadgets,vendored-local,applications,M,8,10,10,10,not-run,,not-run,none,not-run,Missing QASM artifact.,,21,,,,6,,,,,,,,,,,,,,,,,,,,,,,,,,,,,,,,,,,,,,,,,,,,,,,,,,,,,,,,,,,,,,,,,,,,,,
hamming_weight_n6,original,vendored-local,applications,M,10,12,12,12,not-run,,ok,full,ok,,external/circuit-to-tensor/benchmarks/applications/hamming_weight_n6/hamming_weight_n6.qasm,28,28,0,0.0,6,6,0,0.3684210526315789,0.8536585365853658,0.7446808510638298,0.8536585365853658,0.9210526315789473,21,20,1.4,0.2,0.2,0.2,0.21428571428571427,10,36,76,,,,,,,,,,,,,,,,,,,,,,,,,,,,,,,,,,,,,,,,,,,,,,,,,,,,,
hamming_weight_n6,pyzx,vendored-local,applications,M,10,12,12,12,not-run,1.3435678482055664,ok,full,ok,,results/pyzx/hamming_weight_n6/optimized.qasm,28,28,0,0.0,6,5,1,0.08235294117647059,0.47297297297297297,0.30973451327433627,0.47297297297297297,0.6422018348623854,29,28,1.0,1.2857142857142858,1.2857142857142858,1.5357142857142858,0.17857142857142858,10,124,340,,,,,,,,,,,,,,,,,,,,,,,,,,,,,,,,,,,,,,,,,,,,,,,,,,,,,
hamming_weight_n6,compile_no_quizx,vendored-local,applications,M,10,12,12,12,not-run,,ok,full,ok,,external/circuit-to-tensor/benchmarks/applications/hamming_weight_n6/hamming_weight_n6.hopt.qasm,28,28,0,0.0,6,12,-6,0.13270142180094788,0.6047516198704104,0.43343653250773995,0.6047516198704104,0.7537012113055181,28,27,1.037037037037037,0.05555555555555555,0.05555555555555555,0.09259259259259259,0.42857142857142855,10,151,211,,,,,,,,,,,,,,,,,,,,,,,,,,,,,,,,,,,,,,,,,,,,,,,,,,,,,
hamming_weight_n6,compile_quizx,vendored-local,applications,M,10,12,12,12,not-run,0.2522120475769043,ok,full,ok,,results/compile_stage1/quizx/hamming_weight_n6/hamming_weight_n6.hopt.qasm,28,28,0,0.0,6,12,-6,0.13270142180094788,0.6047516198704104,0.43343653250773995,0.6047516198704104,0.7537012113055181,29,28,1.0,0.05357142857142857,0.05357142857142857,0.08928571428571429,0.42857142857142855,10,145,211,,,,,,,,,,,,,,,,,,,,,,,,,,,,,,,,,,,,,,,,,,,,,,,,,,,,,
hamming_weight_n6,public_resynth_no_gadgets,vendored-local,applications,M,10,12,12,12,not-run,,not-available,none,not-run,Missing QASM artifact.,,28,,,,6,,,,,,,,,,,,,,,,,,,,,,,,,,,,,,,,,,,,,,,,,,,,,,,,,,,,,,,,,,,,,,,,,,,,,,
hamming_weight_n6,public_resynth_gadgets,vendored-local,applications,M,10,12,12,12,not-run,,ok,full,ok,,results/public_resynth/public_resynth_gadgets/hamming_weight_n6/assembled.qasm,28,28,0,0.0,6,9,-3,0.07887323943661972,0.4612850082372323,0.29978586723768735,0.4612850082372323,0.6313416009019166,21,20,1.4,0.3,0.3,0.5,0.32142857142857145,12,237,355,,,,,,,,,,,,,,,,,,,,,,,,,,,,,,,,,,,,,,,,,,,,,,,,,,,,,
hamming_weight_n6,demo_control_no_gadgets,vendored-local,applications,M,10,12,12,12,not-run,,not-run,none,not-run,Missing QASM artifact.,,28,,,,6,,,,,,,,,,,,,,,,,,,,,,,,,,,,,,,,,,,,,,,,,,,,,,,,,,,,,,,,,,,,,,,,,,,,,,
hamming_weight_n6,demo_control_gadgets,vendored-local,applications,M,10,12,12,12,not-run,,not-run,none,not-run,Missing QASM artifact.,,28,,,,6,,,,,,,,,,,,,,,,,,,,,,,,,,,,,,,,,,,,,,,,,,,,,,,,,,,,,,,,,,,,,,,,,,,,,,
hamming_weight_n7,original,vendored-local,applications,M,11,13,13,13,not-run,,ok,full,ok,,external/circuit-to-tensor/benchmarks/applications/hamming_weight_n7/hamming_weight_n7.qasm,28,28,0,0.0,6,6,0,0.35,0.8433734939759037,0.7291666666666666,0.8433734939759037,0.9150326797385621,21,20,1.4,0.2,0.2,0.2,0.21428571428571427,11,41,80,,,,,,,,,,,,,,,,,,,,,,,,,,,,,,,,,,,,,,,,,,,,,,,,,,,,,
hamming_weight_n7,pyzx,vendored-local,applications,M,11,13,13,13,not-run,1.3956959247589111,ok,full,ok,,results/pyzx/hamming_weight_n7/optimized.qasm,28,28,0,0.0,6,4,2,0.08668730650154799,0.48695652173913045,0.3218390804597701,0.48695652173913045,0.6549707602339181,29,28,1.0,1.3214285714285714,1.3214285714285714,1.6071428571428572,0.14285714285714285,11,124,323,,,,,,,,,,,,,,,,,,,,,,,,,,,,,,,,,,,,,,,,,,,,,,,,,,,,,
hamming_weight_n7,compile_no_quizx,vendored-local,applications,M,11,13,13,13,not-run,,ok,full,ok,,external/circuit-to-tensor/benchmarks/applications/hamming_weight_n7/hamming_weight_n7.hopt.qasm,28,28,0,0.0,6,12,-6,0.1206896551724138,0.5785123966942148,0.4069767441860465,0.5785123966942148,0.7329842931937173,29,28,1.0,0.10714285714285714,0.10714285714285714,0.10714285714285714,0.42857142857142855,11,159,232,,,,,,,,,,,,,,,,,,,,,,,,,,,,,,,,,,,,,,,,,,,,,,,,,,,,,
hamming_weight_n7,compile_quizx,vendored-local,applications,M,11,13,13,13,not-run,0.04891800880432129,ok,full,ok,,results/compile_stage1/quizx/hamming_weight_n7/hamming_weight_n7.hopt.qasm,28,28,0,0.0,6,12,-6,0.1206896551724138,0.5785123966942148,0.4069767441860465,0.5785123966942148,0.7329842931937173,29,28,1.0,0.10714285714285714,0.10714285714285714,0.10714285714285714,0.42857142857142855,11,171,232,,,,,,,,,,,,,,,,,,,,,,,,,,,,,,,,,,,,,,,,,,,,,,,,,,,,,
hamming_weight_n7,public_resynth_no_gadgets,vendored-local,applications,M,11,13,13,13,not-run,,not-available,none,not-run,Missing QASM artifact.,,28,,,,6,,,,,,,,,,,,,,,,,,,,,,,,,,,,,,,,,,,,,,,,,,,,,,,,,,,,,,,,,,,,,,,,,,,,,,
hamming_weight_n7,public_resynth_gadgets,vendored-local,applications,M,11,13,13,13,not-run,,ok,full,ok,,results/public_resynth/public_resynth_gadgets/hamming_weight_n7/assembled.qasm,28,28,0,0.0,6,8,-2,0.06930693069306931,0.4268292682926829,0.2713178294573643,0.4268292682926829,0.5982905982905983,21,20,1.4,0.3,0.3,0.5,0.2857142857142857,13,245,404,,,,,,,,,,,,,,,,,,,,,,,,,,,,,,,,,,,,,,,,,,,,,,,,,,,,,
hamming_weight_n7,demo_control_no_gadgets,vendored-local,applications,M,11,13,13,13,not-run,,not-run,none,not-run,Missing QASM artifact.,,28,,,,6,,,,,,,,,,,,,,,,,,,,,,,,,,,,,,,,,,,,,,,,,,,,,,,,,,,,,,,,,,,,,,,,,,,,,,
hamming_weight_n7,demo_control_gadgets,vendored-local,applications,M,11,13,13,13,not-run,,not-run,none,not-run,Missing QASM artifact.,,28,,,,6,,,,,,,,,,,,,,,,,,,,,,,,,,,,,,,,,,,,,,,,,,,,,,,,,,,,,,,,,,,,,,,,,,,,,,
hamming_weight_n8,original,vendored-local,applications,L,15,21,21,21,not-run,,ok,full,ok,,external/circuit-to-tensor/benchmarks/applications/hamming_weight_n8/hamming_weight_n8.qasm,49,49,0,0.0,8,8,0,0.3828125,0.8611599297012302,0.7561728395061729,0.8611599297012302,0.9254013220018886,36,35,1.4,0.2,0.2,0.2,0.16326530612244897,15,60,128,,,,,,,,,,,,,,,,,,,,,,,,,,,,,,,,,,,,,,,,,,,,,,,,,,,,,
hamming_weight_n8,pyzx,vendored-local,applications,L,15,21,21,21,not-run,1.431920051574707,ok,full,ok,,results/pyzx/hamming_weight_n8/optimized.qasm,49,49,0,0.0,8,6,2,0.08974358974358974,0.49645390070921985,0.330188679245283,0.49645390070921985,0.6635071090047393,48,48,1.0208333333333333,1.3473684210526315,1.3473684210526315,1.631578947368421,0.12244897959183673,15,197,546,,,,,,,,,,,,,,,,,,,,,,,,,,,,,,,,,,,,,,,,,,,,,,,,,,,,,
hamming_weight_n8,compile_no_quizx,vendored-local,applications,L,15,21,21,21,not-run,,ok,full,ok,,external/circuit-to-tensor/benchmarks/applications/hamming_weight_n8/hamming_weight_n8.hopt.qasm,49,49,0,0.0,8,24,-16,0.0928030303030303,0.5056759545923633,0.3383977900552486,0.5056759545923633,0.6716929403701165,50,49,1.0,0.08163265306122448,0.08163265306122448,0.10204081632653061,0.4897959183673469,15,390,528,,,,,,,,,,,,,,,,,,,,,,,,,,,,,,,,,,,,,,,,,,,,,,,,,,,,,
hamming_weight_n8,compile_quizx,vendored-local,applications,L,15,21,21,21,not-run,0.036340951919555664,ok,full,ok,,results/compile_stage1/quizx/hamming_weight_n8/hamming_weight_n8.hopt.qasm,49,49,0,0.0,8,24,-16,0.08925318761384335,0.494949494949495,0.3288590604026846,0.494949494949495,0.6621621621621622,50,49,1.0,0.10204081632653061,0.10204081632653061,0.12244897959183673,0.4897959183673469,15,410,549,,,,,,,,,,,,,,,,,,,,,,,,,,,,,,,,,,,,,,,,,,,,,,,,,,,,,
hamming_weight_n8,public_resynth_no_gadgets,vendored-local,applications,L,15,21,21,21,not-run,,not-available,none,not-run,Missing QASM artifact.,,49,,,,8,,,,,,,,,,,,,,,,,,,,,,,,,,,,,,,,,,,,,,,,,,,,,,,,,,,,,,,,,,,,,,,,,,,,,,
hamming_weight_n8,public_resynth_gadgets,vendored-local,applications,L,15,21,21,21,not-run,,ok,full,ok,,results/public_resynth/public_resynth_gadgets/hamming_weight_n8/assembled.qasm,49,49,0,0.0,8,12,-4,0.0506198347107438,0.34776437189496096,0.2104810996563574,0.34776437189496096,0.516061084781464,36,35,1.4,0.3,0.3,0.5,0.24489795918367346,21,700,968,,,,,,,,,,,,,,,,,,,,,,,,,,,,,,,,,,,,,,,,,,,,,,,,,,,,,
hamming_weight_n8,demo_control_no_gadgets,vendored-local,applications,L,15,21,21,21,not-run,,not-run,none,not-run,Missing QASM artifact.,,49,,,,8,,,,,,,,,,,,,,,,,,,,,,,,,,,,,,,,,,,,,,,,,,,,,,,,,,,,,,,,,,,,,,,,,,,,,,
hamming_weight_n8,demo_control_gadgets,vendored-local,applications,L,15,21,21,21,not-run,,not-run,none,not-run,Missing QASM artifact.,,49,,,,8,,,,,,,,,,,,,,,,,,,,,,,,,,,,,,,,,,,,,,,,,,,,,,,,,,,,,,,,,,,,,,,,,,,,,,
hamming_weight_n9,original,vendored-local,applications,L,16,22,22,22,not-run,,ok,full,ok,,external/circuit-to-tensor/benchmarks/applications/hamming_weight_n9/hamming_weight_n9.qasm,49,49,0,0.0,8,8,0,0.3712121212121212,0.8551483420593369,0.7469512195121951,0.8551483420593369,0.9219190968955786,36,35,1.4,0.2,0.2,0.2,0.16326530612244897,16,48,132,,,,,,,,,,,,,,,,,,,,,,,,,,,,,,,,,,,,,,,,,,,,,,,,,,,,,
hamming_weight_n9,pyzx,vendored-local,applications,L,16,22,22,22,not-run,1.3171398639678955,ok,full,ok,,results/pyzx/hamming_weight_n9/optimized.qasm,49,49,0,0.0,8,7,1,0.0829103214890017,0.4748062015503876,0.3113087674714104,0.4748062015503876,0.6438896189224704,50,49,1.0,1.2755102040816326,1.2755102040816326,1.6326530612244898,0.14285714285714285,16,233,591,,,,,,,,,,,,,,,,,,,,,,,,,,,,,,,,,,,,,,,,,,,,,,,,,,,,,
hamming_weight_n9,compile_no_quizx,vendored-local,applications,L,16,22,22,22,not-run,,ok,full,ok,,external/circuit-to-tensor/benchmarks/applications/hamming_weight_n9/hamming_weight_n9.hopt.qasm,49,49,0,0.0,8,20,-12,0.09193245778611632,0.5030800821355236,0.33607681755829905,0.5030800821355236,0.6693989071038251,50,49,1.0,0.08163265306122448,0.08163265306122448,0.09183673469387756,0.40816326530612246,16,394,533,,,,,,,,,,,,,,,,,,,,,,,,,,,,,,,,,,,,,,,,,,,,,,,,,,,,,
hamming_weight_n9,compile_quizx,vendored-local,applications,L,16,22,22,22,not-run,0.03174877166748047,ok,full,ok,,results/compile_stage1/quizx/hamming_weight_n9/hamming_weight_n9.hopt.qasm,49,49,0,0.0,8,20,-12,0.0873440285204991,0.48902195608782434,0.3236459709379128,0.48902195608782434,0.6568364611260054,50,49,1.0,0.061224489795918366,0.061224489795918366,0.09183673469387756,0.40816326530612246,16,400,561,,,,,,,,,,,,,,,,,,,,,,,,,,,,,,,,,,,,,,,,,,,,,,,,,,,,,
hamming_weight_n9,public_resynth_no_gadgets,vendored-local,applications,L,16,22,22,22,not-run,,not-available,none,not-run,Missing QASM artifact.,,49,,,,8,,,,,,,,,,,,,,,,,,,,,,,,,,,,,,,,,,,,,,,,,,,,,,,,,,,,,,,,,,,,,,,,,,,,,,
hamming_weight_n9,public_resynth_gadgets,vendored-local,applications,L,16,22,22,22,not-run,,ok,full,ok,,results/public_resynth/public_resynth_gadgets/hamming_weight_n9/assembled.qasm,49,49,0,0.0,8,10,-2,0.052406417112299465,0.3561046511627907,0.21662245800176835,0.3561046511627907,0.5251875669882101,36,35,1.4,0.3,0.3,0.5,0.20408163265306123,22,629,935,,,,,,,,,,,,,,,,,,,,,,,,,,,,,,,,,,,,,,,,,,,,,,,,,,,,,
hamming_weight_n9,demo_control_no_gadgets,vendored-local,applications,L,16,22,22,22,not-run,,not-run,none,not-run,Missing QASM artifact.,,49,,,,8,,,,,,,,,,,,,,,,,,,,,,,,,,,,,,,,,,,,,,,,,,,,,,,,,,,,,,,,,,,,,,,,,,,,,,
hamming_weight_n9,demo_control_gadgets,vendored-local,applications,L,16,22,22,22,not-run,,not-run,none,not-run,Missing QASM artifact.,,49,,,,8,,,,,,,,,,,,,,,,,,,,,,,,,,,,,,,,,,,,,,,,,,,,,,,,,,,,,,,,,,,,,,,,,,,,,,
hamming_weight_n10,original,vendored-local,applications,L,18,24,24,24,not-run,,ok,full,ok,,external/circuit-to-tensor/benchmarks/applications/hamming_weight_n10/hamming_weight_n10.qasm,56,56,0,0.0,8,8,0,0.3684210526315789,0.8536585365853658,0.7446808510638298,0.8536585365853658,0.9210526315789473,41,40,1.4,0.2,0.2,0.2,0.14285714285714285,18,62,152,,,,,,,,,,,,,,,,,,,,,,,,,,,,,,,,,,,,,,,,,,,,,,,,,,,,,
hamming_weight_n10,pyzx,vendored-local,applications,L,18,24,24,24,not-run,1.6712970733642578,ok,full,ok,,results/pyzx/hamming_weight_n10/optimized.qasm,56,56,0,0.0,8,5,3,0.08,0.46511627906976744,0.30303030303030304,0.46511627906976744,0.6349206349206349,56,55,1.018181818181818,1.3454545454545455,1.3454545454545455,1.6636363636363636,0.08928571428571429,18,234,700,,,,,,,,,,,,,,,,,,,,,,,,,,,,,,,,,,,,,,,,,,,,,,,,,,,,,
hamming_weight_n10,compile_no_quizx,vendored-local,applications,L,18,24,24,24,not-run,,ok,full,ok,,external/circuit-to-tensor/benchmarks/applications/hamming_weight_n10/hamming_weight_n10.hopt.qasm,56,56,0,0.0,8,20,-12,0.09302325581395349,0.5063291139240507,0.3389830508474576,0.5063291139240507,0.6722689075630253,56,55,1.018181818181818,0.08181818181818182,0.08181818181818182,0.10909090909090909,0.35714285714285715,18,407,602,,,,,,,,,,,,,,,,,,,,,,,,,,,,,,,,,,,,,,,,,,,,,,,,,,,,,
hamming_weight_n10,compile_quizx,vendored-local,applications,L,18,24,24,24,not-run,0.03345894813537598,ok,full,ok,,results/compile_stage1/quizx/hamming_weight_n10/hamming_weight_n10.hopt.qasm,56,56,0,0.0,8,20,-12,0.0910569105691057,0.5004468275245755,0.33373063170441003,0.5004468275245755,0.6670637284097677,57,56,1.0,0.07142857142857142,0.07142857142857142,0.09821428571428571,0.35714285714285715,18,445,615,,,,,,,,,,,,,,,,,,,,,,,,,,,,,,,,,,,,,,,,,,,,,,,,,,,,,
hamming_weight_n10,public_resynth_no_gadgets,vendored-local,applications,L,18,24,24,24,not-run,,not-available,none,not-run,Missing QASM artifact.,,56,,,,8,,,,,,,,,,,,,,,,,,,,,,,,,,,,,,,,,,,,,,,,,,,,,,,,,,,,,,,,,,,,,,,,,,,,,,
hamming_weight_n10,public_resynth_gadgets,vendored-local,applications,L,18,24,24,24,not-run,,ok,full,ok,,results/public_resynth/public_resynth_gadgets/hamming_weight_n10/assembled.qasm,56,56,0,0.0,8,11,-3,0.05737704918032787,0.3783783783783784,0.23333333333333334,0.3783783783783784,0.5490196078431373,41,40,1.4,0.3,0.3,0.5,0.19642857142857142,24,586,976,,,,,,,,,,,,,,,,,,,,,,,,,,,,,,,,,,,,,,,,,,,,,,,,,,,,,
hamming_weight_n10,demo_control_no_gadgets,vendored-local,applications,L,18,24,24,24,not-run,,not-run,none,not-run,Missing QASM artifact.,,56,,,,8,,,,,,,,,,,,,,,,,,,,,,,,,,,,,,,,,,,,,,,,,,,,,,,,,,,,,,,,,,,,,,,,,,,,,,
hamming_weight_n10,demo_control_gadgets,vendored-local,applications,L,18,24,24,24,not-run,,not-run,none,not-run,Missing QASM artifact.,,56,,,,8,,,,,,,,,,,,,,,,,,,,,,,,,,,,,,,,,,,,,,,,,,,,,,,,,,,,,,,,,,,,,,,,,,,,,,
hamming_weight_n11,original,vendored-local,applications,L,19,25,25,25,not-run,,ok,full,ok,,external/circuit-to-tensor/benchmarks/applications/hamming_weight_n11/hamming_weight_n11.qasm,56,56,0,0.0,8,8,0,0.358974358974359,0.8484848484848485,0.7368421052631579,0.8484848484848485,0.9180327868852459,41,40,1.4,0.2,0.2,0.2,0.14285714285714285,19,65,156,,,,,,,,,,,,,,,,,,,,,,,,,,,,,,,,,,,,,,,,,,,,,,,,,,,,,
hamming_weight_n11,pyzx,vendored-local,applications,L,19,25,25,25,not-run,1.5057501792907715,ok,full,ok,,results/pyzx/hamming_weight_n11/optimized.qasm,56,56,0,0.0,8,8,0,0.07197943444730077,0.43681747269890797,0.27944111776447106,0.43681747269890797,0.6080347448425625,56,55,1.018181818181818,1.3,1.3,1.5636363636363637,0.14285714285714285,19,265,778,,,,,,,,,,,,,,,,,,,,,,,,,,,,,,,,,,,,,,,,,,,,,,,,,,,,,
hamming_weight_n11,compile_no_quizx,vendored-local,applications,L,19,25,25,25,not-run,,ok,full,ok,,external/circuit-to-tensor/benchmarks/applications/hamming_weight_n11/hamming_weight_n11.hopt.qasm,56,56,0,0.0,8,20,-12,0.08763693270735524,0.4899387576552931,0.32444959443800697,0.4899387576552931,0.6576629477392836,57,56,1.0,0.08928571428571429,0.08928571428571429,0.09821428571428571,0.35714285714285715,19,440,639,,,,,,,,,,,,,,,,,,,,,,,,,,,,,,,,,,,,,,,,,,,,,,,,,,,,,
hamming_weight_n11,compile_quizx,vendored-local,applications,L,19,25,25,25,not-run,0.056791067123413086,ok,full,ok,,results/compile_stage1/quizx/hamming_weight_n11/hamming_weight_n11.hopt.qasm,56,56,0,0.0,8,20,-12,0.0877742946708464,0.4903677758318739,0.3248259860788863,0.4903677758318739,0.6580493537015276,57,56,1.0,0.08928571428571429,0.08928571428571429,0.10714285714285714,0.35714285714285715,19,435,638,,,,,,,,,,,,,,,,,,,,,,,,,,,,,,,,,,,,,,,,,,,,,,,,,,,,,
hamming_weight_n11,public_resynth_no_gadgets,vendored-local,applications,L,19,25,25,25,not-run,,not-available,none,not-run,Missing QASM artifact.,,56,,,,8,,,,,,,,,,,,,,,,,,,,,,,,,,,,,,,,,,,,,,,,,,,,,,,,,,,,,,,,,,,,,,,,,,,,,,
hamming_weight_n11,public_resynth_gadgets,vendored-local,applications,L,19,25,25,25,not-run,,ok,full,ok,,results/public_resynth/public_resynth_gadgets/hamming_weight_n11/assembled.qasm,56,56,0,0.0,8,13,-5,0.053691275167785234,0.36199095022624433,0.22099447513812154,0.36199095022624433,0.53156146179402,41,40,1.4,0.3,0.3,0.5,0.23214285714285715,25,629,1043,,,,,,,,,,,,,,,,,,,,,,,,,,,,,,,,,,,,,,,,,,,,,,,,,,,,,
hamming_weight_n11,demo_control_no_gadgets,vendored-local,applications,L,19,25,25,25,not-run,,not-run,none,not-run,Missing QASM artifact.,,56,,,,8,,,,,,,,,,,,,,,,,,,,,,,,,,,,,,,,,,,,,,,,,,,,,,,,,,,,,,,,,,,,,,,,,,,,,,
hamming_weight_n11,demo_control_gadgets,vendored-local,applications,L,19,25,25,25,not-run,,not-run,none,not-run,Missing QASM artifact.,,56,,,,8,,,,,,,,,,,,,,,,,,,,,,,,,,,,,,,,,,,,,,,,,,,,,,,,,,,,,,,,,,,,,,,,,,,,,,
hamming_weight_n12,original,vendored-local,applications,L,22,30,30,30,not-run,,ok,full,ok,,external/circuit-to-tensor/benchmarks/applications/hamming_weight_n12/hamming_weight_n12.qasm,70,70,0,0.0,8,8,0,0.3645833333333333,0.851581508515815,0.7415254237288136,0.851581508515815,0.9198423127463863,51,50,1.4,0.2,0.2,0.2,0.11428571428571428,22,72,192,,,,,,,,,,,,,,,,,,,,,,,,,,,,,,,,,,,,,,,,,,,,,,,,,,,,,
hamming_weight_n12,pyzx,vendored-local,applications,L,22,30,30,30,not-run,1.8365809917449951,ok,full,ok,,results/pyzx/hamming_weight_n12/optimized.qasm,70,70,0,0.0,8,6,2,0.07099391480730223,0.43316831683168316,0.2764612954186414,0.43316831683168316,0.6044905008635578,71,70,1.0,1.3,1.3,1.6785714285714286,0.08571428571428572,22,374,986,,,,,,,,,,,,,,,,,,,,,,,,,,,,,,,,,,,,,,,,,,,,,,,,,,,,,
hamming_weight_n12,compile_no_quizx,vendored-local,applications,L,22,30,30,30,not-run,,ok,full,ok,,external/circuit-to-tensor/benchmarks/applications/hamming_weight_n12/hamming_weight_n12.hopt.qasm,70,70,0,0.0,8,28,-20,0.08158508158508158,0.47043010752688175,0.30755711775043937,0.47043010752688175,0.6398537477148081,69,68,1.0294117647058822,0.09558823529411764,0.09558823529411764,0.1323529411764706,0.4,22,633,858,,,,,,,,,,,,,,,,,,,,,,,,,,,,,,,,,,,,,,,,,,,,,,,,,,,,,
hamming_weight_n12,compile_quizx,vendored-local,applications,L,22,30,30,30,not-run,0.09669804573059082,ok,full,ok,,results/compile_stage1/quizx/hamming_weight_n12/hamming_weight_n12.hopt.qasm,70,70,0,0.0,8,28,-20,0.08009153318077804,0.4654255319148936,0.30329289428076256,0.4654255319148936,0.6352087114337568,71,70,1.0,0.09285714285714286,0.09285714285714286,0.12142857142857143,0.4,22,641,874,,,,,,,,,,,,,,,,,,,,,,,,,,,,,,,,,,,,,,,,,,,,,,,,,,,,,
hamming_weight_n12,public_resynth_no_gadgets,vendored-local,applications,L,22,30,30,30,not-run,,not-available,none,not-run,Missing QASM artifact.,,70,,,,8,,,,,,,,,,,,,,,,,,,,,,,,,,,,,,,,,,,,,,,,,,,,,,,,,,,,,,,,,,,,,,,,,,,,,,
hamming_weight_n12,public_resynth_gadgets,vendored-local,applications,L,22,30,30,30,not-run,,ok,full,ok,,results/public_resynth/public_resynth_gadgets/hamming_weight_n12/assembled.qasm,70,70,0,0.0,8,14,-6,0.04691689008042895,0.3298774740810556,0.19751693002257337,0.3298774740810556,0.4961020552799433,51,50,1.4,0.3,0.3,0.5,0.2,30,943,1492,,,,,,,,,,,,,,,,,,,,,,,,,,,,,,,,,,,,,,,,,,,,,,,,,,,,,
hamming_weight_n12,demo_control_no_gadgets,vendored-local,applications,L,22,30,30,30,not-run,,not-run,none,not-run,Missing QASM artifact.,,70,,,,8,,,,,,,,,,,,,,,,,,,,,,,,,,,,,,,,,,,,,,,,,,,,,,,,,,,,,,,,,,,,,,,,,,,,,,
hamming_weight_n12,demo_control_gadgets,vendored-local,applications,L,22,30,30,30,not-run,,not-run,none,not-run,Missing QASM artifact.,,70,,,,8,,,,,,,,,,,,,,,,,,,,,,,,,,,,,,,,,,,,,,,,,,,,,,,,,,,,,,,,,,,,,,,,,,,,,,
hamming_weight_n13,original,vendored-local,applications,L,23,31,31,31,not-run,,ok,full,ok,,external/circuit-to-tensor/benchmarks/applications/hamming_weight_n13/hamming_weight_n13.qasm,70,70,0,0.0,8,8,0,0.35714285714285715,0.847457627118644,0.7352941176470589,0.847457627118644,0.9174311926605505,51,50,1.4,0.2,0.2,0.2,0.11428571428571428,23,76,196,,,,,,,,,,,,,,,,,,,,,,,,,,,,,,,,,,,,,,,,,,,,,,,,,,,,,
hamming_weight_n13,pyzx,vendored-local,applications,L,23,31,31,31,not-run,1.299208402633667,ok,full,ok,,results/pyzx/hamming_weight_n13/optimized.qasm,70,70,0,0.0,8,6,2,0.06958250497017893,0.4278728606356968,0.27216174183514774,0.4278728606356968,0.5993150684931506,71,70,1.0,1.2785714285714285,1.2785714285714285,1.6071428571428572,0.08571428571428572,23,367,1006,,,,,,,,,,,,,,,,,,,,,,,,,,,,,,,,,,,,,,,,,,,,,,,,,,,,,
hamming_weight_n13,compile_no_quizx,vendored-local,applications,L,23,31,31,31,not-run,,ok,full,ok,,external/circuit-to-tensor/benchmarks/applications/hamming_weight_n13/hamming_weight_n13.hopt.qasm,70,70,0,0.0,8,28,-20,0.07972665148063782,0.46419098143236076,0.3022452504317789,0.46419098143236076,0.6340579710144928,71,70,1.0,0.07857142857142857,0.07857142857142857,0.10714285714285714,0.4,23,625,878,,,,,,,,,,,,,,,,,,,,,,,,,,,,,,,,,,,,,,,,,,,,,,,,,,,,,
hamming_weight_n13,compile_quizx,vendored-local,applications,L,23,31,31,31,not-run,0.06726622581481934,ok,full,ok,,results/compile_stage1/quizx/hamming_weight_n13/hamming_weight_n13.hopt.qasm,70,70,0,0.0,8,28,-20,0.08196721311475409,0.4716981132075472,0.30864197530864196,0.4716981132075472,0.6410256410256411,71,70,1.0,0.10714285714285714,0.10714285714285714,0.12142857142857143,0.4,23,602,854,,,,,,,,,,,,,,,,,,,,,,,,,,,,,,,,,,,,,,,,,,,,,,,,,,,,,
hamming_weight_n13,public_resynth_no_gadgets,vendored-local,applications,L,23,31,31,31,not-run,,not-available,none,not-run,Missing QASM artifact.,,70,,,,8,,,,,,,,,,,,,,,,,,,,,,,,,,,,,,,,,,,,,,,,,,,,,,,,,,,,,,,,,,,,,,,,,,,,,,
hamming_weight_n13,public_resynth_gadgets,vendored-local,applications,L,23,31,31,31,not-run,,ok,full,ok,,results/public_resynth/public_resynth_gadgets/hamming_weight_n13/assembled.qasm,70,70,0,0.0,8,15,-7,0.04617414248021108,0.32618825722274,0.19487750556792874,0.32618825722274,0.49191848208011246,51,50,1.4,0.3,0.3,0.5,0.21428571428571427,31,922,1516,,,,,,,,,,,,,,,,,,,,,,,,,,,,,,,,,,,,,,,,,,,,,,,,,,,,,
hamming_weight_n13,demo_control_no_gadgets,vendored-local,applications,L,23,31,31,31,not-run,,not-run,none,not-run,Missing QASM artifact.,,70,,,,8,,,,,,,,,,,,,,,,,,,,,,,,,,,,,,,,,,,,,,,,,,,,,,,,,,,,,,,,,,,,,,,,,,,,,,
hamming_weight_n13,demo_control_gadgets,vendored-local,applications,L,23,31,31,31,not-run,,not-run,none,not-run,Missing QASM artifact.,,70,,,,8,,,,,,,,,,,,,,,,,,,,,,,,,,,,,,,,,,,,,,,,,,,,,,,,,,,,,,,,,,,,,,,,,,,,,,
hamming_weight_n14,original,vendored-local,applications,L,25,33,33,33,not-run,,ok,full,ok,,external/circuit-to-tensor/benchmarks/applications/hamming_weight_n14/hamming_weight_n14.qasm,77,77,0,0.0,8,8,0,0.35648148148148145,0.847084708470847,0.7347328244274809,0.847084708470847,0.9172126265634306,56,55,1.4,0.2,0.2,0.2,0.1038961038961039,25,67,216,,,,,,,,,,,,,,,,,,,,,,,,,,,,,,,,,,,,,,,,,,,,,,,,,,,,,
hamming_weight_n14,pyzx,vendored-local,applications,L,25,33,33,33,not-run,1.6961109638214111,ok,full,ok,,results/pyzx/hamming_weight_n14/optimized.qasm,77,77,0,0.0,8,6,2,0.0670147954743255,0.4180238870792617,0.26424159231297184,0.4180238870792617,0.5895865237366003,78,77,1.0,1.1883116883116882,1.1883116883116882,1.4285714285714286,0.07792207792207792,25,343,1149,,,,,,,,,,,,,,,,,,,,,,,,,,,,,,,,,,,,,,,,,,,,,,,,,,,,,
hamming_weight_n14,compile_no_quizx,vendored-local,applications,L,25,33,33,33,not-run,,ok,full,ok,,external/circuit-to-tensor/benchmarks/applications/hamming_weight_n14/hamming_weight_n14.hopt.qasm,77,77,0,0.0,8,20,-12,0.09134045077105575,0.5013020833333334,0.3344917463075586,0.5013020833333334,0.6678230702515178,76,75,1.0266666666666666,0.04666666666666667,0.04666666666666667,0.07333333333333333,0.2597402597402597,25,521,843,,,,,,,,,,,,,,,,,,,,,,,,,,,,,,,,,,,,,,,,,,,,,,,,,,,,,
hamming_weight_n14,compile_quizx,vendored-local,applications,L,25,33,33,33,not-run,0.05182003974914551,ok,full,ok,,results/compile_stage1/quizx/hamming_weight_n14/hamming_weight_n14.hopt.qasm,77,77,0,0.0,8,20,-12,0.08740068104426787,0.4891994917407878,0.32380151387720774,0.4891994917407878,0.6569965870307167,78,77,1.0,0.09090909090909091,0.09090909090909091,0.12337662337662338,0.2597402597402597,25,550,881,,,,,,,,,,,,,,,,,,,,,,,,,,,,,,,,,,,,,,,,,,,,,,,,,,,,,
hamming_weight_n14,public_resynth_no_gadgets,vendored-local,applications,L,25,33,33,33,not-run,,not-available,none,not-run,Missing QASM artifact.,,77,,,,8,,,,,,,,,,,,,,,,,,,,,,,,,,,,,,,,,,,,,,,,,,,,,,,,,,,,,,,,,,,,,,,,,,,,,,
hamming_weight_n14,public_resynth_gadgets,vendored-local,applications,L,25,33,33,33,not-run,,ok,full,ok,,results/public_resynth/public_resynth_gadgets/hamming_weight_n14/assembled.qasm,77,77,0,0.0,8,13,-5,0.055756698044895005,0.3712632594021215,0.22794552989934871,0.3712632594021215,0.5414908579465542,56,55,1.4,0.3,0.3,0.5,0.16883116883116883,33,745,1381,,,,,,,,,,,,,,,,,,,,,,,,,,,,,,,,,,,,,,,,,,,,,,,,,,,,,
hamming_weight_n14,demo_control_no_gadgets,vendored-local,applications,L,25,33,33,33,not-run,,not-run,none,not-run,Missing QASM artifact.,,77,,,,8,,,,,,,,,,,,,,,,,,,,,,,,,,,,,,,,,,,,,,,,,,,,,,,,,,,,,,,,,,,,,,,,,,,,,,
hamming_weight_n14,demo_control_gadgets,vendored-local,applications,L,25,33,33,33,not-run,,not-run,none,not-run,Missing QASM artifact.,,77,,,,8,,,,,,,,,,,,,,,,,,,,,,,,,,,,,,,,,,,,,,,,,,,,,,,,,,,,,,,,,,,,,,,,,,,,,,
hamming_weight_n15,original,vendored-local,applications,L,26,34,34,34,not-run,,ok,full,ok,,external/circuit-to-tensor/benchmarks/applications/hamming_weight_n15/hamming_weight_n15.qasm,77,77,0,0.0,8,8,0,0.35,0.8433734939759037,0.7291666666666666,0.8433734939759037,0.9150326797385621,56,55,1.4,0.2,0.2,0.2,0.1038961038961039,26,68,220,,,,,,,,,,,,,,,,,,,,,,,,,,,,,,,,,,,,,,,,,,,,,,,,,,,,,
hamming_weight_n15,pyzx,vendored-local,applications,L,26,34,34,34,not-run,1.9990761280059814,ok,full,ok,,results/pyzx/hamming_weight_n15/optimized.qasm,77,77,0,0.0,8,7,1,0.06342668863261944,0.4037755637126377,0.25295663600525625,0.4037755637126377,0.57527082555099,78,77,1.0,1.344155844155844,1.344155844155844,1.6753246753246753,0.09090909090909091,26,467,1214,,,,,,,,,,,,,,,,,,,,,,,,,,,,,,,,,,,,,,,,,,,,,,,,,,,,,
hamming_weight_n15,compile_no_quizx,vendored-local,applications,L,26,34,34,34,not-run,,ok,full,ok,,external/circuit-to-tensor/benchmarks/applications/hamming_weight_n15/hamming_weight_n15.hopt.qasm,77,77,0,0.0,8,20,-12,0.08641975308641975,0.4861111111111111,0.3211009174311927,0.4861111111111111,0.6542056074766355,78,77,1.0,0.11038961038961038,0.11038961038961038,0.12337662337662338,0.2597402597402597,26,569,891,,,,,,,,,,,,,,,,,,,,,,,,,,,,,,,,,,,,,,,,,,,,,,,,,,,,,
hamming_weight_n15,compile_quizx,vendored-local,applications,L,26,34,34,34,not-run,0.04829096794128418,ok,full,ok,,results/compile_stage1/quizx/hamming_weight_n15/hamming_weight_n15.hopt.qasm,77,77,0,0.0,8,20,-12,0.08324324324324324,0.4758961681087763,0.3122465531224655,0.4758961681087763,0.644891122278057,78,77,1.0,0.09090909090909091,0.09090909090909091,0.1038961038961039,0.2597402597402597,26,590,925,,,,,,,,,,,,,,,,,,,,,,,,,,,,,,,,,,,,,,,,,,,,,,,,,,,,,
hamming_weight_n15,public_resynth_no_gadgets,vendored-local,applications,L,26,34,34,34,not-run,,not-available,none,not-run,Missing QASM artifact.,,77,,,,8,,,,,,,,,,,,,,,,,,,,,,,,,,,,,,,,,,,,,,,,,,,,,,,,,,,,,,,,,,,,,,,,,,,,,,
hamming_weight_n15,public_resynth_gadgets,vendored-local,applications,L,26,34,34,34,not-run,,ok,full,ok,,results/public_resynth/public_resynth_gadgets/hamming_weight_n15/assembled.qasm,77,77,0,0.0,8,10,-2,0.05336105336105336,0.3604868913857678,0.2198743575099943,0.3604868913857678,0.5299380591878872,56,55,1.4,0.3,0.3,0.5,0.12987012987012986,34,809,1443,,,,,,,,,,,,,,,,,,,,,,,,,,,,,,,,,,,,,,,,,,,,,,,,,,,,,
hamming_weight_n15,demo_control_no_gadgets,vendored-local,applications,L,26,34,34,34,not-run,,not-run,none,not-run,Missing QASM artifact.,,77,,,,8,,,,,,,,,,,,,,,,,,,,,,,,,,,,,,,,,,,,,,,,,,,,,,,,,,,,,,,,,,,,,,,,,,,,,,
hamming_weight_n15,demo_control_gadgets,vendored-local,applications,L,26,34,34,34,not-run,,not-run,none,not-run,Missing QASM artifact.,,77,,,,8,,,,,,,,,,,,,,,,,,,,,,,,,,,,,,,,,,,,,,,,,,,,,,,,,,,,,,,,,,,,,,,,,,,,,,
hamming_weight_n16,original,vendored-local,applications,L,31,45,45,45,not-run,,ok,full,ok,,external/circuit-to-tensor/benchmarks/applications/hamming_weight_n16/hamming_weight_n16.qasm,105,105,0,0.0,10,10,0,0.36971830985915494,0.8543531326281529,0.7457386363636364,0.8543531326281529,0.9214567792891619,76,75,1.4,0.2,0.2,0.2,0.09523809523809523,31,84,284,,,,,,,,,,,,,,,,,,,,,,,,,,,,,,,,,,,,,,,,,,,,,,,,,,,,,
hamming_weight_n16,pyzx,vendored-local,applications,L,31,45,45,45,not-run,2.113987922668457,ok,full,ok,,results/pyzx/hamming_weight_n16/optimized.qasm,105,105,0,0.0,10,8,2,0.08248232521602514,0.4733994589720469,0.31010041346721795,0.4733994589720469,0.642594859241126,106,105,1.0,1.3,1.3,1.5761904761904761,0.0761904761904762,31,383,1273,,,,,,,,,,,,,,,,,,,,,,,,,,,,,,,,,,,,,,,,,,,,,,,,,,,,,
hamming_weight_n16,compile_no_quizx,vendored-local,applications,L,31,45,45,45,not-run,,ok,full,ok,,external/circuit-to-tensor/benchmarks/applications/hamming_weight_n16/hamming_weight_n16.hopt.qasm,105,105,0,0.0,10,40,-30,0.05996573386636208,0.38946587537091987,0.2418240442192538,0.38946587537091987,0.5605979711692471,106,105,1.0,0.06190476190476191,0.06190476190476191,0.09047619047619047,0.38095238095238093,31,1207,1751,,,,,,,,,,,,,,,,,,,,,,,,,,,,,,,,,,,,,,,,,,,,,,,,,,,,,
hamming_weight_n16,compile_quizx,vendored-local,applications,L,31,45,45,45,not-run,0.15530180931091309,ok,full,ok,,results/compile_stage1/quizx/hamming_weight_n16/hamming_weight_n16.hopt.qasm,105,105,0,0.0,10,40,-30,0.0584958217270195,0.38321167883211676,0.23702031602708803,0.38321167883211676,0.554089709762533,106,105,1.0,0.1,0.1,0.11904761904761904,0.38095238095238093,31,1276,1795,,,,,,,,,,,,,,,,,,,,,,,,,,,,,,,,,,,,,,,,,,,,,,,,,,,,,
hamming_weight_n16,public_resynth_no_gadgets,vendored-local,applications,L,31,45,45,45,not-run,,not-available,none,not-run,Missing QASM artifact.,,105,,,,10,,,,,,,,,,,,,,,,,,,,,,,,,,,,,,,,,,,,,,,,,,,,,,,,,,,,,,,,,,,,,,,,,,,,,,
hamming_weight_n16,public_resynth_gadgets,vendored-local,applications,L,31,45,45,45,not-run,,ok,full,ok,,results/public_resynth/public_resynth_gadgets/hamming_weight_n16/assembled.qasm,105,105,0,0.0,10,18,-8,0.035317860746720484,0.2679938744257274,0.15473032714412024,0.2679938744257274,0.4227053140096618,76,75,1.4,0.3,0.3,0.5,0.17142857142857143,45,1834,2973,,,,,,,,,,,,,,,,,,,,,,,,,,,,,,,,,,,,,,,,,,,,,,,,,,,,,
hamming_weight_n16,demo_control_no_gadgets,vendored-local,applications,L,31,45,45,45,not-run,,not-run,none,not-run,Missing QASM artifact.,,105,,,,10,,,,,,,,,,,,,,,,,,,,,,,,,,,,,,,,,,,,,,,,,,,,,,,,,,,,,,,,,,,,,,,,,,,,,,
hamming_weight_n16,demo_control_gadgets,vendored-local,applications,L,31,45,45,45,not-run,,not-run,none,not-run,Missing QASM artifact.,,105,,,,10,,,,,,,,,,,,,,,,,,,,,,,,,,,,,,,,,,,,,,,,,,,,,,,,,,,,,,,,,,,,,,,,,,,,,,
hamming_weight_n17,original,vendored-local,applications,L,32,46,46,46,not-run,,ok,full,ok,,external/circuit-to-tensor/benchmarks/applications/hamming_weight_n17/hamming_weight_n17.qasm,105,105,0,0.0,10,10,0,0.3645833333333333,0.851581508515815,0.7415254237288136,0.851581508515815,0.9198423127463863,76,75,1.4,0.2,0.2,0.2,0.09523809523809523,32,88,288,,,,,,,,,,,,,,,,,,,,,,,,,,,,,,,,,,,,,,,,,,,,,,,,,,,,,
hamming_weight_n17,pyzx,vendored-local,applications,L,32,46,46,46,not-run,2.360093832015991,ok,full,ok,,results/pyzx/hamming_weight_n17/optimized.qasm,105,105,0,0.0,10,8,2,0.07337526205450734,0.44191919191919193,0.28363047001620745,0.44191919191919193,0.6129597197898424,106,105,1.0,1.3428571428571427,1.3428571428571427,1.638095238095238,0.0761904761904762,32,465,1431,,,,,,,,,,,,,,,,,,,,,,,,,,,,,,,,,,,,,,,,,,,,,,,,,,,,,
hamming_weight_n17,compile_no_quizx,vendored-local,applications,L,32,46,46,46,not-run,,ok,full,ok,,external/circuit-to-tensor/benchmarks/applications/hamming_weight_n17/hamming_weight_n17.hopt.qasm,105,105,0,0.0,10,40,-30,0.06180105944673337,0.397125567322239,0.24775837659273242,0.397125567322239,0.568489442338928,106,105,1.0,0.09047619047619047,0.09047619047619047,0.11428571428571428,0.38095238095238093,32,1178,1699,,,,,,,,,,,,,,,,,,,,,,,,,,,,,,,,,,,,,,,,,,,,,,,,,,,,,
hamming_weight_n17,compile_quizx,vendored-local,applications,L,32,46,46,46,not-run,0.08116722106933594,ok,full,ok,,results/compile_stage1/quizx/hamming_weight_n17/hamming_weight_n17.hopt.qasm,105,105,0,0.0,10,40,-30,0.06231454005934718,0.39923954372623577,0.2494061757719715,0.39923954372623577,0.5706521739130435,105,104,1.0096153846153846,0.08653846153846154,0.08653846153846154,0.125,0.38095238095238093,32,1251,1685,,,,,,,,,,,,,,,,,,,,,,,,,,,,,,,,,,,,,,,,,,,,,,,,,,,,,
hamming_weight_n17,public_resynth_no_gadgets,vendored-local,applications,L,32,46,46,46,not-run,,not-available,none,not-run,Missing QASM artifact.,,105,,,,10,,,,,,,,,,,,,,,,,,,,,,,,,,,,,,,,,,,,,,,,,,,,,,,,,,,,,,,,,,,,,,,,,,,,,,
hamming_weight_n17,public_resynth_gadgets,vendored-local,applications,L,32,46,46,46,not-run,,ok,full,ok,,results/public_resynth/public_resynth_gadgets/hamming_weight_n17/assembled.qasm,105,105,0,0.0,10,20,-10,0.03406878650227125,0.26074000496647626,0.1499143346659052,0.26074000496647626,0.4136300965136892,76,75,1.4,0.3,0.3,0.5,0.19047619047619047,46,1932,3082,,,,,,,,,,,,,,,,,,,,,,,,,,,,,,,,,,,,,,,,,,,,,,,,,,,,,
hamming_weight_n17,demo_control_no_gadgets,vendored-local,applications,L,32,46,46,46,not-run,,not-run,none,not-run,Missing QASM artifact.,,105,,,,10,,,,,,,,,,,,,,,,,,,,,,,,,,,,,,,,,,,,,,,,,,,,,,,,,,,,,,,,,,,,,,,,,,,,,,
hamming_weight_n17,demo_control_gadgets,vendored-local,applications,L,32,46,46,46,not-run,,not-run,none,not-run,Missing QASM artifact.,,105,,,,10,,,,,,,,,,,,,,,,,,,,,,,,,,,,,,,,,,,,,,,,,,,,,,,,,,,,,,,,,,,,,,,,,,,,,,
hamming_weight_n18,original,vendored-local,applications,L,34,48,48,48,not-run,,ok,full,ok,,external/circuit-to-tensor/benchmarks/applications/hamming_weight_n18/hamming_weight_n18.qasm,112,112,0,0.0,8,8,0,0.36363636363636365,0.851063829787234,0.7407407407407407,0.851063829787234,0.9195402298850575,81,80,1.4,0.2,0.2,0.2,0.07142857142857142,34,83,308,,,,,,,,,,,,,,,,,,,,,,,,,,,,,,,,,,,,,,,,,,,,,,,,,,,,,
hamming_weight_n18,pyzx,vendored-local,applications,L,34,48,48,48,not-run,2.562567949295044,ok,full,ok,,results/pyzx/hamming_weight_n18/optimized.qasm,112,112,0,0.0,8,11,-3,0.0724450194049159,0.4385277995301488,0.28084252758274825,0.4385277995301488,0.6096897114861187,113,112,1.0,1.2857142857142858,1.2857142857142858,1.5803571428571428,0.09821428571428571,34,430,1546,,,,,,,,,,,,,,,,,,,,,,,,,,,,,,,,,,,,,,,,,,,,,,,,,,,,,
hamming_weight_n18,compile_no_quizx,vendored-local,applications,L,34,48,48,48,not-run,,ok,full,ok,,external/circuit-to-tensor/benchmarks/applications/hamming_weight_n18/hamming_weight_n18.hopt.qasm,112,112,0,0.0,8,36,-28,0.05761316872427984,0.3794037940379404,0.23411371237458195,0.3794037940379404,0.550098231827112,113,112,1.0,0.09821428571428571,0.09821428571428571,0.11160714285714286,0.32142857142857145,34,1395,1944,,,,,,,,,,,,,,,,,,,,,,,,,,,,,,,,,,,,,,,,,,,,,,,,,,,,,
hamming_weight_n18,compile_quizx,vendored-local,applications,L,34,48,48,48,not-run,0.232619047164917,ok,full,ok,,results/compile_stage1/quizx/hamming_weight_n18/hamming_weight_n18.hopt.qasm,112,112,0,0.0,8,36,-28,0.056451612903225805,0.37433155080213903,0.23026315789473684,0.37433155080213903,0.5447470817120622,113,112,1.0,0.07589285714285714,0.07589285714285714,0.10714285714285714,0.32142857142857145,34,1374,1984,,,,,,,,,,,,,,,,,,,,,,,,,,,,,,,,,,,,,,,,,,,,,,,,,,,,,
hamming_weight_n18,public_resynth_no_gadgets,vendored-local,applications,L,34,48,48,48,not-run,,not-available,none,not-run,Missing QASM artifact.,,112,,,,8,,,,,,,,,,,,,,,,,,,,,,,,,,,,,,,,,,,,,,,,,,,,,,,,,,,,,,,,,,,,,,,,,,,,,,
hamming_weight_n18,public_resynth_gadgets,vendored-local,applications,L,34,48,48,48,not-run,,ok,full,ok,,results/public_resynth/public_resynth_gadgets/hamming_weight_n18/assembled.qasm,112,112,0,0.0,8,22,-14,0.03753351206434316,0.280561122244489,0.16317016317016317,0.280561122244489,0.4381846635367762,81,80,1.4,0.3,0.3,0.5,0.19642857142857142,48,1899,2984,,,,,,,,,,,,,,,,,,,,,,,,,,,,,,,,,,,,,,,,,,,,,,,,,,,,,
hamming_weight_n18,demo_control_no_gadgets,vendored-local,applications,L,34,48,48,48,not-run,,not-run,none,not-run,Missing QASM artifact.,,112,,,,8,,,,,,,,,,,,,,,,,,,,,,,,,,,,,,,,,,,,,,,,,,,,,,,,,,,,,,,,,,,,,,,,,,,,,,
hamming_weight_n18,demo_control_gadgets,vendored-local,applications,L,34,48,48,48,not-run,,not-run,none,not-run,Missing QASM artifact.,,112,,,,8,,,,,,,,,,,,,,,,,,,,,,,,,,,,,,,,,,,,,,,,,,,,,,,,,,,,,,,,,,,,,,,,,,,,,,
hamming_weight_n19,original,vendored-local,applications,L,35,49,49,49,not-run,,ok,full,ok,,external/circuit-to-tensor/benchmarks/applications/hamming_weight_n19/hamming_weight_n19.qasm,112,112,0,0.0,8,8,0,0.358974358974359,0.8484848484848485,0.7368421052631579,0.8484848484848485,0.9180327868852459,81,80,1.4,0.2,0.2,0.2,0.07142857142857142,35,88,312,,,,,,,,,,,,,,,,,,,,,,,,,,,,,,,,,,,,,,,,,,,,,,,,,,,,,
hamming_weight_n19,pyzx,vendored-local,applications,L,35,49,49,49,not-run,2.4196088314056396,ok,full,ok,,results/pyzx/hamming_weight_n19/optimized.qasm,112,112,0,0.0,8,9,-1,0.059637912673056445,0.3880803880803881,0.2407566638005159,0.3880803880803881,0.5591612581128308,111,111,1.009009009009009,1.239819004524887,1.239819004524887,1.5610859728506787,0.08035714285714286,35,654,1878,,,,,,,,,,,,,,,,,,,,,,,,,,,,,,,,,,,,,,,,,,,,,,,,,,,,,
hamming_weight_n19,compile_no_quizx,vendored-local,applications,L,35,49,49,49,not-run,,ok,full,ok,,external/circuit-to-tensor/benchmarks/applications/hamming_weight_n19/hamming_weight_n19.hopt.qasm,112,112,0,0.0,8,36,-28,0.058885383806519455,0.3848797250859107,0.23829787234042554,0.3848797250859107,0.5558312655086849,111,110,1.018181818181818,0.07272727272727272,0.07272727272727272,0.10454545454545454,0.32142857142857145,35,1336,1902,,,,,,,,,,,,,,,,,,,,,,,,,,,,,,,,,,,,,,,,,,,,,,,,,,,,,
hamming_weight_n19,compile_quizx,vendored-local,applications,L,35,49,49,49,not-run,0.25539302825927734,ok,full,ok,,results/compile_stage1/quizx/hamming_weight_n19/hamming_weight_n19.hopt.qasm,112,112,0,0.0,8,36,-28,0.058424621804903494,0.38290598290598293,0.23678646934460887,0.38290598290598293,0.553770086526576,113,112,1.0,0.07142857142857142,0.07142857142857142,0.08928571428571429,0.32142857142857145,35,1355,1917,,,,,,,,,,,,,,,,,,,,,,,,,,,,,,,,,,,,,,,,,,,,,,,,,,,,,
hamming_weight_n19,public_resynth_no_gadgets,vendored-local,applications,L,35,49,49,49,not-run,,not-available,none,not-run,Missing QASM artifact.,,112,,,,8,,,,,,,,,,,,,,,,,,,,,,,,,,,,,,,,,,,,,,,,,,,,,,,,,,,,,,,,,,,,,,,,,,,,,,
hamming_weight_n19,public_resynth_gadgets,vendored-local,applications,L,35,49,49,49,not-run,,ok,full,ok,,results/public_resynth/public_resynth_gadgets/hamming_weight_n19/assembled.qasm,112,112,0,0.0,8,17,-9,0.03765971755211836,0.2812656956303365,0.1636469900642899,0.2812656956303365,0.4390435123480988,81,80,1.4,0.3,0.3,0.5,0.15178571428571427,49,1884,2974,,,,,,,,,,,,,,,,,,,,,,,,,,,,,,,,,,,,,,,,,,,,,,,,,,,,,
hamming_weight_n19,demo_control_no_gadgets,vendored-local,applications,L,35,49,49,49,not-run,,not-run,none,not-run,Missing QASM artifact.,,112,,,,8,,,,,,,,,,,,,,,,,,,,,,,,,,,,,,,,,,,,,,,,,,,,,,,,,,,,,,,,,,,,,,,,,,,,,,
hamming_weight_n19,demo_control_gadgets,vendored-local,applications,L,35,49,49,49,not-run,,not-run,none,not-run,Missing QASM artifact.,,112,,,,8,,,,,,,,,,,,,,,,,,,,,,,,,,,,,,,,,,,,,,,,,,,,,,,,,,,,,,,,,,,,,,,,,,,,,,
hamming_weight_n20,original,vendored-local,applications,L,38,54,54,54,not-run,,ok,full,ok,,external/circuit-to-tensor/benchmarks/applications/hamming_weight_n20/hamming_weight_n20.qasm,126,126,0,0.0,10,10,0,0.3620689655172414,0.8502024291497976,0.7394366197183099,0.8502024291497976,0.9190371991247265,91,90,1.4,0.2,0.2,0.2,0.07936507936507936,38,97,348,,,,,,,,,,,,,,,,,,,,,,,,,,,,,,,,,,,,,,,,,,,,,,,,,,,,,
hamming_weight_n20,pyzx,vendored-local,applications,L,38,54,54,54,not-run,2.6061668395996094,ok,full,ok,,results/pyzx/hamming_weight_n20/optimized.qasm,126,126,0,0.0,10,8,2,0.07585791691751957,0.45080500894454384,0.2909930715935335,0.45080500894454384,0.6214549938347719,127,126,1.0,1.3015873015873016,1.3015873015873016,1.5912698412698412,0.06349206349206349,38,510,1661,,,,,,,,,,,,,,,,,,,,,,,,,,,,,,,,,,,,,,,,,,,,,,,,,,,,,
hamming_weight_n20,compile_no_quizx,vendored-local,applications,L,38,54,54,54,not-run,,ok,full,ok,,external/circuit-to-tensor/benchmarks/applications/hamming_weight_n20/hamming_weight_n20.hopt.qasm,126,126,0,0.0,10,40,-30,0.055875831485587585,0.3717910888167601,0.22834360275462123,0.3717910888167601,0.5420520542052054,127,126,1.0,0.0873015873015873,0.0873015873015873,0.11507936507936507,0.31746031746031744,38,1616,2255,,,,,,,,,,,,,,,,,,,,,,,,,,,,,,,,,,,,,,,,,,,,,,,,,,,,,
hamming_weight_n20,compile_quizx,vendored-local,applications,L,38,54,54,54,not-run,0.10928702354431152,ok,full,ok,,results/compile_stage1/quizx/hamming_weight_n20/hamming_weight_n20.hopt.qasm,126,126,0,0.0,10,40,-30,0.058961160505381374,0.3852033017425864,0.23854600530102235,0.3852033017425864,0.5561686161995144,127,126,1.0,0.09126984126984126,0.09126984126984126,0.11904761904761904,0.31746031746031744,38,1431,2137,,,,,,,,,,,,,,,,,,,,,,,,,,,,,,,,,,,,,,,,,,,,,,,,,,,,,
hamming_weight_n20,public_resynth_no_gadgets,vendored-local,applications,L,38,54,54,54,not-run,,not-available,none,not-run,Missing QASM artifact.,,126,,,,10,,,,,,,,,,,,,,,,,,,,,,,,,,,,,,,,,,,,,,,,,,,,,,,,,,,,,,,,,,,,,,,,,,,,,,
hamming_weight_n20,public_resynth_gadgets,vendored-local,applications,L,38,54,54,54,not-run,,ok,full,ok,,results/public_resynth/public_resynth_gadgets/hamming_weight_n20/assembled.qasm,126,126,0,0.0,10,24,-14,0.03420195439739414,0.261519302615193,0.1504297994269341,0.261519302615193,0.4146100691016782,91,90,1.4,0.3,0.3,0.5,0.19047619047619047,54,2371,3684,,,,,,,,,,,,,,,,,,,,,,,,,,,,,,,,,,,,,,,,,,,,,,,,,,,,,
hamming_weight_n20,demo_control_no_gadgets,vendored-local,applications,L,38,54,54,54,not-run,,not-run,none,not-run,Missing QASM artifact.,,126,,,,10,,,,,,,,,,,,,,,,,,,,,,,,,,,,,,,,,,,,,,,,,,,,,,,,,,,,,,,,,,,,,,,,,,,,,,
hamming_weight_n20,demo_control_gadgets,vendored-local,applications,L,38,54,54,54,not-run,,not-run,none,not-run,Missing QASM artifact.,,126,,,,10,,,,,,,,,,,,,,,,,,,,,,,,,,,,,,,,,,,,,,,,,,,,,,,,,,,,,,,,,,,,,,,,,,,,,,
hwb_6,original,vendored-local,arithmetic,L,7,27,27,27,not-run,,ok,full,ok,,external/circuit-to-tensor/benchmarks/arithmetic/hwb_6/hwb_6.qasm,105,105,0,0.0,24,24,0,0.329153605015674,0.8306962025316456,0.7104194857916103,0.8306962025316456,0.9075194468452895,76,75,1.4,0.26,0.26,0.4,0.22857142857142856,7,194,319,,,,,,,,,,,,,,,,,,,,,,,,,,,,,,,,,,,,,,,,,,,,,,,,,,,,,
hwb_6,pyzx,vendored-local,arithmetic,L,7,27,27,27,not-run,1.1983239650726318,ok,full,ok,,results/pyzx/hwb_6/optimized.qasm,105,75,30,0.2857142857142857,24,14,10,0.13134851138353765,0.6019261637239165,0.4305396096440873,0.6019261637239165,0.751503006012024,76,75,1.0,1.12,1.12,1.36,0.18666666666666668,7,356,571,,,,,,,,,,,,,,,,,,,,,,,,,,,,,,,,,,,,,,,,,,,,,,,,,,,,,
hwb_6,compile_no_quizx,vendored-local,arithmetic,L,7,27,27,27,not-run,,ok,full,ok,,external/circuit-to-tensor/benchmarks/arithmetic/hwb_6/hwb_6.hopt.qasm,105,75,30,0.2857142857142857,24,44,-20,0.12417218543046357,0.5863956215793589,0.41482300884955753,0.5863956215793589,0.7392804337111878,76,75,1.0,0.07333333333333333,0.07333333333333333,0.11333333333333333,0.5866666666666667,7,506,604,,,,,,,,,,,,,,,,,,,,,,,,,,,,,,,,,,,,,,,,,,,,,,,,,,,,,
hwb_6,compile_quizx,vendored-local,arithmetic,L,7,27,27,27,not-run,0.02471017837524414,ok,full,ok,,results/compile_stage1/quizx/hwb_6/hwb_6.hopt.qasm,105,75,30,0.2857142857142857,24,34,-10,0.1141552511415525,0.5630630630630631,0.39184952978056425,0.5630630630630631,0.7204610951008645,76,75,1.0,0.07333333333333333,0.07333333333333333,0.08,0.4533333333333333,7,572,657,,,,,,,,,,,,,,,,,,,,,,,,,,,,,,,,,,,,,,,,,,,,,,,,,,,,,
hwb_6,public_resynth_no_gadgets,vendored-local,arithmetic,L,7,27,27,27,not-run,,ok,full,ok,,results/public_resynth/public_resynth_no_gadgets/hwb_6/assembled.qasm,105,51,54,0.5142857142857142,24,11,13,0.025914634146341462,0.21013597033374537,0.11740331491712708,0.21013597033374537,0.3472931562819203,52,51,1.0,0.0196078431372549,0.0196078431372549,0.029411764705882353,0.21568627450980393,27,1458,1968,,,,,,,,,,,,,,,,,,,,,,,,,,,,,,,,,,,,,,,,,,,,,,,,,,,,,
hwb_6,public_resynth_gadgets,vendored-local,arithmetic,L,7,27,27,27,not-run,,ok,full,ok,,results/public_resynth/public_resynth_gadgets/hwb_6/assembled.qasm,105,70,35,0.3333333333333333,24,12,12,0.04827586206896552,0.33653846153846156,0.2023121387283237,0.33653846153846156,0.5035971223021583,51,50,1.4,0.3,0.3,0.5,0.17142857142857143,27,932,1450,,,,,,,,,,,,,,,,,,,,,,,,,,,,,,,,,,,,,,,,,,,,,,,,,,,,,
hwb_6,demo_control_no_gadgets,vendored-local,arithmetic,L,7,27,27,27,not-run,,not-run,none,not-run,Missing QASM artifact.,,105,,,,24,,,,,,,,,,,,,,,,,,,,,,,,,,,,,,,,,,,,,,,,,,,,,,,,,,,,,,,,,,,,,,,,,,,,,,
hwb_6,demo_control_gadgets,vendored-local,arithmetic,L,7,27,27,27,not-run,,not-run,none,not-run,Missing QASM artifact.,,105,,,,24,,,,,,,,,,,,,,,,,,,,,,,,,,,,,,,,,,,,,,,,,,,,,,,,,,,,,,,,,,,,,,,,,,,,,,
mod_5_4,original,vendored-local,arithmetic,S,5,5,5,5,not-run,,ok,full,ok,,external/circuit-to-tensor/benchmarks/arithmetic/mod_5_4/mod_5_4.qasm,28,28,0,0.0,16,16,0,0.35443037974683544,0.8459214501510574,0.7329842931937173,0.8459214501510574,0.9165302782324058,21,20,1.4,0.3,0.3,0.475,0.5714285714285714,5,59,79,,,,,,,,,,,,,,,,,,,,,,,,,,,,,,,,,,,,,,,,,,,,,,,,,,,,,
mod_5_4,pyzx,vendored-local,arithmetic,S,5,5,5,5,not-run,0.9863998889923096,ok,full,ok,,results/pyzx/mod_5_4/optimized.qasm,28,8,20,0.7142857142857143,16,2,14,0.07766990291262135,0.45714285714285713,0.2962962962962963,0.45714285714285713,0.6274509803921569,9,8,1.0,1.125,1.125,1.4375,0.25,5,45,103,,,,,,,,,,,,,,,,,,,,,,,,,,,,,,,,,,,,,,,,,,,,,,,,,,,,,
mod_5_4,compile_no_quizx,vendored-local,arithmetic,S,5,5,5,5,not-run,,ok,full,ok,,external/circuit-to-tensor/benchmarks/arithmetic/mod_5_4/mod_5_4.hopt.qasm,28,8,20,0.7142857142857143,16,4,12,0.17391304347826086,0.6779661016949152,0.5128205128205128,0.6779661016949152,0.8080808080808081,9,8,1.0,0.0625,0.0625,0.0625,0.5,5,31,46,,,,,,,,,,,,,,,,,,,,,,,,,,,,,,,,,,,,,,,,,,,,,,,,,,,,,
mod_5_4,compile_quizx,vendored-local,arithmetic,S,5,5,5,5,not-run,0.01915717124938965,ok,full,ok,,results/compile_stage1/quizx/mod_5_4/mod_5_4.hopt.qasm,28,8,20,0.7142857142857143,16,4,12,0.17391304347826086,0.6779661016949152,0.5128205128205128,0.6779661016949152,0.8080808080808081,9,8,1.0,0.0625,0.0625,0.0625,0.5,5,36,46,,,,,,,,,,,,,,,,,,,,,,,,,,,,,,,,,,,,,,,,,,,,,,,,,,,,,
mod_5_4,public_resynth_no_gadgets,vendored-local,arithmetic,S,5,5,5,5,not-run,,ok,full,ok,,results/public_resynth/public_resynth_no_gadgets/mod_5_4/assembled.qasm,28,7,21,0.75,16,4,12,0.09859154929577464,0.5223880597014925,0.35353535353535354,0.5223880597014925,0.6862745098039216,8,7,1.0,0.07142857142857142,0.07142857142857142,0.07142857142857142,0.5714285714285714,5,57,71,,,,,,,,,,,,,,,,,,,,,,,,,,,,,,,,,,,,,,,,,,,,,,,,,,,,,
mod_5_4,public_resynth_gadgets,vendored-local,arithmetic,S,5,5,5,5,not-run,,ok,full,ok,,results/public_resynth/public_resynth_gadgets/mod_5_4/assembled.qasm,28,7,21,0.75,16,4,12,0.08433734939759036,0.4794520547945205,0.3153153153153153,0.4794520547945205,0.6481481481481481,6,5,1.4,0.3,0.3,0.5,0.5714285714285714,5,59,83,,,,,,,,,,,,,,,,,,,,,,,,,,,,,,,,,,,,,,,,,,,,,,,,,,,,,
mod_5_4,public_resynth_structural,vendored-local,arithmetic,S,5,5,5,5,not-run,,ok,full,ok,,results/tmp_alphaq_border_full/public_resynth_structural/mod_5_4/assembled.qasm,28,7,21,0.75,16,4,12,0.08433734939759036,0.4794520547945205,0.3153153153153153,0.4794520547945205,0.6481481481481481,6,5,1.4,0.3,0.3,0.5,0.5714285714285714,5,59,83,,structural,ok,,0.08135593220338982,ok,,0.08135593220338982,-0.7661016949152541,0.13559322033898305,0.6,1.0,1.0,ok,,59,5,295,8,3,24,7,4,48,5,240,46,19,5,95,15,11,40,0.864406779661017,0.3728813559322034,1.2203389830508475,1.0,0.25,7,4,1,,,,,,,,,,,,
mod_5_4,public_resynth_reranker,vendored-local,arithmetic,S,5,5,5,5,not-run,,ok,full,ok,,results/public_resynth_reranker/public_resynth_reranker/mod_5_4/assembled.qasm,28,7,21,0.75,16,4,12,0.08433734939759036,0.4794520547945205,0.3153153153153153,0.4794520547945205,0.6481481481481481,6,5,1.4,0.3,0.3,0.5,0.5714285714285714,5,59,83,,mlp_reranker,ok,,0.3728813559322034,,,,,,,,,,,,,,,,,,,,,,,,,,,,,,0.3728813559322034,1.2203389830508475,1.0,0.25,7,4,1,mod_5_4:combo1,,0.3757976764689994,0.021745941572522638,0.1,0.0,/Users/caio/Deep-Learning/project/results/models/alphatensor_structural_reranker.json,,,,,
mod_5_4,demo_control_no_gadgets,vendored-local,arithmetic,S,5,5,5,5,not-run,,not-run,none,not-run,Missing QASM artifact.,,28,,,,16,,,,,,,,,,,,,,,,,,,,,,,,,,,,,,,,,,,,,,,,,,,,,,,,,,,,,,,,,,,,,,,,,,,,,,
mod_5_4,demo_control_gadgets,vendored-local,arithmetic,S,5,5,5,5,not-run,,partial-log-only,none,not-run,Missing QASM artifact.,,28,73,-45,-1.6071428571428572,16,,,,,,,,,,,,,,,,,,results/logs/demo/quick_cpu_20260413T160153Z.json,,,,,,,,,,,,,,,,,,,,,,,,,,,,,,,,,,,,,,,,,,,,,,,,cpu,"[""TFRT_CPU_0""]",73,2,False
mod_adder_1024,original,vendored-local,arithmetic,L,28,59,59,331,not-run,,ok,full,ok,,external/circuit-to-tensor/benchmarks/arithmetic/mod_adder_1024/mod_adder_1024.qasm,1995,1995,0,0.0,324,324,0,0.36774193548387096,0.8532934131736527,0.7441253263707572,0.8532934131736527,0.9208400646203554,1426,1425,1.4,0.28421052631578947,0.28421052631578947,0.4168421052631579,0.162406015037594,28,3034,5425,,,,,,,,,,,,,,,,,,,,,,,,,,,,,,,,,,,,,,,,,,,,,,,,,,,,,
mod_adder_1024,pyzx,vendored-local,arithmetic,L,28,59,59,331,not-run,99.13086485862732,ok,full,ok,,results/pyzx/mod_adder_1024/optimized.qasm,1995,1011,984,0.4932330827067669,324,99,225,0.1450918484500574,0.6292400572602228,0.45904467853250996,0.6292400572602228,0.7724338159452955,1011,1010,1.000990099009901,0.9653465346534653,0.9653465346534653,1.1297029702970296,0.09792284866468842,28,4729,6968,,,,,,,,,,,,,,,,,,,,,,,,,,,,,,,,,,,,,,,,,,,,,,,,,,,,,
mod_adder_1024,compile_no_quizx,vendored-local,arithmetic,L,28,59,59,331,not-run,,ok,full,ok,,external/circuit-to-tensor/benchmarks/arithmetic/mod_adder_1024/mod_adder_1024.hopt.qasm,1995,1011,984,0.4932330827067669,324,176,148,0.038263568238589056,0.28462036541764024,0.1659226678920764,0.28462036541764024,0.44311980890184305,1012,1011,1.0,0.0009891196834817012,0.0009891196834817012,0.0034619188921859545,0.17408506429277942,28,21432,26422,,,,,,,,,,,,,,,,,,,,,,,,,,,,,,,,,,,,,,,,,,,,,,,,,,,,,
mod_adder_1024,compile_quizx,vendored-local,arithmetic,L,28,59,59,331,not-run,160.96843314170837,ok,full,ok,,results/compile_stage1/quizx/mod_adder_1024/mod_adder_1024.hopt.qasm,1995,1011,984,0.4932330827067669,324,176,148,0.037990380279573126,0.28310604575620957,0.16489431106471816,0.28310604575620957,0.4412823814408241,1007,1007,1.0039721946375373,0.0014903129657228018,0.0014903129657228018,0.003974167908594138,0.17408506429277942,28,21442,26612,,,,,,,,,,,,,,,,,,,,,,,,,,,,,,,,,,,,,,,,,,,,,,,,,,,,,
mod_adder_1024,public_resynth_no_gadgets,vendored-local,arithmetic,L,28,59,59,331,not-run,,not-available,none,not-run,Missing QASM artifact.,,1995,,,,324,,,,,,,,,,,,,,,,,,,,,,,,,,,,,,,,,,,,,,,,,,,,,,,,,,,,,,,,,,,,,,,,,,,,,,
mod_adder_1024,public_resynth_gadgets,vendored-local,arithmetic,L,28,59,59,331,not-run,,not-available,none,not-run,Missing QASM artifact.,,1995,,,,324,,,,,,,,,,,,,,,,,,,,,,,,,,,,,,,,,,,,,,,,,,,,,,,,,,,,,,,,,,,,,,,,,,,,,,
mod_adder_1024,demo_control_no_gadgets,vendored-local,arithmetic,L,28,59,59,331,not-run,,not-run,none,not-run,Missing QASM artifact.,,1995,,,,324,,,,,,,,,,,,,,,,,,,,,,,,,,,,,,,,,,,,,,,,,,,,,,,,,,,,,,,,,,,,,,,,,,,,,,
mod_adder_1024,demo_control_gadgets,vendored-local,arithmetic,L,28,59,59,331,not-run,,not-run,none,not-run,Missing QASM artifact.,,1995,,,,324,,,,,,,,,,,,,,,,,,,,,,,,,,,,,,,,,,,,,,,,,,,,,,,,,,,,,,,,,,,,,,,,,,,,,,
mod_mult_55,original,vendored-local,arithmetic,M,9,11,11,11,not-run,,ok,full,ok,,external/circuit-to-tensor/benchmarks/arithmetic/mod_mult_55/mod_mult_55.qasm,49,49,0,0.0,10,10,0,0.3333333333333333,0.8333333333333334,0.7142857142857143,0.8333333333333334,0.9090909090909091,36,35,1.4,0.22857142857142856,0.22857142857142856,0.35714285714285715,0.20408163265306123,9,60,147,,,,,,,,,,,,,,,,,,,,,,,,,,,,,,,,,,,,,,,,,,,,,,,,,,,,,
mod_mult_55,pyzx,vendored-local,arithmetic,M,9,11,11,11,not-run,1.1916279792785645,ok,full,ok,,results/pyzx/mod_mult_55/optimized.qasm,49,35,14,0.2857142857142857,10,11,-1,0.10144927536231885,0.5303030303030303,0.36082474226804123,0.5303030303030303,0.693069306930693,36,35,1.0,1.2714285714285714,1.2714285714285714,1.4857142857142858,0.3142857142857143,9,166,345,,,,,,,,,,,,,,,,,,,,,,,,,,,,,,,,,,,,,,,,,,,,,,,,,,,,,
mod_mult_55,compile_no_quizx,vendored-local,arithmetic,M,9,11,11,11,not-run,,ok,full,ok,,external/circuit-to-tensor/benchmarks/arithmetic/mod_mult_55/mod_mult_55.hopt.qasm,49,35,14,0.2857142857142857,10,16,-6,0.11824324324324324,0.5728314238952537,0.4013761467889908,0.5728314238952537,0.72840790842872,36,35,1.0,0.04285714285714286,0.04285714285714286,0.05714285714285714,0.45714285714285713,9,194,296,,,,,,,,,,,,,,,,,,,,,,,,,,,,,,,,,,,,,,,,,,,,,,,,,,,,,
mod_mult_55,compile_quizx,vendored-local,arithmetic,M,9,11,11,11,not-run,0.018198013305664062,ok,full,ok,,results/compile_stage1/quizx/mod_mult_55/mod_mult_55.hopt.qasm,49,35,14,0.2857142857142857,10,16,-6,0.12323943661971831,0.5843071786310517,0.41273584905660377,0.5843071786310517,0.7376185458377239,36,35,1.0,0.08571428571428572,0.08571428571428572,0.08571428571428572,0.45714285714285713,9,209,284,,,,,,,,,,,,,,,,,,,,,,,,,,,,,,,,,,,,,,,,,,,,,,,,,,,,,
mod_mult_55,public_resynth_no_gadgets,vendored-local,arithmetic,M,9,11,11,11,not-run,,ok,full,ok,,results/public_resynth/public_resynth_no_gadgets/mod_mult_55/assembled.qasm,49,17,32,0.6530612244897959,10,6,4,0.035196687370600416,0.2672955974842767,0.1542649727767695,0.2672955974842767,0.4218362282878412,18,17,1.0,0.029411764705882353,0.029411764705882353,0.058823529411764705,0.35294117647058826,12,355,483,,,,,,,,,,,,,,,,,,,,,,,,,,,,,,,,,,,,,,,,,,,,,,,,,,,,,
mod_mult_55,public_resynth_gadgets,vendored-local,arithmetic,M,9,11,11,11,not-run,,ok,full,ok,,results/public_resynth/public_resynth_gadgets/mod_mult_55/assembled.qasm,49,21,28,0.5714285714285714,10,5,5,0.04259634888438134,0.30791788856304986,0.18197573656845753,0.30791788856304986,0.47085201793721976,16,15,1.4,0.3,0.3,0.5,0.23809523809523808,12,330,493,,,,,,,,,,,,,,,,,,,,,,,,,,,,,,,,,,,,,,,,,,,,,,,,,,,,,
mod_mult_55,demo_control_no_gadgets,vendored-local,arithmetic,M,9,11,11,11,not-run,,not-run,none,not-run,Missing QASM artifact.,,49,,,,10,,,,,,,,,,,,,,,,,,,,,,,,,,,,,,,,,,,,,,,,,,,,,,,,,,,,,,,,,,,,,,,,,,,,,,
mod_mult_55,demo_control_gadgets,vendored-local,arithmetic,M,9,11,11,11,not-run,,not-run,none,not-run,Missing QASM artifact.,,49,,,,10,,,,,,,,,,,,,,,,,,,,,,,,,,,,,,,,,,,,,,,,,,,,,,,,,,,,,,,,,,,,,,,,,,,,,,
mod_red_21,original,vendored-local,arithmetic,L,11,28,28,28,not-run,,ok,full,ok,,external/circuit-to-tensor/benchmarks/arithmetic/mod_red_21/mod_red_21.qasm,119,119,0,0.0,21,21,0,0.3439306358381503,0.839802399435427,0.7238442822384428,0.839802399435427,0.9129267357115458,86,85,1.4,0.23529411764705882,0.23529411764705882,0.38235294117647056,0.17647058823529413,11,196,346,,,,,,,,,,,,,,,,,,,,,,,,,,,,,,,,,,,,,,,,,,,,,,,,,,,,,
mod_red_21,pyzx,vendored-local,arithmetic,L,11,28,28,28,not-run,0.892078161239624,ok,full,ok,,results/pyzx/mod_red_21/optimized.qasm,119,73,46,0.3865546218487395,21,17,4,0.13176895306859207,0.6028075970272502,0.4314420803782506,0.6028075970272502,0.7521895929933025,74,73,1.0,1.0684931506849316,1.0684931506849316,1.3287671232876712,0.2328767123287671,11,349,554,,,,,,,,,,,,,,,,,,,,,,,,,,,,,,,,,,,,,,,,,,,,,,,,,,,,,
mod_red_21,compile_no_quizx,vendored-local,arithmetic,L,11,28,28,28,not-run,,ok,full,ok,,external/circuit-to-tensor/benchmarks/arithmetic/mod_red_21/mod_red_21.hopt.qasm,119,73,46,0.3865546218487395,21,26,-5,0.07494866529774127,0.4475781729000613,0.2883096366508689,0.4475781729000613,0.6183820415078357,74,73,1.0,0.00684931506849315,0.00684931506849315,0.02054794520547945,0.3561643835616438,11,734,974,,,,,,,,,,,,,,,,,,,,,,,,,,,,,,,,,,,,,,,,,,,,,,,,,,,,,
mod_red_21,compile_quizx,vendored-local,arithmetic,L,11,28,28,28,not-run,0.0747671127319336,ok,full,ok,,results/compile_stage1/quizx/mod_red_21/mod_red_21.hopt.qasm,119,73,46,0.3865546218487395,21,34,-13,0.0770042194092827,0.45482866043613707,0.29435483870967744,0.45482866043613707,0.6252676659528907,74,73,1.0,0.0410958904109589,0.0410958904109589,0.07534246575342465,0.4657534246575342,11,723,948,,,,,,,,,,,,,,,,,,,,,,,,,,,,,,,,,,,,,,,,,,,,,,,,,,,,,
mod_red_21,public_resynth_no_gadgets,vendored-local,arithmetic,L,11,28,28,28,not-run,,ok,full,ok,,results/public_resynth/public_resynth_no_gadgets/mod_red_21/assembled.qasm,119,51,68,0.5714285714285714,21,15,6,0.019836639439906652,0.16831683168316833,0.0918918918918919,0.16831683168316833,0.288135593220339,52,51,1.0,0.0784313725490196,0.0784313725490196,0.10784313725490197,0.29411764705882354,28,1804,2571,,,,,,,,,,,,,,,,,,,,,,,,,,,,,,,,,,,,,,,,,,,,,,,,,,,,,
mod_red_21,public_resynth_gadgets,vendored-local,arithmetic,L,11,28,28,28,not-run,,ok,full,ok,,results/public_resynth/public_resynth_gadgets/mod_red_21/assembled.qasm,119,77,42,0.35294117647058826,21,14,7,0.031098546042003232,0.24297885768381192,0.13829022988505746,0.24297885768381192,0.39096217314039095,56,55,1.4,0.3,0.3,0.5,0.18181818181818182,28,1463,2476,,,,,,,,,,,,,,,,,,,,,,,,,,,,,,,,,,,,,,,,,,,,,,,,,,,,,
mod_red_21,demo_control_no_gadgets,vendored-local,arithmetic,L,11,28,28,28,not-run,,not-run,none,not-run,Missing QASM artifact.,,119,,,,21,,,,,,,,,,,,,,,,,,,,,,,,,,,,,,,,,,,,,,,,,,,,,,,,,,,,,,,,,,,,,,,,,,,,,,
mod_red_21,demo_control_gadgets,vendored-local,arithmetic,L,11,28,28,28,not-run,,not-run,none,not-run,Missing QASM artifact.,,119,,,,21,,,,,,,,,,,,,,,,,,,,,,,,,,,,,,,,,,,,,,,,,,,,,,,,,,,,,,,,,,,,,,,,,,,,,,
nc_tof_3,original,vendored-local,arithmetic,S,5,7,7,7,not-run,,ok,full,ok,,external/circuit-to-tensor/benchmarks/arithmetic/nc_tof_3/nc_tof_3.qasm,21,21,0,0.0,10,10,0,0.3684210526315789,0.8536585365853658,0.7446808510638298,0.8536585365853658,0.9210526315789473,16,15,1.4,0.3,0.3,0.4666666666666667,0.47619047619047616,5,38,57,,,,,,,,,,,,,,,,,,,,,,,,,,,,,,,,,,,,,,,,,,,,,,,,,,,,,
nc_tof_3,pyzx,vendored-local,arithmetic,S,5,7,7,7,not-run,0.648533821105957,ok,full,ok,,results/pyzx/nc_tof_3/optimized.qasm,21,15,6,0.2857142857142857,10,7,3,0.11627906976744186,0.5681818181818182,0.3968253968253968,0.5681818181818182,0.7246376811594203,15,14,1.0714285714285714,1.2857142857142858,1.2857142857142858,1.5357142857142858,0.4666666666666667,5,86,129,,,,,,,,,,,,,,,,,,,,,,,,,,,,,,,,,,,,,,,,,,,,,,,,,,,,,
nc_tof_3,compile_no_quizx,vendored-local,arithmetic,S,5,7,7,7,not-run,,ok,full,ok,,external/circuit-to-tensor/benchmarks/arithmetic/nc_tof_3/nc_tof_3.hopt.qasm,21,15,6,0.2857142857142857,10,8,2,0.125,0.5882352941176471,0.4166666666666667,0.5882352941176471,0.7407407407407407,16,15,1.0,0.13333333333333333,0.13333333333333333,0.13333333333333333,0.5333333333333333,5,97,120,,,,,,,,,,,,,,,,,,,,,,,,,,,,,,,,,,,,,,,,,,,,,,,,,,,,,
nc_tof_3,compile_quizx,vendored-local,arithmetic,S,5,7,7,7,not-run,0.023752212524414062,ok,full,ok,,results/compile_stage1/quizx/nc_tof_3/nc_tof_3.hopt.qasm,21,15,6,0.2857142857142857,10,8,2,0.125,0.5882352941176471,0.4166666666666667,0.5882352941176471,0.7407407407407407,15,14,1.0714285714285714,0.14285714285714285,0.14285714285714285,0.14285714285714285,0.5333333333333333,5,98,120,,,,,,,,,,,,,,,,,,,,,,,,,,,,,,,,,,,,,,,,,,,,,,,,,,,,,
nc_tof_3,public_resynth_no_gadgets,vendored-local,arithmetic,S,5,7,7,7,not-run,,not-available,none,not-run,Missing QASM artifact.,,21,,,,10,,,,,,,,,,,,,,,,,,,,,,,,,,,,,,,,,,,,,,,,,,,,,,,,,,,,,,,,,,,,,,,,,,,,,,
nc_tof_3,public_resynth_gadgets,vendored-local,arithmetic,S,5,7,7,7,not-run,,not-available,none,not-run,Missing QASM artifact.,,21,,,,10,,,,,,,,,,,,,,,,,,,,,,,,,,,,,,,,,,,,,,,,,,,,,,,,,,,,,,,,,,,,,,,,,,,,,,
nc_tof_3,demo_control_no_gadgets,vendored-local,arithmetic,S,5,7,7,7,not-run,,not-run,none,not-run,Missing QASM artifact.,,21,,,,10,,,,,,,,,,,,,,,,,,,,,,,,,,,,,,,,,,,,,,,,,,,,,,,,,,,,,,,,,,,,,,,,,,,,,,
nc_tof_3,demo_control_gadgets,vendored-local,arithmetic,S,5,7,7,7,not-run,,not-run,none,not-run,Missing QASM artifact.,,21,,,,10,,,,,,,,,,,,,,,,,,,,,,,,,,,,,,,,,,,,,,,,,,,,,,,,,,,,,,,,,,,,,,,,,,,,,,
nc_tof_4,original,vendored-local,arithmetic,M,7,11,11,11,not-run,,ok,full,ok,,external/circuit-to-tensor/benchmarks/arithmetic/nc_tof_4/nc_tof_4.qasm,35,35,0,0.0,12,12,0,0.3684210526315789,0.8536585365853658,0.7446808510638298,0.8536585365853658,0.9210526315789473,26,25,1.4,0.3,0.3,0.46,0.34285714285714286,7,62,95,,,,,,,,,,,,,,,,,,,,,,,,,,,,,,,,,,,,,,,,,,,,,,,,,,,,,
nc_tof_4,pyzx,vendored-local,arithmetic,M,7,11,11,11,not-run,0.6707718372344971,ok,full,ok,,results/pyzx/nc_tof_4/optimized.qasm,35,23,12,0.34285714285714286,12,6,6,0.12365591397849462,0.5852417302798982,0.4136690647482014,0.5852417302798982,0.7383627608346709,23,22,1.0454545454545454,1.25,1.25,1.4772727272727273,0.2608695652173913,7,114,186,,,,,,,,,,,,,,,,,,,,,,,,,,,,,,,,,,,,,,,,,,,,,,,,,,,,,
nc_tof_4,compile_no_quizx,vendored-local,arithmetic,M,7,11,11,11,not-run,,ok,full,ok,,external/circuit-to-tensor/benchmarks/arithmetic/nc_tof_4/nc_tof_4.hopt.qasm,35,23,12,0.34285714285714286,12,12,0,0.10222222222222223,0.5324074074074074,0.3627760252365931,0.5324074074074074,0.6948640483383686,24,23,1.0,0.10869565217391304,0.10869565217391304,0.15217391304347827,0.5217391304347826,7,182,225,,,,,,,,,,,,,,,,,,,,,,,,,,,,,,,,,,,,,,,,,,,,,,,,,,,,,
nc_tof_4,compile_quizx,vendored-local,arithmetic,M,7,11,11,11,not-run,0.013068914413452148,ok,full,ok,,results/compile_stage1/quizx/nc_tof_4/nc_tof_4.hopt.qasm,35,23,12,0.34285714285714286,12,12,0,0.10222222222222223,0.5324074074074074,0.3627760252365931,0.5324074074074074,0.6948640483383686,24,23,1.0,0.043478260869565216,0.043478260869565216,0.06521739130434782,0.5217391304347826,7,179,225,,,,,,,,,,,,,,,,,,,,,,,,,,,,,,,,,,,,,,,,,,,,,,,,,,,,,
nc_tof_4,public_resynth_no_gadgets,vendored-local,arithmetic,M,7,11,11,11,not-run,,not-available,none,not-run,Missing QASM artifact.,,35,,,,12,,,,,,,,,,,,,,,,,,,,,,,,,,,,,,,,,,,,,,,,,,,,,,,,,,,,,,,,,,,,,,,,,,,,,,
nc_tof_4,public_resynth_gadgets,vendored-local,arithmetic,M,7,11,11,11,not-run,,not-available,none,not-run,Missing QASM artifact.,,35,,,,12,,,,,,,,,,,,,,,,,,,,,,,,,,,,,,,,,,,,,,,,,,,,,,,,,,,,,,,,,,,,,,,,,,,,,,
nc_tof_4,demo_control_no_gadgets,vendored-local,arithmetic,M,7,11,11,11,not-run,,not-run,none,not-run,Missing QASM artifact.,,35,,,,12,,,,,,,,,,,,,,,,,,,,,,,,,,,,,,,,,,,,,,,,,,,,,,,,,,,,,,,,,,,,,,,,,,,,,,
nc_tof_4,demo_control_gadgets,vendored-local,arithmetic,M,7,11,11,11,not-run,,not-run,none,not-run,Missing QASM artifact.,,35,,,,12,,,,,,,,,,,,,,,,,,,,,,,,,,,,,,,,,,,,,,,,,,,,,,,,,,,,,,,,,,,,,,,,,,,,,,
nc_tof_5,original,vendored-local,arithmetic,M,9,15,15,15,not-run,,ok,full,ok,,external/circuit-to-tensor/benchmarks/arithmetic/nc_tof_5/nc_tof_5.qasm,49,49,0,0.0,12,12,0,0.3684210526315789,0.8536585365853658,0.7446808510638298,0.8536585365853658,0.9210526315789473,36,35,1.4,0.3,0.3,0.45714285714285713,0.24489795918367346,9,86,133,,,,,,,,,,,,,,,,,,,,,,,,,,,,,,,,,,,,,,,,,,,,,,,,,,,,,
nc_tof_5,pyzx,vendored-local,arithmetic,M,9,15,15,15,not-run,0.7737798690795898,ok,full,ok,,results/pyzx/nc_tof_5/optimized.qasm,49,31,18,0.3673469387755102,12,6,6,0.12601626016260162,0.5904761904761905,0.4189189189189189,0.5904761904761905,0.7425149700598802,31,30,1.0333333333333334,1.3166666666666667,1.3166666666666667,1.6,0.1935483870967742,9,155,246,,,,,,,,,,,,,,,,,,,,,,,,,,,,,,,,,,,,,,,,,,,,,,,,,,,,,
nc_tof_5,compile_no_quizx,vendored-local,arithmetic,M,9,15,15,15,not-run,,ok,full,ok,,external/circuit-to-tensor/benchmarks/arithmetic/nc_tof_5/nc_tof_5.hopt.qasm,49,31,18,0.3673469387755102,12,16,-4,0.08093994778067885,0.46827794561933533,0.3057199211045365,0.46827794561933533,0.6378600823045267,32,31,1.0,0.12903225806451613,0.12903225806451613,0.1774193548387097,0.5161290322580645,9,293,383,,,,,,,,,,,,,,,,,,,,,,,,,,,,,,,,,,,,,,,,,,,,,,,,,,,,,
nc_tof_5,compile_quizx,vendored-local,arithmetic,M,9,15,15,15,not-run,0.010818004608154297,ok,full,ok,,results/compile_stage1/quizx/nc_tof_5/nc_tof_5.hopt.qasm,49,31,18,0.3673469387755102,12,16,-4,0.0792838874680307,0.4626865671641791,0.30097087378640774,0.4626865671641791,0.6326530612244898,31,31,1.0,0.04918032786885246,0.04918032786885246,0.04918032786885246,0.5161290322580645,9,311,391,,,,,,,,,,,,,,,,,,,,,,,,,,,,,,,,,,,,,,,,,,,,,,,,,,,,,
nc_tof_5,public_resynth_no_gadgets,vendored-local,arithmetic,M,9,15,15,15,not-run,,not-available,none,not-run,Missing QASM artifact.,,49,,,,12,,,,,,,,,,,,,,,,,,,,,,,,,,,,,,,,,,,,,,,,,,,,,,,,,,,,,,,,,,,,,,,,,,,,,,
nc_tof_5,public_resynth_gadgets,vendored-local,arithmetic,M,9,15,15,15,not-run,,not-available,none,not-run,Missing QASM artifact.,,49,,,,12,,,,,,,,,,,,,,,,,,,,,,,,,,,,,,,,,,,,,,,,,,,,,,,,,,,,,,,,,,,,,,,,,,,,,,
nc_tof_5,demo_control_no_gadgets,vendored-local,arithmetic,M,9,15,15,15,not-run,,not-run,none,not-run,Missing QASM artifact.,,49,,,,12,,,,,,,,,,,,,,,,,,,,,,,,,,,,,,,,,,,,,,,,,,,,,,,,,,,,,,,,,,,,,,,,,,,,,,
nc_tof_5,demo_control_gadgets,vendored-local,arithmetic,M,9,15,15,15,not-run,,not-run,none,not-run,Missing QASM artifact.,,49,,,,12,,,,,,,,,,,,,,,,,,,,,,,,,,,,,,,,,,,,,,,,,,,,,,,,,,,,,,,,,,,,,,,,,,,,,,
nc_tof_10,original,vendored-local,arithmetic,L,19,35,35,35,not-run,,ok,full,ok,,external/circuit-to-tensor/benchmarks/arithmetic/nc_tof_10/nc_tof_10.qasm,119,119,0,0.0,12,12,0,0.3684210526315789,0.8536585365853658,0.7446808510638298,0.8536585365853658,0.9210526315789473,86,85,1.4,0.3,0.3,0.45294117647058824,0.10084033613445378,19,206,323,,,,,,,,,,,,,,,,,,,,,,,,,,,,,,,,,,,,,,,,,,,,,,,,,,,,,
nc_tof_10,pyzx,vendored-local,arithmetic,L,19,35,35,35,not-run,1.0043959617614746,ok,full,ok,,results/pyzx/nc_tof_10/optimized.qasm,119,71,48,0.40336134453781514,12,6,6,0.12116040955631399,0.5795918367346938,0.40804597701149425,0.5795918367346938,0.7338501291989664,72,71,1.0,1.2112676056338028,1.2112676056338028,1.4225352112676057,0.08450704225352113,19,320,586,,,,,,,,,,,,,,,,,,,,,,,,,,,,,,,,,,,,,,,,,,,,,,,,,,,,,
nc_tof_10,compile_no_quizx,vendored-local,arithmetic,L,19,35,35,35,not-run,,ok,full,ok,,external/circuit-to-tensor/benchmarks/arithmetic/nc_tof_10/nc_tof_10.hopt.qasm,119,71,48,0.40336134453781514,12,36,-24,0.04698874917273329,0.3302325581395349,0.1977715877437326,0.3302325581395349,0.4965034965034965,72,71,1.0,0.056338028169014086,0.056338028169014086,0.07746478873239436,0.5070422535211268,19,1195,1511,,,,,,,,,,,,,,,,,,,,,,,,,,,,,,,,,,,,,,,,,,,,,,,,,,,,,
nc_tof_10,compile_quizx,vendored-local,arithmetic,L,19,35,35,35,not-run,0.021255970001220703,ok,full,ok,,results/compile_stage1/quizx/nc_tof_10/nc_tof_10.hopt.qasm,119,71,48,0.40336134453781514,12,36,-24,0.04849726775956284,0.33761293390394675,0.2030892448512586,0.33761293390394675,0.5047991468183434,71,71,1.0,0.04964539007092199,0.04964539007092199,0.06382978723404255,0.5070422535211268,19,1170,1464,,,,,,,,,,,,,,,,,,,,,,,,,,,,,,,,,,,,,,,,,,,,,,,,,,,,,
nc_tof_10,public_resynth_no_gadgets,vendored-local,arithmetic,L,19,35,35,35,not-run,,not-available,none,not-run,Missing QASM artifact.,,119,,,,12,,,,,,,,,,,,,,,,,,,,,,,,,,,,,,,,,,,,,,,,,,,,,,,,,,,,,,,,,,,,,,,,,,,,,,
nc_tof_10,public_resynth_gadgets,vendored-local,arithmetic,L,19,35,35,35,not-run,,not-available,none,not-run,Missing QASM artifact.,,119,,,,12,,,,,,,,,,,,,,,,,,,,,,,,,,,,,,,,,,,,,,,,,,,,,,,,,,,,,,,,,,,,,,,,,,,,,,
nc_tof_10,demo_control_no_gadgets,vendored-local,arithmetic,L,19,35,35,35,not-run,,not-run,none,not-run,Missing QASM artifact.,,119,,,,12,,,,,,,,,,,,,,,,,,,,,,,,,,,,,,,,,,,,,,,,,,,,,,,,,,,,,,,,,,,,,,,,,,,,,,
nc_tof_10,demo_control_gadgets,vendored-local,arithmetic,L,19,35,35,35,not-run,,not-run,none,not-run,Missing QASM artifact.,,119,,,,12,,,,,,,,,,,,,,,,,,,,,,,,,,,,,,,,,,,,,,,,,,,,,,,,,,,,,,,,,,,,,,,,,,,,,,
qcla_adder_10,original,vendored-local,arithmetic,L,36,48,48,60,not-run,,ok,full,ok,,external/circuit-to-tensor/benchmarks/arithmetic/qcla_adder_10/qcla_adder_10.qasm,238,238,0,0.0,18,18,0,0.3622526636225266,0.8503036798856735,0.7395898073337477,0.8503036798856735,0.919096350646843,171,170,1.4,0.25,0.25,0.3764705882352941,0.07563025210084033,36,91,657,,,,,,,,,,,,,,,,,,,,,,,,,,,,,,,,,,,,,,,,,,,,,,,,,,,,,
qcla_adder_10,pyzx,vendored-local,arithmetic,L,36,48,48,60,not-run,2.5926921367645264,ok,full,ok,,results/pyzx/qcla_adder_10/optimized.qasm,238,162,76,0.31932773109243695,18,13,5,0.11352487736510161,0.561525129982669,0.39036144578313253,0.561525129982669,0.7192008879023307,156,155,1.0451612903225806,1.1709677419354838,1.1709677419354838,1.4161290322580644,0.08024691358024691,36,502,1427,,,,,,,,,,,,,,,,,,,,,,,,,,,,,,,,,,,,,,,,,,,,,,,,,,,,,
qcla_adder_10,compile_no_quizx,vendored-local,arithmetic,L,36,48,48,60,not-run,,ok,full,ok,,external/circuit-to-tensor/benchmarks/arithmetic/qcla_adder_10/qcla_adder_10.hopt.qasm,238,162,76,0.31932773109243695,18,50,-32,0.06911262798634812,0.4260915307732772,0.27072192513368987,0.4260915307732772,0.5975654739948358,163,162,1.0,0.033950617283950615,0.033950617283950615,0.05555555555555555,0.30864197530864196,36,1688,2344,,,,,,,,,,,,,,,,,,,,,,,,,,,,,,,,,,,,,,,,,,,,,,,,,,,,,
qcla_adder_10,compile_quizx,vendored-local,arithmetic,L,36,48,48,60,not-run,0.09381508827209473,ok,full,ok,,results/compile_stage1/quizx/qcla_adder_10/qcla_adder_10.hopt.qasm,238,162,76,0.31932773109243695,18,50,-32,0.06985769728331177,0.4289118347895155,0.2730030333670374,0.4289118347895155,0.6003335186214563,163,162,1.0,0.06172839506172839,0.06172839506172839,0.07407407407407407,0.30864197530864196,36,1553,2319,,,,,,,,,,,,,,,,,,,,,,,,,,,,,,,,,,,,,,,,,,,,,,,,,,,,,
qcla_adder_10,public_resynth_no_gadgets,vendored-local,arithmetic,L,36,48,48,60,not-run,,ok,full,ok,,results/public_resynth/public_resynth_no_gadgets/qcla_adder_10/assembled.qasm,238,0,238,1.0,18,0,18,0.0,0.0,0.0,0.0,0.0,1,0,0.0,0.0,0.0,0.0,0.0,58,2460,3421,,,,,,,,,,,,,,,,,,,,,,,,,,,,,,,,,,,,,,,,,,,,,,,,,,,,,
qcla_adder_10,public_resynth_gadgets,vendored-local,arithmetic,L,36,48,48,60,not-run,,ok,full,ok,,results/public_resynth/public_resynth_gadgets/qcla_adder_10/assembled.qasm,238,0,238,1.0,18,0,18,0.0,0.0,0.0,0.0,0.0,1,0,0.0,0.0,0.0,0.0,0.0,58,2460,3421,,,,,,,,,,,,,,,,,,,,,,,,,,,,,,,,,,,,,,,,,,,,,,,,,,,,,
qcla_adder_10,demo_control_no_gadgets,vendored-local,arithmetic,L,36,48,48,60,not-run,,not-run,none,not-run,Missing QASM artifact.,,238,,,,18,,,,,,,,,,,,,,,,,,,,,,,,,,,,,,,,,,,,,,,,,,,,,,,,,,,,,,,,,,,,,,,,,,,,,,
qcla_adder_10,demo_control_gadgets,vendored-local,arithmetic,L,36,48,48,60,not-run,,not-run,none,not-run,Missing QASM artifact.,,238,,,,18,,,,,,,,,,,,,,,,,,,,,,,,,,,,,,,,,,,,,,,,,,,,,,,,,,,,,,,,,,,,,,,,,,,,,,
qcla_com_7,original,vendored-local,arithmetic,L,24,42,42,42,not-run,,ok,full,ok,,external/circuit-to-tensor/benchmarks/arithmetic/qcla_com_7/qcla_com_7.qasm,203,203,0,0.0,25,25,0,0.3631484794275492,0.8507963118189439,0.7403355215171408,0.8507963118189439,0.9193840579710145,146,145,1.4,0.2482758620689655,0.2482758620689655,0.3896551724137931,0.12315270935960591,24,102,559,,,,,,,,,,,,,,,,,,,,,,,,,,,,,,,,,,,,,,,,,,,,,,,,,,,,,
qcla_com_7,pyzx,vendored-local,arithmetic,L,24,42,42,42,not-run,1.952509880065918,ok,full,ok,,results/pyzx/qcla_com_7/optimized.qasm,203,95,108,0.5320197044334976,25,15,10,0.10095642933049948,0.5289532293986637,0.35957607872823616,0.5289532293986637,0.6919155134741443,96,95,1.0,1.1210526315789473,1.1210526315789473,1.4,0.15789473684210525,24,325,941,,,,,,,,,,,,,,,,,,,,,,,,,,,,,,,,,,,,,,,,,,,,,,,,,,,,,
qcla_com_7,compile_no_quizx,vendored-local,arithmetic,L,24,42,42,42,not-run,,ok,full,ok,,external/circuit-to-tensor/benchmarks/arithmetic/qcla_com_7/qcla_com_7.hopt.qasm,203,95,108,0.5320197044334976,25,28,-3,0.04709965294992563,0.3307799442896936,0.19816437213183147,0.3307799442896936,0.4971219256933543,96,95,1.0,0.03684210526315789,0.03684210526315789,0.05263157894736842,0.29473684210526313,24,1452,2017,,,,,,,,,,,,,,,,,,,,,,,,,,,,,,,,,,,,,,,,,,,,,,,,,,,,,
qcla_com_7,compile_quizx,vendored-local,arithmetic,L,24,42,42,42,not-run,0.049849748611450195,ok,full,ok,,results/compile_stage1/quizx/qcla_com_7/qcla_com_7.hopt.qasm,203,95,108,0.5320197044334976,25,28,-3,0.043738489871086556,0.3138420878757846,0.18612852664576804,0.3138420878757846,0.4777470455116922,96,95,1.0,0.005263157894736842,0.005263157894736842,0.010526315789473684,0.29473684210526313,24,1654,2172,,,,,,,,,,,,,,,,,,,,,,,,,,,,,,,,,,,,,,,,,,,,,,,,,,,,,
qcla_com_7,public_resynth_no_gadgets,vendored-local,arithmetic,L,24,42,42,42,not-run,,ok,full,ok,,results/public_resynth/public_resynth_no_gadgets/qcla_com_7/assembled.qasm,203,59,144,0.7093596059113301,25,26,-1,0.01146521570151574,0.10392813105513475,0.05481233742103307,0.10392813105513475,0.18828785702888146,60,59,1.0,0.03389830508474576,0.03389830508474576,0.05084745762711865,0.4406779661016949,42,3649,5146,,,,,,,,,,,,,,,,,,,,,,,,,,,,,,,,,,,,,,,,,,,,,,,,,,,,,
qcla_com_7,public_resynth_gadgets,vendored-local,arithmetic,L,24,42,42,42,not-run,,ok,full,ok,,results/public_resynth/public_resynth_gadgets/qcla_com_7/assembled.qasm,203,84,119,0.5862068965517241,25,14,11,0.020472824762369,0.17287507717637374,0.09461590448299166,0.17287507717637374,0.2947885593963853,61,60,1.4,0.3,0.3,0.5,0.16666666666666666,42,2569,4103,,,,,,,,,,,,,,,,,,,,,,,,,,,,,,,,,,,,,,,,,,,,,,,,,,,,,
qcla_com_7,demo_control_no_gadgets,vendored-local,arithmetic,L,24,42,42,42,not-run,,not-run,none,not-run,Missing QASM artifact.,,203,,,,25,,,,,,,,,,,,,,,,,,,,,,,,,,,,,,,,,,,,,,,,,,,,,,,,,,,,,,,,,,,,,,,,,,,,,,
qcla_com_7,demo_control_gadgets,vendored-local,arithmetic,L,24,42,42,42,not-run,,not-run,none,not-run,Missing QASM artifact.,,203,,,,25,,,,,,,,,,,,,,,,,,,,,,,,,,,,,,,,,,,,,,,,,,,,,,,,,,,,,,,,,,,,,,,,,,,,,,
qcla_mod_7,original,vendored-local,arithmetic,L,26,59,59,84,not-run,,ok,full,ok,,external/circuit-to-tensor/benchmarks/arithmetic/qcla_mod_7/qcla_mod_7.qasm,413,413,0,0.0,40,40,0,0.36875,0.85383502170767,0.7449494949494949,0.85383502170767,0.9211553473848556,296,295,1.4,0.2593220338983051,0.2593220338983051,0.376271186440678,0.09685230024213075,26,249,1120,,,,,,,,,,,,,,,,,,,,,,,,,,,,,,,,,,,,,,,,,,,,,,,,,,,,,
qcla_mod_7,pyzx,vendored-local,arithmetic,L,26,59,59,84,not-run,9.335225820541382,ok,full,ok,,results/pyzx/qcla_mod_7/optimized.qasm,413,237,176,0.4261501210653753,40,25,15,0.11274976213130353,0.5596221959858324,0.3885245901639344,0.5596221959858324,0.7176381529144588,238,237,1.0,1.029535864978903,1.029535864978903,1.2447257383966244,0.10548523206751055,26,783,2102,,,,,,,,,,,,,,,,,,,,,,,,,,,,,,,,,,,,,,,,,,,,,,,,,,,,,
qcla_mod_7,compile_no_quizx,vendored-local,arithmetic,L,26,59,59,84,not-run,,ok,full,ok,,external/circuit-to-tensor/benchmarks/arithmetic/qcla_mod_7/qcla_mod_7.hopt.qasm,413,237,176,0.4261501210653753,40,99,-59,0.03751187084520418,0.2804401845935392,0.16308835672997524,0.2804401845935392,0.4380371499861381,238,237,1.0,0.002109704641350211,0.002109704641350211,0.012658227848101266,0.4177215189873418,26,5157,6318,,,,,,,,,,,,,,,,,,,,,,,,,,,,,,,,,,,,,,,,,,,,,,,,,,,,,
qcla_mod_7,compile_quizx,vendored-local,arithmetic,L,26,59,59,84,not-run,0.33617401123046875,ok,full,ok,,results/compile_stage1/quizx/qcla_mod_7/qcla_mod_7.hopt.qasm,413,237,176,0.4261501210653753,40,111,-71,0.0395263509006004,0.2915487759872063,0.17065092165898618,0.2915487759872063,0.45147156872083055,238,237,1.0,0.0,0.0,0.010548523206751054,0.46835443037974683,26,5018,5996,,,,,,,,,,,,,,,,,,,,,,,,,,,,,,,,,,,,,,,,,,,,,,,,,,,,,
qcla_mod_7,public_resynth_no_gadgets,vendored-local,arithmetic,L,26,59,59,84,not-run,,ok,full,ok,,results/public_resynth/public_resynth_no_gadgets/qcla_mod_7/assembled.qasm,413,0,413,1.0,40,0,40,0.0,0.0,0.0,0.0,0.0,1,0,0.0,0.0,0.0,0.0,0.0,83,8888,10873,,,,,,,,,,,,,,,,,,,,,,,,,,,,,,,,,,,,,,,,,,,,,,,,,,,,,
qcla_mod_7,public_resynth_gadgets,vendored-local,arithmetic,L,26,59,59,84,not-run,,ok,full,ok,,results/public_resynth/public_resynth_gadgets/qcla_mod_7/assembled.qasm,413,0,413,1.0,40,0,40,0.0,0.0,0.0,0.0,0.0,1,0,0.0,0.0,0.0,0.0,0.0,83,8888,10873,,,,,,,,,,,,,,,,,,,,,,,,,,,,,,,,,,,,,,,,,,,,,,,,,,,,,
qcla_mod_7,demo_control_no_gadgets,vendored-local,arithmetic,L,26,59,59,84,not-run,,not-run,none,not-run,Missing QASM artifact.,,413,,,,40,,,,,,,,,,,,,,,,,,,,,,,,,,,,,,,,,,,,,,,,,,,,,,,,,,,,,,,,,,,,,,,,,,,,,,
qcla_mod_7,demo_control_gadgets,vendored-local,arithmetic,L,26,59,59,84,not-run,,not-run,none,not-run,Missing QASM artifact.,,413,,,,40,,,,,,,,,,,,,,,,,,,,,,,,,,,,,,,,,,,,,,,,,,,,,,,,,,,,,,,,,,,,,,,,,,,,,,
qft_4,original,vendored-local,arithmetic,L,5,43,43,43,not-run,,ok,full,ok,,external/circuit-to-tensor/benchmarks/arithmetic/qft_4/qft_4.qasm,69,69,0,0.0,40,40,0,0.3689839572192513,0.8539603960396039,0.7451403887688985,0.8539603960396039,0.9212283044058746,57,56,1.2321428571428572,0.38392857142857145,0.38392857142857145,0.4375,0.5797101449275363,5,152,187,,,,,,,,,,,,,,,,,,,,,,,,,,,,,,,,,,,,,,,,,,,,,,,,,,,,,
qft_4,pyzx,vendored-local,arithmetic,L,5,43,43,43,not-run,0.7263758182525635,ok,full,ok,,results/pyzx/qft_4/optimized.qasm,69,67,2,0.028985507246376812,40,37,3,0.2080745341614907,0.7243243243243244,0.5677966101694916,0.7243243243243244,0.8401253918495298,68,67,1.0,0.8582089552238806,0.8582089552238806,0.9776119402985075,0.5522388059701493,5,239,322,,,,,,,,,,,,,,,,,,,,,,,,,,,,,,,,,,,,,,,,,,,,,,,,,,,,,
qft_4,compile_no_quizx,vendored-local,arithmetic,L,5,43,43,43,not-run,,ok,full,ok,,external/circuit-to-tensor/benchmarks/arithmetic/qft_4/qft_4.hopt.qasm,69,67,2,0.028985507246376812,40,50,-10,0.20679012345679013,0.7227615965480043,0.5658783783783784,0.7227615965480043,0.839073262366938,67,66,1.0151515151515151,0.2803030303030303,0.2803030303030303,0.3106060606060606,0.746268656716418,5,287,324,,,,,,,,,,,,,,,,,,,,,,,,,,,,,,,,,,,,,,,,,,,,,,,,,,,,,
qft_4,compile_quizx,vendored-local,arithmetic,L,5,43,43,43,not-run,0.02598094940185547,ok,full,ok,,results/compile_stage1/quizx/qft_4/qft_4.hopt.qasm,69,67,2,0.028985507246376812,40,52,-12,0.15473441108545036,0.6467181467181468,0.47788873038516405,0.6467181467181468,0.7854630715123095,68,67,1.0,0.08955223880597014,0.08955223880597014,0.291044776119403,0.7761194029850746,5,402,433,,,,,,,,,,,,,,,,,,,,,,,,,,,,,,,,,,,,,,,,,,,,,,,,,,,,,
qft_4,public_resynth_no_gadgets,vendored-local,arithmetic,L,5,43,43,43,not-run,,ok,full,ok,,results/public_resynth/public_resynth_no_gadgets/qft_4/assembled.qasm,69,53,16,0.2318840579710145,40,25,15,0.0593505039193729,0.38686131386861317,0.2398190045248869,0.38686131386861317,0.5578947368421052,54,53,1.0,0.32075471698113206,0.32075471698113206,0.37735849056603776,0.4716981132075472,43,529,893,,,,,,,,,,,,,,,,,,,,,,,,,,,,,,,,,,,,,,,,,,,,,,,,,,,,,
qft_4,public_resynth_gadgets,vendored-local,arithmetic,L,5,43,43,43,not-run,,ok,full,ok,,results/public_resynth/public_resynth_gadgets/qft_4/assembled.qasm,69,67,2,0.028985507246376812,40,23,17,0.0721205597416577,0.43733681462140994,0.27986633249791143,0.43733681462140994,0.6085376930063578,60,59,1.1355932203389831,0.3813559322033898,0.3813559322033898,0.5169491525423728,0.34328358208955223,43,521,929,,,,,,,,,,,,,,,,,,,,,,,,,,,,,,,,,,,,,,,,,,,,,,,,,,,,,
qft_4,public_resynth_structural,vendored-local,arithmetic,L,5,43,43,43,not-run,,ok,full,ok,,results/tmp_alphaq_border_full/public_resynth_structural/qft_4/assembled.qasm,69,67,2,0.028985507246376812,40,21,19,0.07150480256136606,0.43506493506493504,0.27800829875518673,0.43506493506493504,0.6063348416289592,60,59,1.1355932203389831,0.3813559322033898,0.3813559322033898,0.5084745762711864,0.31343283582089554,43,515,937,,structural,ok,,6.419736842105263,ok,,6.419736842105263,5.432894736842106,0.7828947368421053,8.2,3.388157894736842,29.138157894736842,ok,,515,43,22145,119,41,4879,67,110,504,43,21672,580,130,42,5460,117,12,386,0.7728155339805826,1.2378048780487805,4.304878048780488,3.388157894736842,0.9710144927536232,67,21,14,,,,,,,,,,,,
qft_4,public_resynth_reranker,vendored-local,arithmetic,L,5,43,43,43,not-run,,ok,full,ok,,results/public_resynth_reranker/public_resynth_reranker/qft_4/assembled.qasm,69,53,16,0.2318840579710145,40,23,17,0.06002265005662514,0.3897058823529412,0.2420091324200913,0.3897058823529412,0.5608465608465608,54,53,1.0,0.3113207547169811,0.3113207547169811,0.36792452830188677,0.4339622641509434,43,525,883,,mlp_reranker,ok,,1.079268292682927,,,,,,,,,,,,,,,,,,,,,,,,,,,,,,1.079268292682927,4.170731707317073,3.4539473684210527,0.7681159420289855,53,23,5,qft_4:combo5,,1.1813045090651362,0.00898533990222212,0.1,0.05911614931348397,/Users/caio/Deep-Learning/project/results/models/alphatensor_structural_reranker.json,,,,,
qft_4,demo_control_no_gadgets,vendored-local,arithmetic,L,5,43,43,43,not-run,,not-run,none,not-run,Missing QASM artifact.,,69,,,,40,,,,,,,,,,,,,,,,,,,,,,,,,,,,,,,,,,,,,,,,,,,,,,,,,,,,,,,,,,,,,,,,,,,,,,
qft_4,demo_control_gadgets,vendored-local,arithmetic,L,5,43,43,43,not-run,,not-run,none,not-run,Missing QASM artifact.,,69,,,,40,,,,,,,,,,,,,,,,,,,,,,,,,,,,,,,,,,,,,,,,,,,,,,,,,,,,,,,,,,,,,,,,,,,,,,
rc_adder_6,original,vendored-local,arithmetic,L,14,24,24,24,not-run,,ok,full,ok,,external/circuit-to-tensor/benchmarks/arithmetic/rc_adder_6/rc_adder_6.qasm,77,77,0,0.0,10,10,0,0.3155737704918033,0.8217716115261473,0.697463768115942,0.8217716115261473,0.9021675454012889,56,55,1.4,0.24545454545454545,0.24545454545454545,0.37272727272727274,0.12987012987012986,14,129,244,,,,,,,,,,,,,,,,,,,,,,,,,,,,,,,,,,,,,,,,,,,,,,,,,,,,,
rc_adder_6,pyzx,vendored-local,arithmetic,L,14,24,24,24,not-run,0.8213601112365723,ok,full,ok,,results/pyzx/rc_adder_6/optimized.qasm,77,47,30,0.38961038961038963,10,11,-1,0.094,0.5092091007583965,0.34156976744186046,0.5092091007583965,0.674802584350323,48,47,1.0,1.1914893617021276,1.1914893617021276,1.5957446808510638,0.23404255319148937,14,258,500,,,,,,,,,,,,,,,,,,,,,,,,,,,,,,,,,,,,,,,,,,,,,,,,,,,,,
rc_adder_6,compile_no_quizx,vendored-local,arithmetic,L,14,24,24,24,not-run,,ok,full,ok,,external/circuit-to-tensor/benchmarks/arithmetic/rc_adder_6/rc_adder_6.hopt.qasm,77,47,30,0.38961038961038963,10,15,-5,0.11137440758293839,0.5562130177514792,0.38524590163934425,0.5562130177514792,0.714828897338403,48,47,1.0,0.07446808510638298,0.07446808510638298,0.10638297872340426,0.3191489361702128,14,299,422,,,,,,,,,,,,,,,,,,,,,,,,,,,,,,,,,,,,,,,,,,,,,,,,,,,,,
rc_adder_6,compile_quizx,vendored-local,arithmetic,L,14,24,24,24,not-run,0.017861127853393555,ok,full,ok,,results/compile_stage1/quizx/rc_adder_6/rc_adder_6.hopt.qasm,77,47,30,0.38961038961038963,10,14,-4,0.11491442542787286,0.5649038461538461,0.3936348408710218,0.5649038461538461,0.7219662058371735,48,47,1.0,0.09574468085106383,0.09574468085106383,0.10638297872340426,0.2978723404255319,14,314,409,,,,,,,,,,,,,,,,,,,,,,,,,,,,,,,,,,,,,,,,,,,,,,,,,,,,,
rc_adder_6,public_resynth_no_gadgets,vendored-local,arithmetic,L,14,24,24,24,not-run,,ok,full,ok,,results/public_resynth/public_resynth_no_gadgets/rc_adder_6/assembled.qasm,77,37,40,0.5194805194805194,10,9,1,0.031092436974789917,0.24294156270518713,0.1382660687593423,0.24294156270518713,0.39091389329107235,38,37,1.0,0.02702702702702703,0.02702702702702703,0.05405405405405406,0.24324324324324326,24,813,1190,,,,,,,,,,,,,,,,,,,,,,,,,,,,,,,,,,,,,,,,,,,,,,,,,,,,,
rc_adder_6,public_resynth_gadgets,vendored-local,arithmetic,L,14,24,24,24,not-run,,ok,full,ok,,results/public_resynth/public_resynth_gadgets/rc_adder_6/assembled.qasm,77,42,35,0.45454545454545453,10,6,4,0.04600219058050383,0.32532920216886135,0.1942645698427382,0.32532920216886135,0.49094097019286964,31,30,1.4,0.3,0.3,0.5,0.14285714285714285,24,558,913,,,,,,,,,,,,,,,,,,,,,,,,,,,,,,,,,,,,,,,,,,,,,,,,,,,,,
rc_adder_6,demo_control_no_gadgets,vendored-local,arithmetic,L,14,24,24,24,not-run,,not-run,none,not-run,Missing QASM artifact.,,77,,,,10,,,,,,,,,,,,,,,,,,,,,,,,,,,,,,,,,,,,,,,,,,,,,,,,,,,,,,,,,,,,,,,,,,,,,,
rc_adder_6,demo_control_gadgets,vendored-local,arithmetic,L,14,24,24,24,not-run,,not-run,none,not-run,Missing QASM artifact.,,77,,,,10,,,,,,,,,,,,,,,,,,,,,,,,,,,,,,,,,,,,,,,,,,,,,,,,,,,,,,,,,,,,,,,,,,,,,,
unary_iteration_n3,original,vendored-local,applications,M,14,20,20,20,not-run,,ok,full,ok,,external/circuit-to-tensor/benchmarks/applications/unary_iteration_n3/unary_iteration_n3.qasm,98,98,0,0.0,32,32,0,0.4,0.8695652173913043,0.7692307692307693,0.8695652173913043,0.9302325581395349,71,70,1.4,0.2714285714285714,0.2714285714285714,0.3142857142857143,0.32653061224489793,14,145,245,,,,,,,,,,,,,,,,,,,,,,,,,,,,,,,,,,,,,,,,,,,,,,,,,,,,,
unary_iteration_n3,pyzx,vendored-local,applications,M,14,20,20,20,not-run,1.5226469039916992,ok,full,ok,,results/pyzx/unary_iteration_n3/optimized.qasm,98,52,46,0.46938775510204084,32,9,23,0.10358565737051793,0.5360824742268041,0.36619718309859156,0.5360824742268041,0.697986577181208,53,52,1.0,1.1346153846153846,1.1346153846153846,1.375,0.17307692307692307,14,236,502,,,,,,,,,,,,,,,,,,,,,,,,,,,,,,,,,,,,,,,,,,,,,,,,,,,,,
unary_iteration_n3,compile_no_quizx,vendored-local,applications,M,14,20,20,20,not-run,,ok,full,ok,,external/circuit-to-tensor/benchmarks/applications/unary_iteration_n3/unary_iteration_n3.hopt.qasm,98,52,46,0.46938775510204084,32,20,12,0.11555555555555555,0.5664488017429193,0.3951367781155015,0.5664488017429193,0.7232267037552156,53,52,1.0,0.057692307692307696,0.057692307692307696,0.0673076923076923,0.38461538461538464,14,337,450,,,,,,,,,,,,,,,,,,,,,,,,,,,,,,,,,,,,,,,,,,,,,,,,,,,,,
unary_iteration_n3,compile_quizx,vendored-local,applications,M,14,20,20,20,not-run,0.02831411361694336,ok,full,ok,,results/compile_stage1/quizx/unary_iteration_n3/unary_iteration_n3.hopt.qasm,98,52,46,0.46938775510204084,32,20,12,0.12177985948477751,0.5810055865921788,0.4094488188976378,0.5810055865921788,0.734982332155477,51,50,1.04,0.06,0.06,0.06,0.38461538461538464,14,322,427,,,,,,,,,,,,,,,,,,,,,,,,,,,,,,,,,,,,,,,,,,,,,,,,,,,,,
unary_iteration_n3,public_resynth_no_gadgets,vendored-local,applications,M,14,20,20,20,not-run,,ok,full,ok,,results/public_resynth/public_resynth_no_gadgets/unary_iteration_n3/assembled.qasm,98,31,67,0.6836734693877551,32,12,20,0.02564102564102564,0.20833333333333334,0.11627906976744186,0.20833333333333334,0.3448275862068966,32,31,1.0,0.06451612903225806,0.06451612903225806,0.08064516129032258,0.3870967741935484,20,905,1209,,,,,,,,,,,,,,,,,,,,,,,,,,,,,,,,,,,,,,,,,,,,,,,,,,,,,
unary_iteration_n3,public_resynth_gadgets,vendored-local,applications,M,14,20,20,20,not-run,,ok,full,ok,,results/public_resynth/public_resynth_gadgets/unary_iteration_n3/assembled.qasm,98,49,49,0.5,32,10,22,0.04693486590038314,0.32996632996632996,0.1975806451612903,0.32996632996632996,0.4962025316455696,36,35,1.4,0.3,0.3,0.5,0.20408163265306123,20,689,1044,,,,,,,,,,,,,,,,,,,,,,,,,,,,,,,,,,,,,,,,,,,,,,,,,,,,,
unary_iteration_n3,demo_control_no_gadgets,vendored-local,applications,M,14,20,20,20,not-run,,not-run,none,not-run,Missing QASM artifact.,,98,,,,32,,,,,,,,,,,,,,,,,,,,,,,,,,,,,,,,,,,,,,,,,,,,,,,,,,,,,,,,,,,,,,,,,,,,,,
unary_iteration_n3,demo_control_gadgets,vendored-local,applications,M,14,20,20,20,not-run,,not-run,none,not-run,Missing QASM artifact.,,98,,,,32,,,,,,,,,,,,,,,,,,,,,,,,,,,,,,,,,,,,,,,,,,,,,,,,,,,,,,,,,,,,,,,,,,,,,,
unary_iteration_n4,original,vendored-local,applications,L,24,38,38,38,not-run,,ok,full,ok,,external/circuit-to-tensor/benchmarks/applications/unary_iteration_n4/unary_iteration_n4.qasm,210,210,0,0.0,64,64,0,0.4046242774566474,0.8717310087173101,0.7726269315673289,0.8717310087173101,0.9314703925482368,151,150,1.4,0.26666666666666666,0.26666666666666666,0.30666666666666664,0.3047619047619048,24,308,519,,,,,,,,,,,,,,,,,,,,,,,,,,,,,,,,,,,,,,,,,,,,,,,,,,,,,
unary_iteration_n4,pyzx,vendored-local,applications,L,24,38,38,38,not-run,2.653604030609131,ok,full,ok,,results/pyzx/unary_iteration_n4/optimized.qasm,210,104,106,0.5047619047619047,64,10,54,0.09567617295308188,0.5140879881364311,0.34597471723220224,0.5140879881364311,0.6790728044400914,105,104,1.0,1.125,1.125,1.4711538461538463,0.09615384615384616,24,519,1087,,,,,,,,,,,,,,,,,,,,,,,,,,,,,,,,,,,,,,,,,,,,,,,,,,,,,
unary_iteration_n4,compile_no_quizx,vendored-local,applications,L,24,38,38,38,not-run,,ok,full,ok,,external/circuit-to-tensor/benchmarks/applications/unary_iteration_n4/unary_iteration_n4.hopt.qasm,210,104,106,0.5047619047619047,64,40,24,0.10655737704918032,0.5439330543933054,0.3735632183908046,0.5439330543933054,0.7046070460704607,102,101,1.0297029702970297,0.06435643564356436,0.06435643564356436,0.06930693069306931,0.38461538461538464,24,759,976,,,,,,,,,,,,,,,,,,,,,,,,,,,,,,,,,,,,,,,,,,,,,,,,,,,,,
unary_iteration_n4,compile_quizx,vendored-local,applications,L,24,38,38,38,not-run,0.11418819427490234,ok,full,ok,,results/compile_stage1/quizx/unary_iteration_n4/unary_iteration_n4.hopt.qasm,210,104,106,0.5047619047619047,64,56,8,0.09665427509293681,0.5168986083499006,0.3485254691689008,0.5168986083499006,0.6815203145478375,104,103,1.0097087378640777,0.06310679611650485,0.06310679611650485,0.07281553398058252,0.5384615384615384,24,920,1076,,,,,,,,,,,,,,,,,,,,,,,,,,,,,,,,,,,,,,,,,,,,,,,,,,,,,
unary_iteration_n4,public_resynth_no_gadgets,vendored-local,applications,L,24,38,38,38,not-run,,ok,full,ok,,results/public_resynth/public_resynth_no_gadgets/unary_iteration_n4/assembled.qasm,210,63,147,0.7,64,22,42,0.016321243523316063,0.14230856110232662,0.07660505836575876,0.14230856110232662,0.24915958077911807,64,63,1.0,0.031746031746031744,0.031746031746031744,0.047619047619047616,0.3492063492063492,38,3054,3860,,,,,,,,,,,,,,,,,,,,,,,,,,,,,,,,,,,,,,,,,,,,,,,,,,,,,
unary_iteration_n4,public_resynth_gadgets,vendored-local,applications,L,24,38,38,38,not-run,,ok,full,ok,,results/public_resynth/public_resynth_gadgets/unary_iteration_n4/assembled.qasm,210,105,105,0.5,64,17,47,0.04259634888438134,0.30791788856304986,0.18197573656845753,0.30791788856304986,0.47085201793721976,76,75,1.4,0.3,0.3,0.5,0.1619047619047619,38,1605,2465,,,,,,,,,,,,,,,,,,,,,,,,,,,,,,,,,,,,,,,,,,,,,,,,,,,,,
unary_iteration_n4,demo_control_no_gadgets,vendored-local,applications,L,24,38,38,38,not-run,,not-run,none,not-run,Missing QASM artifact.,,210,,,,64,,,,,,,,,,,,,,,,,,,,,,,,,,,,,,,,,,,,,,,,,,,,,,,,,,,,,,,,,,,,,,,,,,,,,,
unary_iteration_n4,demo_control_gadgets,vendored-local,applications,L,24,38,38,38,not-run,,not-run,none,not-run,Missing QASM artifact.,,210,,,,64,,,,,,,,,,,,,,,,,,,,,,,,,,,,,,,,,,,,,,,,,,,,,,,,,,,,,,,,,,,,,,,,,,,,,,
unary_iteration_n5,original,vendored-local,applications,L,42,72,72,72,not-run,,ok,full,ok,,external/circuit-to-tensor/benchmarks/applications/unary_iteration_n5/unary_iteration_n5.qasm,434,434,0,0.0,128,128,0,0.40522875816993464,0.8720112517580872,0.773067331670823,0.8720112517580872,0.9316303531179564,311,310,1.4,0.2645161290322581,0.2645161290322581,0.3032258064516129,0.29493087557603687,42,636,1071,,,,,,,,,,,,,,,,,,,,,,,,,,,,,,,,,,,,,,,,,,,,,,,,,,,,,
unary_iteration_n5,pyzx,vendored-local,applications,L,42,72,72,72,not-run,21.316944122314453,ok,full,ok,,results/pyzx/unary_iteration_n5/optimized.qasm,434,204,230,0.5299539170506913,128,33,95,0.09392265193370165,0.5089820359281437,0.3413654618473896,0.5089820359281437,0.6746031746031746,205,204,1.0,1.0,1.0,1.2156862745098038,0.16176470588235295,42,935,2172,,,,,,,,,,,,,,,,,,,,,,,,,,,,,,,,,,,,,,,,,,,,,,,,,,,,,
unary_iteration_n5,compile_no_quizx,vendored-local,applications,L,42,72,72,72,not-run,,ok,full,ok,,external/circuit-to-tensor/benchmarks/applications/unary_iteration_n5/unary_iteration_n5.hopt.qasm,434,204,230,0.5299539170506913,128,100,28,0.08436724565756824,0.4795486600846262,0.31539888682745826,0.4795486600846262,0.6482364156339371,202,201,1.0149253731343284,0.05721393034825871,0.05721393034825871,0.07213930348258707,0.49019607843137253,42,2016,2418,,,,,,,,,,,,,,,,,,,,,,,,,,,,,,,,,,,,,,,,,,,,,,,,,,,,,
unary_iteration_n5,compile_quizx,vendored-local,applications,L,42,72,72,72,not-run,0.5936908721923828,ok,full,ok,,results/compile_stage1/quizx/unary_iteration_n5/unary_iteration_n5.hopt.qasm,434,204,230,0.5299539170506913,128,76,52,0.0850354314297624,0.4817001180637544,0.31726283048211507,0.4817001180637544,0.650199203187251,204,203,1.0049261083743843,0.05665024630541872,0.05665024630541872,0.06403940886699508,0.37254901960784315,42,1959,2399,,,,,,,,,,,,,,,,,,,,,,,,,,,,,,,,,,,,,,,,,,,,,,,,,,,,,
unary_iteration_n5,public_resynth_no_gadgets,vendored-local,applications,L,42,72,72,72,not-run,,ok,full,ok,,results/public_resynth/public_resynth_no_gadgets/unary_iteration_n5/assembled.qasm,434,127,307,0.7073732718894009,128,60,68,0.014871194379391101,0.1311576990602086,0.0701812555260831,0.1311576990602086,0.2318999360905688,128,127,1.0,0.015748031496062992,0.015748031496062992,0.027559055118110236,0.47244094488188976,72,7196,8540,,,,,,,,,,,,,,,,,,,,,,,,,,,,,,,,,,,,,,,,,,,,,,,,,,,,,
unary_iteration_n5,public_resynth_gadgets,vendored-local,applications,L,42,72,72,72,not-run,,ok,full,ok,,results/public_resynth/public_resynth_gadgets/unary_iteration_n5/assembled.qasm,434,217,217,0.5,128,34,94,0.03870852657866571,0.28707500992194734,0.16759345072598084,0.28707500992194734,0.4460890122314729,156,155,1.4,0.3,0.3,0.5,0.15668202764976957,72,3922,5606,,,,,,,,,,,,,,,,,,,,,,,,,,,,,,,,,,,,,,,,,,,,,,,,,,,,,
unary_iteration_n5,demo_control_no_gadgets,vendored-local,applications,L,42,72,72,72,not-run,,not-run,none,not-run,Missing QASM artifact.,,434,,,,128,,,,,,,,,,,,,,,,,,,,,,,,,,,,,,,,,,,,,,,,,,,,,,,,,,,,,,,,,,,,,,,,,,,,,,
unary_iteration_n5,demo_control_gadgets,vendored-local,applications,L,42,72,72,72,not-run,,not-run,none,not-run,Missing QASM artifact.,,434,,,,128,,,,,,,,,,,,,,,,,,,,,,,,,,,,,,,,,,,,,,,,,,,,,,,,,,,,,,,,,,,,,,,,,,,,,,
vbe_adder_3,original,vendored-local,arithmetic,M,10,14,14,14,not-run,,ok,full,ok,,external/circuit-to-tensor/benchmarks/arithmetic/vbe_adder_3/vbe_adder_3.qasm,70,70,0,0.0,18,18,0,0.3684210526315789,0.8536585365853658,0.7446808510638298,0.8536585365853658,0.9210526315789473,51,50,1.4,0.22,0.22,0.41,0.2571428571428571,10,97,190,,,,,,,,,,,,,,,,,,,,,,,,,,,,,,,,,,,,,,,,,,,,,,,,,,,,,
vbe_adder_3,pyzx,vendored-local,arithmetic,M,10,14,14,14,not-run,0.7034590244293213,ok,full,ok,,results/pyzx/vbe_adder_3/optimized.qasm,70,24,46,0.6571428571428571,18,6,12,0.0916030534351145,0.502092050209205,0.33519553072625696,0.502092050209205,0.6685236768802229,25,24,1.0,1.2291666666666667,1.2291666666666667,1.4583333333333333,0.25,10,143,262,,,,,,,,,,,,,,,,,,,,,,,,,,,,,,,,,,,,,,,,,,,,,,,,,,,,,
vbe_adder_3,compile_no_quizx,vendored-local,arithmetic,M,10,14,14,14,not-run,,ok,full,ok,,external/circuit-to-tensor/benchmarks/arithmetic/vbe_adder_3/vbe_adder_3.hopt.qasm,70,24,46,0.6571428571428571,18,12,6,0.10480349344978165,0.5393258426966292,0.36923076923076925,0.5393258426966292,0.7007299270072993,25,24,1.0,0.10416666666666667,0.10416666666666667,0.125,0.5,10,184,229,,,,,,,,,,,,,,,,,,,,,,,,,,,,,,,,,,,,,,,,,,,,,,,,,,,,,
vbe_adder_3,compile_quizx,vendored-local,arithmetic,M,10,14,14,14,not-run,0.015619993209838867,ok,full,ok,,results/compile_stage1/quizx/vbe_adder_3/vbe_adder_3.hopt.qasm,70,24,46,0.6571428571428571,18,12,6,0.10480349344978165,0.5393258426966292,0.36923076923076925,0.5393258426966292,0.7007299270072993,25,24,1.0,0.10416666666666667,0.10416666666666667,0.14583333333333334,0.5,10,180,229,,,,,,,,,,,,,,,,,,,,,,,,,,,,,,,,,,,,,,,,,,,,,,,,,,,,,
vbe_adder_3,public_resynth_no_gadgets,vendored-local,arithmetic,M,10,14,14,14,not-run,,ok,full,ok,,results/public_resynth/public_resynth_no_gadgets/vbe_adder_3/assembled.qasm,70,19,51,0.7285714285714285,18,8,10,0.03525046382189239,0.2676056338028169,0.15447154471544716,0.2676056338028169,0.4222222222222222,20,19,1.0,0.10526315789473684,0.10526315789473684,0.10526315789473684,0.42105263157894735,14,396,539,,,,,,,,,,,,,,,,,,,,,,,,,,,,,,,,,,,,,,,,,,,,,,,,,,,,,
vbe_adder_3,public_resynth_gadgets,vendored-local,arithmetic,M,10,14,14,14,not-run,,ok,full,ok,,results/public_resynth/public_resynth_gadgets/vbe_adder_3/assembled.qasm,70,21,49,0.7,18,7,11,0.0440251572327044,0.3153153153153153,0.18716577540106952,0.3153153153153153,0.4794520547945205,16,15,1.4,0.3,0.3,0.5,0.3333333333333333,14,323,477,,,,,,,,,,,,,,,,,,,,,,,,,,,,,,,,,,,,,,,,,,,,,,,,,,,,,
vbe_adder_3,public_resynth_structural,vendored-local,arithmetic,M,10,14,14,14,not-run,,ok,full,ok,,results/tmp_alphaq_border_full/public_resynth_structural/vbe_adder_3/assembled.qasm,70,21,49,0.7,18,7,11,0.0440251572327044,0.3153153153153153,0.18716577540106952,0.3153153153153153,0.4794520547945205,16,15,1.4,0.3,0.3,0.5,0.3333333333333333,14,323,477,,structural,ok,,1.1835051546391753,ok,,1.1835051546391753,0.2556701030927835,0.845360824742268,1.4,3.329896907216495,4.661855670103093,ok,,323,14,4522,82,14,1148,21,80,304,14,4256,333,101,14,1414,110,19,222,0.7461300309597523,1.37,3.86,3.329896907216495,0.3,21,7,9,,,,,,,,,,,,
vbe_adder_3,public_resynth_reranker,vendored-local,arithmetic,M,10,14,14,14,not-run,,ok,full,ok,,results/public_resynth_reranker/public_resynth_reranker/vbe_adder_3/assembled.qasm,70,21,49,0.7,18,7,11,0.0440251572327044,0.3153153153153153,0.18716577540106952,0.3153153153153153,0.4794520547945205,16,15,1.4,0.3,0.3,0.5,0.3333333333333333,14,323,477,,mlp_reranker,ok,,1.37,,,,,,,,,,,,,,,,,,,,,,,,,,,,,,1.37,3.86,3.329896907216495,0.3,21,7,9,vbe_adder_3:combo9,,1.2060059524065667,0.037324539498913005,0.1,0.0,/Users/caio/Deep-Learning/project/results/models/alphatensor_structural_reranker.json,,,,,
vbe_adder_3,demo_control_no_gadgets,vendored-local,arithmetic,M,10,14,14,14,not-run,,not-run,none,not-run,Missing QASM artifact.,,70,,,,18,,,,,,,,,,,,,,,,,,,,,,,,,,,,,,,,,,,,,,,,,,,,,,,,,,,,,,,,,,,,,,,,,,,,,,
vbe_adder_3,demo_control_gadgets,vendored-local,arithmetic,M,10,14,14,14,not-run,,not-run,none,not-run,Missing QASM artifact.,,70,,,,18,,,,,,,,,,,,,,,,,,,,,,,,,,,,,,,,,,,,,,,,,,,,,,,,,,,,,,,,,,,,,,,,,,,,,,
