source_split,target,family,functional_family,n_qubits,tensor_size,original_tcount,objective_variant,execution_status,has_beam_candidate,factor_count,factor_qubit_concentration_index,factor_support_weight_mean,factor_pairwise_support_overlap_mean,factor_pairwise_jaccard_mean,decomp_tcount,decomp_tdepth,decomp_qasm_depth,decomp_qasm_depth_ratio,decomp_structural_status,optimization_elapsed_sec,materialization_elapsed_sec,objective_elapsed_sec,best_beam_materializer,best_beam_tcount,best_beam_tdepth,best_beam_qasm_depth,best_beam_qasm_depth_ratio,best_beam_primary_nc_depth_ratio,best_beam_cnots,target_objective_count,train_ready,oracle_objective,oracle_selection_status,objective_t_safe,objective_qasm_safe,objective_is_oracle,objective_rank,best_beam_summary_path
internal,barenco_tof_3,arithmetic,toffoli-chain,5,8,28,factor_count,ok,True,13,0.1423611111111111,3.6923076923076925,1.794871794871795,0.3322344322344323,13.0,4.0,196.0,3.843137254901961,ok,,,,selected-beam-shared-parity-w16,13.0,4.0,162.0,3.176470588235294,0.39622641509433965,34.0,3,True,factor_count,constrained,True,True,True,1,/Users/caio/Deep-Learning/project/results/alphaq_objective_beam_policy_grid/barenco_tof_3/factor_count/selected-beam-shared-parity-w16/summary.json
internal,barenco_tof_3,arithmetic,toffoli-chain,5,8,28,factor_count_pair_cap,ok,True,13,0.1383219954648526,3.230769230769231,1.294871794871795,0.2731990231990232,13.0,5.0,183.0,3.588235294117647,ok,,,,selected-beam-shared-parity-w16,13.0,4.0,162.0,3.176470588235294,0.4528301886792453,32.0,3,True,factor_count,constrained,True,True,False,2,/Users/caio/Deep-Learning/project/results/alphaq_objective_beam_policy_grid/barenco_tof_3/factor_count_pair_cap/selected-beam-shared-parity-w16/summary.json
internal,barenco_tof_3,arithmetic,toffoli-chain,5,8,28,mixed_pair,ok,True,23,0.1388888888888889,2.0869565217391304,0.5375494071146245,0.1621870882740448,23.0,5.0,186.0,3.6470588235294117,ok,,,,selected-beam-shared-parity-w16,23.0,5.0,173.0,3.392156862745098,0.6226415094339622,46.0,3,True,factor_count,constrained,False,True,False,,/Users/caio/Deep-Learning/project/results/alphaq_objective_beam_policy_grid/barenco_tof_3/mixed_pair/selected-beam-shared-parity-w16/summary.json
internal,barenco_tof_3,arithmetic,toffoli-chain,5,8,28,frontier_pair,missing,False,,,,,,,,,,,,,,,,,,,,,3,True,factor_count,constrained,False,False,False,,
internal,barenco_tof_3,arithmetic,toffoli-chain,5,8,28,depth_guarded_mixed_pair,missing,False,,,,,,,,,,,,,,,,,,,,,3,True,factor_count,constrained,False,False,False,,
internal,barenco_tof_3,arithmetic,toffoli-chain,5,8,28,t_preserving_frontier_pair,missing,False,,,,,,,,,,,,,,,,,,,,,3,True,factor_count,constrained,False,False,False,,
internal,cuccaro_adder_n3,applications,adder,7,8,42,factor_count,ok,True,13,0.1597222222222222,3.6923076923076925,2.051282051282051,0.38308913308913306,13.0,3.0,225.0,3.0821917808219177,ok,,,,selected-beam-shared-parity-w16,13.0,3.0,211.0,2.8904109589041096,0.4935064935064935,30.0,3,True,factor_count_pair_cap,constrained,True,True,False,2,/Users/caio/Deep-Learning/project/results/alphaq_objective_beam_policy_grid/cuccaro_adder_n3/factor_count/selected-beam-shared-parity-w16/summary.json
internal,cuccaro_adder_n3,applications,adder,7,8,42,factor_count_pair_cap,ok,True,13,0.15789473684210525,2.923076923076923,1.2179487179487178,0.28382173382173387,13.0,6.0,212.0,2.904109589041096,ok,,,,selected-beam-shared-parity-w16,13.0,4.0,200.0,2.73972602739726,0.4805194805194805,32.0,3,True,factor_count_pair_cap,constrained,True,True,True,1,/Users/caio/Deep-Learning/project/results/alphaq_objective_beam_policy_grid/cuccaro_adder_n3/factor_count_pair_cap/selected-beam-shared-parity-w16/summary.json
internal,cuccaro_adder_n3,applications,adder,7,8,42,mixed_pair,ok,True,19,0.17006802721088435,2.210526315789474,0.7543859649122807,0.21812865497076023,19.0,5.0,223.0,3.0547945205479454,ok,,,,selected-beam-shared-parity-w16,19.0,6.0,204.0,2.7945205479452055,0.6233766233766234,38.0,3,True,factor_count_pair_cap,constrained,False,True,False,,/Users/caio/Deep-Learning/project/results/alphaq_objective_beam_policy_grid/cuccaro_adder_n3/mixed_pair/selected-beam-shared-parity-w16/summary.json
internal,cuccaro_adder_n3,applications,adder,7,8,42,frontier_pair,missing,False,,,,,,,,,,,,,,,,,,,,,3,True,factor_count_pair_cap,constrained,False,False,False,,
internal,cuccaro_adder_n3,applications,adder,7,8,42,depth_guarded_mixed_pair,missing,False,,,,,,,,,,,,,,,,,,,,,3,True,factor_count_pair_cap,constrained,False,False,False,,
internal,cuccaro_adder_n3,applications,adder,7,8,42,t_preserving_frontier_pair,missing,False,,,,,,,,,,,,,,,,,,,,,3,True,factor_count_pair_cap,constrained,False,False,False,,
internal,gf_2pow2_mult,arithmetic,gf-multiplier,6,6,28,factor_count,ok,True,17,0.16824196597353497,2.7058823529411766,1.1397058823529411,0.26985294117647063,17.0,5.0,131.0,3.119047619047619,ok,,,,selected-beam-shared-parity-w16,17.0,6.0,107.0,2.5476190476190474,0.8181818181818182,36.0,3,True,mixed_pair,constrained,True,True,False,3,/Users/caio/Deep-Learning/project/results/alphaq_objective_beam_policy_grid/gf_2pow2_mult/factor_count/selected-beam-shared-parity-w16/summary.json
internal,gf_2pow2_mult,arithmetic,gf-multiplier,6,6,28,factor_count_pair_cap,ok,True,17,0.17355371900826447,2.588235294117647,1.0735294117647058,0.26164215686274506,17.0,6.0,109.0,2.5952380952380953,ok,,,,selected-beam-shared-parity-w16,17.0,5.0,103.0,2.4523809523809526,0.7272727272727273,32.0,3,True,mixed_pair,constrained,True,True,False,2,/Users/caio/Deep-Learning/project/results/alphaq_objective_beam_policy_grid/gf_2pow2_mult/factor_count_pair_cap/selected-beam-shared-parity-w16/summary.json
internal,gf_2pow2_mult,arithmetic,gf-multiplier,6,6,28,mixed_pair,ok,True,17,0.17,2.3529411764705883,0.8529411764705882,0.2318627450980392,17.0,5.0,110.0,2.619047619047619,ok,,,,selected-beam-shared-parity-w4,17.0,5.0,99.0,2.357142857142857,0.8409090909090909,36.0,3,True,mixed_pair,constrained,True,True,True,1,/Users/caio/Deep-Learning/project/results/alphaq_objective_beam_policy_grid/gf_2pow2_mult/mixed_pair/selected-beam-shared-parity-w4/summary.json
internal,gf_2pow2_mult,arithmetic,gf-multiplier,6,6,28,frontier_pair,missing,False,,,,,,,,,,,,,,,,,,,,,3,True,mixed_pair,constrained,False,False,False,,
internal,gf_2pow2_mult,arithmetic,gf-multiplier,6,6,28,depth_guarded_mixed_pair,missing,False,,,,,,,,,,,,,,,,,,,,,3,True,mixed_pair,constrained,False,False,False,,
internal,gf_2pow2_mult,arithmetic,gf-multiplier,6,6,28,t_preserving_frontier_pair,missing,False,,,,,,,,,,,,,,,,,,,,,3,True,mixed_pair,constrained,False,False,False,,
internal,gf_2pow3_mult,arithmetic,gf-multiplier,9,9,63,factor_count,ok,True,35,0.11631944444444445,2.742857142857143,0.8201680672268907,0.1874389755902361,35.0,7.0,258.0,3.185185185185185,ok,,,,selected-beam-shared-parity-w16,35.0,6.0,198.0,2.4444444444444446,0.8541666666666666,114.0,3,True,factor_count_pair_cap,constrained,True,True,False,3,/Users/caio/Deep-Learning/project/results/alphaq_objective_beam_policy_grid/gf_2pow3_mult/factor_count/selected-beam-shared-parity-w16/summary.json
internal,gf_2pow3_mult,arithmetic,gf-multiplier,9,9,63,factor_count_pair_cap,ok,True,33,0.11631944444444445,2.909090909090909,0.9242424242424242,0.20474837662337664,33.0,8.0,266.0,3.2839506172839505,ok,,,,selected-beam-shared-parity-w16,33.0,6.0,200.0,2.4691358024691357,0.9270833333333334,124.0,3,True,factor_count_pair_cap,constrained,True,True,True,1,/Users/caio/Deep-Learning/project/results/alphaq_objective_beam_policy_grid/gf_2pow3_mult/factor_count_pair_cap/selected-beam-shared-parity-w16/summary.json
internal,gf_2pow3_mult,arithmetic,gf-multiplier,9,9,63,mixed_pair,ok,True,35,0.11531190926275993,2.6285714285714286,0.7428571428571429,0.18183273309323728,35.0,5.0,235.0,2.9012345679012346,ok,,,,selected-beam-shared-parity-w16,35.0,6.0,191.0,2.3580246913580245,0.7395833333333334,98.0,3,True,factor_count_pair_cap,constrained,True,True,False,2,/Users/caio/Deep-Learning/project/results/alphaq_objective_beam_policy_grid/gf_2pow3_mult/mixed_pair/selected-beam-shared-parity-w16/summary.json
internal,gf_2pow3_mult,arithmetic,gf-multiplier,9,9,63,frontier_pair,missing,False,,,,,,,,,,,,,,,,,,,,,3,True,factor_count_pair_cap,constrained,False,False,False,,
internal,gf_2pow3_mult,arithmetic,gf-multiplier,9,9,63,depth_guarded_mixed_pair,missing,False,,,,,,,,,,,,,,,,,,,,,3,True,factor_count_pair_cap,constrained,False,False,False,,
internal,gf_2pow3_mult,arithmetic,gf-multiplier,9,9,63,t_preserving_frontier_pair,missing,False,,,,,,,,,,,,,,,,,,,,,3,True,factor_count_pair_cap,constrained,False,False,False,,
internal,hamming_weight_n4,applications,hamming-weight,7,9,21,factor_count,ok,True,23,0.11966701352757544,2.6956521739130435,0.7865612648221344,0.17192734801430454,23.0,4.0,200.0,5.882352941176471,ok,,,,selected-beam-shared-parity-w16,23.0,5.0,179.0,5.264705882352941,1.162162162162162,60.0,3,True,mixed_pair,constrained,True,True,False,3,/Users/caio/Deep-Learning/project/results/alphaq_objective_beam_policy_grid/hamming_weight_n4/factor_count/selected-beam-shared-parity-w16/summary.json
internal,hamming_weight_n4,applications,hamming-weight,7,9,21,factor_count_pair_cap,ok,True,21,0.13314967860422405,3.142857142857143,1.223809523809524,0.2593424036281179,21.0,3.0,189.0,5.5588235294117645,ok,,,,selected-beam-shared-parity-w16,21.0,4.0,165.0,4.852941176470588,0.972972972972973,66.0,3,True,mixed_pair,constrained,True,True,False,2,/Users/caio/Deep-Learning/project/results/alphaq_objective_beam_policy_grid/hamming_weight_n4/factor_count_pair_cap/selected-beam-shared-parity-w16/summary.json
internal,hamming_weight_n4,applications,hamming-weight,7,9,21,mixed_pair,ok,True,20,0.13010204081632654,2.8,0.9263157894736842,0.21748120300751878,20.0,3.0,182.0,5.352941176470588,ok,,,,selected-beam-shared-parity-w16,20.0,4.0,173.0,5.088235294117647,0.8108108108108109,44.0,3,True,mixed_pair,constrained,True,True,True,1,/Users/caio/Deep-Learning/project/results/alphaq_objective_beam_policy_grid/hamming_weight_n4/mixed_pair/selected-beam-shared-parity-w16/summary.json
internal,hamming_weight_n4,applications,hamming-weight,7,9,21,frontier_pair,missing,False,,,,,,,,,,,,,,,,,,,,,3,True,mixed_pair,constrained,False,False,False,,
internal,hamming_weight_n4,applications,hamming-weight,7,9,21,depth_guarded_mixed_pair,missing,False,,,,,,,,,,,,,,,,,,,,,3,True,mixed_pair,constrained,False,False,False,,
internal,hamming_weight_n4,applications,hamming-weight,7,9,21,t_preserving_frontier_pair,missing,False,,,,,,,,,,,,,,,,,,,,,3,True,mixed_pair,constrained,False,False,False,,
internal,hamming_weight_n5,applications,hamming-weight,8,10,21,factor_count,ok,True,20,0.11777777777777777,3.0,0.9578947368421052,0.20553884711779452,20.0,9.0,227.0,5.973684210526316,ok,,,,selected-beam-shared-parity-w16,20.0,3.0,182.0,4.7894736842105265,0.8536585365853658,60.0,3,True,factor_count_pair_cap,constrained,True,True,False,3,/Users/caio/Deep-Learning/project/results/alphaq_objective_beam_policy_grid/hamming_weight_n5/factor_count/selected-beam-shared-parity-w16/summary.json
internal,hamming_weight_n5,applications,hamming-weight,8,10,21,factor_count_pair_cap,ok,True,19,0.11777777777777777,3.1578947368421053,1.064327485380117,0.21631161236424393,19.0,6.0,207.0,5.447368421052632,ok,,,,selected-beam-shared-parity-w16,19.0,3.0,180.0,4.7368421052631575,0.8780487804878049,50.0,3,True,factor_count_pair_cap,constrained,True,True,True,1,/Users/caio/Deep-Learning/project/results/alphaq_objective_beam_policy_grid/hamming_weight_n5/factor_count_pair_cap/selected-beam-shared-parity-w16/summary.json
internal,hamming_weight_n5,applications,hamming-weight,8,10,21,mixed_pair,ok,True,20,0.11777777777777777,3.0,0.9578947368421052,0.20553884711779447,20.0,8.0,198.0,5.2105263157894735,ok,,,,selected-beam-shared-parity-w16,20.0,3.0,180.0,4.7368421052631575,0.8292682926829268,60.0,3,True,factor_count_pair_cap,constrained,True,True,False,2,/Users/caio/Deep-Learning/project/results/alphaq_objective_beam_policy_grid/hamming_weight_n5/mixed_pair/selected-beam-shared-parity-w16/summary.json
internal,hamming_weight_n5,applications,hamming-weight,8,10,21,frontier_pair,missing,False,,,,,,,,,,,,,,,,,,,,,3,True,factor_count_pair_cap,constrained,False,False,False,,
internal,hamming_weight_n5,applications,hamming-weight,8,10,21,depth_guarded_mixed_pair,missing,False,,,,,,,,,,,,,,,,,,,,,3,True,factor_count_pair_cap,constrained,False,False,False,,
internal,hamming_weight_n5,applications,hamming-weight,8,10,21,t_preserving_frontier_pair,missing,False,,,,,,,,,,,,,,,,,,,,,3,True,factor_count_pair_cap,constrained,False,False,False,,
internal,mod_5_4,arithmetic,modular-arithmetic,5,5,28,factor_count,ok,True,7,0.2,2.857142857142857,1.4285714285714286,0.3333333333333333,7.0,3.0,40.0,0.6779661016949152,ok,,,,selected-beam-shared-parity-w16,7.0,3.0,37.0,0.6271186440677966,0.1864406779661017,14.0,3,True,factor_count,constrained,True,True,True,1,/Users/caio/Deep-Learning/project/results/alphaq_objective_beam_policy_grid/mod_5_4/factor_count/selected-beam-shared-parity-w16/summary.json
internal,mod_5_4,arithmetic,modular-arithmetic,5,5,28,factor_count_pair_cap,ok,True,7,0.2,2.857142857142857,1.4285714285714286,0.3333333333333333,7.0,3.0,40.0,0.6779661016949152,ok,,,,selected-beam-shared-parity-w16,7.0,3.0,37.0,0.6271186440677966,0.1864406779661017,14.0,3,True,factor_count,constrained,True,True,False,2,/Users/caio/Deep-Learning/project/results/alphaq_objective_beam_policy_grid/mod_5_4/factor_count_pair_cap/selected-beam-shared-parity-w16/summary.json
internal,mod_5_4,arithmetic,modular-arithmetic,5,5,28,mixed_pair,ok,True,7,0.2,2.857142857142857,1.4285714285714286,0.3333333333333333,7.0,3.0,40.0,0.6779661016949152,ok,,,,selected-beam-shared-parity-w16,7.0,3.0,37.0,0.6271186440677966,0.1864406779661017,14.0,3,True,factor_count,constrained,True,True,False,3,/Users/caio/Deep-Learning/project/results/alphaq_objective_beam_policy_grid/mod_5_4/mixed_pair/selected-beam-shared-parity-w16/summary.json
internal,mod_5_4,arithmetic,modular-arithmetic,5,5,28,frontier_pair,missing,False,,,,,,,,,,,,,,,,,,,,,3,True,factor_count,constrained,False,False,False,,
internal,mod_5_4,arithmetic,modular-arithmetic,5,5,28,depth_guarded_mixed_pair,missing,False,,,,,,,,,,,,,,,,,,,,,3,True,factor_count,constrained,False,False,False,,
internal,mod_5_4,arithmetic,modular-arithmetic,5,5,28,t_preserving_frontier_pair,missing,False,,,,,,,,,,,,,,,,,,,,,3,True,factor_count,constrained,False,False,False,,
internal,nc_tof_3,arithmetic,toffoli-chain,5,7,21,factor_count,ok,True,13,0.15311909262759923,3.5384615384615383,1.7820512820512822,0.3393467643467643,13.0,5.0,177.0,4.657894736842105,ok,,,,selected-beam-shared-parity-w4,13.0,3.0,164.0,4.315789473684211,0.675,44.0,3,True,factor_count_pair_cap,constrained,True,True,False,2,/Users/caio/Deep-Learning/project/results/alphaq_objective_beam_policy_grid/nc_tof_3/factor_count/selected-beam-shared-parity-w4/summary.json
internal,nc_tof_3,arithmetic,toffoli-chain,5,7,21,factor_count_pair_cap,ok,True,13,0.15311909262759923,3.5384615384615383,1.7820512820512822,0.35109890109890113,13.0,4.0,171.0,4.5,ok,,,,selected-beam-shared-parity-w16,13.0,3.0,161.0,4.2368421052631575,0.625,40.0,3,True,factor_count_pair_cap,constrained,True,True,True,1,/Users/caio/Deep-Learning/project/results/alphaq_objective_beam_policy_grid/nc_tof_3/factor_count_pair_cap/selected-beam-shared-parity-w16/summary.json
internal,nc_tof_3,arithmetic,toffoli-chain,5,7,21,mixed_pair,ok,True,17,0.14681440443213298,2.235294117647059,0.6397058823529411,0.1767156862745098,17.0,5.0,186.0,4.894736842105263,ok,,,,selected-beam-shared-parity-w4,17.0,4.0,170.0,4.473684210526316,0.675,30.0,3,True,factor_count_pair_cap,constrained,False,True,False,,/Users/caio/Deep-Learning/project/results/alphaq_objective_beam_policy_grid/nc_tof_3/mixed_pair/selected-beam-shared-parity-w4/summary.json
internal,nc_tof_3,arithmetic,toffoli-chain,5,7,21,frontier_pair,missing,False,,,,,,,,,,,,,,,,,,,,,3,True,factor_count_pair_cap,constrained,False,False,False,,
internal,nc_tof_3,arithmetic,toffoli-chain,5,7,21,depth_guarded_mixed_pair,missing,False,,,,,,,,,,,,,,,,,,,,,3,True,factor_count_pair_cap,constrained,False,False,False,,
internal,nc_tof_3,arithmetic,toffoli-chain,5,7,21,t_preserving_frontier_pair,missing,False,,,,,,,,,,,,,,,,,,,,,3,True,factor_count_pair_cap,constrained,False,False,False,,
external_standard,barenco_tof_4,arithmetic,toffoli-chain,7,14,56,factor_count,failed,False,,,,,,,,,,not-materialized,,,,,,,,,,,0,False,,missing,False,False,False,,
external_standard,barenco_tof_4,arithmetic,toffoli-chain,7,14,56,factor_count_pair_cap,failed,False,,,,,,,,,,not-materialized,,,,,,,,,,,0,False,,missing,False,False,False,,
external_standard,barenco_tof_4,arithmetic,toffoli-chain,7,14,56,mixed_pair,failed,False,,,,,,,,,,not-materialized,,,,,,,,,,,0,False,,missing,False,False,False,,
external_standard,barenco_tof_4,arithmetic,toffoli-chain,7,14,56,frontier_pair,missing,False,,,,,,,,,,,,,,,,,,,,,0,False,,missing,False,False,False,,
external_standard,barenco_tof_4,arithmetic,toffoli-chain,7,14,56,depth_guarded_mixed_pair,missing,False,,,,,,,,,,,,,,,,,,,,,0,False,,missing,False,False,False,,
external_standard,barenco_tof_4,arithmetic,toffoli-chain,7,14,56,t_preserving_frontier_pair,missing,False,,,,,,,,,,,,,,,,,,,,,0,False,,missing,False,False,False,,
external_standard,nc_tof_4,arithmetic,toffoli-chain,7,11,35,factor_count,ok,True,24,0.1124330755502677,3.4166666666666665,1.2210144927536233,0.2379845295606165,24.0,6.0,290.0,4.67741935483871,missing-zx,,,,selected-beam-shared-parity-w16,24.0,3.0,243.0,3.9193548387096775,,92.0,3,True,factor_count,constrained,True,True,True,1,/home/CIN/cacl2/Deep-Learning/project/results/alphaq_objective_beam_policy_external_validation/nc_tof_4/factor_count/selected-beam-shared-parity-w16/summary.json
external_standard,nc_tof_4,arithmetic,toffoli-chain,7,11,35,factor_count_pair_cap,ok,True,32,0.108,3.125,0.9879032258064516,0.19998719918074756,32.0,7.0,287.0,4.629032258064516,missing-zx,,,,selected-beam-shared-parity-w16,32.0,6.0,248.0,4.0,,118.0,3,True,factor_count,constrained,False,True,False,,/home/CIN/cacl2/Deep-Learning/project/results/alphaq_objective_beam_policy_external_validation/nc_tof_4/factor_count_pair_cap/selected-beam-shared-parity-w16/summary.json
external_standard,nc_tof_4,arithmetic,toffoli-chain,7,11,35,mixed_pair,ok,True,32,0.10847107438016529,2.75,0.7580645161290323,0.16977326548899127,32.0,6.0,285.0,4.596774193548387,missing-zx,,,,selected-beam-shared-parity-w16,32.0,5.0,247.0,3.9838709677419355,,98.0,3,True,factor_count,constrained,False,True,False,,/home/CIN/cacl2/Deep-Learning/project/results/alphaq_objective_beam_policy_external_validation/nc_tof_4/mixed_pair/selected-beam-shared-parity-w16/summary.json
external_standard,nc_tof_4,arithmetic,toffoli-chain,7,11,35,frontier_pair,missing,False,,,,,,,,,,,,,,,,,,,,,3,True,factor_count,constrained,False,False,False,,
external_standard,nc_tof_4,arithmetic,toffoli-chain,7,11,35,depth_guarded_mixed_pair,missing,False,,,,,,,,,,,,,,,,,,,,,3,True,factor_count,constrained,False,False,False,,
external_standard,nc_tof_4,arithmetic,toffoli-chain,7,11,35,t_preserving_frontier_pair,missing,False,,,,,,,,,,,,,,,,,,,,,3,True,factor_count,constrained,False,False,False,,
external_standard,vbe_adder_3,arithmetic,adder,10,14,70,factor_count,ok,True,65,0.0866,3.076923076923077,0.7846153846153846,0.1567855235042735,65.0,15.0,438.0,4.515463917525773,missing-zx,,,,selected-beam-shared-parity-w16,65.0,8.0,313.0,3.2268041237113403,,262.0,2,True,factor_count,constrained,True,True,True,1,/home/CIN/cacl2/Deep-Learning/project/results/alphaq_objective_beam_policy_external_validation/vbe_adder_3/factor_count/selected-beam-shared-parity-w16/summary.json
external_standard,vbe_adder_3,arithmetic,adder,10,14,70,factor_count_pair_cap,ok,True,67,0.0822,2.985074626865672,0.6983265490728178,0.14751925796701915,67.0,11.0,457.0,4.711340206185567,missing-zx,,,,selected-beam-shared-parity-w16,67.0,7.0,311.0,3.2061855670103094,,274.0,2,True,factor_count,constrained,True,True,False,2,/home/CIN/cacl2/Deep-Learning/project/results/alphaq_objective_beam_policy_external_validation/vbe_adder_3/factor_count_pair_cap/selected-beam-shared-parity-w16/summary.json
external_standard,vbe_adder_3,arithmetic,adder,10,14,70,mixed_pair,failed,False,,,,,,,,,,not-materialized,,,,,,,,,,,2,True,factor_count,constrained,False,False,False,,
external_standard,vbe_adder_3,arithmetic,adder,10,14,70,frontier_pair,missing,False,,,,,,,,,,,,,,,,,,,,,2,True,factor_count,constrained,False,False,False,,
external_standard,vbe_adder_3,arithmetic,adder,10,14,70,depth_guarded_mixed_pair,missing,False,,,,,,,,,,,,,,,,,,,,,2,True,factor_count,constrained,False,False,False,,
external_standard,vbe_adder_3,arithmetic,adder,10,14,70,t_preserving_frontier_pair,missing,False,,,,,,,,,,,,,,,,,,,,,2,True,factor_count,constrained,False,False,False,,
external_night_long,barenco_tof_4,arithmetic,toffoli-chain,7,14,56,factor_count,ok,True,64,0.10080350620891161,2.3125,0.5109126984126984,0.13629298941798942,64.0,14.0,384.0,3.878787878787879,missing-zx,,,,selected-beam-shared-parity-w32,64.0,7.0,298.0,3.01010101010101,,162.0,2,True,mixed_pair,constrained,True,True,False,2,results/alphaq_objective_beam_policy_external_validation_night_long/barenco_tof_4/factor_count/selected-beam-shared-parity-w32/summary.json
external_night_long,barenco_tof_4,arithmetic,toffoli-chain,7,14,56,factor_count_pair_cap,failed,False,,,,,,,,,,not-materialized,,,,,,,,,,,2,True,mixed_pair,constrained,False,False,False,,
external_night_long,barenco_tof_4,arithmetic,toffoli-chain,7,14,56,mixed_pair,ok,True,42,0.08579565681737274,2.5238095238095237,0.49825783972125437,0.12205906752945081,42.0,7.0,304.0,3.0707070707070705,missing-zx,,,,selected-beam-shared-parity-w16,42.0,6.0,266.0,2.686868686868687,,118.0,2,True,mixed_pair,constrained,True,True,True,1,results/alphaq_objective_beam_policy_external_validation_night_long/barenco_tof_4/mixed_pair/selected-beam-shared-parity-w16/summary.json
external_night_long,barenco_tof_4,arithmetic,toffoli-chain,7,14,56,frontier_pair,missing,False,,,,,,,,,,,,,,,,,,,,,2,True,mixed_pair,constrained,False,False,False,,
external_night_long,barenco_tof_4,arithmetic,toffoli-chain,7,14,56,depth_guarded_mixed_pair,missing,False,,,,,,,,,,,,,,,,,,,,,2,True,mixed_pair,constrained,False,False,False,,
external_night_long,barenco_tof_4,arithmetic,toffoli-chain,7,14,56,t_preserving_frontier_pair,missing,False,,,,,,,,,,,,,,,,,,,,,2,True,mixed_pair,constrained,False,False,False,,
external_night_long,nc_tof_4,arithmetic,toffoli-chain,7,11,35,factor_count,ok,True,24,0.1124330755502677,3.4166666666666665,1.2210144927536233,0.2379845295606165,24.0,6.0,290.0,4.67741935483871,missing-zx,,,,selected-beam-shared-parity-w16,24.0,3.0,243.0,3.9193548387096775,0.984375,92.0,3,True,mixed_pair,constrained,True,True,False,2,results/alphaq_objective_beam_policy_external_validation_night_long/nc_tof_4/factor_count/selected-beam-shared-parity-w16/summary.json
external_night_long,nc_tof_4,arithmetic,toffoli-chain,7,11,35,factor_count_pair_cap,ok,True,32,0.108,3.125,0.9879032258064516,0.19998719918074756,32.0,7.0,287.0,4.629032258064516,missing-zx,,,,selected-beam-shared-parity-w16,32.0,6.0,248.0,4.0,1.25,118.0,3,True,mixed_pair,constrained,False,True,False,,results/alphaq_objective_beam_policy_external_validation_night_long/nc_tof_4/factor_count_pair_cap/selected-beam-shared-parity-w16/summary.json
external_night_long,nc_tof_4,arithmetic,toffoli-chain,7,11,35,mixed_pair,ok,True,24,0.10299488677867057,3.0833333333333335,0.8876811594202898,0.18054692891649413,24.0,4.0,267.0,4.306451612903226,missing-zx,,,,selected-beam-shared-parity-w16,24.0,4.0,240.0,3.870967741935484,0.796875,64.0,3,True,mixed_pair,constrained,True,True,True,1,results/alphaq_objective_beam_policy_external_validation_night_long/nc_tof_4/mixed_pair/selected-beam-shared-parity-w16/summary.json
external_night_long,nc_tof_4,arithmetic,toffoli-chain,7,11,35,frontier_pair,missing,False,,,,,,,,,,,,,,,,,,,,,3,True,mixed_pair,constrained,False,False,False,,
external_night_long,nc_tof_4,arithmetic,toffoli-chain,7,11,35,depth_guarded_mixed_pair,missing,False,,,,,,,,,,,,,,,,,,,,,3,True,mixed_pair,constrained,False,False,False,,
external_night_long,nc_tof_4,arithmetic,toffoli-chain,7,11,35,t_preserving_frontier_pair,missing,False,,,,,,,,,,,,,,,,,,,,,3,True,mixed_pair,constrained,False,False,False,,
external_night_long,vbe_adder_3,arithmetic,adder,10,14,70,factor_count,ok,True,65,0.0866,3.076923076923077,0.7846153846153846,0.1567855235042735,65.0,15.0,438.0,4.515463917525773,missing-zx,,,,selected-beam-shared-parity-w32,65.0,9.0,296.0,3.051546391752577,1.29,216.0,3,True,factor_count,constrained,True,True,True,1,results/alphaq_objective_beam_policy_external_validation_night_long/vbe_adder_3/factor_count/selected-beam-shared-parity-w32/summary.json
external_night_long,vbe_adder_3,arithmetic,adder,10,14,70,factor_count_pair_cap,ok,True,66,0.08246563931695126,2.9696969696969697,0.6927738927738928,0.14548174048174048,66.0,9.0,463.0,4.77319587628866,missing-zx,,,,selected-beam-shared-parity-w32,66.0,8.0,311.0,3.2061855670103094,1.47,254.0,3,True,factor_count,constrained,True,True,False,2,results/alphaq_objective_beam_policy_external_validation_night_long/vbe_adder_3/factor_count_pair_cap/selected-beam-shared-parity-w32/summary.json
external_night_long,vbe_adder_3,arithmetic,adder,10,14,70,mixed_pair,ok,True,88,0.08339594290007513,2.75,0.6063218390804598,0.1386742009586837,88.0,17.0,479.0,4.938144329896907,missing-zx,,,,selected-beam-shared-parity-w32,88.0,9.0,318.0,3.2783505154639174,1.82,308.0,3,True,factor_count,constrained,False,True,False,,results/alphaq_objective_beam_policy_external_validation_night_long/vbe_adder_3/mixed_pair/selected-beam-shared-parity-w32/summary.json
external_night_long,vbe_adder_3,arithmetic,adder,10,14,70,frontier_pair,missing,False,,,,,,,,,,,,,,,,,,,,,3,True,factor_count,constrained,False,False,False,,
external_night_long,vbe_adder_3,arithmetic,adder,10,14,70,depth_guarded_mixed_pair,missing,False,,,,,,,,,,,,,,,,,,,,,3,True,factor_count,constrained,False,False,False,,
external_night_long,vbe_adder_3,arithmetic,adder,10,14,70,t_preserving_frontier_pair,missing,False,,,,,,,,,,,,,,,,,,,,,3,True,factor_count,constrained,False,False,False,,
external_article_core,barenco_tof_4,arithmetic,toffoli-chain,7,14,56,factor_count,failed,False,,,,,,,,,,not-materialized,,,,,,,,,,,1,False,frontier_pair,constrained,False,False,False,,
external_article_core,barenco_tof_4,arithmetic,toffoli-chain,7,14,56,factor_count_pair_cap,failed,False,,,,,,,,,,not-materialized,,,,,,,,,,,1,False,frontier_pair,constrained,False,False,False,,
external_article_core,barenco_tof_4,arithmetic,toffoli-chain,7,14,56,mixed_pair,failed,False,,,,,,,,,,not-materialized,,,,,,,,,,,1,False,frontier_pair,constrained,False,False,False,,
external_article_core,barenco_tof_4,arithmetic,toffoli-chain,7,14,56,frontier_pair,ok,True,64,0.10080350620891161,2.3125,0.5109126984126984,0.13629298941798942,64.0,14.0,384.0,3.878787878787879,ok,,,,selected-beam-shared-parity-w32,64.0,7.0,298.0,3.01010101010101,0.9611650485436893,162.0,1,False,frontier_pair,constrained,True,True,True,1,results/alphaq_objective_beam_policy_external_validation_article_core/barenco_tof_4/frontier_pair/selected-beam-shared-parity-w32/summary.json
external_article_core,barenco_tof_4,arithmetic,toffoli-chain,7,14,56,depth_guarded_mixed_pair,missing,False,,,,,,,,,,,,,,,,,,,,,1,False,frontier_pair,constrained,False,False,False,,
external_article_core,barenco_tof_4,arithmetic,toffoli-chain,7,14,56,t_preserving_frontier_pair,missing,False,,,,,,,,,,,,,,,,,,,,,1,False,frontier_pair,constrained,False,False,False,,
external_article_core,gf_2pow2_mult,arithmetic,gf-multiplier,6,6,28,factor_count,ok,True,17,0.168,2.9411764705882355,1.3602941176470589,0.2965686274509804,17.0,5.0,121.0,2.880952380952381,ok,,,,selected-beam-shared-parity-w32,17.0,6.0,97.0,2.3095238095238093,0.8636363636363636,36.0,4,True,factor_count,constrained,True,True,True,1,results/alphaq_objective_beam_policy_external_validation_article_core/gf_2pow2_mult/factor_count/selected-beam-shared-parity-w32/summary.json
external_article_core,gf_2pow2_mult,arithmetic,gf-multiplier,6,6,28,factor_count_pair_cap,ok,True,17,0.17159763313609466,3.0588235294117645,1.5147058823529411,0.32009803921568625,17.0,4.0,118.0,2.8095238095238093,ok,,,,selected-beam-shared-parity-w16,17.0,4.0,99.0,2.357142857142857,0.9318181818181818,38.0,4,True,factor_count,constrained,True,True,False,4,results/alphaq_objective_beam_policy_external_validation_article_core/gf_2pow2_mult/factor_count_pair_cap/selected-beam-shared-parity-w16/summary.json
external_article_core,gf_2pow2_mult,arithmetic,gf-multiplier,6,6,28,mixed_pair,ok,True,17,0.17,2.3529411764705883,0.8529411764705882,0.2318627450980392,17.0,5.0,110.0,2.619047619047619,ok,,,,selected-beam-shared-parity-w32,17.0,4.0,98.0,2.3333333333333335,0.8863636363636364,36.0,4,True,factor_count,constrained,True,True,False,3,results/alphaq_objective_beam_policy_external_validation_article_core/gf_2pow2_mult/mixed_pair/selected-beam-shared-parity-w32/summary.json
external_article_core,gf_2pow2_mult,arithmetic,gf-multiplier,6,6,28,frontier_pair,ok,True,17,0.17,2.3529411764705883,0.8529411764705882,0.2318627450980392,17.0,5.0,110.0,2.619047619047619,ok,,,,selected-beam-shared-parity-w32,17.0,4.0,98.0,2.3333333333333335,0.8863636363636364,36.0,4,True,factor_count,constrained,True,True,False,2,results/alphaq_objective_beam_policy_external_validation_article_core/gf_2pow2_mult/frontier_pair/selected-beam-shared-parity-w32/summary.json
external_article_core,gf_2pow2_mult,arithmetic,gf-multiplier,6,6,28,depth_guarded_mixed_pair,missing,False,,,,,,,,,,,,,,,,,,,,,4,True,factor_count,constrained,False,False,False,,
external_article_core,gf_2pow2_mult,arithmetic,gf-multiplier,6,6,28,t_preserving_frontier_pair,missing,False,,,,,,,,,,,,,,,,,,,,,4,True,factor_count,constrained,False,False,False,,
external_article_core,hamming_weight_n4,applications,hamming-weight,7,9,21,factor_count,ok,True,19,0.13423517169614985,3.263157894736842,1.327485380116959,0.27865497076023393,19.0,3.0,194.0,5.705882352941177,ok,,,,selected-beam-shared-parity-w16,19.0,4.0,164.0,4.823529411764706,0.9459459459459459,58.0,4,True,factor_count,constrained,True,True,True,1,results/alphaq_objective_beam_policy_external_validation_article_core/hamming_weight_n4/factor_count/selected-beam-shared-parity-w16/summary.json
external_article_core,hamming_weight_n4,applications,hamming-weight,7,9,21,factor_count_pair_cap,ok,True,19,0.13010204081632654,2.9473684210526314,1.0292397660818713,0.22843915343915347,19.0,3.0,194.0,5.705882352941177,ok,,,,selected-beam-shared-parity-w16,19.0,4.0,167.0,4.911764705882353,0.7567567567567568,44.0,4,True,factor_count,constrained,True,True,False,2,results/alphaq_objective_beam_policy_external_validation_article_core/hamming_weight_n4/factor_count_pair_cap/selected-beam-shared-parity-w16/summary.json
external_article_core,hamming_weight_n4,applications,hamming-weight,7,9,21,mixed_pair,ok,True,20,0.13010204081632654,2.8,0.9263157894736842,0.21748120300751878,20.0,3.0,182.0,5.352941176470588,ok,,,,selected-beam-shared-parity-w32,20.0,5.0,170.0,5.0,0.8648648648648649,46.0,4,True,factor_count,constrained,False,True,False,,results/alphaq_objective_beam_policy_external_validation_article_core/hamming_weight_n4/mixed_pair/selected-beam-shared-parity-w32/summary.json
external_article_core,hamming_weight_n4,applications,hamming-weight,7,9,21,frontier_pair,ok,True,19,0.12960760998810938,3.0526315789473686,1.105263157894737,0.24367167919799498,19.0,3.0,191.0,5.617647058823529,ok,,,,selected-beam-shared-parity-w16,19.0,3.0,171.0,5.029411764705882,0.7567567567567568,52.0,4,True,factor_count,constrained,True,True,False,3,results/alphaq_objective_beam_policy_external_validation_article_core/hamming_weight_n4/frontier_pair/selected-beam-shared-parity-w16/summary.json
external_article_core,hamming_weight_n4,applications,hamming-weight,7,9,21,depth_guarded_mixed_pair,missing,False,,,,,,,,,,,,,,,,,,,,,4,True,factor_count,constrained,False,False,False,,
external_article_core,hamming_weight_n4,applications,hamming-weight,7,9,21,t_preserving_frontier_pair,missing,False,,,,,,,,,,,,,,,,,,,,,4,True,factor_count,constrained,False,False,False,,
external_article_core,hamming_weight_n5,applications,hamming-weight,8,10,21,factor_count,ok,True,19,0.11777777777777777,3.1578947368421053,1.064327485380117,0.21631161236424393,19.0,6.0,207.0,5.447368421052632,ok,,,,selected-beam-shared-parity-w32,19.0,4.0,179.0,4.7105263157894735,0.7804878048780488,46.0,4,True,factor_count,constrained,True,True,True,1,results/alphaq_objective_beam_policy_external_validation_article_core/hamming_weight_n5/factor_count/selected-beam-shared-parity-w32/summary.json
external_article_core,hamming_weight_n5,applications,hamming-weight,8,10,21,factor_count_pair_cap,ok,True,20,0.11777777777777777,3.0,0.9578947368421052,0.20553884711779452,20.0,9.0,227.0,5.973684210526316,ok,,,,selected-beam-shared-parity-w32,20.0,4.0,179.0,4.7105263157894735,0.8536585365853658,54.0,4,True,factor_count,constrained,False,True,False,,results/alphaq_objective_beam_policy_external_validation_article_core/hamming_weight_n5/factor_count_pair_cap/selected-beam-shared-parity-w32/summary.json
external_article_core,hamming_weight_n5,applications,hamming-weight,8,10,21,mixed_pair,ok,True,20,0.11777777777777777,3.0,0.9578947368421052,0.20553884711779447,20.0,8.0,198.0,5.2105263157894735,ok,,,,selected-beam-shared-parity-w16,20.0,3.0,180.0,4.7368421052631575,0.8292682926829268,60.0,4,True,factor_count,constrained,False,True,False,,results/alphaq_objective_beam_policy_external_validation_article_core/hamming_weight_n5/mixed_pair/selected-beam-shared-parity-w16/summary.json
external_article_core,hamming_weight_n5,applications,hamming-weight,8,10,21,frontier_pair,ok,True,19,0.11777777777777777,3.1578947368421053,1.064327485380117,0.21631161236424393,19.0,6.0,207.0,5.447368421052632,ok,,,,selected-beam-shared-parity-w32,19.0,4.0,179.0,4.7105263157894735,0.7804878048780488,46.0,4,True,factor_count,constrained,True,True,False,2,results/alphaq_objective_beam_policy_external_validation_article_core/hamming_weight_n5/frontier_pair/selected-beam-shared-parity-w32/summary.json
external_article_core,hamming_weight_n5,applications,hamming-weight,8,10,21,depth_guarded_mixed_pair,missing,False,,,,,,,,,,,,,,,,,,,,,4,True,factor_count,constrained,False,False,False,,
external_article_core,hamming_weight_n5,applications,hamming-weight,8,10,21,t_preserving_frontier_pair,missing,False,,,,,,,,,,,,,,,,,,,,,4,True,factor_count,constrained,False,False,False,,
external_article_core,mod_5_4,arithmetic,modular-arithmetic,5,5,28,factor_count,ok,True,7,0.2,2.857142857142857,1.4285714285714286,0.3333333333333333,7.0,3.0,40.0,0.6779661016949152,ok,,,,selected-beam-shared-parity-w16,7.0,3.0,37.0,0.6271186440677966,0.1864406779661017,14.0,4,True,factor_count,constrained,True,True,True,1,results/alphaq_objective_beam_policy_external_validation_article_core/mod_5_4/factor_count/selected-beam-shared-parity-w16/summary.json
external_article_core,mod_5_4,arithmetic,modular-arithmetic,5,5,28,factor_count_pair_cap,ok,True,7,0.2,2.857142857142857,1.4285714285714286,0.3333333333333333,7.0,3.0,40.0,0.6779661016949152,ok,,,,selected-beam-shared-parity-w16,7.0,3.0,37.0,0.6271186440677966,0.1864406779661017,14.0,4,True,factor_count,constrained,True,True,False,2,results/alphaq_objective_beam_policy_external_validation_article_core/mod_5_4/factor_count_pair_cap/selected-beam-shared-parity-w16/summary.json
external_article_core,mod_5_4,arithmetic,modular-arithmetic,5,5,28,mixed_pair,ok,True,7,0.2,2.857142857142857,1.4285714285714286,0.3333333333333333,7.0,3.0,40.0,0.6779661016949152,ok,,,,selected-beam-shared-parity-w16,7.0,3.0,37.0,0.6271186440677966,0.1864406779661017,14.0,4,True,factor_count,constrained,True,True,False,4,results/alphaq_objective_beam_policy_external_validation_article_core/mod_5_4/mixed_pair/selected-beam-shared-parity-w16/summary.json
external_article_core,mod_5_4,arithmetic,modular-arithmetic,5,5,28,frontier_pair,ok,True,7,0.2,2.857142857142857,1.4285714285714286,0.3333333333333333,7.0,3.0,40.0,0.6779661016949152,ok,,,,selected-beam-shared-parity-w16,7.0,3.0,37.0,0.6271186440677966,0.1864406779661017,14.0,4,True,factor_count,constrained,True,True,False,3,results/alphaq_objective_beam_policy_external_validation_article_core/mod_5_4/frontier_pair/selected-beam-shared-parity-w16/summary.json
external_article_core,mod_5_4,arithmetic,modular-arithmetic,5,5,28,depth_guarded_mixed_pair,missing,False,,,,,,,,,,,,,,,,,,,,,4,True,factor_count,constrained,False,False,False,,
external_article_core,mod_5_4,arithmetic,modular-arithmetic,5,5,28,t_preserving_frontier_pair,missing,False,,,,,,,,,,,,,,,,,,,,,4,True,factor_count,constrained,False,False,False,,
external_article_core,nc_tof_4,arithmetic,toffoli-chain,7,11,35,factor_count,ok,True,37,0.10148760330578513,2.972972972972973,0.8393393393393394,0.1726065351065351,37.0,7.0,309.0,4.983870967741935,ok,,,,selected-beam-shared-parity-w32,37.0,8.0,252.0,4.064516129032258,1.3125,112.0,4,True,frontier_pair,constrained,True,True,False,3,results/alphaq_objective_beam_policy_external_validation_article_core/nc_tof_4/factor_count/selected-beam-shared-parity-w32/summary.json
external_article_core,nc_tof_4,arithmetic,toffoli-chain,7,11,35,factor_count_pair_cap,ok,True,32,0.108,3.125,0.9879032258064516,0.19998719918074756,32.0,7.0,287.0,4.629032258064516,ok,,,,selected-beam-shared-parity-w16,32.0,6.0,248.0,4.0,1.25,118.0,4,True,frontier_pair,constrained,True,True,False,2,results/alphaq_objective_beam_policy_external_validation_article_core/nc_tof_4/factor_count_pair_cap/selected-beam-shared-parity-w16/summary.json
external_article_core,nc_tof_4,arithmetic,toffoli-chain,7,11,35,mixed_pair,ok,True,42,0.10479338842975207,2.619047619047619,0.6724738675958188,0.15885183341629336,42.0,11.0,322.0,5.193548387096774,ok,,,,selected-beam-shared-parity-w16,42.0,6.0,255.0,4.112903225806452,1.46875,138.0,4,True,frontier_pair,constrained,False,True,False,,results/alphaq_objective_beam_policy_external_validation_article_core/nc_tof_4/mixed_pair/selected-beam-shared-parity-w16/summary.json
external_article_core,nc_tof_4,arithmetic,toffoli-chain,7,11,35,frontier_pair,ok,True,32,0.10847107438016529,2.75,0.7580645161290323,0.17393673195084483,32.0,5.0,312.0,5.032258064516129,ok,,,,selected-beam-shared-parity-w32,32.0,5.0,245.0,3.9516129032258065,1.03125,96.0,4,True,frontier_pair,constrained,True,True,True,1,results/alphaq_objective_beam_policy_external_validation_article_core/nc_tof_4/frontier_pair/selected-beam-shared-parity-w32/summary.json
external_article_core,nc_tof_4,arithmetic,toffoli-chain,7,11,35,depth_guarded_mixed_pair,missing,False,,,,,,,,,,,,,,,,,,,,,4,True,frontier_pair,constrained,False,False,False,,
external_article_core,nc_tof_4,arithmetic,toffoli-chain,7,11,35,t_preserving_frontier_pair,missing,False,,,,,,,,,,,,,,,,,,,,,4,True,frontier_pair,constrained,False,False,False,,
external_article_core,vbe_adder_3,arithmetic,adder,10,14,70,factor_count,ok,True,65,0.0866,3.076923076923077,0.7846153846153846,0.1567855235042735,65.0,15.0,438.0,4.515463917525773,ok,,,,selected-beam-shared-parity-w32,65.0,9.0,296.0,3.051546391752577,1.29,216.0,3,True,factor_count,constrained,True,True,True,1,results/alphaq_objective_beam_policy_external_validation_article_core/vbe_adder_3/factor_count/selected-beam-shared-parity-w32/summary.json
external_article_core,vbe_adder_3,arithmetic,adder,10,14,70,factor_count_pair_cap,ok,True,107,0.0777123887128414,2.635514018691589,0.5200141068594604,0.12295142650018333,107.0,16.0,565.0,5.824742268041237,ok,,,,selected-beam-shared-parity-w32,107.0,11.0,329.0,3.3917525773195876,2.08,344.0,3,True,factor_count,constrained,False,True,False,,results/alphaq_objective_beam_policy_external_validation_article_core/vbe_adder_3/factor_count_pair_cap/selected-beam-shared-parity-w32/summary.json
external_article_core,vbe_adder_3,arithmetic,adder,10,14,70,mixed_pair,failed,False,,,,,,,,,,not-materialized,,,,,,,,,,,3,True,factor_count,constrained,False,False,False,,
external_article_core,vbe_adder_3,arithmetic,adder,10,14,70,frontier_pair,ok,True,79,0.08283313325330131,3.0126582278481013,0.7228172671210646,0.14710669077757685,79.0,12.0,493.0,5.082474226804123,ok,,,,selected-beam-shared-parity-w32,79.0,7.0,311.0,3.2061855670103094,1.63,302.0,3,True,factor_count,constrained,False,True,False,,results/alphaq_objective_beam_policy_external_validation_article_core/vbe_adder_3/frontier_pair/selected-beam-shared-parity-w32/summary.json
external_article_core,vbe_adder_3,arithmetic,adder,10,14,70,depth_guarded_mixed_pair,missing,False,,,,,,,,,,,,,,,,,,,,,3,True,factor_count,constrained,False,False,False,,
external_article_core,vbe_adder_3,arithmetic,adder,10,14,70,t_preserving_frontier_pair,missing,False,,,,,,,,,,,,,,,,,,,,,3,True,factor_count,constrained,False,False,False,,
external_article_extended,cuccaro_adder_n4,applications,adder,9,12,56,factor_count,ok,True,32,0.112,3.125,1.028225806451613,0.21321604582693288,32.0,5.0,315.0,3.247422680412371,ok,,,,selected-beam-shared-parity-w32,32.0,4.0,259.0,2.670103092783505,0.6274509803921569,106.0,4,True,factor_count_pair_cap,constrained,True,True,False,3,results/alphaq_objective_beam_policy_external_validation_article_extended/cuccaro_adder_n4/factor_count/selected-beam-shared-parity-w32/summary.json
external_article_extended,cuccaro_adder_n4,applications,adder,9,12,56,factor_count_pair_cap,ok,True,24,0.1145124716553288,3.5,1.3115942028985508,0.2518532896250288,24.0,5.0,306.0,3.154639175257732,ok,,,,selected-beam-shared-parity-w32,24.0,5.0,254.0,2.618556701030928,0.5098039215686274,90.0,4,True,factor_count_pair_cap,constrained,True,True,True,1,results/alphaq_objective_beam_policy_external_validation_article_extended/cuccaro_adder_n4/factor_count_pair_cap/selected-beam-shared-parity-w32/summary.json
external_article_extended,cuccaro_adder_n4,applications,adder,9,12,56,mixed_pair,ok,True,32,0.10546241211465657,2.6875,0.6995967741935484,0.1634840629800307,32.0,7.0,313.0,3.2268041237113403,ok,,,,selected-beam-shared-parity-w32,32.0,6.0,251.0,2.5876288659793816,0.5588235294117647,88.0,4,True,factor_count_pair_cap,constrained,True,True,False,2,results/alphaq_objective_beam_policy_external_validation_article_extended/cuccaro_adder_n4/mixed_pair/selected-beam-shared-parity-w32/summary.json
external_article_extended,cuccaro_adder_n4,applications,adder,9,12,56,frontier_pair,ok,True,43,0.1111111111111111,2.372093023255814,0.583610188261351,0.1506749986816432,43.0,9.0,322.0,3.3195876288659796,ok,,,,selected-beam-shared-parity-w32,43.0,5.0,257.0,2.649484536082474,0.6176470588235294,102.0,4,True,factor_count_pair_cap,constrained,False,True,False,,results/alphaq_objective_beam_policy_external_validation_article_extended/cuccaro_adder_n4/frontier_pair/selected-beam-shared-parity-w32/summary.json
external_article_extended,cuccaro_adder_n4,applications,adder,9,12,56,depth_guarded_mixed_pair,missing,False,,,,,,,,,,,,,,,,,,,,,4,True,factor_count_pair_cap,constrained,False,False,False,,
external_article_extended,cuccaro_adder_n4,applications,adder,9,12,56,t_preserving_frontier_pair,missing,False,,,,,,,,,,,,,,,,,,,,,4,True,factor_count_pair_cap,constrained,False,False,False,,
external_article_extended,cuccaro_adder_n5,applications,adder,11,16,70,factor_count,failed,False,,,,,,,,,,not-materialized,,,,,,,,,,,0,False,,missing,False,False,False,,
external_article_extended,cuccaro_adder_n5,applications,adder,11,16,70,factor_count_pair_cap,failed,False,,,,,,,,,,not-materialized,,,,,,,,,,,0,False,,missing,False,False,False,,
external_article_extended,cuccaro_adder_n5,applications,adder,11,16,70,mixed_pair,failed,False,,,,,,,,,,not-materialized,,,,,,,,,,,0,False,,missing,False,False,False,,
external_article_extended,cuccaro_adder_n5,applications,adder,11,16,70,frontier_pair,failed,False,,,,,,,,,,not-materialized,,,,,,,,,,,0,False,,missing,False,False,False,,
external_article_extended,cuccaro_adder_n5,applications,adder,11,16,70,depth_guarded_mixed_pair,missing,False,,,,,,,,,,,,,,,,,,,,,0,False,,missing,False,False,False,,
external_article_extended,cuccaro_adder_n5,applications,adder,11,16,70,t_preserving_frontier_pair,missing,False,,,,,,,,,,,,,,,,,,,,,0,False,,missing,False,False,False,,
external_article_extended,gf_2pow4_mult,arithmetic,gf-multiplier,12,12,112,factor_count,ok,True,58,0.08520830309188561,2.8620689655172415,0.6600120992135511,0.14688877365828362,58.0,8.0,620.0,4.661654135338346,ok,,,,selected-beam-shared-parity-w32,58.0,7.0,461.0,3.4661654135338344,0.7553191489361702,234.0,4,True,factor_count_pair_cap,constrained,True,True,False,2,results/alphaq_objective_beam_policy_external_validation_article_extended/gf_2pow4_mult/factor_count/selected-beam-shared-parity-w32/summary.json
external_article_extended,gf_2pow4_mult,arithmetic,gf-multiplier,12,12,112,factor_count_pair_cap,ok,True,56,0.08618654073199528,2.75,0.6136363636363636,0.14124768089053802,56.0,12.0,591.0,4.443609022556391,ok,,,,selected-beam-shared-parity-w32,56.0,6.0,462.0,3.473684210526316,0.7393617021276596,230.0,4,True,factor_count_pair_cap,constrained,True,True,True,1,results/alphaq_objective_beam_policy_external_validation_article_extended/gf_2pow4_mult/factor_count_pair_cap/selected-beam-shared-parity-w32/summary.json
external_article_extended,gf_2pow4_mult,arithmetic,gf-multiplier,12,12,112,mixed_pair,ok,True,63,0.08414127423822715,2.4126984126984126,0.45878136200716846,0.11896228025260284,63.0,9.0,576.0,4.330827067669173,ok,,,,selected-beam-shared-parity-w32,63.0,9.0,452.0,3.398496240601504,0.7021276595744681,208.0,4,True,factor_count_pair_cap,constrained,False,True,False,,results/alphaq_objective_beam_policy_external_validation_article_extended/gf_2pow4_mult/mixed_pair/selected-beam-shared-parity-w32/summary.json
external_article_extended,gf_2pow4_mult,arithmetic,gf-multiplier,12,12,112,frontier_pair,ok,True,64,0.08786848072562359,2.625,0.5734126984126984,0.13889361300075584,64.0,9.0,589.0,4.428571428571429,ok,,,,selected-beam-shared-parity-w32,64.0,9.0,465.0,3.4962406015037595,0.7393617021276596,244.0,4,True,factor_count_pair_cap,constrained,False,True,False,,results/alphaq_objective_beam_policy_external_validation_article_extended/gf_2pow4_mult/frontier_pair/selected-beam-shared-parity-w32/summary.json
external_article_extended,gf_2pow4_mult,arithmetic,gf-multiplier,12,12,112,depth_guarded_mixed_pair,missing,False,,,,,,,,,,,,,,,,,,,,,4,True,factor_count_pair_cap,constrained,False,False,False,,
external_article_extended,gf_2pow4_mult,arithmetic,gf-multiplier,12,12,112,t_preserving_frontier_pair,missing,False,,,,,,,,,,,,,,,,,,,,,4,True,factor_count_pair_cap,constrained,False,False,False,,
external_article_extended,gf_2pow5_mult,arithmetic,gf-multiplier,15,15,175,factor_count,failed,False,,,,,,,,,,not-materialized,,,,,,,,,,,0,False,,missing,False,False,False,,
external_article_extended,gf_2pow5_mult,arithmetic,gf-multiplier,15,15,175,factor_count_pair_cap,failed,False,,,,,,,,,,not-materialized,,,,,,,,,,,0,False,,missing,False,False,False,,
external_article_extended,gf_2pow5_mult,arithmetic,gf-multiplier,15,15,175,mixed_pair,failed,False,,,,,,,,,,not-materialized,,,,,,,,,,,0,False,,missing,False,False,False,,
external_article_extended,gf_2pow5_mult,arithmetic,gf-multiplier,15,15,175,frontier_pair,failed,False,,,,,,,,,,not-materialized,,,,,,,,,,,0,False,,missing,False,False,False,,
external_article_extended,gf_2pow5_mult,arithmetic,gf-multiplier,15,15,175,depth_guarded_mixed_pair,missing,False,,,,,,,,,,,,,,,,,,,,,0,False,,missing,False,False,False,,
external_article_extended,gf_2pow5_mult,arithmetic,gf-multiplier,15,15,175,t_preserving_frontier_pair,missing,False,,,,,,,,,,,,,,,,,,,,,0,False,,missing,False,False,False,,
external_article_extended,hamming_weight_n6,applications,hamming-weight,10,12,28,factor_count,ok,True,25,0.11728395061728394,2.88,0.8933333333333333,0.1879973544973545,25.0,7.0,214.0,5.944444444444445,ok,,,,selected-beam-shared-parity-w16,25.0,3.0,172.0,4.777777777777778,0.9056603773584906,88.0,4,True,factor_count_pair_cap,constrained,True,True,False,3,results/alphaq_objective_beam_policy_external_validation_article_extended/hamming_weight_n6/factor_count/selected-beam-shared-parity-w16/summary.json
external_article_extended,hamming_weight_n6,applications,hamming-weight,10,12,28,factor_count_pair_cap,ok,True,25,0.10192837465564739,2.64,0.63,0.14601984126984124,25.0,7.0,224.0,6.222222222222222,ok,,,,selected-beam-shared-parity-w32,25.0,4.0,168.0,4.666666666666667,0.7547169811320755,64.0,4,True,factor_count_pair_cap,constrained,True,True,True,1,results/alphaq_objective_beam_policy_external_validation_article_extended/hamming_weight_n6/factor_count_pair_cap/selected-beam-shared-parity-w32/summary.json
external_article_extended,hamming_weight_n6,applications,hamming-weight,10,12,28,mixed_pair,ok,True,26,0.10376492194674013,2.5384615384615383,0.5938461538461538,0.1495238095238095,26.0,7.0,205.0,5.694444444444445,ok,,,,selected-beam-shared-parity-w16,26.0,4.0,172.0,4.777777777777778,0.9245283018867925,80.0,4,True,factor_count_pair_cap,constrained,True,True,False,4,results/alphaq_objective_beam_policy_external_validation_article_extended/hamming_weight_n6/mixed_pair/selected-beam-shared-parity-w16/summary.json
external_article_extended,hamming_weight_n6,applications,hamming-weight,10,12,28,frontier_pair,ok,True,25,0.10376492194674013,2.64,0.6433333333333333,0.1531190476190476,25.0,7.0,210.0,5.833333333333333,ok,,,,selected-beam-shared-parity-w32,25.0,4.0,172.0,4.777777777777778,0.8301886792452831,82.0,4,True,factor_count_pair_cap,constrained,True,True,False,2,results/alphaq_objective_beam_policy_external_validation_article_extended/hamming_weight_n6/frontier_pair/selected-beam-shared-parity-w32/summary.json
external_article_extended,hamming_weight_n6,applications,hamming-weight,10,12,28,depth_guarded_mixed_pair,missing,False,,,,,,,,,,,,,,,,,,,,,4,True,factor_count_pair_cap,constrained,False,False,False,,
external_article_extended,hamming_weight_n6,applications,hamming-weight,10,12,28,t_preserving_frontier_pair,missing,False,,,,,,,,,,,,,,,,,,,,,4,True,factor_count_pair_cap,constrained,False,False,False,,
external_article_extended,hamming_weight_n7,applications,hamming-weight,11,13,28,factor_count,ok,True,34,0.08949704142011834,3.0588235294117645,0.7700534759358288,0.15332526950174008,34.0,10.0,285.0,6.951219512195122,ok,,,,selected-beam-shared-parity-w16,34.0,6.0,214.0,5.219512195121951,1.0833333333333333,110.0,4,True,frontier_pair,constrained,True,True,False,2,results/alphaq_objective_beam_policy_external_validation_article_extended/hamming_weight_n7/factor_count/selected-beam-shared-parity-w16/summary.json
external_article_extended,hamming_weight_n7,applications,hamming-weight,11,13,28,factor_count_pair_cap,ok,True,36,0.08760330578512397,3.0555555555555554,0.753968253968254,0.15016250944822376,36.0,8.0,309.0,7.536585365853658,ok,,,,selected-beam-shared-parity-w4,36.0,7.0,221.0,5.390243902439025,1.2833333333333334,130.0,4,True,frontier_pair,constrained,False,True,False,,results/alphaq_objective_beam_policy_external_validation_article_extended/hamming_weight_n7/factor_count_pair_cap/selected-beam-shared-parity-w4/summary.json
external_article_extended,hamming_weight_n7,applications,hamming-weight,11,13,28,mixed_pair,ok,True,36,0.0912,2.7777777777777777,0.6444444444444445,0.14260141093474427,36.0,9.0,323.0,7.878048780487805,ok,,,,selected-beam-shared-parity-w32,36.0,5.0,210.0,5.121951219512195,1.25,114.0,4,True,frontier_pair,constrained,False,True,False,,results/alphaq_objective_beam_policy_external_validation_article_extended/hamming_weight_n7/mixed_pair/selected-beam-shared-parity-w32/summary.json
external_article_extended,hamming_weight_n7,applications,hamming-weight,11,13,28,frontier_pair,ok,True,28,0.09504132231404959,3.142857142857143,0.8571428571428571,0.17023074661963553,28.0,9.0,251.0,6.121951219512195,ok,,,,selected-beam-shared-parity-w32,28.0,4.0,193.0,4.7073170731707314,0.7333333333333333,78.0,4,True,frontier_pair,constrained,True,True,True,1,results/alphaq_objective_beam_policy_external_validation_article_extended/hamming_weight_n7/frontier_pair/selected-beam-shared-parity-w32/summary.json
external_article_extended,hamming_weight_n7,applications,hamming-weight,11,13,28,depth_guarded_mixed_pair,missing,False,,,,,,,,,,,,,,,,,,,,,4,True,frontier_pair,constrained,False,False,False,,
external_article_extended,hamming_weight_n7,applications,hamming-weight,11,13,28,t_preserving_frontier_pair,missing,False,,,,,,,,,,,,,,,,,,,,,4,True,frontier_pair,constrained,False,False,False,,
external_article_extended,mod_mult_55,arithmetic,modular-arithmetic,9,11,49,factor_count,ok,True,20,0.10053539559785842,4.1,1.563157894736842,0.2592543859649123,20.0,4.0,301.0,5.016666666666667,ok,,,,selected-beam-shared-parity-w32,20.0,6.0,257.0,4.283333333333333,0.6767676767676768,78.0,4,True,mixed_pair,constrained,True,True,False,2,results/alphaq_objective_beam_policy_external_validation_article_extended/mod_mult_55/factor_count/selected-beam-shared-parity-w32/summary.json
external_article_extended,mod_mult_55,arithmetic,modular-arithmetic,9,11,49,factor_count_pair_cap,ok,True,28,0.10370678883798418,3.5,1.187830687830688,0.22093516418913245,28.0,6.0,338.0,5.633333333333334,ok,,,,selected-beam-shared-parity-w16,28.0,5.0,264.0,4.4,0.6262626262626263,86.0,4,True,mixed_pair,constrained,False,True,False,,results/alphaq_objective_beam_policy_external_validation_article_extended/mod_mult_55/factor_count_pair_cap/selected-beam-shared-parity-w16/summary.json
external_article_extended,mod_mult_55,arithmetic,modular-arithmetic,9,11,49,mixed_pair,ok,True,18,0.09765625,3.5555555555555554,1.0980392156862746,0.20870422242971262,18.0,5.0,269.0,4.483333333333333,ok,,,,selected-beam-shared-parity-w4,18.0,3.0,252.0,4.2,0.5959595959595959,64.0,4,True,mixed_pair,constrained,True,True,True,1,results/alphaq_objective_beam_policy_external_validation_article_extended/mod_mult_55/mixed_pair/selected-beam-shared-parity-w4/summary.json
external_article_extended,mod_mult_55,arithmetic,modular-arithmetic,9,11,49,frontier_pair,ok,True,29,0.10317460317460317,2.896551724137931,0.7931034482758621,0.17067206192821957,29.0,7.0,306.0,5.1,ok,,,,selected-beam-shared-parity-w16,29.0,4.0,264.0,4.4,0.7373737373737373,90.0,4,True,mixed_pair,constrained,False,True,False,,results/alphaq_objective_beam_policy_external_validation_article_extended/mod_mult_55/frontier_pair/selected-beam-shared-parity-w16/summary.json
external_article_extended,mod_mult_55,arithmetic,modular-arithmetic,9,11,49,depth_guarded_mixed_pair,missing,False,,,,,,,,,,,,,,,,,,,,,4,True,mixed_pair,constrained,False,False,False,,
external_article_extended,mod_mult_55,arithmetic,modular-arithmetic,9,11,49,t_preserving_frontier_pair,missing,False,,,,,,,,,,,,,,,,,,,,,4,True,mixed_pair,constrained,False,False,False,,
external_article_extended,nc_tof_5,arithmetic,toffoli-chain,9,15,49,factor_count,failed,False,,,,,,,,,,not-materialized,,,,,,,,,,,0,False,,missing,False,False,False,,
external_article_extended,nc_tof_5,arithmetic,toffoli-chain,9,15,49,factor_count_pair_cap,failed,False,,,,,,,,,,not-materialized,,,,,,,,,,,0,False,,missing,False,False,False,,
external_article_extended,nc_tof_5,arithmetic,toffoli-chain,9,15,49,mixed_pair,failed,False,,,,,,,,,,not-materialized,,,,,,,,,,,0,False,,missing,False,False,False,,
external_article_extended,nc_tof_5,arithmetic,toffoli-chain,9,15,49,frontier_pair,failed,False,,,,,,,,,,not-materialized,,,,,,,,,,,0,False,,missing,False,False,False,,
external_article_extended,nc_tof_5,arithmetic,toffoli-chain,9,15,49,depth_guarded_mixed_pair,missing,False,,,,,,,,,,,,,,,,,,,,,0,False,,missing,False,False,False,,
external_article_extended,nc_tof_5,arithmetic,toffoli-chain,9,15,49,t_preserving_frontier_pair,missing,False,,,,,,,,,,,,,,,,,,,,,0,False,,missing,False,False,False,,
external_journal_repair_paircap,barenco_tof_4,arithmetic,toffoli-chain,7,14,56,factor_count,missing,False,,,,,,,,,,,,,,,,,,,,,1,False,factor_count_pair_cap,constrained,False,False,False,,
external_journal_repair_paircap,barenco_tof_4,arithmetic,toffoli-chain,7,14,56,factor_count_pair_cap,ok,True,61,0.08871111111111112,2.459016393442623,0.5043715846994535,0.12768561887414345,61.0,9.0,363.0,3.6666666666666665,missing-zx,,,,selected-beam-shared-parity-w16,61.0,7.0,286.0,2.888888888888889,,182.0,1,False,factor_count_pair_cap,constrained,True,True,True,1,results/alphaq_objective_beam_policy_external_validation_journal_repair_paircap/barenco_tof_4/factor_count_pair_cap/selected-beam-shared-parity-w16/summary.json
external_journal_repair_paircap,barenco_tof_4,arithmetic,toffoli-chain,7,14,56,mixed_pair,missing,False,,,,,,,,,,,,,,,,,,,,,1,False,factor_count_pair_cap,constrained,False,False,False,,
external_journal_repair_paircap,barenco_tof_4,arithmetic,toffoli-chain,7,14,56,frontier_pair,missing,False,,,,,,,,,,,,,,,,,,,,,1,False,factor_count_pair_cap,constrained,False,False,False,,
external_journal_repair_paircap,barenco_tof_4,arithmetic,toffoli-chain,7,14,56,depth_guarded_mixed_pair,missing,False,,,,,,,,,,,,,,,,,,,,,1,False,factor_count_pair_cap,constrained,False,False,False,,
external_journal_repair_paircap,barenco_tof_4,arithmetic,toffoli-chain,7,14,56,t_preserving_frontier_pair,missing,False,,,,,,,,,,,,,,,,,,,,,1,False,factor_count_pair_cap,constrained,False,False,False,,
external_journal_full_mod_mult_55,mod_mult_55,arithmetic,modular-arithmetic,9,11,49,factor_count,ok,True,18,0.10430839002267574,4.666666666666667,2.130718954248366,0.3173202614379085,18.0,5.0,302.0,5.033333333333333,missing-zx,,,,selected-beam-shared-parity-w16,18.0,3.0,268.0,4.466666666666667,,70.0,3,True,mixed_pair,constrained,True,True,False,2,results/alphaq_objective_beam_policy_external_validation_journal_full_mod_mult_55/mod_mult_55/factor_count/selected-beam-shared-parity-w16/summary.json
external_journal_full_mod_mult_55,mod_mult_55,arithmetic,modular-arithmetic,9,11,49,factor_count_pair_cap,ok,True,28,0.10370678883798418,3.5,1.187830687830688,0.22093516418913245,28.0,6.0,338.0,5.633333333333334,missing-zx,,,,selected-beam-shared-parity-w16,28.0,5.0,264.0,4.4,,86.0,3,True,mixed_pair,constrained,False,True,False,,results/alphaq_objective_beam_policy_external_validation_journal_full_mod_mult_55/mod_mult_55/factor_count_pair_cap/selected-beam-shared-parity-w16/summary.json
external_journal_full_mod_mult_55,mod_mult_55,arithmetic,modular-arithmetic,9,11,49,mixed_pair,ok,True,18,0.09765625,3.5555555555555554,1.0980392156862746,0.20870422242971262,18.0,5.0,269.0,4.483333333333333,missing-zx,,,,selected-beam-shared-parity-w4,18.0,3.0,252.0,4.2,,64.0,3,True,mixed_pair,constrained,True,True,True,1,results/alphaq_objective_beam_policy_external_validation_journal_full_mod_mult_55/mod_mult_55/mixed_pair/selected-beam-shared-parity-w4/summary.json
external_journal_full_mod_mult_55,mod_mult_55,arithmetic,modular-arithmetic,9,11,49,frontier_pair,missing,False,,,,,,,,,,,,,,,,,,,,,3,True,mixed_pair,constrained,False,False,False,,
external_journal_full_mod_mult_55,mod_mult_55,arithmetic,modular-arithmetic,9,11,49,depth_guarded_mixed_pair,missing,False,,,,,,,,,,,,,,,,,,,,,3,True,mixed_pair,constrained,False,False,False,,
external_journal_full_mod_mult_55,mod_mult_55,arithmetic,modular-arithmetic,9,11,49,t_preserving_frontier_pair,missing,False,,,,,,,,,,,,,,,,,,,,,3,True,mixed_pair,constrained,False,False,False,,
external_journal_full_cuccaro_adder_n4,cuccaro_adder_n4,applications,adder,9,12,56,factor_count,ok,True,23,0.10883856829802775,3.217391304347826,1.0316205533596838,0.20668329255285778,23.0,7.0,283.0,2.917525773195876,missing-zx,,,,selected-beam-shared-parity-w32,23.0,4.0,241.0,2.484536082474227,,64.0,3,True,factor_count,constrained,True,True,True,1,results/alphaq_objective_beam_policy_external_validation_journal_full_cuccaro_adder_n4/cuccaro_adder_n4/factor_count/selected-beam-shared-parity-w32/summary.json
external_journal_full_cuccaro_adder_n4,cuccaro_adder_n4,applications,adder,9,12,56,factor_count_pair_cap,ok,True,23,0.10664819944598337,3.3043478260869565,1.0671936758893281,0.21197063805759453,23.0,9.0,283.0,2.917525773195876,missing-zx,,,,selected-beam-shared-parity-w32,23.0,6.0,251.0,2.5876288659793816,,60.0,3,True,factor_count,constrained,True,True,False,2,results/alphaq_objective_beam_policy_external_validation_journal_full_cuccaro_adder_n4/cuccaro_adder_n4/factor_count_pair_cap/selected-beam-shared-parity-w32/summary.json
external_journal_full_cuccaro_adder_n4,cuccaro_adder_n4,applications,adder,9,12,56,mixed_pair,ok,True,32,0.10546241211465657,2.6875,0.6995967741935484,0.1634840629800307,32.0,7.0,313.0,3.2268041237113403,missing-zx,,,,selected-beam-shared-parity-w32,32.0,6.0,252.0,2.597938144329897,,88.0,3,True,factor_count,constrained,False,True,False,,results/alphaq_objective_beam_policy_external_validation_journal_full_cuccaro_adder_n4/cuccaro_adder_n4/mixed_pair/selected-beam-shared-parity-w32/summary.json
external_journal_full_cuccaro_adder_n4,cuccaro_adder_n4,applications,adder,9,12,56,frontier_pair,missing,False,,,,,,,,,,,,,,,,,,,,,3,True,factor_count,constrained,False,False,False,,
external_journal_full_cuccaro_adder_n4,cuccaro_adder_n4,applications,adder,9,12,56,depth_guarded_mixed_pair,missing,False,,,,,,,,,,,,,,,,,,,,,3,True,factor_count,constrained,False,False,False,,
external_journal_full_cuccaro_adder_n4,cuccaro_adder_n4,applications,adder,9,12,56,t_preserving_frontier_pair,missing,False,,,,,,,,,,,,,,,,,,,,,3,True,factor_count,constrained,False,False,False,,
external_journal_full_gf_2pow4_mult,gf_2pow4_mult,arithmetic,gf-multiplier,12,12,112,factor_count,ok,True,57,0.0866598925823777,2.912280701754386,0.6961152882205514,0.14976603214385167,57.0,12.0,584.0,4.390977443609023,missing-zx,,,,selected-beam-shared-parity-w32,57.0,8.0,461.0,3.4661654135338344,,220.0,3,True,factor_count_pair_cap,constrained,True,True,False,2,results/alphaq_objective_beam_policy_external_validation_journal_full_gf_2pow4_mult/gf_2pow4_mult/factor_count/selected-beam-shared-parity-w32/summary.json
external_journal_full_gf_2pow4_mult,gf_2pow4_mult,arithmetic,gf-multiplier,12,12,112,factor_count_pair_cap,ok,True,55,0.08540298029161993,2.8727272727272726,0.6646464646464646,0.14700016033349367,55.0,13.0,602.0,4.526315789473684,missing-zx,,,,selected-beam-shared-parity-w32,55.0,8.0,462.0,3.473684210526316,,212.0,3,True,factor_count_pair_cap,constrained,True,True,True,1,results/alphaq_objective_beam_policy_external_validation_journal_full_gf_2pow4_mult/gf_2pow4_mult/factor_count_pair_cap/selected-beam-shared-parity-w32/summary.json
external_journal_full_gf_2pow4_mult,gf_2pow4_mult,arithmetic,gf-multiplier,12,12,112,mixed_pair,ok,True,63,0.08414127423822715,2.4126984126984126,0.45878136200716846,0.11896228025260284,63.0,9.0,576.0,4.330827067669173,missing-zx,,,,selected-beam-shared-parity-w32,63.0,9.0,452.0,3.398496240601504,,208.0,3,True,factor_count_pair_cap,constrained,False,True,False,,results/alphaq_objective_beam_policy_external_validation_journal_full_gf_2pow4_mult/gf_2pow4_mult/mixed_pair/selected-beam-shared-parity-w32/summary.json
external_journal_full_gf_2pow4_mult,gf_2pow4_mult,arithmetic,gf-multiplier,12,12,112,frontier_pair,missing,False,,,,,,,,,,,,,,,,,,,,,3,True,factor_count_pair_cap,constrained,False,False,False,,
external_journal_full_gf_2pow4_mult,gf_2pow4_mult,arithmetic,gf-multiplier,12,12,112,depth_guarded_mixed_pair,missing,False,,,,,,,,,,,,,,,,,,,,,3,True,factor_count_pair_cap,constrained,False,False,False,,
external_journal_full_gf_2pow4_mult,gf_2pow4_mult,arithmetic,gf-multiplier,12,12,112,t_preserving_frontier_pair,missing,False,,,,,,,,,,,,,,,,,,,,,3,True,factor_count_pair_cap,constrained,False,False,False,,
external_journal_full_hamming_weight_n6,hamming_weight_n6,applications,hamming-weight,10,12,28,factor_count,ok,True,25,0.11374095989480605,3.12,1.0233333333333334,0.21261243386243384,25.0,6.0,242.0,6.722222222222222,missing-zx,,,,selected-beam-shared-parity-w32,25.0,4.0,173.0,4.805555555555555,,78.0,3,True,factor_count_pair_cap,constrained,True,True,False,2,results/alphaq_objective_beam_policy_external_validation_journal_full_hamming_weight_n6/hamming_weight_n6/factor_count/selected-beam-shared-parity-w32/summary.json
external_journal_full_hamming_weight_n6,hamming_weight_n6,applications,hamming-weight,10,12,28,factor_count_pair_cap,ok,True,25,0.10192837465564739,2.64,0.63,0.14601984126984124,25.0,7.0,224.0,6.222222222222222,missing-zx,,,,selected-beam-shared-parity-w32,25.0,4.0,168.0,4.666666666666667,,64.0,3,True,factor_count_pair_cap,constrained,True,True,True,1,results/alphaq_objective_beam_policy_external_validation_journal_full_hamming_weight_n6/hamming_weight_n6/factor_count_pair_cap/selected-beam-shared-parity-w32/summary.json
external_journal_full_hamming_weight_n6,hamming_weight_n6,applications,hamming-weight,10,12,28,mixed_pair,ok,True,26,0.10376492194674013,2.5384615384615383,0.5938461538461538,0.1495238095238095,26.0,7.0,205.0,5.694444444444445,missing-zx,,,,selected-beam-shared-parity-w32,26.0,4.0,172.0,4.777777777777778,,78.0,3,True,factor_count_pair_cap,constrained,True,True,False,3,results/alphaq_objective_beam_policy_external_validation_journal_full_hamming_weight_n6/hamming_weight_n6/mixed_pair/selected-beam-shared-parity-w32/summary.json
external_journal_full_hamming_weight_n6,hamming_weight_n6,applications,hamming-weight,10,12,28,frontier_pair,missing,False,,,,,,,,,,,,,,,,,,,,,3,True,factor_count_pair_cap,constrained,False,False,False,,
external_journal_full_hamming_weight_n6,hamming_weight_n6,applications,hamming-weight,10,12,28,depth_guarded_mixed_pair,missing,False,,,,,,,,,,,,,,,,,,,,,3,True,factor_count_pair_cap,constrained,False,False,False,,
external_journal_full_hamming_weight_n6,hamming_weight_n6,applications,hamming-weight,10,12,28,t_preserving_frontier_pair,missing,False,,,,,,,,,,,,,,,,,,,,,3,True,factor_count_pair_cap,constrained,False,False,False,,
external_journal_full_hamming_weight_n7,hamming_weight_n7,applications,hamming-weight,11,13,28,factor_count,ok,True,26,0.10024691358024691,3.4615384615384617,1.1107692307692307,0.2100940170940171,26.0,9.0,260.0,6.341463414634147,missing-zx,,,,selected-beam-shared-parity-w32,26.0,4.0,202.0,4.926829268292683,,92.0,3,True,factor_count,constrained,True,True,True,1,results/alphaq_objective_beam_policy_external_validation_journal_full_hamming_weight_n7/hamming_weight_n7/factor_count/selected-beam-shared-parity-w32/summary.json
external_journal_full_hamming_weight_n7,hamming_weight_n7,applications,hamming-weight,11,13,28,factor_count_pair_cap,ok,True,28,0.09642372114078769,3.357142857142857,1.0026455026455026,0.18249664063156126,28.0,10.0,263.0,6.414634146341464,missing-zx,,,,selected-beam-shared-parity-w16,28.0,6.0,188.0,4.585365853658536,,90.0,3,True,factor_count,constrained,False,True,False,,results/alphaq_objective_beam_policy_external_validation_journal_full_hamming_weight_n7/hamming_weight_n7/factor_count_pair_cap/selected-beam-shared-parity-w16/summary.json
external_journal_full_hamming_weight_n7,hamming_weight_n7,applications,hamming-weight,11,13,28,mixed_pair,ok,True,36,0.0912,2.7777777777777777,0.6444444444444445,0.14260141093474427,36.0,9.0,323.0,7.878048780487805,missing-zx,,,,selected-beam-shared-parity-w32,36.0,5.0,210.0,5.121951219512195,,114.0,3,True,factor_count,constrained,False,True,False,,results/alphaq_objective_beam_policy_external_validation_journal_full_hamming_weight_n7/hamming_weight_n7/mixed_pair/selected-beam-shared-parity-w32/summary.json
external_journal_full_hamming_weight_n7,hamming_weight_n7,applications,hamming-weight,11,13,28,frontier_pair,missing,False,,,,,,,,,,,,,,,,,,,,,3,True,factor_count,constrained,False,False,False,,
external_journal_full_hamming_weight_n7,hamming_weight_n7,applications,hamming-weight,11,13,28,depth_guarded_mixed_pair,missing,False,,,,,,,,,,,,,,,,,,,,,3,True,factor_count,constrained,False,False,False,,
external_journal_full_hamming_weight_n7,hamming_weight_n7,applications,hamming-weight,11,13,28,t_preserving_frontier_pair,missing,False,,,,,,,,,,,,,,,,,,,,,3,True,factor_count,constrained,False,False,False,,
external_journal_full_nc_tof_5,nc_tof_5,arithmetic,toffoli-chain,9,15,49,factor_count,failed,False,,,,,,,,,,not-materialized,,,,,,,,,,,0,False,,missing,False,False,False,,
external_journal_full_nc_tof_5,nc_tof_5,arithmetic,toffoli-chain,9,15,49,factor_count_pair_cap,failed,False,,,,,,,,,,not-materialized,,,,,,,,,,,0,False,,missing,False,False,False,,
external_journal_full_nc_tof_5,nc_tof_5,arithmetic,toffoli-chain,9,15,49,mixed_pair,failed,False,,,,,,,,,,not-materialized,,,,,,,,,,,0,False,,missing,False,False,False,,
external_journal_full_nc_tof_5,nc_tof_5,arithmetic,toffoli-chain,9,15,49,frontier_pair,missing,False,,,,,,,,,,,,,,,,,,,,,0,False,,missing,False,False,False,,
external_journal_full_nc_tof_5,nc_tof_5,arithmetic,toffoli-chain,9,15,49,depth_guarded_mixed_pair,missing,False,,,,,,,,,,,,,,,,,,,,,0,False,,missing,False,False,False,,
external_journal_full_nc_tof_5,nc_tof_5,arithmetic,toffoli-chain,9,15,49,t_preserving_frontier_pair,missing,False,,,,,,,,,,,,,,,,,,,,,0,False,,missing,False,False,False,,
external_journal_full_gf_2pow5_mult,gf_2pow5_mult,arithmetic,gf-multiplier,15,15,175,factor_count,failed,False,,,,,,,,,,not-materialized,,,,,,,,,,,0,False,,missing,False,False,False,,
external_journal_full_gf_2pow5_mult,gf_2pow5_mult,arithmetic,gf-multiplier,15,15,175,factor_count_pair_cap,failed,False,,,,,,,,,,not-materialized,,,,,,,,,,,0,False,,missing,False,False,False,,
external_journal_full_gf_2pow5_mult,gf_2pow5_mult,arithmetic,gf-multiplier,15,15,175,mixed_pair,failed,False,,,,,,,,,,not-materialized,,,,,,,,,,,0,False,,missing,False,False,False,,
external_journal_full_gf_2pow5_mult,gf_2pow5_mult,arithmetic,gf-multiplier,15,15,175,frontier_pair,missing,False,,,,,,,,,,,,,,,,,,,,,0,False,,missing,False,False,False,,
external_journal_full_gf_2pow5_mult,gf_2pow5_mult,arithmetic,gf-multiplier,15,15,175,depth_guarded_mixed_pair,missing,False,,,,,,,,,,,,,,,,,,,,,0,False,,missing,False,False,False,,
external_journal_full_gf_2pow5_mult,gf_2pow5_mult,arithmetic,gf-multiplier,15,15,175,t_preserving_frontier_pair,missing,False,,,,,,,,,,,,,,,,,,,,,0,False,,missing,False,False,False,,
external_journal_full_cuccaro_adder_n5,cuccaro_adder_n5,applications,adder,11,16,70,factor_count,ok,True,590,0.06289925054071727,2.8677966101694916,0.5133089695260568,0.11286773522104879,590.0,68.0,2099.0,17.34710743801653,missing-zx,,,,selected-beam-shared-parity-w32,590.0,51.0,806.0,6.661157024793388,8.992125984251969,1992.0,1,False,factor_count,constrained,True,True,True,1,results/alphaq_objective_beam_policy_external_validation_journal_full_cuccaro_adder_n5/cuccaro_adder_n5/factor_count/selected-beam-shared-parity-w32/summary.json
external_journal_full_cuccaro_adder_n5,cuccaro_adder_n5,applications,adder,11,16,70,factor_count_pair_cap,failed,False,,,,,,,,,,not-materialized,,,,,,,,,,,1,False,factor_count,constrained,False,False,False,,
external_journal_full_cuccaro_adder_n5,cuccaro_adder_n5,applications,adder,11,16,70,mixed_pair,failed,False,,,,,,,,,,not-materialized,,,,,,,,,,,1,False,factor_count,constrained,False,False,False,,
external_journal_full_cuccaro_adder_n5,cuccaro_adder_n5,applications,adder,11,16,70,frontier_pair,missing,False,,,,,,,,,,,,,,,,,,,,,1,False,factor_count,constrained,False,False,False,,
external_journal_full_cuccaro_adder_n5,cuccaro_adder_n5,applications,adder,11,16,70,depth_guarded_mixed_pair,missing,False,,,,,,,,,,,,,,,,,,,,,1,False,factor_count,constrained,False,False,False,,
external_journal_full_cuccaro_adder_n5,cuccaro_adder_n5,applications,adder,11,16,70,t_preserving_frontier_pair,missing,False,,,,,,,,,,,,,,,,,,,,,1,False,factor_count,constrained,False,False,False,,
external_article_repair2_barenco,barenco_tof_4,arithmetic,toffoli-chain,7,14,56,factor_count,ok,True,64,0.10080350620891161,2.3125,0.5109126984126984,0.13629298941798942,64.0,14.0,384.0,3.878787878787879,ok,3173.480675458908,12.298780529061332,3185.7794559879694,selected-beam-shared-parity-w32,64.0,7.0,298.0,3.01010101010101,0.9611650485436893,162.0,2,True,mixed_pair,constrained,True,True,False,2,results/alphaq_objective_beam_policy_external_validation_article_repair2_barenco/barenco_tof_4/factor_count/selected-beam-shared-parity-w32/summary.json
external_article_repair2_barenco,barenco_tof_4,arithmetic,toffoli-chain,7,14,56,factor_count_pair_cap,failed,False,,,,,,,,,,not-materialized,,,,,,,,,,,2,True,mixed_pair,constrained,False,False,False,,
external_article_repair2_barenco,barenco_tof_4,arithmetic,toffoli-chain,7,14,56,mixed_pair,ok,True,42,0.08579565681737274,2.5238095238095237,0.49825783972125437,0.12205906752945081,42.0,7.0,304.0,3.0707070707070705,ok,2701.006523370743,2.4007925828918815,2703.4073159536347,selected-beam-shared-parity-w16,42.0,6.0,266.0,2.686868686868687,0.7087378640776699,118.0,2,True,mixed_pair,constrained,True,True,True,1,results/alphaq_objective_beam_policy_external_validation_article_repair2_barenco/barenco_tof_4/mixed_pair/selected-beam-shared-parity-w16/summary.json
external_article_repair2_barenco,barenco_tof_4,arithmetic,toffoli-chain,7,14,56,frontier_pair,failed,False,,,,,,,,,,not-materialized,,,,,,,,,,,2,True,mixed_pair,constrained,False,False,False,,
external_article_repair2_barenco,barenco_tof_4,arithmetic,toffoli-chain,7,14,56,depth_guarded_mixed_pair,missing,False,,,,,,,,,,,,,,,,,,,,,2,True,mixed_pair,constrained,False,False,False,,
external_article_repair2_barenco,barenco_tof_4,arithmetic,toffoli-chain,7,14,56,t_preserving_frontier_pair,missing,False,,,,,,,,,,,,,,,,,,,,,2,True,mixed_pair,constrained,False,False,False,,
external_article_repair2_vbe,vbe_adder_3,arithmetic,adder,10,14,70,factor_count,ok,True,65,0.0866,3.076923076923077,0.7846153846153846,0.1567855235042735,65.0,15.0,438.0,4.515463917525773,ok,2700.124852180481,3.4174032371956855,2703.5422554176766,selected-beam-shared-parity-w32,65.0,9.0,296.0,3.051546391752577,1.29,216.0,4,True,factor_count_pair_cap,constrained,True,True,False,3,results/alphaq_objective_beam_policy_external_validation_article_repair2_vbe/vbe_adder_3/factor_count/selected-beam-shared-parity-w32/summary.json
external_article_repair2_vbe,vbe_adder_3,arithmetic,adder,10,14,70,factor_count_pair_cap,ok,True,51,0.08390022675736962,3.2941176470588234,0.8627450980392157,0.1650133831310302,51.0,7.0,391.0,4.030927835051546,ok,2700.068414926529,2.3355964680667967,2702.4040113945957,selected-beam-shared-parity-w32,51.0,7.0,278.0,2.865979381443299,1.05,182.0,4,True,factor_count_pair_cap,constrained,True,True,True,1,results/alphaq_objective_beam_policy_external_validation_article_repair2_vbe/vbe_adder_3/factor_count_pair_cap/selected-beam-shared-parity-w32/summary.json
external_article_repair2_vbe,vbe_adder_3,arithmetic,adder,10,14,70,mixed_pair,ok,True,77,0.08482142857142858,2.909090909090909,0.6889952153110048,0.1495283121222971,77.0,14.0,478.0,4.927835051546392,ok,2700.0589723587036,3.247030867030844,2703.3060032257345,selected-beam-shared-parity-w32,77.0,8.0,317.0,3.268041237113402,1.6,300.0,4,True,factor_count_pair_cap,constrained,False,True,False,,results/alphaq_objective_beam_policy_external_validation_article_repair2_vbe/vbe_adder_3/mixed_pair/selected-beam-shared-parity-w32/summary.json
external_article_repair2_vbe,vbe_adder_3,arithmetic,adder,10,14,70,frontier_pair,ok,True,51,0.08695021048047612,3.2549019607843137,0.8745098039215686,0.16603734827264238,51.0,7.0,387.0,3.9896907216494846,ok,2700.200214624405,2.8877814339939505,2703.087996058399,selected-beam-shared-parity-w16,51.0,7.0,285.0,2.9381443298969074,1.07,188.0,4,True,factor_count_pair_cap,constrained,True,True,False,2,results/alphaq_objective_beam_policy_external_validation_article_repair2_vbe/vbe_adder_3/frontier_pair/selected-beam-shared-parity-w16/summary.json
external_article_repair2_vbe,vbe_adder_3,arithmetic,adder,10,14,70,depth_guarded_mixed_pair,missing,False,,,,,,,,,,,,,,,,,,,,,4,True,factor_count_pair_cap,constrained,False,False,False,,
external_article_repair2_vbe,vbe_adder_3,arithmetic,adder,10,14,70,t_preserving_frontier_pair,missing,False,,,,,,,,,,,,,,,,,,,,,4,True,factor_count_pair_cap,constrained,False,False,False,,
external_journal_full_nc_tof_5_long,nc_tof_5,arithmetic,toffoli-chain,9,15,49,factor_count,ok,True,103,0.08861340679522497,2.563106796116505,0.5627260612983057,0.13860016498508787,103.0,13.0,746.0,8.674418604651162,ok,3009.9272377490997,3.0464631100185215,3012.9737008591183,selected-beam-shared-parity-w32,103.0,10.0,581.0,6.755813953488372,2.4157303370786516,356.0,2,True,factor_count,constrained,True,True,True,1,results/alphaq_objective_beam_policy_external_validation_journal_full_nc_tof_5_long/nc_tof_5/factor_count/selected-beam-shared-parity-w32/summary.json
external_journal_full_nc_tof_5_long,nc_tof_5,arithmetic,toffoli-chain,9,15,49,factor_count_pair_cap,failed,False,,,,,,,,,,not-materialized,,,,,,,,,,,2,True,factor_count,constrained,False,False,False,,
external_journal_full_nc_tof_5_long,nc_tof_5,arithmetic,toffoli-chain,9,15,49,mixed_pair,failed,False,,,,,,,,,,not-materialized,,,,,,,,,,,2,True,factor_count,constrained,False,False,False,,
external_journal_full_nc_tof_5_long,nc_tof_5,arithmetic,toffoli-chain,9,15,49,frontier_pair,ok,True,103,0.08861340679522497,2.563106796116505,0.5627260612983057,0.13860016498508787,103.0,13.0,746.0,8.674418604651162,ok,3061.788571834564,2.612464388133958,3064.401036222698,selected-beam-shared-parity-w32,103.0,10.0,581.0,6.755813953488372,2.4157303370786516,356.0,2,True,factor_count,constrained,True,True,False,2,results/alphaq_objective_beam_policy_external_validation_journal_full_nc_tof_5_long/nc_tof_5/frontier_pair/selected-beam-shared-parity-w32/summary.json
external_journal_full_nc_tof_5_long,nc_tof_5,arithmetic,toffoli-chain,9,15,49,depth_guarded_mixed_pair,missing,False,,,,,,,,,,,,,,,,,,,,,2,True,factor_count,constrained,False,False,False,,
external_journal_full_nc_tof_5_long,nc_tof_5,arithmetic,toffoli-chain,9,15,49,t_preserving_frontier_pair,missing,False,,,,,,,,,,,,,,,,,,,,,2,True,factor_count,constrained,False,False,False,,
external_journal_full_gf_2pow5_mult_long,gf_2pow5_mult,arithmetic,gf-multiplier,15,15,175,factor_count,ok,True,163,0.07686733662592246,2.8098159509202456,0.593274255850943,0.13038018055059636,163.0,19.0,1036.0,6.166666666666667,ok,3067.5558874607086,4.592170488089323,3072.148057948798,selected-beam-shared-parity-w16,163.0,17.0,718.0,4.273809523809524,1.1535836177474403,554.0,2,True,factor_count,constrained,True,True,True,1,results/alphaq_objective_beam_policy_external_validation_journal_full_gf_2pow5_mult_long/gf_2pow5_mult/factor_count/selected-beam-shared-parity-w16/summary.json
external_journal_full_gf_2pow5_mult_long,gf_2pow5_mult,arithmetic,gf-multiplier,15,15,175,factor_count_pair_cap,failed,False,,,,,,,,,,not-materialized,,,,,,,,,,,2,True,factor_count,constrained,False,False,False,,
external_journal_full_gf_2pow5_mult_long,gf_2pow5_mult,arithmetic,gf-multiplier,15,15,175,mixed_pair,failed,False,,,,,,,,,,not-materialized,,,,,,,,,,,2,True,factor_count,constrained,False,False,False,,
external_journal_full_gf_2pow5_mult_long,gf_2pow5_mult,arithmetic,gf-multiplier,15,15,175,frontier_pair,ok,True,163,0.07686733662592246,2.8098159509202456,0.593274255850943,0.13038018055059636,163.0,19.0,1036.0,6.166666666666667,ok,3152.85928440094,4.385736570926383,3157.2450209718663,selected-beam-shared-parity-w16,163.0,17.0,718.0,4.273809523809524,1.1535836177474403,554.0,2,True,factor_count,constrained,True,True,False,2,results/alphaq_objective_beam_policy_external_validation_journal_full_gf_2pow5_mult_long/gf_2pow5_mult/frontier_pair/selected-beam-shared-parity-w16/summary.json
external_journal_full_gf_2pow5_mult_long,gf_2pow5_mult,arithmetic,gf-multiplier,15,15,175,depth_guarded_mixed_pair,missing,False,,,,,,,,,,,,,,,,,,,,,2,True,factor_count,constrained,False,False,False,,
external_journal_full_gf_2pow5_mult_long,gf_2pow5_mult,arithmetic,gf-multiplier,15,15,175,t_preserving_frontier_pair,missing,False,,,,,,,,,,,,,,,,,,,,,2,True,factor_count,constrained,False,False,False,,
external_journal_k6_backfill,barenco_tof_3,arithmetic,toffoli-chain,5,8,28,factor_count,ok,True,13,0.1424,3.8461538461538463,1.9615384615384615,0.3468711843711844,13.0,3.0,202.0,3.9607843137254903,ok,66.47563624382019,0.0,66.47563624382019,selected-beam-shared-parity-w16,13.0,4.0,183.0,3.588235294117647,0.4528301886792453,34.0,3,True,t_preserving_frontier_pair,constrained,True,True,False,2,results/alphaq_objective_beam_policy_external_validation_journal_k6_backfill/barenco_tof_3/factor_count/selected-beam-shared-parity-w16/summary.json
external_journal_k6_backfill,barenco_tof_3,arithmetic,toffoli-chain,5,8,28,factor_count_pair_cap,missing,False,,,,,,,,,,,,,,,,,,,,,3,True,t_preserving_frontier_pair,constrained,False,False,False,,
external_journal_k6_backfill,barenco_tof_3,arithmetic,toffoli-chain,5,8,28,mixed_pair,missing,False,,,,,,,,,,,,,,,,,,,,,3,True,t_preserving_frontier_pair,constrained,False,False,False,,
external_journal_k6_backfill,barenco_tof_3,arithmetic,toffoli-chain,5,8,28,frontier_pair,missing,False,,,,,,,,,,,,,,,,,,,,,3,True,t_preserving_frontier_pair,constrained,False,False,False,,
external_journal_k6_backfill,barenco_tof_3,arithmetic,toffoli-chain,5,8,28,depth_guarded_mixed_pair,ok,True,23,0.1388888888888889,2.0869565217391304,0.5375494071146245,0.1621870882740448,23.0,5.0,186.0,3.6470588235294117,ok,0.8666648864746094,0.0,0.8666648864746094,selected-beam-shared-parity-w16,23.0,5.0,173.0,3.392156862745098,0.6226415094339622,46.0,3,True,t_preserving_frontier_pair,constrained,False,True,False,,results/alphaq_objective_beam_policy_external_validation_journal_k6_backfill/barenco_tof_3/depth_guarded_mixed_pair/selected-beam-shared-parity-w16/summary.json
external_journal_k6_backfill,barenco_tof_3,arithmetic,toffoli-chain,5,8,28,t_preserving_frontier_pair,ok,True,13,0.1383219954648526,3.230769230769231,1.294871794871795,0.2731990231990232,13.0,4.0,192.0,3.764705882352941,ok,55.27551627159119,9.50850365194492,64.7840199235361,selected-beam-shared-parity-w16,13.0,4.0,161.0,3.156862745098039,0.37735849056603776,32.0,3,True,t_preserving_frontier_pair,constrained,True,True,True,1,results/alphaq_objective_beam_policy_external_validation_journal_k6_backfill/barenco_tof_3/t_preserving_frontier_pair/selected-beam-shared-parity-w16/summary.json
external_journal_k6_backfill,barenco_tof_4,arithmetic,toffoli-chain,7,14,56,factor_count,ok,True,64,0.10080350620891161,2.3125,0.5109126984126984,0.13629298941798942,64.0,14.0,384.0,3.878787878787879,ok,3294.3035683631897,9.718676782911643,3304.0222451461013,selected-beam-shared-parity-w16,64.0,8.0,300.0,3.0303030303030303,1.0388349514563107,178.0,2,True,factor_count,constrained,True,True,True,1,results/alphaq_objective_beam_policy_external_validation_journal_k6_backfill/barenco_tof_4/factor_count/selected-beam-shared-parity-w16/summary.json
external_journal_k6_backfill,barenco_tof_4,arithmetic,toffoli-chain,7,14,56,factor_count_pair_cap,missing,False,,,,,,,,,,,,,,,,,,,,,2,True,factor_count,constrained,False,False,False,,
external_journal_k6_backfill,barenco_tof_4,arithmetic,toffoli-chain,7,14,56,mixed_pair,missing,False,,,,,,,,,,,,,,,,,,,,,2,True,factor_count,constrained,False,False,False,,
external_journal_k6_backfill,barenco_tof_4,arithmetic,toffoli-chain,7,14,56,frontier_pair,missing,False,,,,,,,,,,,,,,,,,,,,,2,True,factor_count,constrained,False,False,False,,
external_journal_k6_backfill,barenco_tof_4,arithmetic,toffoli-chain,7,14,56,depth_guarded_mixed_pair,failed,False,,,,,,,,,,not-materialized,,,,,,,,,,,2,True,factor_count,constrained,False,False,False,,
external_journal_k6_backfill,barenco_tof_4,arithmetic,toffoli-chain,7,14,56,t_preserving_frontier_pair,ok,True,64,0.10080350620891161,2.3125,0.5109126984126984,0.13629298941798942,64.0,14.0,384.0,3.878787878787879,ok,3193.028203010559,2.0729098999872804,3195.1011129105464,selected-beam-shared-parity-w16,64.0,8.0,300.0,3.0303030303030303,1.0388349514563107,178.0,2,True,factor_count,constrained,True,True,False,2,results/alphaq_objective_beam_policy_external_validation_journal_k6_backfill/barenco_tof_4/t_preserving_frontier_pair/selected-beam-shared-parity-w16/summary.json
external_journal_k6_backfill,cuccaro_adder_n3,applications,adder,7,8,42,factor_count,ok,True,13,0.15680473372781065,4.0,2.3846153846153846,0.4161782661782662,13.0,4.0,225.0,3.0821917808219177,ok,51.38946008682251,0.0,51.38946008682251,selected-beam-shared-parity-w4,13.0,5.0,205.0,2.808219178082192,0.5454545454545454,40.0,3,True,t_preserving_frontier_pair,constrained,True,True,False,2,results/alphaq_objective_beam_policy_external_validation_journal_k6_backfill/cuccaro_adder_n3/factor_count/selected-beam-shared-parity-w4/summary.json
external_journal_k6_backfill,cuccaro_adder_n3,applications,adder,7,8,42,factor_count_pair_cap,missing,False,,,,,,,,,,,,,,,,,,,,,3,True,t_preserving_frontier_pair,constrained,False,False,False,,
external_journal_k6_backfill,cuccaro_adder_n3,applications,adder,7,8,42,mixed_pair,missing,False,,,,,,,,,,,,,,,,,,,,,3,True,t_preserving_frontier_pair,constrained,False,False,False,,
external_journal_k6_backfill,cuccaro_adder_n3,applications,adder,7,8,42,frontier_pair,missing,False,,,,,,,,,,,,,,,,,,,,,3,True,t_preserving_frontier_pair,constrained,False,False,False,,
external_journal_k6_backfill,cuccaro_adder_n3,applications,adder,7,8,42,depth_guarded_mixed_pair,ok,True,19,0.17006802721088435,2.210526315789474,0.7543859649122807,0.21812865497076023,19.0,5.0,223.0,3.0547945205479454,ok,1.680767297744751,0.0,1.680767297744751,selected-beam-shared-parity-w16,19.0,6.0,204.0,2.7945205479452055,0.6233766233766234,38.0,3,True,t_preserving_frontier_pair,constrained,False,True,False,,results/alphaq_objective_beam_policy_external_validation_journal_k6_backfill/cuccaro_adder_n3/depth_guarded_mixed_pair/selected-beam-shared-parity-w16/summary.json
external_journal_k6_backfill,cuccaro_adder_n3,applications,adder,7,8,42,t_preserving_frontier_pair,ok,True,13,0.14878892733564014,2.6153846153846154,0.8846153846153846,0.20989010989010984,13.0,3.0,217.0,2.9726027397260273,ok,25.68924307823181,9.385967110982165,35.075210189213976,selected-beam-shared-parity-w16,13.0,4.0,204.0,2.7945205479452055,0.5064935064935064,28.0,3,True,t_preserving_frontier_pair,constrained,True,True,True,1,results/alphaq_objective_beam_policy_external_validation_journal_k6_backfill/cuccaro_adder_n3/t_preserving_frontier_pair/selected-beam-shared-parity-w16/summary.json
external_journal_k6_backfill,cuccaro_adder_n4,applications,adder,9,12,56,factor_count,ok,True,35,0.10869565217391304,2.6285714285714286,0.6957983193277311,0.16805122048819526,35.0,7.0,317.0,3.268041237113402,ok,3007.810780286789,9.887504815822467,3017.6982851026114,selected-beam-shared-parity-w4,35.0,6.0,260.0,2.6804123711340204,0.6372549019607843,96.0,2,True,depth_guarded_mixed_pair,constrained,True,True,False,2,results/alphaq_objective_beam_policy_external_validation_journal_k6_backfill/cuccaro_adder_n4/factor_count/selected-beam-shared-parity-w4/summary.json
external_journal_k6_backfill,cuccaro_adder_n4,applications,adder,9,12,56,factor_count_pair_cap,missing,False,,,,,,,,,,,,,,,,,,,,,2,True,depth_guarded_mixed_pair,constrained,False,False,False,,
external_journal_k6_backfill,cuccaro_adder_n4,applications,adder,9,12,56,mixed_pair,missing,False,,,,,,,,,,,,,,,,,,,,,2,True,depth_guarded_mixed_pair,constrained,False,False,False,,
external_journal_k6_backfill,cuccaro_adder_n4,applications,adder,9,12,56,frontier_pair,missing,False,,,,,,,,,,,,,,,,,,,,,2,True,depth_guarded_mixed_pair,constrained,False,False,False,,
external_journal_k6_backfill,cuccaro_adder_n4,applications,adder,9,12,56,depth_guarded_mixed_pair,ok,True,26,0.11362284354550863,3.1538461538461537,1.0492307692307692,0.21898168498168494,26.0,5.0,283.0,2.917525773195876,ok,3000.225733280182,9.938852107152343,3010.1645853873342,selected-beam-shared-parity-w16,26.0,4.0,241.0,2.484536082474227,0.46078431372549017,68.0,2,True,depth_guarded_mixed_pair,constrained,True,True,True,1,results/alphaq_objective_beam_policy_external_validation_journal_k6_backfill/cuccaro_adder_n4/depth_guarded_mixed_pair/selected-beam-shared-parity-w16/summary.json
external_journal_k6_backfill,cuccaro_adder_n4,applications,adder,9,12,56,t_preserving_frontier_pair,failed,False,,,,,,,,,,not-materialized,,,,,,,,,,,2,True,depth_guarded_mixed_pair,constrained,False,False,False,,
external_journal_k6_backfill,gf_2pow2_mult,arithmetic,gf-multiplier,6,6,28,factor_count,ok,True,17,0.168,2.9411764705882355,1.3602941176470589,0.2965686274509804,17.0,5.0,121.0,2.880952380952381,ok,208.07993030548096,0.0,208.07993030548096,selected-beam-shared-parity-w4,17.0,4.0,100.0,2.380952380952381,0.9090909090909091,44.0,3,True,depth_guarded_mixed_pair,constrained,True,True,False,3,results/alphaq_objective_beam_policy_external_validation_journal_k6_backfill/gf_2pow2_mult/factor_count/selected-beam-shared-parity-w4/summary.json
external_journal_k6_backfill,gf_2pow2_mult,arithmetic,gf-multiplier,6,6,28,factor_count_pair_cap,missing,False,,,,,,,,,,,,,,,,,,,,,3,True,depth_guarded_mixed_pair,constrained,False,False,False,,
external_journal_k6_backfill,gf_2pow2_mult,arithmetic,gf-multiplier,6,6,28,mixed_pair,missing,False,,,,,,,,,,,,,,,,,,,,,3,True,depth_guarded_mixed_pair,constrained,False,False,False,,
external_journal_k6_backfill,gf_2pow2_mult,arithmetic,gf-multiplier,6,6,28,frontier_pair,missing,False,,,,,,,,,,,,,,,,,,,,,3,True,depth_guarded_mixed_pair,constrained,False,False,False,,
external_journal_k6_backfill,gf_2pow2_mult,arithmetic,gf-multiplier,6,6,28,depth_guarded_mixed_pair,ok,True,17,0.17,2.3529411764705883,0.8529411764705882,0.2318627450980392,17.0,5.0,110.0,2.619047619047619,ok,2.2975902557373047,0.0,2.2975902557373047,selected-beam-shared-parity-w4,17.0,5.0,99.0,2.357142857142857,0.8409090909090909,36.0,3,True,depth_guarded_mixed_pair,constrained,True,True,True,1,results/alphaq_objective_beam_policy_external_validation_journal_k6_backfill/gf_2pow2_mult/depth_guarded_mixed_pair/selected-beam-shared-parity-w4/summary.json
external_journal_k6_backfill,gf_2pow2_mult,arithmetic,gf-multiplier,6,6,28,t_preserving_frontier_pair,ok,True,17,0.17,2.3529411764705883,0.8529411764705882,0.2318627450980392,17.0,5.0,110.0,2.619047619047619,ok,7.588836908340454,0.0,7.588836908340454,selected-beam-shared-parity-w4,17.0,5.0,99.0,2.357142857142857,0.8409090909090909,36.0,3,True,depth_guarded_mixed_pair,constrained,True,True,False,2,results/alphaq_objective_beam_policy_external_validation_journal_k6_backfill/gf_2pow2_mult/t_preserving_frontier_pair/selected-beam-shared-parity-w4/summary.json
external_journal_k6_backfill,gf_2pow3_mult,arithmetic,gf-multiplier,9,9,63,factor_count,ok,True,33,0.1168,3.0303030303030303,1.0113636363636365,0.20593208874458876,33.0,6.0,239.0,2.950617283950617,ok,3000.070466041565,0.0,3000.070466041565,selected-beam-shared-parity-w16,33.0,6.0,190.0,2.345679012345679,0.8541666666666666,106.0,2,True,factor_count,constrained,True,True,True,1,results/alphaq_objective_beam_policy_external_validation_journal_k6_backfill/gf_2pow3_mult/factor_count/selected-beam-shared-parity-w16/summary.json
external_journal_k6_backfill,gf_2pow3_mult,arithmetic,gf-multiplier,9,9,63,factor_count_pair_cap,missing,False,,,,,,,,,,,,,,,,,,,,,2,True,factor_count,constrained,False,False,False,,
external_journal_k6_backfill,gf_2pow3_mult,arithmetic,gf-multiplier,9,9,63,mixed_pair,missing,False,,,,,,,,,,,,,,,,,,,,,2,True,factor_count,constrained,False,False,False,,
external_journal_k6_backfill,gf_2pow3_mult,arithmetic,gf-multiplier,9,9,63,frontier_pair,missing,False,,,,,,,,,,,,,,,,,,,,,2,True,factor_count,constrained,False,False,False,,
external_journal_k6_backfill,gf_2pow3_mult,arithmetic,gf-multiplier,9,9,63,depth_guarded_mixed_pair,ok,True,34,0.11703703703703704,2.6470588235294117,0.7647058823529411,0.1809184279772515,34.0,6.0,250.0,3.0864197530864197,ok,3000.10914850235,0.0,3000.10914850235,selected-beam-shared-parity-w16,34.0,5.0,189.0,2.3333333333333335,0.8229166666666666,102.0,2,True,factor_count,constrained,True,True,False,2,results/alphaq_objective_beam_policy_external_validation_journal_k6_backfill/gf_2pow3_mult/depth_guarded_mixed_pair/selected-beam-shared-parity-w16/summary.json
external_journal_k6_backfill,gf_2pow3_mult,arithmetic,gf-multiplier,9,9,63,t_preserving_frontier_pair,failed,False,,,,,,,,,,not-materialized,,,,,,,,,,,2,True,factor_count,constrained,False,False,False,,
external_journal_k6_backfill,gf_2pow4_mult,arithmetic,gf-multiplier,12,12,112,factor_count,ok,True,60,0.08572149981062997,2.966666666666667,0.7169491525423729,0.15340328221684155,60.0,11.0,583.0,4.383458646616542,ok,3024.9678728580475,9.828873514896259,3034.7967463729437,selected-beam-shared-parity-w16,60.0,7.0,469.0,3.526315789473684,0.8138297872340425,254.0,2,True,factor_count,constrained,True,True,True,1,results/alphaq_objective_beam_policy_external_validation_journal_k6_backfill/gf_2pow4_mult/factor_count/selected-beam-shared-parity-w16/summary.json
external_journal_k6_backfill,gf_2pow4_mult,arithmetic,gf-multiplier,12,12,112,factor_count_pair_cap,missing,False,,,,,,,,,,,,,,,,,,,,,2,True,factor_count,constrained,False,False,False,,
external_journal_k6_backfill,gf_2pow4_mult,arithmetic,gf-multiplier,12,12,112,mixed_pair,missing,False,,,,,,,,,,,,,,,,,,,,,2,True,factor_count,constrained,False,False,False,,
external_journal_k6_backfill,gf_2pow4_mult,arithmetic,gf-multiplier,12,12,112,frontier_pair,missing,False,,,,,,,,,,,,,,,,,,,,,2,True,factor_count,constrained,False,False,False,,
external_journal_k6_backfill,gf_2pow4_mult,arithmetic,gf-multiplier,12,12,112,depth_guarded_mixed_pair,ok,True,66,0.08508251882711104,2.393939393939394,0.45827505827505827,0.12170940170940169,66.0,14.0,598.0,4.496240601503759,ok,3000.249306678772,9.817825684091076,3010.067132362863,selected-beam-shared-parity-w16,66.0,8.0,457.0,3.43609022556391,0.7021276595744681,220.0,2,True,factor_count,constrained,False,True,False,,results/alphaq_objective_beam_policy_external_validation_journal_k6_backfill/gf_2pow4_mult/depth_guarded_mixed_pair/selected-beam-shared-parity-w16/summary.json
external_journal_k6_backfill,gf_2pow4_mult,arithmetic,gf-multiplier,12,12,112,t_preserving_frontier_pair,failed,False,,,,,,,,,,not-materialized,,,,,,,,,,,2,True,factor_count,constrained,False,False,False,,
external_journal_k6_backfill,gf_2pow5_mult,arithmetic,gf-multiplier,15,15,175,factor_count,failed,False,,,,,,,,,,not-materialized,,,,,,,,,,,0,False,,missing,False,False,False,,
external_journal_k6_backfill,gf_2pow5_mult,arithmetic,gf-multiplier,15,15,175,factor_count_pair_cap,missing,False,,,,,,,,,,,,,,,,,,,,,0,False,,missing,False,False,False,,
external_journal_k6_backfill,gf_2pow5_mult,arithmetic,gf-multiplier,15,15,175,mixed_pair,missing,False,,,,,,,,,,,,,,,,,,,,,0,False,,missing,False,False,False,,
external_journal_k6_backfill,gf_2pow5_mult,arithmetic,gf-multiplier,15,15,175,frontier_pair,missing,False,,,,,,,,,,,,,,,,,,,,,0,False,,missing,False,False,False,,
external_journal_k6_backfill,gf_2pow5_mult,arithmetic,gf-multiplier,15,15,175,depth_guarded_mixed_pair,failed,False,,,,,,,,,,not-materialized,,,,,,,,,,,0,False,,missing,False,False,False,,
external_journal_k6_backfill,gf_2pow5_mult,arithmetic,gf-multiplier,15,15,175,t_preserving_frontier_pair,failed,False,,,,,,,,,,not-materialized,,,,,,,,,,,0,False,,missing,False,False,False,,
external_journal_k6_backfill,hamming_weight_n4,applications,hamming-weight,7,9,21,factor_count,ok,True,19,0.13423517169614985,3.263157894736842,1.327485380116959,0.27865497076023393,19.0,3.0,194.0,5.705882352941177,ok,3000.1167323589325,9.94748094282113,3010.0642133017536,selected-beam-shared-parity-w16,19.0,4.0,164.0,4.823529411764706,0.9459459459459459,58.0,3,True,factor_count,constrained,True,True,True,1,results/alphaq_objective_beam_policy_external_validation_journal_k6_backfill/hamming_weight_n4/factor_count/selected-beam-shared-parity-w16/summary.json
external_journal_k6_backfill,hamming_weight_n4,applications,hamming-weight,7,9,21,factor_count_pair_cap,missing,False,,,,,,,,,,,,,,,,,,,,,3,True,factor_count,constrained,False,False,False,,
external_journal_k6_backfill,hamming_weight_n4,applications,hamming-weight,7,9,21,mixed_pair,missing,False,,,,,,,,,,,,,,,,,,,,,3,True,factor_count,constrained,False,False,False,,
external_journal_k6_backfill,hamming_weight_n4,applications,hamming-weight,7,9,21,frontier_pair,missing,False,,,,,,,,,,,,,,,,,,,,,3,True,factor_count,constrained,False,False,False,,
external_journal_k6_backfill,hamming_weight_n4,applications,hamming-weight,7,9,21,depth_guarded_mixed_pair,ok,True,20,0.13010204081632654,2.8,0.9263157894736842,0.21748120300751878,20.0,3.0,182.0,5.352941176470588,ok,76.83599352836609,0.0,76.83599352836609,selected-beam-shared-parity-w16,20.0,4.0,173.0,5.088235294117647,0.8108108108108109,44.0,3,True,factor_count,constrained,False,True,False,,results/alphaq_objective_beam_policy_external_validation_journal_k6_backfill/hamming_weight_n4/depth_guarded_mixed_pair/selected-beam-shared-parity-w16/summary.json
external_journal_k6_backfill,hamming_weight_n4,applications,hamming-weight,7,9,21,t_preserving_frontier_pair,ok,True,19,0.12960760998810938,3.0526315789473686,1.105263157894737,0.24367167919799498,19.0,3.0,191.0,5.617647058823529,ok,3000.0401480197906,1.9805065719410777,3002.0206545917317,selected-beam-shared-parity-w16,19.0,3.0,171.0,5.029411764705882,0.7567567567567568,52.0,3,True,factor_count,constrained,True,True,False,2,results/alphaq_objective_beam_policy_external_validation_journal_k6_backfill/hamming_weight_n4/t_preserving_frontier_pair/selected-beam-shared-parity-w16/summary.json
external_journal_k6_backfill,hamming_weight_n5,applications,hamming-weight,8,10,21,factor_count,ok,True,19,0.11777777777777777,3.1578947368421053,1.064327485380117,0.21631161236424393,19.0,6.0,207.0,5.447368421052632,ok,3000.075488805771,9.951237106928602,3010.0267259126995,selected-beam-shared-parity-w16,19.0,3.0,180.0,4.7368421052631575,0.8780487804878049,50.0,3,True,factor_count,constrained,True,True,True,1,results/alphaq_objective_beam_policy_external_validation_journal_k6_backfill/hamming_weight_n5/factor_count/selected-beam-shared-parity-w16/summary.json
external_journal_k6_backfill,hamming_weight_n5,applications,hamming-weight,8,10,21,factor_count_pair_cap,missing,False,,,,,,,,,,,,,,,,,,,,,3,True,factor_count,constrained,False,False,False,,
external_journal_k6_backfill,hamming_weight_n5,applications,hamming-weight,8,10,21,mixed_pair,missing,False,,,,,,,,,,,,,,,,,,,,,3,True,factor_count,constrained,False,False,False,,
external_journal_k6_backfill,hamming_weight_n5,applications,hamming-weight,8,10,21,frontier_pair,missing,False,,,,,,,,,,,,,,,,,,,,,3,True,factor_count,constrained,False,False,False,,
external_journal_k6_backfill,hamming_weight_n5,applications,hamming-weight,8,10,21,depth_guarded_mixed_pair,ok,True,20,0.11777777777777777,3.0,0.9578947368421052,0.20553884711779447,20.0,8.0,198.0,5.2105263157894735,ok,173.31632661819458,0.0,173.31632661819458,selected-beam-shared-parity-w16,20.0,3.0,180.0,4.7368421052631575,0.8292682926829268,60.0,3,True,factor_count,constrained,False,True,False,,results/alphaq_objective_beam_policy_external_validation_journal_k6_backfill/hamming_weight_n5/depth_guarded_mixed_pair/selected-beam-shared-parity-w16/summary.json
external_journal_k6_backfill,hamming_weight_n5,applications,hamming-weight,8,10,21,t_preserving_frontier_pair,ok,True,19,0.11777777777777777,3.1578947368421053,1.064327485380117,0.21631161236424393,19.0,6.0,207.0,5.447368421052632,ok,3000.027292251587,1.9222009980585426,3001.9494932496455,selected-beam-shared-parity-w16,19.0,3.0,180.0,4.7368421052631575,0.8780487804878049,50.0,3,True,factor_count,constrained,True,True,False,2,results/alphaq_objective_beam_policy_external_validation_journal_k6_backfill/hamming_weight_n5/t_preserving_frontier_pair/selected-beam-shared-parity-w16/summary.json
external_journal_k6_backfill,hamming_weight_n6,applications,hamming-weight,10,12,28,factor_count,ok,True,25,0.11728395061728394,2.88,0.8933333333333333,0.1879973544973545,25.0,7.0,214.0,5.944444444444445,ok,3000.061327934265,0.0,3000.061327934265,selected-beam-shared-parity-w16,25.0,3.0,172.0,4.777777777777778,0.9056603773584906,88.0,2,True,factor_count,constrained,True,True,True,1,results/alphaq_objective_beam_policy_external_validation_journal_k6_backfill/hamming_weight_n6/factor_count/selected-beam-shared-parity-w16/summary.json
external_journal_k6_backfill,hamming_weight_n6,applications,hamming-weight,10,12,28,factor_count_pair_cap,missing,False,,,,,,,,,,,,,,,,,,,,,2,True,factor_count,constrained,False,False,False,,
external_journal_k6_backfill,hamming_weight_n6,applications,hamming-weight,10,12,28,mixed_pair,missing,False,,,,,,,,,,,,,,,,,,,,,2,True,factor_count,constrained,False,False,False,,
external_journal_k6_backfill,hamming_weight_n6,applications,hamming-weight,10,12,28,frontier_pair,missing,False,,,,,,,,,,,,,,,,,,,,,2,True,factor_count,constrained,False,False,False,,
external_journal_k6_backfill,hamming_weight_n6,applications,hamming-weight,10,12,28,depth_guarded_mixed_pair,ok,True,26,0.10376492194674013,2.5384615384615383,0.5938461538461538,0.1495238095238095,26.0,7.0,205.0,5.694444444444445,ok,23.793115615844727,0.0,23.793115615844727,selected-beam-shared-parity-w16,26.0,4.0,172.0,4.777777777777778,0.9245283018867925,80.0,2,True,factor_count,constrained,True,True,False,2,results/alphaq_objective_beam_policy_external_validation_journal_k6_backfill/hamming_weight_n6/depth_guarded_mixed_pair/selected-beam-shared-parity-w16/summary.json
external_journal_k6_backfill,hamming_weight_n6,applications,hamming-weight,10,12,28,t_preserving_frontier_pair,failed,False,,,,,,,,,,not-materialized,,,,,,,,,,,2,True,factor_count,constrained,False,False,False,,
external_journal_k6_backfill,hamming_weight_n7,applications,hamming-weight,11,13,28,factor_count,ok,True,41,0.09111111111111111,2.926829268292683,0.7268292682926829,0.1511033681765389,41.0,12.0,330.0,8.048780487804878,ok,3000.0345392227173,9.784221637994051,3009.8187608607113,selected-beam-shared-parity-w4,41.0,6.0,219.0,5.341463414634147,1.25,136.0,2,True,depth_guarded_mixed_pair,constrained,True,True,False,2,results/alphaq_objective_beam_policy_external_validation_journal_k6_backfill/hamming_weight_n7/factor_count/selected-beam-shared-parity-w4/summary.json
external_journal_k6_backfill,hamming_weight_n7,applications,hamming-weight,11,13,28,factor_count_pair_cap,missing,False,,,,,,,,,,,,,,,,,,,,,2,True,depth_guarded_mixed_pair,constrained,False,False,False,,
external_journal_k6_backfill,hamming_weight_n7,applications,hamming-weight,11,13,28,mixed_pair,missing,False,,,,,,,,,,,,,,,,,,,,,2,True,depth_guarded_mixed_pair,constrained,False,False,False,,
external_journal_k6_backfill,hamming_weight_n7,applications,hamming-weight,11,13,28,frontier_pair,missing,False,,,,,,,,,,,,,,,,,,,,,2,True,depth_guarded_mixed_pair,constrained,False,False,False,,
external_journal_k6_backfill,hamming_weight_n7,applications,hamming-weight,11,13,28,depth_guarded_mixed_pair,ok,True,36,0.0912,2.7777777777777777,0.6444444444444445,0.14260141093474427,36.0,9.0,323.0,7.878048780487805,ok,3000.043606519699,9.767787601798773,3009.811394121498,selected-beam-shared-parity-w16,36.0,6.0,211.0,5.146341463414634,1.2666666666666666,114.0,2,True,depth_guarded_mixed_pair,constrained,True,True,True,1,results/alphaq_objective_beam_policy_external_validation_journal_k6_backfill/hamming_weight_n7/depth_guarded_mixed_pair/selected-beam-shared-parity-w16/summary.json
external_journal_k6_backfill,hamming_weight_n7,applications,hamming-weight,11,13,28,t_preserving_frontier_pair,failed,False,,,,,,,,,,not-materialized,,,,,,,,,,,2,True,depth_guarded_mixed_pair,constrained,False,False,False,,
external_journal_k6_backfill,mod_5_4,arithmetic,modular-arithmetic,5,5,28,factor_count,ok,True,7,0.2,2.857142857142857,1.4285714285714286,0.3333333333333333,7.0,3.0,40.0,0.6779661016949152,ok,0.08328557014465332,0.0,0.08328557014465332,selected-beam-shared-parity-w16,7.0,3.0,37.0,0.6271186440677966,0.1864406779661017,14.0,3,True,depth_guarded_mixed_pair,constrained,True,True,False,2,results/alphaq_objective_beam_policy_external_validation_journal_k6_backfill/mod_5_4/factor_count/selected-beam-shared-parity-w16/summary.json
external_journal_k6_backfill,mod_5_4,arithmetic,modular-arithmetic,5,5,28,factor_count_pair_cap,missing,False,,,,,,,,,,,,,,,,,,,,,3,True,depth_guarded_mixed_pair,constrained,False,False,False,,
external_journal_k6_backfill,mod_5_4,arithmetic,modular-arithmetic,5,5,28,mixed_pair,missing,False,,,,,,,,,,,,,,,,,,,,,3,True,depth_guarded_mixed_pair,constrained,False,False,False,,
external_journal_k6_backfill,mod_5_4,arithmetic,modular-arithmetic,5,5,28,frontier_pair,missing,False,,,,,,,,,,,,,,,,,,,,,3,True,depth_guarded_mixed_pair,constrained,False,False,False,,
external_journal_k6_backfill,mod_5_4,arithmetic,modular-arithmetic,5,5,28,depth_guarded_mixed_pair,ok,True,7,0.2,2.857142857142857,1.4285714285714286,0.3333333333333333,7.0,3.0,40.0,0.6779661016949152,ok,0.04763317108154297,0.0,0.04763317108154297,selected-beam-shared-parity-w16,7.0,3.0,37.0,0.6271186440677966,0.1864406779661017,14.0,3,True,depth_guarded_mixed_pair,constrained,True,True,True,1,results/alphaq_objective_beam_policy_external_validation_journal_k6_backfill/mod_5_4/depth_guarded_mixed_pair/selected-beam-shared-parity-w16/summary.json
external_journal_k6_backfill,mod_5_4,arithmetic,modular-arithmetic,5,5,28,t_preserving_frontier_pair,ok,True,7,0.2,2.857142857142857,1.4285714285714286,0.3333333333333333,7.0,3.0,40.0,0.6779661016949152,ok,0.031134843826293945,0.0,0.031134843826293945,selected-beam-shared-parity-w16,7.0,3.0,37.0,0.6271186440677966,0.1864406779661017,14.0,3,True,depth_guarded_mixed_pair,constrained,True,True,False,3,results/alphaq_objective_beam_policy_external_validation_journal_k6_backfill/mod_5_4/t_preserving_frontier_pair/selected-beam-shared-parity-w16/summary.json
external_journal_k6_backfill,mod_mult_55,arithmetic,modular-arithmetic,9,11,49,factor_count,ok,True,20,0.10053539559785842,4.1,1.563157894736842,0.2592543859649123,20.0,4.0,301.0,5.016666666666667,ok,3000.091351032257,0.0,3000.091351032257,selected-beam-shared-parity-w4,20.0,4.0,258.0,4.3,0.696969696969697,90.0,2,True,depth_guarded_mixed_pair,constrained,True,True,False,2,results/alphaq_objective_beam_policy_external_validation_journal_k6_backfill/mod_mult_55/factor_count/selected-beam-shared-parity-w4/summary.json
external_journal_k6_backfill,mod_mult_55,arithmetic,modular-arithmetic,9,11,49,factor_count_pair_cap,missing,False,,,,,,,,,,,,,,,,,,,,,2,True,depth_guarded_mixed_pair,constrained,False,False,False,,
external_journal_k6_backfill,mod_mult_55,arithmetic,modular-arithmetic,9,11,49,mixed_pair,missing,False,,,,,,,,,,,,,,,,,,,,,2,True,depth_guarded_mixed_pair,constrained,False,False,False,,
external_journal_k6_backfill,mod_mult_55,arithmetic,modular-arithmetic,9,11,49,frontier_pair,missing,False,,,,,,,,,,,,,,,,,,,,,2,True,depth_guarded_mixed_pair,constrained,False,False,False,,
external_journal_k6_backfill,mod_mult_55,arithmetic,modular-arithmetic,9,11,49,depth_guarded_mixed_pair,ok,True,18,0.09765625,3.5555555555555554,1.0980392156862746,0.20870422242971262,18.0,5.0,269.0,4.483333333333333,ok,1560.288070678711,0.0,1560.288070678711,selected-beam-shared-parity-w4,18.0,3.0,252.0,4.2,0.5959595959595959,64.0,2,True,depth_guarded_mixed_pair,constrained,True,True,True,1,results/alphaq_objective_beam_policy_external_validation_journal_k6_backfill/mod_mult_55/depth_guarded_mixed_pair/selected-beam-shared-parity-w4/summary.json
external_journal_k6_backfill,mod_mult_55,arithmetic,modular-arithmetic,9,11,49,t_preserving_frontier_pair,failed,False,,,,,,,,,,not-materialized,,,,,,,,,,,2,True,depth_guarded_mixed_pair,constrained,False,False,False,,
external_journal_k6_backfill,nc_tof_3,arithmetic,toffoli-chain,5,7,21,factor_count,ok,True,13,0.15311909262759923,3.5384615384615383,1.7820512820512822,0.33934676434676436,13.0,4.0,180.0,4.7368421052631575,ok,22.661012649536133,0.0,22.661012649536133,selected-beam-shared-parity-w16,13.0,3.0,161.0,4.2368421052631575,0.675,40.0,3,True,factor_count,constrained,True,True,True,1,results/alphaq_objective_beam_policy_external_validation_journal_k6_backfill/nc_tof_3/factor_count/selected-beam-shared-parity-w16/summary.json
external_journal_k6_backfill,nc_tof_3,arithmetic,toffoli-chain,5,7,21,factor_count_pair_cap,missing,False,,,,,,,,,,,,,,,,,,,,,3,True,factor_count,constrained,False,False,False,,
external_journal_k6_backfill,nc_tof_3,arithmetic,toffoli-chain,5,7,21,mixed_pair,missing,False,,,,,,,,,,,,,,,,,,,,,3,True,factor_count,constrained,False,False,False,,
external_journal_k6_backfill,nc_tof_3,arithmetic,toffoli-chain,5,7,21,frontier_pair,missing,False,,,,,,,,,,,,,,,,,,,,,3,True,factor_count,constrained,False,False,False,,
external_journal_k6_backfill,nc_tof_3,arithmetic,toffoli-chain,5,7,21,depth_guarded_mixed_pair,ok,True,17,0.14681440443213298,2.235294117647059,0.6397058823529411,0.1767156862745098,17.0,5.0,186.0,4.894736842105263,ok,3.2447311878204346,0.0,3.2447311878204346,selected-beam-shared-parity-w4,17.0,4.0,170.0,4.473684210526316,0.675,30.0,3,True,factor_count,constrained,False,True,False,,results/alphaq_objective_beam_policy_external_validation_journal_k6_backfill/nc_tof_3/depth_guarded_mixed_pair/selected-beam-shared-parity-w4/summary.json
external_journal_k6_backfill,nc_tof_3,arithmetic,toffoli-chain,5,7,21,t_preserving_frontier_pair,ok,True,13,0.15311909262759923,3.5384615384615383,1.7820512820512822,0.34670329670329675,13.0,4.0,196.0,5.157894736842105,ok,23.35103487968445,9.44745885510929,32.79849373479374,selected-beam-shared-parity-w16,13.0,3.0,176.0,4.631578947368421,0.675,42.0,3,True,factor_count,constrained,True,True,False,2,results/alphaq_objective_beam_policy_external_validation_journal_k6_backfill/nc_tof_3/t_preserving_frontier_pair/selected-beam-shared-parity-w16/summary.json
external_journal_k6_backfill,nc_tof_4,arithmetic,toffoli-chain,7,11,35,factor_count,ok,True,24,0.1124330755502677,3.4166666666666665,1.2210144927536233,0.2379845295606165,24.0,6.0,290.0,4.67741935483871,ok,3000.1368932724,9.946074787061661,3010.0829680594616,selected-beam-shared-parity-w16,24.0,3.0,243.0,3.9193548387096775,0.984375,92.0,2,True,depth_guarded_mixed_pair,constrained,True,True,False,2,results/alphaq_objective_beam_policy_external_validation_journal_k6_backfill/nc_tof_4/factor_count/selected-beam-shared-parity-w16/summary.json
external_journal_k6_backfill,nc_tof_4,arithmetic,toffoli-chain,7,11,35,factor_count_pair_cap,missing,False,,,,,,,,,,,,,,,,,,,,,2,True,depth_guarded_mixed_pair,constrained,False,False,False,,
external_journal_k6_backfill,nc_tof_4,arithmetic,toffoli-chain,7,11,35,mixed_pair,missing,False,,,,,,,,,,,,,,,,,,,,,2,True,depth_guarded_mixed_pair,constrained,False,False,False,,
external_journal_k6_backfill,nc_tof_4,arithmetic,toffoli-chain,7,11,35,frontier_pair,missing,False,,,,,,,,,,,,,,,,,,,,,2,True,depth_guarded_mixed_pair,constrained,False,False,False,,
external_journal_k6_backfill,nc_tof_4,arithmetic,toffoli-chain,7,11,35,depth_guarded_mixed_pair,ok,True,24,0.10299488677867057,3.0833333333333335,0.8876811594202898,0.18054692891649413,24.0,4.0,267.0,4.306451612903226,ok,3000.0877923965454,9.951107867993414,3010.038900264539,selected-beam-shared-parity-w16,24.0,4.0,240.0,3.870967741935484,0.796875,64.0,2,True,depth_guarded_mixed_pair,constrained,True,True,True,1,results/alphaq_objective_beam_policy_external_validation_journal_k6_backfill/nc_tof_4/depth_guarded_mixed_pair/selected-beam-shared-parity-w16/summary.json
external_journal_k6_backfill,nc_tof_4,arithmetic,toffoli-chain,7,11,35,t_preserving_frontier_pair,failed,False,,,,,,,,,,not-materialized,,,,,,,,,,,2,True,depth_guarded_mixed_pair,constrained,False,False,False,,
external_journal_k6_backfill,nc_tof_5,arithmetic,toffoli-chain,9,15,49,factor_count,failed,False,,,,,,,,,,not-materialized,,,,,,,,,,,0,False,,missing,False,False,False,,
external_journal_k6_backfill,nc_tof_5,arithmetic,toffoli-chain,9,15,49,factor_count_pair_cap,missing,False,,,,,,,,,,,,,,,,,,,,,0,False,,missing,False,False,False,,
external_journal_k6_backfill,nc_tof_5,arithmetic,toffoli-chain,9,15,49,mixed_pair,missing,False,,,,,,,,,,,,,,,,,,,,,0,False,,missing,False,False,False,,
external_journal_k6_backfill,nc_tof_5,arithmetic,toffoli-chain,9,15,49,frontier_pair,missing,False,,,,,,,,,,,,,,,,,,,,,0,False,,missing,False,False,False,,
external_journal_k6_backfill,nc_tof_5,arithmetic,toffoli-chain,9,15,49,depth_guarded_mixed_pair,failed,False,,,,,,,,,,not-materialized,,,,,,,,,,,0,False,,missing,False,False,False,,
external_journal_k6_backfill,nc_tof_5,arithmetic,toffoli-chain,9,15,49,t_preserving_frontier_pair,failed,False,,,,,,,,,,not-materialized,,,,,,,,,,,0,False,,missing,False,False,False,,
external_journal_k6_backfill,vbe_adder_3,arithmetic,adder,10,14,70,factor_count,ok,True,65,0.0866,3.076923076923077,0.7846153846153846,0.1567855235042735,65.0,15.0,438.0,4.515463917525773,ok,3000.068223953247,9.67882448201999,3009.747048435267,selected-beam-shared-parity-w16,65.0,8.0,313.0,3.2268041237113403,1.48,262.0,1,False,factor_count,constrained,True,True,True,1,results/alphaq_objective_beam_policy_external_validation_journal_k6_backfill/vbe_adder_3/factor_count/selected-beam-shared-parity-w16/summary.json
external_journal_k6_backfill,vbe_adder_3,arithmetic,adder,10,14,70,factor_count_pair_cap,missing,False,,,,,,,,,,,,,,,,,,,,,1,False,factor_count,constrained,False,False,False,,
external_journal_k6_backfill,vbe_adder_3,arithmetic,adder,10,14,70,mixed_pair,missing,False,,,,,,,,,,,,,,,,,,,,,1,False,factor_count,constrained,False,False,False,,
external_journal_k6_backfill,vbe_adder_3,arithmetic,adder,10,14,70,frontier_pair,missing,False,,,,,,,,,,,,,,,,,,,,,1,False,factor_count,constrained,False,False,False,,
external_journal_k6_backfill,vbe_adder_3,arithmetic,adder,10,14,70,depth_guarded_mixed_pair,failed,False,,,,,,,,,,not-materialized,,,,,,,,,,,1,False,factor_count,constrained,False,False,False,,
external_journal_k6_backfill,vbe_adder_3,arithmetic,adder,10,14,70,t_preserving_frontier_pair,failed,False,,,,,,,,,,not-materialized,,,,,,,,,,,1,False,factor_count,constrained,False,False,False,,
external_journal_k6_frontier,barenco_tof_5,arithmetic,toffoli-chain,9,20,84,factor_count,ok,True,115,0.07314128943758573,2.347826086956522,0.3861174675819985,0.09920017434891575,115.0,16.0,736.0,5.006802721088436,ok,3137.8488054275513,5.70247110305354,3143.551276530605,selected-beam-shared-parity-w16,115.0,10.0,606.0,4.122448979591836,1.2875816993464053,370.0,3,True,t_preserving_frontier_pair,constrained,True,True,False,3,results/alphaq_objective_beam_policy_external_validation_journal_k6_frontier/barenco_tof_5/factor_count/selected-beam-shared-parity-w16/summary.json
external_journal_k6_frontier,barenco_tof_5,arithmetic,toffoli-chain,9,20,84,factor_count_pair_cap,failed,False,,,,,,,,,,not-materialized,,,,,,,,,,,3,True,t_preserving_frontier_pair,constrained,False,False,False,,
external_journal_k6_frontier,barenco_tof_5,arithmetic,toffoli-chain,9,20,84,mixed_pair,failed,False,,,,,,,,,,not-materialized,,,,,,,,,,,3,True,t_preserving_frontier_pair,constrained,False,False,False,,
external_journal_k6_frontier,barenco_tof_5,arithmetic,toffoli-chain,9,20,84,frontier_pair,ok,True,109,0.06486808172981551,2.6055045871559632,0.4203194019707781,0.09773123203296495,109.0,12.0,772.0,5.2517006802721085,ok,3108.7154293060303,5.776103755924851,3114.491533061955,selected-beam-shared-parity-w16,109.0,11.0,621.0,4.224489795918367,1.4313725490196079,394.0,3,True,t_preserving_frontier_pair,constrained,True,True,False,2,results/alphaq_objective_beam_policy_external_validation_journal_k6_frontier/barenco_tof_5/frontier_pair/selected-beam-shared-parity-w16/summary.json
external_journal_k6_frontier,barenco_tof_5,arithmetic,toffoli-chain,9,20,84,depth_guarded_mixed_pair,failed,False,,,,,,,,,,not-materialized,,,,,,,,,,,3,True,t_preserving_frontier_pair,constrained,False,False,False,,
external_journal_k6_frontier,barenco_tof_5,arithmetic,toffoli-chain,9,20,84,t_preserving_frontier_pair,ok,True,109,0.06665344177742512,2.6055045871559632,0.4325518178729188,0.10139974327028353,109.0,17.0,802.0,5.45578231292517,ok,3001.1040539741516,3.3944364360067993,3004.4984904101584,selected-beam-shared-parity-w16,109.0,9.0,619.0,4.210884353741497,1.3790849673202614,392.0,3,True,t_preserving_frontier_pair,constrained,True,True,True,1,results/alphaq_objective_beam_policy_external_validation_journal_k6_frontier/barenco_tof_5/t_preserving_frontier_pair/selected-beam-shared-parity-w16/summary.json
external_journal_k6_frontier,csla_mux_3,arithmetic,adder,15,21,70,factor_count,ok,True,165,0.05869118442401298,2.606060606060606,0.3851441241685144,0.09207440256220743,165.0,23.0,954.0,11.925,ok,3006.049427986145,6.694155836943537,3012.7435838230886,selected-beam-shared-parity-w16,165.0,19.0,651.0,8.1375,3.2135922330097086,600.0,3,True,t_preserving_frontier_pair,constrained,True,True,False,3,results/alphaq_objective_beam_policy_external_validation_journal_k6_frontier/csla_mux_3/factor_count/selected-beam-shared-parity-w16/summary.json
external_journal_k6_frontier,csla_mux_3,arithmetic,adder,15,21,70,factor_count_pair_cap,failed,False,,,,,,,,,,not-materialized,,,,,,,,,,,3,True,t_preserving_frontier_pair,constrained,False,False,False,,
external_journal_k6_frontier,csla_mux_3,arithmetic,adder,15,21,70,mixed_pair,failed,False,,,,,,,,,,not-materialized,,,,,,,,,,,3,True,t_preserving_frontier_pair,constrained,False,False,False,,
external_journal_k6_frontier,csla_mux_3,arithmetic,adder,15,21,70,frontier_pair,ok,True,139,0.05864421541588039,2.3884892086330933,0.3196746950265874,0.08497400837094299,139.0,15.0,806.0,10.075,ok,3004.9815282821655,6.604791152058169,3011.5863194342237,selected-beam-shared-parity-w16,139.0,15.0,608.0,7.6,2.7184466019417477,456.0,3,True,t_preserving_frontier_pair,constrained,True,True,False,2,results/alphaq_objective_beam_policy_external_validation_journal_k6_frontier/csla_mux_3/frontier_pair/selected-beam-shared-parity-w16/summary.json
external_journal_k6_frontier,csla_mux_3,arithmetic,adder,15,21,70,depth_guarded_mixed_pair,failed,False,,,,,,,,,,not-materialized,,,,,,,,,,,3,True,t_preserving_frontier_pair,constrained,False,False,False,,
external_journal_k6_frontier,csla_mux_3,arithmetic,adder,15,21,70,t_preserving_frontier_pair,ok,True,137,0.057777777777777775,2.408759124087591,0.3199871189351653,0.08470271320206915,137.0,20.0,820.0,10.25,ok,3001.996456861496,5.444025257136673,3007.4404821186326,selected-beam-shared-parity-w16,137.0,13.0,604.0,7.55,2.5728155339805827,456.0,3,True,t_preserving_frontier_pair,constrained,True,True,True,1,results/alphaq_objective_beam_policy_external_validation_journal_k6_frontier/csla_mux_3/t_preserving_frontier_pair/selected-beam-shared-parity-w16/summary.json
external_journal_k6_frontier,cuccaro_adder_n5,applications,adder,11,16,70,factor_count,failed,False,,,,,,,,,,not-materialized,,,,,,,,,,,0,False,,missing,False,False,False,,
external_journal_k6_frontier,cuccaro_adder_n5,applications,adder,11,16,70,factor_count_pair_cap,failed,False,,,,,,,,,,not-materialized,,,,,,,,,,,0,False,,missing,False,False,False,,
external_journal_k6_frontier,cuccaro_adder_n5,applications,adder,11,16,70,mixed_pair,failed,False,,,,,,,,,,not-materialized,,,,,,,,,,,0,False,,missing,False,False,False,,
external_journal_k6_frontier,cuccaro_adder_n5,applications,adder,11,16,70,frontier_pair,failed,False,,,,,,,,,,not-materialized,,,,,,,,,,,0,False,,missing,False,False,False,,
external_journal_k6_frontier,cuccaro_adder_n5,applications,adder,11,16,70,depth_guarded_mixed_pair,failed,False,,,,,,,,,,not-materialized,,,,,,,,,,,0,False,,missing,False,False,False,,
external_journal_k6_frontier,cuccaro_adder_n5,applications,adder,11,16,70,t_preserving_frontier_pair,failed,False,,,,,,,,,,not-materialized,,,,,,,,,,,0,False,,missing,False,False,False,,
external_journal_k6_frontier,cuccaro_adder_n6,applications,adder,13,20,84,factor_count,ok,True,195,0.06577188683448429,2.7487179487179487,0.4853291038858049,0.1087279978517092,195.0,26.0,1159.0,7.993103448275862,ok,3000.2089562416077,8.787729718955234,3008.996685960563,selected-beam-shared-parity-w16,195.0,18.0,692.0,4.772413793103448,2.835526315789474,710.0,3,True,t_preserving_frontier_pair,constrained,True,True,False,3,results/alphaq_objective_beam_policy_external_validation_journal_k6_frontier/cuccaro_adder_n6/factor_count/selected-beam-shared-parity-w16/summary.json
external_journal_k6_frontier,cuccaro_adder_n6,applications,adder,13,20,84,factor_count_pair_cap,failed,False,,,,,,,,,,not-materialized,,,,,,,,,,,3,True,t_preserving_frontier_pair,constrained,False,False,False,,
external_journal_k6_frontier,cuccaro_adder_n6,applications,adder,13,20,84,mixed_pair,failed,False,,,,,,,,,,not-materialized,,,,,,,,,,,3,True,t_preserving_frontier_pair,constrained,False,False,False,,
external_journal_k6_frontier,cuccaro_adder_n6,applications,adder,13,20,84,frontier_pair,ok,True,194,0.06549734863935668,2.7010309278350517,0.46632124352331605,0.10693888028298582,194.0,21.0,1148.0,7.917241379310345,ok,3002.3527109622955,7.2507765418849885,3009.6034875041805,selected-beam-shared-parity-w16,194.0,17.0,686.0,4.731034482758621,2.8157894736842106,714.0,3,True,t_preserving_frontier_pair,constrained,True,True,False,2,results/alphaq_objective_beam_policy_external_validation_journal_k6_frontier/cuccaro_adder_n6/frontier_pair/selected-beam-shared-parity-w16/summary.json
external_journal_k6_frontier,cuccaro_adder_n6,applications,adder,13,20,84,depth_guarded_mixed_pair,failed,False,,,,,,,,,,not-materialized,,,,,,,,,,,3,True,t_preserving_frontier_pair,constrained,False,False,False,,
external_journal_k6_frontier,cuccaro_adder_n6,applications,adder,13,20,84,t_preserving_frontier_pair,ok,True,192,0.06550087134186647,2.6875,0.46149650959860383,0.10668171209728802,192.0,23.0,1145.0,7.896551724137931,ok,3004.7498688697815,8.195438304916024,3012.9453071746975,selected-beam-shared-parity-w16,192.0,15.0,684.0,4.7172413793103445,2.7828947368421053,698.0,3,True,t_preserving_frontier_pair,constrained,True,True,True,1,results/alphaq_objective_beam_policy_external_validation_journal_k6_frontier/cuccaro_adder_n6/t_preserving_frontier_pair/selected-beam-shared-parity-w16/summary.json
external_journal_k6_frontier,gf_2pow6_mult,arithmetic,gf-multiplier,18,18,252,factor_count,failed,False,,,,,,,,,,not-materialized,,,,,,,,,,,0,False,,missing,False,False,False,,
external_journal_k6_frontier,gf_2pow6_mult,arithmetic,gf-multiplier,18,18,252,factor_count_pair_cap,failed,False,,,,,,,,,,not-materialized,,,,,,,,,,,0,False,,missing,False,False,False,,
external_journal_k6_frontier,gf_2pow6_mult,arithmetic,gf-multiplier,18,18,252,mixed_pair,failed,False,,,,,,,,,,not-materialized,,,,,,,,,,,0,False,,missing,False,False,False,,
external_journal_k6_frontier,gf_2pow6_mult,arithmetic,gf-multiplier,18,18,252,frontier_pair,failed,False,,,,,,,,,,not-materialized,,,,,,,,,,,0,False,,missing,False,False,False,,
external_journal_k6_frontier,gf_2pow6_mult,arithmetic,gf-multiplier,18,18,252,depth_guarded_mixed_pair,failed,False,,,,,,,,,,not-materialized,,,,,,,,,,,0,False,,missing,False,False,False,,
external_journal_k6_frontier,gf_2pow6_mult,arithmetic,gf-multiplier,18,18,252,t_preserving_frontier_pair,failed,False,,,,,,,,,,not-materialized,,,,,,,,,,,0,False,,missing,False,False,False,,
external_journal_k6_frontier,gf_2pow7_mult,arithmetic,gf-multiplier,21,21,343,factor_count,ok,True,305,0.049006560394913495,2.7081967213114755,0.35170405522001724,0.07930499061862306,305.0,30.0,2198.0,8.486486486486486,ok,3014.2984144687653,18.696480515878648,3032.994894984644,selected-beam-shared-parity-w16,305.0,23.0,1355.0,5.231660231660232,1.3904593639575973,1432.0,3,True,t_preserving_frontier_pair,constrained,True,True,False,2,results/alphaq_objective_beam_policy_external_validation_journal_k6_frontier/gf_2pow7_mult/factor_count/selected-beam-shared-parity-w16/summary.json
external_journal_k6_frontier,gf_2pow7_mult,arithmetic,gf-multiplier,21,21,343,factor_count_pair_cap,failed,False,,,,,,,,,,not-materialized,,,,,,,,,,,3,True,t_preserving_frontier_pair,constrained,False,False,False,,
external_journal_k6_frontier,gf_2pow7_mult,arithmetic,gf-multiplier,21,21,343,mixed_pair,failed,False,,,,,,,,,,not-materialized,,,,,,,,,,,3,True,t_preserving_frontier_pair,constrained,False,False,False,,
external_journal_k6_frontier,gf_2pow7_mult,arithmetic,gf-multiplier,21,21,343,frontier_pair,ok,True,305,0.04938207707215522,2.734426229508197,0.36145383951682486,0.08104511620581509,305.0,32.0,2275.0,8.783783783783784,ok,3014.2931957244873,19.293915434973314,3033.5871111594606,selected-beam-shared-parity-w4,305.0,24.0,1364.0,5.2664092664092665,1.4469964664310955,1442.0,3,True,t_preserving_frontier_pair,constrained,True,True,False,3,results/alphaq_objective_beam_policy_external_validation_journal_k6_frontier/gf_2pow7_mult/frontier_pair/selected-beam-shared-parity-w4/summary.json
external_journal_k6_frontier,gf_2pow7_mult,arithmetic,gf-multiplier,21,21,343,depth_guarded_mixed_pair,failed,False,,,,,,,,,,not-materialized,,,,,,,,,,,3,True,t_preserving_frontier_pair,constrained,False,False,False,,
external_journal_k6_frontier,gf_2pow7_mult,arithmetic,gf-multiplier,21,21,343,t_preserving_frontier_pair,ok,True,279,0.049072035231204784,2.6810035842293907,0.34434387973492175,0.07928743538707181,279.0,41.0,2345.0,9.054054054054054,ok,3004.5955140590668,15.724695348879322,3020.320209407946,selected-beam-shared-parity-w16,279.0,20.0,1338.0,5.166023166023166,1.265017667844523,1332.0,3,True,t_preserving_frontier_pair,constrained,True,True,True,1,results/alphaq_objective_beam_policy_external_validation_journal_k6_frontier/gf_2pow7_mult/t_preserving_frontier_pair/selected-beam-shared-parity-w16/summary.json
external_journal_k6_frontier,hamming_weight_n8,applications,hamming-weight,15,21,49,factor_count,ok,True,182,0.06345740392367644,2.681318681318681,0.4439317588488859,0.10247751459274743,182.0,25.0,1466.0,24.433333333333334,ok,3002.890986919403,4.67427810584195,3007.565265025245,selected-beam-shared-parity-w16,182.0,15.0,685.0,11.416666666666666,4.295454545454546,720.0,2,True,t_preserving_frontier_pair,constrained,True,True,False,2,results/alphaq_objective_beam_policy_external_validation_journal_k6_frontier/hamming_weight_n8/factor_count/selected-beam-shared-parity-w16/summary.json
external_journal_k6_frontier,hamming_weight_n8,applications,hamming-weight,15,21,49,factor_count_pair_cap,failed,False,,,,,,,,,,not-materialized,,,,,,,,,,,2,True,t_preserving_frontier_pair,constrained,False,False,False,,
external_journal_k6_frontier,hamming_weight_n8,applications,hamming-weight,15,21,49,mixed_pair,failed,False,,,,,,,,,,not-materialized,,,,,,,,,,,2,True,t_preserving_frontier_pair,constrained,False,False,False,,
external_journal_k6_frontier,hamming_weight_n8,applications,hamming-weight,15,21,49,frontier_pair,failed,False,,,,,,,,,,not-materialized,,,,,,,,,,,2,True,t_preserving_frontier_pair,constrained,False,False,False,,
external_journal_k6_frontier,hamming_weight_n8,applications,hamming-weight,15,21,49,depth_guarded_mixed_pair,failed,False,,,,,,,,,,not-materialized,,,,,,,,,,,2,True,t_preserving_frontier_pair,constrained,False,False,False,,
external_journal_k6_frontier,hamming_weight_n8,applications,hamming-weight,15,21,49,t_preserving_frontier_pair,ok,True,165,0.06666666666666667,2.5454545454545454,0.4190687361419069,0.1022412862656765,165.0,32.0,1296.0,21.6,ok,3000.2901904582977,5.0707761340308934,3005.3609665923286,selected-beam-shared-parity-w16,165.0,17.0,644.0,10.733333333333333,3.397727272727273,524.0,2,True,t_preserving_frontier_pair,constrained,True,True,True,1,results/alphaq_objective_beam_policy_external_validation_journal_k6_frontier/hamming_weight_n8/t_preserving_frontier_pair/selected-beam-shared-parity-w16/summary.json
external_journal_k6_frontier,unary_iteration_n3,applications,unary-iteration,14,20,98,factor_count,ok,True,138,0.07140349197229404,2.5652173913043477,0.45456468845869036,0.11158715046369759,138.0,18.0,816.0,5.627586206896551,ok,3581.1722478866577,5.369429812999442,3586.541677699657,selected-beam-shared-parity-w16,138.0,12.0,570.0,3.9310344827586206,1.5683060109289617,472.0,3,True,t_preserving_frontier_pair,constrained,True,True,False,2,results/alphaq_objective_beam_policy_external_validation_journal_k6_frontier/unary_iteration_n3/factor_count/selected-beam-shared-parity-w16/summary.json
external_journal_k6_frontier,unary_iteration_n3,applications,unary-iteration,14,20,98,factor_count_pair_cap,failed,False,,,,,,,,,,not-materialized,,,,,,,,,,,3,True,t_preserving_frontier_pair,constrained,False,False,False,,
external_journal_k6_frontier,unary_iteration_n3,applications,unary-iteration,14,20,98,mixed_pair,failed,False,,,,,,,,,,not-materialized,,,,,,,,,,,3,True,t_preserving_frontier_pair,constrained,False,False,False,,
external_journal_k6_frontier,unary_iteration_n3,applications,unary-iteration,14,20,98,frontier_pair,ok,True,138,0.07140349197229404,2.5652173913043477,0.45456468845869036,0.11158715046369759,138.0,18.0,816.0,5.627586206896551,ok,3445.3876025676727,5.567739443155006,3450.9553420108277,selected-beam-shared-parity-w16,138.0,12.0,570.0,3.9310344827586206,1.5683060109289617,472.0,3,True,t_preserving_frontier_pair,constrained,True,True,False,3,results/alphaq_objective_beam_policy_external_validation_journal_k6_frontier/unary_iteration_n3/frontier_pair/selected-beam-shared-parity-w16/summary.json
external_journal_k6_frontier,unary_iteration_n3,applications,unary-iteration,14,20,98,depth_guarded_mixed_pair,failed,False,,,,,,,,,,not-materialized,,,,,,,,,,,3,True,t_preserving_frontier_pair,constrained,False,False,False,,
external_journal_k6_frontier,unary_iteration_n3,applications,unary-iteration,14,20,98,t_preserving_frontier_pair,ok,True,133,0.07082521117608837,2.5714285714285716,0.4523809523809524,0.11027948659527606,133.0,16.0,813.0,5.606896551724138,ok,3000.1988818645477,7.5298592410981655,3007.728741105646,selected-beam-shared-parity-w16,133.0,12.0,570.0,3.9310344827586206,1.4098360655737705,440.0,3,True,t_preserving_frontier_pair,constrained,True,True,True,1,results/alphaq_objective_beam_policy_external_validation_journal_k6_frontier/unary_iteration_n3/t_preserving_frontier_pair/selected-beam-shared-parity-w16/summary.json
