source_csv,target,objective_variant,materializer,candidate_id,qasm_status,qasm_path,original_qasm_path,tcount,tdepth,qasm_depth,legacy_primary_nc_depth_ratio_input,legacy_structural_status_input,legacy_zx_split_status,legacy_zx_total_depth,legacy_zx_best_side,legacy_zx_best_clifford_depth,legacy_zx_best_nonclifford_depth,legacy_zx_best_clifford_fraction,legacy_zx_num_nonclifford_spiders,legacy_zx_left_closure_iters,legacy_zx_right_closure_iters,paper_zx_split_status,paper_zx_detector_variant,paper_zx_rewrite_status,paper_zx_total_depth,paper_zx_best_side,paper_zx_best_clifford_depth,paper_zx_best_nonclifford_depth,paper_zx_best_clifford_fraction,paper_zx_num_nonclifford_spiders,paper_zx_left_closure_iters,paper_zx_right_closure_iters,paper_zx_vertices_before_rewrite,paper_zx_vertices_after_rewrite,paper_zx_clifford_rewrite_rounds,paper_primary_nc_depth_ratio,paper_structural_target_status,legacy_zx_split_error,paper_zx_split_error
/home/CIN/cacl2/Deep-Learning/project/results/csv/alphaq_objective_beam_policy_external_validation_grid.csv,nc_tof_4,factor_count,selected-shared-parity,,ok,/home/CIN/cacl2/Deep-Learning/project/results/alphaq_objective_beam_policy_external_validation/nc_tof_4/factor_count/selected-shared-parity/assembled.qasm,/home/CIN/cacl2/Deep-Learning/project/results/alphaq_decomposition_objective_external_validation/nc_tof_4/factor_count/shared-parity/nc_tof_4.qasm,24.0,6.0,290.0,,,ok,369,right,287,82,0.7777777777777778,24,1,1,ok,2504.16004-clifford,ok,56,tie,0,56,0.0,24,2,1,779,82,1,1.018181818181818,ok,,
/home/CIN/cacl2/Deep-Learning/project/results/csv/alphaq_objective_beam_policy_external_validation_grid.csv,nc_tof_4,factor_count,selected-beam-shared-parity-w4,,ok,/home/CIN/cacl2/Deep-Learning/project/results/alphaq_objective_beam_policy_external_validation/nc_tof_4/factor_count/selected-beam-shared-parity-w4/assembled.qasm,/home/CIN/cacl2/Deep-Learning/project/results/alphaq_decomposition_objective_external_validation/nc_tof_4/factor_count/shared-parity/nc_tof_4.qasm,24.0,4.0,245.0,,,ok,346,right,278,68,0.8034682080924855,24,1,1,ok,2504.16004-clifford,ok,48,tie,0,48,0.0,24,2,1,767,82,1,0.8727272727272727,ok,,
/home/CIN/cacl2/Deep-Learning/project/results/csv/alphaq_objective_beam_policy_external_validation_grid.csv,nc_tof_4,factor_count,selected-beam-shared-parity-w16,,ok,/home/CIN/cacl2/Deep-Learning/project/results/alphaq_objective_beam_policy_external_validation/nc_tof_4/factor_count/selected-beam-shared-parity-w16/assembled.qasm,/home/CIN/cacl2/Deep-Learning/project/results/alphaq_decomposition_objective_external_validation/nc_tof_4/factor_count/shared-parity/nc_tof_4.qasm,24.0,3.0,243.0,,,ok,336,right,273,63,0.8125,24,1,1,ok,2504.16004-clifford,ok,51,tie,0,51,0.0,24,2,1,743,82,1,0.9272727272727272,ok,,
/home/CIN/cacl2/Deep-Learning/project/results/csv/alphaq_objective_beam_policy_external_validation_grid.csv,nc_tof_4,factor_count_pair_cap,selected-shared-parity,,ok,/home/CIN/cacl2/Deep-Learning/project/results/alphaq_objective_beam_policy_external_validation/nc_tof_4/factor_count_pair_cap/selected-shared-parity/assembled.qasm,/home/CIN/cacl2/Deep-Learning/project/results/alphaq_decomposition_objective_external_validation/nc_tof_4/factor_count/shared-parity/nc_tof_4.qasm,32.0,7.0,287.0,,,ok,351,right,276,75,0.7863247863247863,32,1,1,ok,2504.16004-clifford,ok,58,tie,0,58,0.0,29,2,1,772,98,0,1.0545454545454545,ok,,
/home/CIN/cacl2/Deep-Learning/project/results/csv/alphaq_objective_beam_policy_external_validation_grid.csv,nc_tof_4,factor_count_pair_cap,selected-beam-shared-parity-w4,,ok,/home/CIN/cacl2/Deep-Learning/project/results/alphaq_objective_beam_policy_external_validation/nc_tof_4/factor_count_pair_cap/selected-beam-shared-parity-w4/assembled.qasm,/home/CIN/cacl2/Deep-Learning/project/results/alphaq_decomposition_objective_external_validation/nc_tof_4/factor_count/shared-parity/nc_tof_4.qasm,32.0,6.0,255.0,,,ok,355,right,278,77,0.7830985915492957,32,1,1,ok,2504.16004-clifford,ok,57,tie,0,57,0.0,28,2,1,800,98,0,1.0363636363636364,ok,,
/home/CIN/cacl2/Deep-Learning/project/results/csv/alphaq_objective_beam_policy_external_validation_grid.csv,nc_tof_4,factor_count_pair_cap,selected-beam-shared-parity-w16,,ok,/home/CIN/cacl2/Deep-Learning/project/results/alphaq_objective_beam_policy_external_validation/nc_tof_4/factor_count_pair_cap/selected-beam-shared-parity-w16/assembled.qasm,/home/CIN/cacl2/Deep-Learning/project/results/alphaq_decomposition_objective_external_validation/nc_tof_4/factor_count/shared-parity/nc_tof_4.qasm,32.0,6.0,248.0,,,ok,360,right,280,80,0.7777777777777778,32,1,1,ok,2504.16004-clifford,ok,59,tie,0,59,0.0,28,2,1,792,98,0,1.0727272727272728,ok,,
/home/CIN/cacl2/Deep-Learning/project/results/csv/alphaq_objective_beam_policy_external_validation_grid.csv,nc_tof_4,mixed_pair,selected-shared-parity,,ok,/home/CIN/cacl2/Deep-Learning/project/results/alphaq_objective_beam_policy_external_validation/nc_tof_4/mixed_pair/selected-shared-parity/assembled.qasm,/home/CIN/cacl2/Deep-Learning/project/results/alphaq_decomposition_objective_external_validation/nc_tof_4/factor_count/shared-parity/nc_tof_4.qasm,32.0,6.0,285.0,,,ok,355,right,273,82,0.7690140845070422,32,1,1,ok,2504.16004-clifford,ok,64,tie,0,64,0.0,29,1,1,752,98,0,1.1636363636363636,ok,,
/home/CIN/cacl2/Deep-Learning/project/results/csv/alphaq_objective_beam_policy_external_validation_grid.csv,nc_tof_4,mixed_pair,selected-beam-shared-parity-w4,,ok,/home/CIN/cacl2/Deep-Learning/project/results/alphaq_objective_beam_policy_external_validation/nc_tof_4/mixed_pair/selected-beam-shared-parity-w4/assembled.qasm,/home/CIN/cacl2/Deep-Learning/project/results/alphaq_decomposition_objective_external_validation/nc_tof_4/factor_count/shared-parity/nc_tof_4.qasm,32.0,6.0,250.0,,,ok,359,right,276,83,0.7688022284122563,32,1,1,ok,2504.16004-clifford,ok,57,tie,0,57,0.0,29,2,1,768,98,0,1.0363636363636364,ok,,
/home/CIN/cacl2/Deep-Learning/project/results/csv/alphaq_objective_beam_policy_external_validation_grid.csv,nc_tof_4,mixed_pair,selected-beam-shared-parity-w16,,ok,/home/CIN/cacl2/Deep-Learning/project/results/alphaq_objective_beam_policy_external_validation/nc_tof_4/mixed_pair/selected-beam-shared-parity-w16/assembled.qasm,/home/CIN/cacl2/Deep-Learning/project/results/alphaq_decomposition_objective_external_validation/nc_tof_4/factor_count/shared-parity/nc_tof_4.qasm,32.0,5.0,247.0,,,ok,346,right,273,73,0.7890173410404624,32,1,1,ok,2504.16004-clifford,ok,56,tie,0,56,0.0,29,2,1,756,98,0,1.018181818181818,ok,,
/home/CIN/cacl2/Deep-Learning/project/results/csv/alphaq_objective_beam_policy_external_validation_grid.csv,vbe_adder_3,factor_count,selected-shared-parity,,ok,/home/CIN/cacl2/Deep-Learning/project/results/alphaq_objective_beam_policy_external_validation/vbe_adder_3/factor_count/selected-shared-parity/assembled.qasm,/home/CIN/cacl2/Deep-Learning/project/results/alphaq_decomposition_objective_external_validation/vbe_adder_3/factor_count/shared-parity/vbe_adder_3.qasm,65.0,15.0,438.0,,,ok,548,right,378,170,0.6897810218978102,65,1,1,ok,2504.16004-clifford,ok,119,tie,0,119,0.0,63,2,1,1264,172,1,1.0258620689655173,ok,,
/home/CIN/cacl2/Deep-Learning/project/results/csv/alphaq_objective_beam_policy_external_validation_grid.csv,vbe_adder_3,factor_count,selected-beam-shared-parity-w4,,ok,/home/CIN/cacl2/Deep-Learning/project/results/alphaq_objective_beam_policy_external_validation/vbe_adder_3/factor_count/selected-beam-shared-parity-w4/assembled.qasm,/home/CIN/cacl2/Deep-Learning/project/results/alphaq_decomposition_objective_external_validation/vbe_adder_3/factor_count/shared-parity/vbe_adder_3.qasm,65.0,8.0,319.0,,,ok,525,right,379,146,0.7219047619047619,65,1,1,ok,2504.16004-clifford,ok,113,tie,0,113,0.0,63,1,1,1244,172,1,0.9741379310344828,ok,,
/home/CIN/cacl2/Deep-Learning/project/results/csv/alphaq_objective_beam_policy_external_validation_grid.csv,vbe_adder_3,factor_count,selected-beam-shared-parity-w16,,ok,/home/CIN/cacl2/Deep-Learning/project/results/alphaq_objective_beam_policy_external_validation/vbe_adder_3/factor_count/selected-beam-shared-parity-w16/assembled.qasm,/home/CIN/cacl2/Deep-Learning/project/results/alphaq_decomposition_objective_external_validation/vbe_adder_3/factor_count/shared-parity/vbe_adder_3.qasm,65.0,8.0,313.0,,,ok,532,right,384,148,0.7218045112781954,65,1,1,ok,2504.16004-clifford,ok,108,tie,0,108,0.0,62,2,1,1236,172,0,0.9310344827586207,ok,,
/home/CIN/cacl2/Deep-Learning/project/results/csv/alphaq_objective_beam_policy_external_validation_grid.csv,vbe_adder_3,factor_count_pair_cap,selected-shared-parity,,ok,/home/CIN/cacl2/Deep-Learning/project/results/alphaq_objective_beam_policy_external_validation/vbe_adder_3/factor_count_pair_cap/selected-shared-parity/assembled.qasm,/home/CIN/cacl2/Deep-Learning/project/results/alphaq_decomposition_objective_external_validation/vbe_adder_3/factor_count/shared-parity/vbe_adder_3.qasm,67.0,11.0,457.0,,,ok,559,right,389,170,0.6958855098389982,67,1,1,ok,2504.16004-clifford,ok,132,tie,0,132,0.0,66,1,1,1289,176,1,1.1379310344827587,ok,,
/home/CIN/cacl2/Deep-Learning/project/results/csv/alphaq_objective_beam_policy_external_validation_grid.csv,vbe_adder_3,factor_count_pair_cap,selected-beam-shared-parity-w4,,ok,/home/CIN/cacl2/Deep-Learning/project/results/alphaq_objective_beam_policy_external_validation/vbe_adder_3/factor_count_pair_cap/selected-beam-shared-parity-w4/assembled.qasm,/home/CIN/cacl2/Deep-Learning/project/results/alphaq_decomposition_objective_external_validation/vbe_adder_3/factor_count/shared-parity/vbe_adder_3.qasm,67.0,8.0,314.0,,,ok,563,right,395,168,0.7015985790408525,67,1,1,ok,2504.16004-clifford,ok,121,tie,0,121,0.0,66,1,1,1309,176,0,1.043103448275862,ok,,
/home/CIN/cacl2/Deep-Learning/project/results/csv/alphaq_objective_beam_policy_external_validation_grid.csv,vbe_adder_3,factor_count_pair_cap,selected-beam-shared-parity-w16,,ok,/home/CIN/cacl2/Deep-Learning/project/results/alphaq_objective_beam_policy_external_validation/vbe_adder_3/factor_count_pair_cap/selected-beam-shared-parity-w16/assembled.qasm,/home/CIN/cacl2/Deep-Learning/project/results/alphaq_decomposition_objective_external_validation/vbe_adder_3/factor_count/shared-parity/vbe_adder_3.qasm,67.0,7.0,311.0,,,ok,524,right,370,154,0.7061068702290076,67,1,1,ok,2504.16004-clifford,ok,121,tie,0,121,0.0,66,1,1,1253,176,1,1.043103448275862,ok,,
/home/CIN/cacl2/Deep-Learning/project/results/csv/alphaq_objective_beam_policy_external_validation_journal_full_cuccaro_adder_n4_grid.csv,cuccaro_adder_n4,factor_count,selected-shared-parity,,ok,/home/CIN/cacl2/Deep-Learning/project/results/alphaq_objective_beam_policy_external_validation_journal_full_cuccaro_adder_n4/cuccaro_adder_n4/factor_count/selected-shared-parity/assembled.qasm,/home/CIN/cacl2/Deep-Learning/project/results/alphaq_decomposition_objective_external_validation_journal_full_cuccaro_adder_n4/cuccaro_adder_n4/factor_count/shared-parity/cuccaro_adder_n4.qasm,23.0,7.0,283.0,,,ok,336,right,275,62,0.8184523809523809,23,1,1,ok,2504.16004-clifford,ok,54,left,1,53,0.018518518518518517,23,2,1,732,85,1,1.06,ok,,
/home/CIN/cacl2/Deep-Learning/project/results/csv/alphaq_objective_beam_policy_external_validation_journal_full_cuccaro_adder_n4_grid.csv,cuccaro_adder_n4,factor_count,selected-beam-shared-parity-w4,,ok,/home/CIN/cacl2/Deep-Learning/project/results/alphaq_objective_beam_policy_external_validation_journal_full_cuccaro_adder_n4/cuccaro_adder_n4/factor_count/selected-beam-shared-parity-w4/assembled.qasm,/home/CIN/cacl2/Deep-Learning/project/results/alphaq_decomposition_objective_external_validation_journal_full_cuccaro_adder_n4/cuccaro_adder_n4/factor_count/shared-parity/cuccaro_adder_n4.qasm,23.0,6.0,252.0,,,ok,328,right,276,53,0.8414634146341463,23,1,1,ok,2504.16004-clifford,ok,51,left,1,50,0.0196078431372549,23,2,1,716,85,1,1.0,ok,,
/home/CIN/cacl2/Deep-Learning/project/results/csv/alphaq_objective_beam_policy_external_validation_journal_full_cuccaro_adder_n4_grid.csv,cuccaro_adder_n4,factor_count,selected-beam-shared-parity-w16,,ok,/home/CIN/cacl2/Deep-Learning/project/results/alphaq_objective_beam_policy_external_validation_journal_full_cuccaro_adder_n4/cuccaro_adder_n4/factor_count/selected-beam-shared-parity-w16/assembled.qasm,/home/CIN/cacl2/Deep-Learning/project/results/alphaq_decomposition_objective_external_validation_journal_full_cuccaro_adder_n4/cuccaro_adder_n4/factor_count/shared-parity/cuccaro_adder_n4.qasm,23.0,4.0,244.0,,,ok,314,right,268,47,0.8535031847133758,23,1,1,ok,2504.16004-clifford,ok,46,left,1,45,0.021739130434782608,23,2,1,692,85,1,0.9,ok,,
/home/CIN/cacl2/Deep-Learning/project/results/csv/alphaq_objective_beam_policy_external_validation_journal_full_cuccaro_adder_n4_grid.csv,cuccaro_adder_n4,factor_count,selected-beam-shared-parity-w32,,ok,/home/CIN/cacl2/Deep-Learning/project/results/alphaq_objective_beam_policy_external_validation_journal_full_cuccaro_adder_n4/cuccaro_adder_n4/factor_count/selected-beam-shared-parity-w32/assembled.qasm,/home/CIN/cacl2/Deep-Learning/project/results/alphaq_decomposition_objective_external_validation_journal_full_cuccaro_adder_n4/cuccaro_adder_n4/factor_count/shared-parity/cuccaro_adder_n4.qasm,23.0,4.0,241.0,,,ok,315,right,269,48,0.8539682539682539,23,1,1,ok,2504.16004-clifford,ok,45,left,1,44,0.022222222222222223,23,2,1,692,85,1,0.88,ok,,
/home/CIN/cacl2/Deep-Learning/project/results/csv/alphaq_objective_beam_policy_external_validation_journal_full_cuccaro_adder_n4_grid.csv,cuccaro_adder_n4,factor_count_pair_cap,selected-shared-parity,,ok,/home/CIN/cacl2/Deep-Learning/project/results/alphaq_objective_beam_policy_external_validation_journal_full_cuccaro_adder_n4/cuccaro_adder_n4/factor_count_pair_cap/selected-shared-parity/assembled.qasm,/home/CIN/cacl2/Deep-Learning/project/results/alphaq_decomposition_objective_external_validation_journal_full_cuccaro_adder_n4/cuccaro_adder_n4/factor_count/shared-parity/cuccaro_adder_n4.qasm,23.0,9.0,283.0,,,ok,346,right,283,64,0.8179190751445087,23,1,1,ok,2504.16004-clifford,ok,53,left,1,52,0.018867924528301886,23,2,1,748,85,1,1.04,ok,,
/home/CIN/cacl2/Deep-Learning/project/results/csv/alphaq_objective_beam_policy_external_validation_journal_full_cuccaro_adder_n4_grid.csv,cuccaro_adder_n4,factor_count_pair_cap,selected-beam-shared-parity-w4,,ok,/home/CIN/cacl2/Deep-Learning/project/results/alphaq_objective_beam_policy_external_validation_journal_full_cuccaro_adder_n4/cuccaro_adder_n4/factor_count_pair_cap/selected-beam-shared-parity-w4/assembled.qasm,/home/CIN/cacl2/Deep-Learning/project/results/alphaq_decomposition_objective_external_validation_journal_full_cuccaro_adder_n4/cuccaro_adder_n4/factor_count/shared-parity/cuccaro_adder_n4.qasm,23.0,5.0,254.0,,,ok,321,right,273,49,0.8504672897196262,23,1,1,ok,2504.16004-clifford,ok,46,left,1,45,0.021739130434782608,23,2,1,712,85,1,0.9,ok,,
/home/CIN/cacl2/Deep-Learning/project/results/csv/alphaq_objective_beam_policy_external_validation_journal_full_cuccaro_adder_n4_grid.csv,cuccaro_adder_n4,factor_count_pair_cap,selected-beam-shared-parity-w16,,ok,/home/CIN/cacl2/Deep-Learning/project/results/alphaq_objective_beam_policy_external_validation_journal_full_cuccaro_adder_n4/cuccaro_adder_n4/factor_count_pair_cap/selected-beam-shared-parity-w16/assembled.qasm,/home/CIN/cacl2/Deep-Learning/project/results/alphaq_decomposition_objective_external_validation_journal_full_cuccaro_adder_n4/cuccaro_adder_n4/factor_count/shared-parity/cuccaro_adder_n4.qasm,23.0,4.0,253.0,,,ok,313,right,269,45,0.8594249201277955,23,1,1,ok,2504.16004-clifford,ok,47,left,1,46,0.02127659574468085,23,2,1,684,85,1,0.92,ok,,
/home/CIN/cacl2/Deep-Learning/project/results/csv/alphaq_objective_beam_policy_external_validation_journal_full_cuccaro_adder_n4_grid.csv,cuccaro_adder_n4,factor_count_pair_cap,selected-beam-shared-parity-w32,,ok,/home/CIN/cacl2/Deep-Learning/project/results/alphaq_objective_beam_policy_external_validation_journal_full_cuccaro_adder_n4/cuccaro_adder_n4/factor_count_pair_cap/selected-beam-shared-parity-w32/assembled.qasm,/home/CIN/cacl2/Deep-Learning/project/results/alphaq_decomposition_objective_external_validation_journal_full_cuccaro_adder_n4/cuccaro_adder_n4/factor_count/shared-parity/cuccaro_adder_n4.qasm,23.0,6.0,251.0,,,ok,307,right,266,42,0.8664495114006515,23,1,1,ok,2504.16004-clifford,ok,47,left,1,47,0.02127659574468085,23,2,1,684,85,1,0.94,ok,,
/home/CIN/cacl2/Deep-Learning/project/results/csv/alphaq_objective_beam_policy_external_validation_journal_full_cuccaro_adder_n4_grid.csv,cuccaro_adder_n4,mixed_pair,selected-shared-parity,,ok,/home/CIN/cacl2/Deep-Learning/project/results/alphaq_objective_beam_policy_external_validation_journal_full_cuccaro_adder_n4/cuccaro_adder_n4/mixed_pair/selected-shared-parity/assembled.qasm,/home/CIN/cacl2/Deep-Learning/project/results/alphaq_decomposition_objective_external_validation_journal_full_cuccaro_adder_n4/cuccaro_adder_n4/factor_count/shared-parity/cuccaro_adder_n4.qasm,32.0,7.0,313.0,,,ok,368,right,290,79,0.7880434782608695,32,1,1,ok,2504.16004-clifford,ok,63,tie,0,63,0.0,31,2,1,792,102,1,1.26,ok,,
/home/CIN/cacl2/Deep-Learning/project/results/csv/alphaq_objective_beam_policy_external_validation_journal_full_cuccaro_adder_n4_grid.csv,cuccaro_adder_n4,mixed_pair,selected-beam-shared-parity-w4,,ok,/home/CIN/cacl2/Deep-Learning/project/results/alphaq_objective_beam_policy_external_validation_journal_full_cuccaro_adder_n4/cuccaro_adder_n4/mixed_pair/selected-beam-shared-parity-w4/assembled.qasm,/home/CIN/cacl2/Deep-Learning/project/results/alphaq_decomposition_objective_external_validation_journal_full_cuccaro_adder_n4/cuccaro_adder_n4/factor_count/shared-parity/cuccaro_adder_n4.qasm,32.0,6.0,262.0,,,ok,339,right,282,58,0.831858407079646,32,1,1,ok,2504.16004-clifford,ok,55,tie,0,55,0.0,31,2,1,784,102,1,1.1,ok,,
/home/CIN/cacl2/Deep-Learning/project/results/csv/alphaq_objective_beam_policy_external_validation_journal_full_cuccaro_adder_n4_grid.csv,cuccaro_adder_n4,mixed_pair,selected-beam-shared-parity-w16,,ok,/home/CIN/cacl2/Deep-Learning/project/results/alphaq_objective_beam_policy_external_validation_journal_full_cuccaro_adder_n4/cuccaro_adder_n4/mixed_pair/selected-beam-shared-parity-w16/assembled.qasm,/home/CIN/cacl2/Deep-Learning/project/results/alphaq_decomposition_objective_external_validation_journal_full_cuccaro_adder_n4/cuccaro_adder_n4/factor_count/shared-parity/cuccaro_adder_n4.qasm,32.0,6.0,253.0,,,ok,331,right,273,59,0.824773413897281,32,1,1,ok,2504.16004-clifford,ok,58,left,1,57,0.017241379310344827,31,2,1,740,102,0,1.14,ok,,
/home/CIN/cacl2/Deep-Learning/project/results/csv/alphaq_objective_beam_policy_external_validation_journal_full_cuccaro_adder_n4_grid.csv,cuccaro_adder_n4,mixed_pair,selected-beam-shared-parity-w32,,ok,/home/CIN/cacl2/Deep-Learning/project/results/alphaq_objective_beam_policy_external_validation_journal_full_cuccaro_adder_n4/cuccaro_adder_n4/mixed_pair/selected-beam-shared-parity-w32/assembled.qasm,/home/CIN/cacl2/Deep-Learning/project/results/alphaq_decomposition_objective_external_validation_journal_full_cuccaro_adder_n4/cuccaro_adder_n4/factor_count/shared-parity/cuccaro_adder_n4.qasm,32.0,6.0,252.0,,,ok,328,right,272,57,0.8292682926829268,32,1,1,ok,2504.16004-clifford,ok,52,left,1,51,0.019230769230769232,31,2,1,748,102,1,1.02,ok,,
/home/CIN/cacl2/Deep-Learning/project/results/csv/alphaq_objective_beam_policy_external_validation_journal_full_gf_2pow4_mult_grid.csv,gf_2pow4_mult,factor_count,selected-shared-parity,,ok,/home/CIN/cacl2/Deep-Learning/project/results/alphaq_objective_beam_policy_external_validation_journal_full_gf_2pow4_mult/gf_2pow4_mult/factor_count/selected-shared-parity/assembled.qasm,/home/CIN/cacl2/Deep-Learning/project/results/alphaq_decomposition_objective_external_validation_journal_full_gf_2pow4_mult/gf_2pow4_mult/factor_count/shared-parity/gf_2pow4_mult.qasm,57.0,12.0,584.0,,,ok,895,right,751,144,0.8391061452513966,57,1,1,ok,2504.16004-clifford,ok,105,tie,0,105,0.0,54,2,1,1828,150,0,0.9813084112149533,ok,,
/home/CIN/cacl2/Deep-Learning/project/results/csv/alphaq_objective_beam_policy_external_validation_journal_full_gf_2pow4_mult_grid.csv,gf_2pow4_mult,factor_count,selected-beam-shared-parity-w4,,ok,/home/CIN/cacl2/Deep-Learning/project/results/alphaq_objective_beam_policy_external_validation_journal_full_gf_2pow4_mult/gf_2pow4_mult/factor_count/selected-beam-shared-parity-w4/assembled.qasm,/home/CIN/cacl2/Deep-Learning/project/results/alphaq_decomposition_objective_external_validation_journal_full_gf_2pow4_mult/gf_2pow4_mult/factor_count/shared-parity/gf_2pow4_mult.qasm,57.0,9.0,464.0,,,ok,878,right,748,131,0.8519362186788155,57,1,1,ok,2504.16004-clifford,ok,99,tie,0,99,0.0,54,1,1,1840,150,0,0.9252336448598131,ok,,
/home/CIN/cacl2/Deep-Learning/project/results/csv/alphaq_objective_beam_policy_external_validation_journal_full_gf_2pow4_mult_grid.csv,gf_2pow4_mult,factor_count,selected-beam-shared-parity-w16,,ok,/home/CIN/cacl2/Deep-Learning/project/results/alphaq_objective_beam_policy_external_validation_journal_full_gf_2pow4_mult/gf_2pow4_mult/factor_count/selected-beam-shared-parity-w16/assembled.qasm,/home/CIN/cacl2/Deep-Learning/project/results/alphaq_decomposition_objective_external_validation_journal_full_gf_2pow4_mult/gf_2pow4_mult/factor_count/shared-parity/gf_2pow4_mult.qasm,57.0,7.0,467.0,,,ok,892,right,759,133,0.850896860986547,57,1,1,ok,2504.16004-clifford,ok,102,tie,0,102,0.0,54,2,1,1840,150,0,0.9532710280373832,ok,,
/home/CIN/cacl2/Deep-Learning/project/results/csv/alphaq_objective_beam_policy_external_validation_journal_full_gf_2pow4_mult_grid.csv,gf_2pow4_mult,factor_count,selected-beam-shared-parity-w32,,ok,/home/CIN/cacl2/Deep-Learning/project/results/alphaq_objective_beam_policy_external_validation_journal_full_gf_2pow4_mult/gf_2pow4_mult/factor_count/selected-beam-shared-parity-w32/assembled.qasm,/home/CIN/cacl2/Deep-Learning/project/results/alphaq_decomposition_objective_external_validation_journal_full_gf_2pow4_mult/gf_2pow4_mult/factor_count/shared-parity/gf_2pow4_mult.qasm,57.0,8.0,461.0,,,ok,872,right,749,124,0.8589449541284404,57,1,1,ok,2504.16004-clifford,ok,93,tie,0,93,0.0,54,2,1,1816,150,0,0.8691588785046729,ok,,
/home/CIN/cacl2/Deep-Learning/project/results/csv/alphaq_objective_beam_policy_external_validation_journal_full_gf_2pow4_mult_grid.csv,gf_2pow4_mult,factor_count_pair_cap,selected-shared-parity,,ok,/home/CIN/cacl2/Deep-Learning/project/results/alphaq_objective_beam_policy_external_validation_journal_full_gf_2pow4_mult/gf_2pow4_mult/factor_count_pair_cap/selected-shared-parity/assembled.qasm,/home/CIN/cacl2/Deep-Learning/project/results/alphaq_decomposition_objective_external_validation_journal_full_gf_2pow4_mult/gf_2pow4_mult/factor_count/shared-parity/gf_2pow4_mult.qasm,55.0,13.0,602.0,,,ok,944,right,783,161,0.8294491525423728,55,1,1,ok,2504.16004-clifford,ok,107,tie,0,107,0.0,54,2,1,1896,146,1,1.0,ok,,
/home/CIN/cacl2/Deep-Learning/project/results/csv/alphaq_objective_beam_policy_external_validation_journal_full_gf_2pow4_mult_grid.csv,gf_2pow4_mult,factor_count_pair_cap,selected-beam-shared-parity-w4,,ok,/home/CIN/cacl2/Deep-Learning/project/results/alphaq_objective_beam_policy_external_validation_journal_full_gf_2pow4_mult/gf_2pow4_mult/factor_count_pair_cap/selected-beam-shared-parity-w4/assembled.qasm,/home/CIN/cacl2/Deep-Learning/project/results/alphaq_decomposition_objective_external_validation_journal_full_gf_2pow4_mult/gf_2pow4_mult/factor_count/shared-parity/gf_2pow4_mult.qasm,55.0,8.0,473.0,,,ok,899,right,769,130,0.8553948832035595,55,1,1,ok,2504.16004-clifford,ok,93,tie,0,93,0.0,54,2,1,1872,146,1,0.8691588785046729,ok,,
/home/CIN/cacl2/Deep-Learning/project/results/csv/alphaq_objective_beam_policy_external_validation_journal_full_gf_2pow4_mult_grid.csv,gf_2pow4_mult,factor_count_pair_cap,selected-beam-shared-parity-w16,,ok,/home/CIN/cacl2/Deep-Learning/project/results/alphaq_objective_beam_policy_external_validation_journal_full_gf_2pow4_mult/gf_2pow4_mult/factor_count_pair_cap/selected-beam-shared-parity-w16/assembled.qasm,/home/CIN/cacl2/Deep-Learning/project/results/alphaq_decomposition_objective_external_validation_journal_full_gf_2pow4_mult/gf_2pow4_mult/factor_count/shared-parity/gf_2pow4_mult.qasm,55.0,6.0,464.0,,,ok,907,right,767,141,0.8456449834619625,55,1,1,ok,2504.16004-clifford,ok,103,tie,0,103,0.0,54,1,1,1860,146,1,0.9626168224299065,ok,,
/home/CIN/cacl2/Deep-Learning/project/results/csv/alphaq_objective_beam_policy_external_validation_journal_full_gf_2pow4_mult_grid.csv,gf_2pow4_mult,factor_count_pair_cap,selected-beam-shared-parity-w32,,ok,/home/CIN/cacl2/Deep-Learning/project/results/alphaq_objective_beam_policy_external_validation_journal_full_gf_2pow4_mult/gf_2pow4_mult/factor_count_pair_cap/selected-beam-shared-parity-w32/assembled.qasm,/home/CIN/cacl2/Deep-Learning/project/results/alphaq_decomposition_objective_external_validation_journal_full_gf_2pow4_mult/gf_2pow4_mult/factor_count/shared-parity/gf_2pow4_mult.qasm,55.0,8.0,462.0,,,ok,872,right,748,124,0.8577981651376146,55,1,1,ok,2504.16004-clifford,ok,96,tie,0,96,0.0,54,1,1,1804,146,0,0.897196261682243,ok,,
/home/CIN/cacl2/Deep-Learning/project/results/csv/alphaq_objective_beam_policy_external_validation_journal_full_gf_2pow4_mult_grid.csv,gf_2pow4_mult,mixed_pair,selected-shared-parity,,ok,/home/CIN/cacl2/Deep-Learning/project/results/alphaq_objective_beam_policy_external_validation_journal_full_gf_2pow4_mult/gf_2pow4_mult/mixed_pair/selected-shared-parity/assembled.qasm,/home/CIN/cacl2/Deep-Learning/project/results/alphaq_decomposition_objective_external_validation_journal_full_gf_2pow4_mult/gf_2pow4_mult/factor_count/shared-parity/gf_2pow4_mult.qasm,63.0,9.0,576.0,,,ok,919,right,753,166,0.8193688792165397,63,1,1,ok,2504.16004-clifford,ok,122,tie,0,122,0.0,59,2,1,1837,162,0,1.1401869158878504,ok,,
/home/CIN/cacl2/Deep-Learning/project/results/csv/alphaq_objective_beam_policy_external_validation_journal_full_gf_2pow4_mult_grid.csv,gf_2pow4_mult,mixed_pair,selected-beam-shared-parity-w4,,ok,/home/CIN/cacl2/Deep-Learning/project/results/alphaq_objective_beam_policy_external_validation_journal_full_gf_2pow4_mult/gf_2pow4_mult/mixed_pair/selected-beam-shared-parity-w4/assembled.qasm,/home/CIN/cacl2/Deep-Learning/project/results/alphaq_decomposition_objective_external_validation_journal_full_gf_2pow4_mult/gf_2pow4_mult/factor_count/shared-parity/gf_2pow4_mult.qasm,63.0,9.0,462.0,,,ok,900,right,749,151,0.8322222222222222,63,1,1,ok,2504.16004-clifford,ok,114,tie,0,114,0.0,59,1,1,1821,162,0,1.0654205607476634,ok,,
/home/CIN/cacl2/Deep-Learning/project/results/csv/alphaq_objective_beam_policy_external_validation_journal_full_gf_2pow4_mult_grid.csv,gf_2pow4_mult,mixed_pair,selected-beam-shared-parity-w16,,ok,/home/CIN/cacl2/Deep-Learning/project/results/alphaq_objective_beam_policy_external_validation_journal_full_gf_2pow4_mult/gf_2pow4_mult/mixed_pair/selected-beam-shared-parity-w16/assembled.qasm,/home/CIN/cacl2/Deep-Learning/project/results/alphaq_decomposition_objective_external_validation_journal_full_gf_2pow4_mult/gf_2pow4_mult/factor_count/shared-parity/gf_2pow4_mult.qasm,63.0,7.0,457.0,,,ok,857,right,734,125,0.8564760793465578,63,1,1,ok,2504.16004-clifford,ok,105,tie,0,105,0.0,59,2,1,1781,162,0,0.9813084112149533,ok,,
/home/CIN/cacl2/Deep-Learning/project/results/csv/alphaq_objective_beam_policy_external_validation_journal_full_gf_2pow4_mult_grid.csv,gf_2pow4_mult,mixed_pair,selected-beam-shared-parity-w32,,ok,/home/CIN/cacl2/Deep-Learning/project/results/alphaq_objective_beam_policy_external_validation_journal_full_gf_2pow4_mult/gf_2pow4_mult/mixed_pair/selected-beam-shared-parity-w32/assembled.qasm,/home/CIN/cacl2/Deep-Learning/project/results/alphaq_decomposition_objective_external_validation_journal_full_gf_2pow4_mult/gf_2pow4_mult/factor_count/shared-parity/gf_2pow4_mult.qasm,63.0,9.0,452.0,,,ok,861,right,729,132,0.8466898954703833,63,1,1,ok,2504.16004-clifford,ok,113,tie,0,113,0.0,59,2,1,1769,162,0,1.0560747663551402,ok,,
/home/CIN/cacl2/Deep-Learning/project/results/csv/alphaq_objective_beam_policy_external_validation_journal_full_hamming_weight_n6_grid.csv,hamming_weight_n6,factor_count,selected-shared-parity,,ok,/home/CIN/cacl2/Deep-Learning/project/results/alphaq_objective_beam_policy_external_validation_journal_full_hamming_weight_n6/hamming_weight_n6/factor_count/selected-shared-parity/assembled.qasm,/home/CIN/cacl2/Deep-Learning/project/results/alphaq_decomposition_objective_external_validation_journal_full_hamming_weight_n6/hamming_weight_n6/factor_count/shared-parity/hamming_weight_n6.qasm,25.0,6.0,242.0,,,ok,306,right,232,74,0.7581699346405228,25,1,1,ok,2504.16004-clifford,ok,51,tie,0,51,0.0,23,1,1,685,86,1,1.0,ok,,
/home/CIN/cacl2/Deep-Learning/project/results/csv/alphaq_objective_beam_policy_external_validation_journal_full_hamming_weight_n6_grid.csv,hamming_weight_n6,factor_count,selected-beam-shared-parity-w4,,ok,/home/CIN/cacl2/Deep-Learning/project/results/alphaq_objective_beam_policy_external_validation_journal_full_hamming_weight_n6/hamming_weight_n6/factor_count/selected-beam-shared-parity-w4/assembled.qasm,/home/CIN/cacl2/Deep-Learning/project/results/alphaq_decomposition_objective_external_validation_journal_full_hamming_weight_n6/hamming_weight_n6/factor_count/shared-parity/hamming_weight_n6.qasm,25.0,4.0,178.0,,,ok,256,right,208,48,0.8125,25,1,1,ok,2504.16004-clifford,ok,47,tie,0,47,0.0,23,1,1,617,86,1,0.9215686274509803,ok,,
/home/CIN/cacl2/Deep-Learning/project/results/csv/alphaq_objective_beam_policy_external_validation_journal_full_hamming_weight_n6_grid.csv,hamming_weight_n6,factor_count,selected-beam-shared-parity-w16,,ok,/home/CIN/cacl2/Deep-Learning/project/results/alphaq_objective_beam_policy_external_validation_journal_full_hamming_weight_n6/hamming_weight_n6/factor_count/selected-beam-shared-parity-w16/assembled.qasm,/home/CIN/cacl2/Deep-Learning/project/results/alphaq_decomposition_objective_external_validation_journal_full_hamming_weight_n6/hamming_weight_n6/factor_count/shared-parity/hamming_weight_n6.qasm,25.0,4.0,177.0,,,ok,256,right,209,47,0.81640625,25,1,1,ok,2504.16004-clifford,ok,47,tie,0,47,0.0,23,1,1,617,86,1,0.9215686274509803,ok,,
/home/CIN/cacl2/Deep-Learning/project/results/csv/alphaq_objective_beam_policy_external_validation_journal_full_hamming_weight_n6_grid.csv,hamming_weight_n6,factor_count,selected-beam-shared-parity-w32,,ok,/home/CIN/cacl2/Deep-Learning/project/results/alphaq_objective_beam_policy_external_validation_journal_full_hamming_weight_n6/hamming_weight_n6/factor_count/selected-beam-shared-parity-w32/assembled.qasm,/home/CIN/cacl2/Deep-Learning/project/results/alphaq_decomposition_objective_external_validation_journal_full_hamming_weight_n6/hamming_weight_n6/factor_count/shared-parity/hamming_weight_n6.qasm,25.0,4.0,173.0,,,ok,249,right,207,42,0.8313253012048193,25,1,1,ok,2504.16004-clifford,ok,44,tie,0,44,0.0,23,2,1,609,86,0,0.8627450980392157,ok,,
/home/CIN/cacl2/Deep-Learning/project/results/csv/alphaq_objective_beam_policy_external_validation_journal_full_hamming_weight_n6_grid.csv,hamming_weight_n6,factor_count_pair_cap,selected-shared-parity,,ok,/home/CIN/cacl2/Deep-Learning/project/results/alphaq_objective_beam_policy_external_validation_journal_full_hamming_weight_n6/hamming_weight_n6/factor_count_pair_cap/selected-shared-parity/assembled.qasm,/home/CIN/cacl2/Deep-Learning/project/results/alphaq_decomposition_objective_external_validation_journal_full_hamming_weight_n6/hamming_weight_n6/factor_count/shared-parity/hamming_weight_n6.qasm,25.0,7.0,224.0,,,ok,275,right,214,61,0.7781818181818182,25,1,1,ok,2504.16004-clifford,ok,45,tie,0,45,0.0,21,1,1,636,86,1,0.8823529411764706,ok,,
/home/CIN/cacl2/Deep-Learning/project/results/csv/alphaq_objective_beam_policy_external_validation_journal_full_hamming_weight_n6_grid.csv,hamming_weight_n6,factor_count_pair_cap,selected-beam-shared-parity-w4,,ok,/home/CIN/cacl2/Deep-Learning/project/results/alphaq_objective_beam_policy_external_validation_journal_full_hamming_weight_n6/hamming_weight_n6/factor_count_pair_cap/selected-beam-shared-parity-w4/assembled.qasm,/home/CIN/cacl2/Deep-Learning/project/results/alphaq_decomposition_objective_external_validation_journal_full_hamming_weight_n6/hamming_weight_n6/factor_count/shared-parity/hamming_weight_n6.qasm,25.0,4.0,173.0,,,ok,247,right,200,48,0.8097165991902834,25,1,1,ok,2504.16004-clifford,ok,44,tie,0,44,0.0,21,1,1,612,86,0,0.8627450980392157,ok,,
/home/CIN/cacl2/Deep-Learning/project/results/csv/alphaq_objective_beam_policy_external_validation_journal_full_hamming_weight_n6_grid.csv,hamming_weight_n6,factor_count_pair_cap,selected-beam-shared-parity-w16,,ok,/home/CIN/cacl2/Deep-Learning/project/results/alphaq_objective_beam_policy_external_validation_journal_full_hamming_weight_n6/hamming_weight_n6/factor_count_pair_cap/selected-beam-shared-parity-w16/assembled.qasm,/home/CIN/cacl2/Deep-Learning/project/results/alphaq_decomposition_objective_external_validation_journal_full_hamming_weight_n6/hamming_weight_n6/factor_count/shared-parity/hamming_weight_n6.qasm,25.0,4.0,169.0,,,ok,253,right,201,52,0.7944664031620553,25,1,1,ok,2504.16004-clifford,ok,45,tie,0,45,0.0,21,1,1,604,86,0,0.8823529411764706,ok,,
/home/CIN/cacl2/Deep-Learning/project/results/csv/alphaq_objective_beam_policy_external_validation_journal_full_hamming_weight_n6_grid.csv,hamming_weight_n6,factor_count_pair_cap,selected-beam-shared-parity-w32,,ok,/home/CIN/cacl2/Deep-Learning/project/results/alphaq_objective_beam_policy_external_validation_journal_full_hamming_weight_n6/hamming_weight_n6/factor_count_pair_cap/selected-beam-shared-parity-w32/assembled.qasm,/home/CIN/cacl2/Deep-Learning/project/results/alphaq_decomposition_objective_external_validation_journal_full_hamming_weight_n6/hamming_weight_n6/factor_count/shared-parity/hamming_weight_n6.qasm,25.0,4.0,168.0,,,ok,237,right,197,40,0.8312236286919831,25,1,1,ok,2504.16004-clifford,ok,42,left,1,41,0.023809523809523808,20,2,1,568,86,0,0.803921568627451,ok,,
/home/CIN/cacl2/Deep-Learning/project/results/csv/alphaq_objective_beam_policy_external_validation_journal_full_hamming_weight_n6_grid.csv,hamming_weight_n6,mixed_pair,selected-shared-parity,,ok,/home/CIN/cacl2/Deep-Learning/project/results/alphaq_objective_beam_policy_external_validation_journal_full_hamming_weight_n6/hamming_weight_n6/mixed_pair/selected-shared-parity/assembled.qasm,/home/CIN/cacl2/Deep-Learning/project/results/alphaq_decomposition_objective_external_validation_journal_full_hamming_weight_n6/hamming_weight_n6/factor_count/shared-parity/hamming_weight_n6.qasm,26.0,7.0,205.0,,,ok,271,right,212,59,0.7822878228782287,26,1,1,ok,2504.16004-clifford,ok,53,tie,0,53,0.0,24,2,1,617,88,1,1.0392156862745099,ok,,
/home/CIN/cacl2/Deep-Learning/project/results/csv/alphaq_objective_beam_policy_external_validation_journal_full_hamming_weight_n6_grid.csv,hamming_weight_n6,mixed_pair,selected-beam-shared-parity-w4,,ok,/home/CIN/cacl2/Deep-Learning/project/results/alphaq_objective_beam_policy_external_validation_journal_full_hamming_weight_n6/hamming_weight_n6/mixed_pair/selected-beam-shared-parity-w4/assembled.qasm,/home/CIN/cacl2/Deep-Learning/project/results/alphaq_decomposition_objective_external_validation_journal_full_hamming_weight_n6/hamming_weight_n6/factor_count/shared-parity/hamming_weight_n6.qasm,26.0,6.0,188.0,,,ok,278,right,216,62,0.7769784172661871,26,1,1,ok,2504.16004-clifford,ok,52,tie,0,52,0.0,24,1,2,645,88,1,1.0196078431372548,ok,,
/home/CIN/cacl2/Deep-Learning/project/results/csv/alphaq_objective_beam_policy_external_validation_journal_full_hamming_weight_n6_grid.csv,hamming_weight_n6,mixed_pair,selected-beam-shared-parity-w16,,ok,/home/CIN/cacl2/Deep-Learning/project/results/alphaq_objective_beam_policy_external_validation_journal_full_hamming_weight_n6/hamming_weight_n6/mixed_pair/selected-beam-shared-parity-w16/assembled.qasm,/home/CIN/cacl2/Deep-Learning/project/results/alphaq_decomposition_objective_external_validation_journal_full_hamming_weight_n6/hamming_weight_n6/factor_count/shared-parity/hamming_weight_n6.qasm,26.0,4.0,172.0,,,ok,253,right,204,49,0.8063241106719368,26,1,1,ok,2504.16004-clifford,ok,46,tie,0,46,0.0,24,2,1,605,88,0,0.9019607843137255,ok,,
/home/CIN/cacl2/Deep-Learning/project/results/csv/alphaq_objective_beam_policy_external_validation_journal_full_hamming_weight_n6_grid.csv,hamming_weight_n6,mixed_pair,selected-beam-shared-parity-w32,,ok,/home/CIN/cacl2/Deep-Learning/project/results/alphaq_objective_beam_policy_external_validation_journal_full_hamming_weight_n6/hamming_weight_n6/mixed_pair/selected-beam-shared-parity-w32/assembled.qasm,/home/CIN/cacl2/Deep-Learning/project/results/alphaq_decomposition_objective_external_validation_journal_full_hamming_weight_n6/hamming_weight_n6/factor_count/shared-parity/hamming_weight_n6.qasm,26.0,4.0,172.0,,,ok,264,right,210,55,0.7954545454545454,26,1,1,ok,2504.16004-clifford,ok,54,tie,0,54,0.0,24,2,1,601,88,1,1.0588235294117647,ok,,
/home/CIN/cacl2/Deep-Learning/project/results/csv/alphaq_objective_beam_policy_external_validation_journal_full_hamming_weight_n7_grid.csv,hamming_weight_n7,factor_count,selected-shared-parity,,ok,/home/CIN/cacl2/Deep-Learning/project/results/alphaq_objective_beam_policy_external_validation_journal_full_hamming_weight_n7/hamming_weight_n7/factor_count/selected-shared-parity/assembled.qasm,/home/CIN/cacl2/Deep-Learning/project/results/alphaq_decomposition_objective_external_validation_journal_full_hamming_weight_n7/hamming_weight_n7/factor_count/shared-parity/hamming_weight_n7.qasm,26.0,9.0,260.0,,,ok,335,right,260,75,0.7761194029850746,26,1,1,ok,2504.16004-clifford,ok,58,tie,0,58,0.0,25,1,1,749,91,1,1.0545454545454545,ok,,
/home/CIN/cacl2/Deep-Learning/project/results/csv/alphaq_objective_beam_policy_external_validation_journal_full_hamming_weight_n7_grid.csv,hamming_weight_n7,factor_count,selected-beam-shared-parity-w4,,ok,/home/CIN/cacl2/Deep-Learning/project/results/alphaq_objective_beam_policy_external_validation_journal_full_hamming_weight_n7/hamming_weight_n7/factor_count/selected-beam-shared-parity-w4/assembled.qasm,/home/CIN/cacl2/Deep-Learning/project/results/alphaq_decomposition_objective_external_validation_journal_full_hamming_weight_n7/hamming_weight_n7/factor_count/shared-parity/hamming_weight_n7.qasm,26.0,5.0,204.0,,,ok,309,right,248,61,0.8025889967637541,26,1,1,ok,2504.16004-clifford,ok,53,tie,0,53,0.0,25,1,1,697,91,1,0.9636363636363636,ok,,
/home/CIN/cacl2/Deep-Learning/project/results/csv/alphaq_objective_beam_policy_external_validation_journal_full_hamming_weight_n7_grid.csv,hamming_weight_n7,factor_count,selected-beam-shared-parity-w16,,ok,/home/CIN/cacl2/Deep-Learning/project/results/alphaq_objective_beam_policy_external_validation_journal_full_hamming_weight_n7/hamming_weight_n7/factor_count/selected-beam-shared-parity-w16/assembled.qasm,/home/CIN/cacl2/Deep-Learning/project/results/alphaq_decomposition_objective_external_validation_journal_full_hamming_weight_n7/hamming_weight_n7/factor_count/shared-parity/hamming_weight_n7.qasm,26.0,4.0,203.0,,,ok,297,right,243,54,0.8181818181818182,26,1,1,ok,2504.16004-clifford,ok,50,tie,0,50,0.0,24,1,1,701,91,1,0.9090909090909091,ok,,
/home/CIN/cacl2/Deep-Learning/project/results/csv/alphaq_objective_beam_policy_external_validation_journal_full_hamming_weight_n7_grid.csv,hamming_weight_n7,factor_count,selected-beam-shared-parity-w32,,ok,/home/CIN/cacl2/Deep-Learning/project/results/alphaq_objective_beam_policy_external_validation_journal_full_hamming_weight_n7/hamming_weight_n7/factor_count/selected-beam-shared-parity-w32/assembled.qasm,/home/CIN/cacl2/Deep-Learning/project/results/alphaq_decomposition_objective_external_validation_journal_full_hamming_weight_n7/hamming_weight_n7/factor_count/shared-parity/hamming_weight_n7.qasm,26.0,4.0,202.0,,,ok,293,right,241,52,0.8225255972696246,26,1,1,ok,2504.16004-clifford,ok,49,tie,0,49,0.0,24,1,1,697,91,1,0.8909090909090909,ok,,
/home/CIN/cacl2/Deep-Learning/project/results/csv/alphaq_objective_beam_policy_external_validation_journal_full_hamming_weight_n7_grid.csv,hamming_weight_n7,factor_count_pair_cap,selected-shared-parity,,ok,/home/CIN/cacl2/Deep-Learning/project/results/alphaq_objective_beam_policy_external_validation_journal_full_hamming_weight_n7/hamming_weight_n7/factor_count_pair_cap/selected-shared-parity/assembled.qasm,/home/CIN/cacl2/Deep-Learning/project/results/alphaq_decomposition_objective_external_validation_journal_full_hamming_weight_n7/hamming_weight_n7/factor_count/shared-parity/hamming_weight_n7.qasm,28.0,10.0,263.0,,,ok,349,right,257,92,0.7363896848137536,28,1,1,ok,2504.16004-clifford,ok,63,tie,0,63,0.0,28,2,1,775,93,1,1.1454545454545455,ok,,
/home/CIN/cacl2/Deep-Learning/project/results/csv/alphaq_objective_beam_policy_external_validation_journal_full_hamming_weight_n7_grid.csv,hamming_weight_n7,factor_count_pair_cap,selected-beam-shared-parity-w4,,ok,/home/CIN/cacl2/Deep-Learning/project/results/alphaq_objective_beam_policy_external_validation_journal_full_hamming_weight_n7/hamming_weight_n7/factor_count_pair_cap/selected-beam-shared-parity-w4/assembled.qasm,/home/CIN/cacl2/Deep-Learning/project/results/alphaq_decomposition_objective_external_validation_journal_full_hamming_weight_n7/hamming_weight_n7/factor_count/shared-parity/hamming_weight_n7.qasm,28.0,4.0,189.0,,,ok,284,right,232,52,0.8169014084507042,28,1,1,ok,2504.16004-clifford,ok,53,tie,0,53,0.0,27,1,1,679,96,1,0.9636363636363636,ok,,
/home/CIN/cacl2/Deep-Learning/project/results/csv/alphaq_objective_beam_policy_external_validation_journal_full_hamming_weight_n7_grid.csv,hamming_weight_n7,factor_count_pair_cap,selected-beam-shared-parity-w16,,ok,/home/CIN/cacl2/Deep-Learning/project/results/alphaq_objective_beam_policy_external_validation_journal_full_hamming_weight_n7/hamming_weight_n7/factor_count_pair_cap/selected-beam-shared-parity-w16/assembled.qasm,/home/CIN/cacl2/Deep-Learning/project/results/alphaq_decomposition_objective_external_validation_journal_full_hamming_weight_n7/hamming_weight_n7/factor_count/shared-parity/hamming_weight_n7.qasm,28.0,6.0,188.0,,,ok,282,right,231,51,0.8191489361702128,28,1,1,ok,2504.16004-clifford,ok,48,tie,0,48,0.0,27,1,1,663,95,1,0.8727272727272727,ok,,
/home/CIN/cacl2/Deep-Learning/project/results/csv/alphaq_objective_beam_policy_external_validation_journal_full_hamming_weight_n7_grid.csv,hamming_weight_n7,factor_count_pair_cap,selected-beam-shared-parity-w32,,ok,/home/CIN/cacl2/Deep-Learning/project/results/alphaq_objective_beam_policy_external_validation_journal_full_hamming_weight_n7/hamming_weight_n7/factor_count_pair_cap/selected-beam-shared-parity-w32/assembled.qasm,/home/CIN/cacl2/Deep-Learning/project/results/alphaq_decomposition_objective_external_validation_journal_full_hamming_weight_n7/hamming_weight_n7/factor_count/shared-parity/hamming_weight_n7.qasm,28.0,6.0,188.0,,,ok,282,right,231,51,0.8191489361702128,28,1,1,ok,2504.16004-clifford,ok,48,tie,0,48,0.0,27,1,1,663,95,1,0.8727272727272727,ok,,
/home/CIN/cacl2/Deep-Learning/project/results/csv/alphaq_objective_beam_policy_external_validation_journal_full_hamming_weight_n7_grid.csv,hamming_weight_n7,mixed_pair,selected-shared-parity,,ok,/home/CIN/cacl2/Deep-Learning/project/results/alphaq_objective_beam_policy_external_validation_journal_full_hamming_weight_n7/hamming_weight_n7/mixed_pair/selected-shared-parity/assembled.qasm,/home/CIN/cacl2/Deep-Learning/project/results/alphaq_decomposition_objective_external_validation_journal_full_hamming_weight_n7/hamming_weight_n7/factor_count/shared-parity/hamming_weight_n7.qasm,36.0,9.0,323.0,,,ok,408,right,297,111,0.7279411764705882,36,1,1,ok,2504.16004-clifford,ok,71,tie,0,71,0.0,32,2,1,915,111,1,1.290909090909091,ok,,
/home/CIN/cacl2/Deep-Learning/project/results/csv/alphaq_objective_beam_policy_external_validation_journal_full_hamming_weight_n7_grid.csv,hamming_weight_n7,mixed_pair,selected-beam-shared-parity-w4,,ok,/home/CIN/cacl2/Deep-Learning/project/results/alphaq_objective_beam_policy_external_validation_journal_full_hamming_weight_n7/hamming_weight_n7/mixed_pair/selected-beam-shared-parity-w4/assembled.qasm,/home/CIN/cacl2/Deep-Learning/project/results/alphaq_decomposition_objective_external_validation_journal_full_hamming_weight_n7/hamming_weight_n7/factor_count/shared-parity/hamming_weight_n7.qasm,36.0,5.0,213.0,,,ok,341,right,271,70,0.7947214076246334,36,1,1,ok,2504.16004-clifford,ok,66,tie,0,66,0.0,33,1,1,775,111,1,1.2,ok,,
/home/CIN/cacl2/Deep-Learning/project/results/csv/alphaq_objective_beam_policy_external_validation_journal_full_hamming_weight_n7_grid.csv,hamming_weight_n7,mixed_pair,selected-beam-shared-parity-w16,,ok,/home/CIN/cacl2/Deep-Learning/project/results/alphaq_objective_beam_policy_external_validation_journal_full_hamming_weight_n7/hamming_weight_n7/mixed_pair/selected-beam-shared-parity-w16/assembled.qasm,/home/CIN/cacl2/Deep-Learning/project/results/alphaq_decomposition_objective_external_validation_journal_full_hamming_weight_n7/hamming_weight_n7/factor_count/shared-parity/hamming_weight_n7.qasm,36.0,6.0,211.0,,,ok,343,right,267,76,0.7784256559766763,36,1,1,ok,2504.16004-clifford,ok,68,left,1,67,0.014705882352941176,33,2,1,767,111,1,1.2181818181818183,ok,,
/home/CIN/cacl2/Deep-Learning/project/results/csv/alphaq_objective_beam_policy_external_validation_journal_full_hamming_weight_n7_grid.csv,hamming_weight_n7,mixed_pair,selected-beam-shared-parity-w32,,ok,/home/CIN/cacl2/Deep-Learning/project/results/alphaq_objective_beam_policy_external_validation_journal_full_hamming_weight_n7/hamming_weight_n7/mixed_pair/selected-beam-shared-parity-w32/assembled.qasm,/home/CIN/cacl2/Deep-Learning/project/results/alphaq_decomposition_objective_external_validation_journal_full_hamming_weight_n7/hamming_weight_n7/factor_count/shared-parity/hamming_weight_n7.qasm,36.0,5.0,210.0,,,ok,339,right,264,75,0.7787610619469026,36,1,1,ok,2504.16004-clifford,ok,67,left,1,66,0.014925373134328358,33,2,1,767,111,1,1.2,ok,,
/home/CIN/cacl2/Deep-Learning/project/results/csv/alphaq_objective_beam_policy_external_validation_journal_full_mod_mult_55_grid.csv,mod_mult_55,factor_count,selected-shared-parity,,ok,/home/CIN/cacl2/Deep-Learning/project/results/alphaq_objective_beam_policy_external_validation_journal_full_mod_mult_55/mod_mult_55/factor_count/selected-shared-parity/assembled.qasm,/home/CIN/cacl2/Deep-Learning/project/results/alphaq_decomposition_objective_external_validation_journal_full_mod_mult_55/mod_mult_55/factor_count/shared-parity/mod_mult_55.qasm,18.0,5.0,302.0,,,ok,410,right,333,77,0.8121951219512196,18,1,1,ok,2504.16004-clifford,ok,46,tie,0,46,0.0,18,2,1,837,74,1,1.0454545454545454,ok,,
/home/CIN/cacl2/Deep-Learning/project/results/csv/alphaq_objective_beam_policy_external_validation_journal_full_mod_mult_55_grid.csv,mod_mult_55,factor_count,selected-beam-shared-parity-w4,,ok,/home/CIN/cacl2/Deep-Learning/project/results/alphaq_objective_beam_policy_external_validation_journal_full_mod_mult_55/mod_mult_55/factor_count/selected-beam-shared-parity-w4/assembled.qasm,/home/CIN/cacl2/Deep-Learning/project/results/alphaq_decomposition_objective_external_validation_journal_full_mod_mult_55/mod_mult_55/factor_count/shared-parity/mod_mult_55.qasm,18.0,3.0,268.0,,,ok,383,right,319,64,0.8328981723237598,18,1,1,ok,2504.16004-clifford,ok,46,tie,0,46,0.0,18,2,1,797,73,1,1.0454545454545454,ok,,
/home/CIN/cacl2/Deep-Learning/project/results/csv/alphaq_objective_beam_policy_external_validation_journal_full_mod_mult_55_grid.csv,mod_mult_55,factor_count,selected-beam-shared-parity-w16,,ok,/home/CIN/cacl2/Deep-Learning/project/results/alphaq_objective_beam_policy_external_validation_journal_full_mod_mult_55/mod_mult_55/factor_count/selected-beam-shared-parity-w16/assembled.qasm,/home/CIN/cacl2/Deep-Learning/project/results/alphaq_decomposition_objective_external_validation_journal_full_mod_mult_55/mod_mult_55/factor_count/shared-parity/mod_mult_55.qasm,18.0,3.0,268.0,,,ok,383,right,319,64,0.8328981723237598,18,1,1,ok,2504.16004-clifford,ok,46,tie,0,46,0.0,18,2,1,797,73,1,1.0454545454545454,ok,,
/home/CIN/cacl2/Deep-Learning/project/results/csv/alphaq_objective_beam_policy_external_validation_journal_full_mod_mult_55_grid.csv,mod_mult_55,factor_count,selected-beam-shared-parity-w32,,ok,/home/CIN/cacl2/Deep-Learning/project/results/alphaq_objective_beam_policy_external_validation_journal_full_mod_mult_55/mod_mult_55/factor_count/selected-beam-shared-parity-w32/assembled.qasm,/home/CIN/cacl2/Deep-Learning/project/results/alphaq_decomposition_objective_external_validation_journal_full_mod_mult_55/mod_mult_55/factor_count/shared-parity/mod_mult_55.qasm,18.0,3.0,268.0,,,ok,383,right,319,64,0.8328981723237598,18,1,1,ok,2504.16004-clifford,ok,46,tie,0,46,0.0,18,2,1,797,73,1,1.0454545454545454,ok,,
/home/CIN/cacl2/Deep-Learning/project/results/csv/alphaq_objective_beam_policy_external_validation_journal_full_mod_mult_55_grid.csv,mod_mult_55,factor_count_pair_cap,selected-shared-parity,,ok,/home/CIN/cacl2/Deep-Learning/project/results/alphaq_objective_beam_policy_external_validation_journal_full_mod_mult_55/mod_mult_55/factor_count_pair_cap/selected-shared-parity/assembled.qasm,/home/CIN/cacl2/Deep-Learning/project/results/alphaq_decomposition_objective_external_validation_journal_full_mod_mult_55/mod_mult_55/factor_count/shared-parity/mod_mult_55.qasm,28.0,6.0,338.0,,,ok,440,right,344,96,0.7818181818181819,28,1,1,ok,2504.16004-clifford,ok,64,tie,0,64,0.0,28,2,1,938,93,1,1.4545454545454546,ok,,
/home/CIN/cacl2/Deep-Learning/project/results/csv/alphaq_objective_beam_policy_external_validation_journal_full_mod_mult_55_grid.csv,mod_mult_55,factor_count_pair_cap,selected-beam-shared-parity-w4,,ok,/home/CIN/cacl2/Deep-Learning/project/results/alphaq_objective_beam_policy_external_validation_journal_full_mod_mult_55/mod_mult_55/factor_count_pair_cap/selected-beam-shared-parity-w4/assembled.qasm,/home/CIN/cacl2/Deep-Learning/project/results/alphaq_decomposition_objective_external_validation_journal_full_mod_mult_55/mod_mult_55/factor_count/shared-parity/mod_mult_55.qasm,28.0,6.0,271.0,,,ok,414,right,338,76,0.8164251207729468,28,1,1,ok,2504.16004-clifford,ok,56,tie,0,56,0.0,28,2,1,890,93,1,1.2727272727272727,ok,,
/home/CIN/cacl2/Deep-Learning/project/results/csv/alphaq_objective_beam_policy_external_validation_journal_full_mod_mult_55_grid.csv,mod_mult_55,factor_count_pair_cap,selected-beam-shared-parity-w16,,ok,/home/CIN/cacl2/Deep-Learning/project/results/alphaq_objective_beam_policy_external_validation_journal_full_mod_mult_55/mod_mult_55/factor_count_pair_cap/selected-beam-shared-parity-w16/assembled.qasm,/home/CIN/cacl2/Deep-Learning/project/results/alphaq_decomposition_objective_external_validation_journal_full_mod_mult_55/mod_mult_55/factor_count/shared-parity/mod_mult_55.qasm,28.0,5.0,264.0,,,ok,383,right,321,62,0.8381201044386423,28,1,1,ok,2504.16004-clifford,ok,51,tie,0,51,0.0,28,1,1,846,92,1,1.1590909090909092,ok,,
/home/CIN/cacl2/Deep-Learning/project/results/csv/alphaq_objective_beam_policy_external_validation_journal_full_mod_mult_55_grid.csv,mod_mult_55,factor_count_pair_cap,selected-beam-shared-parity-w32,,ok,/home/CIN/cacl2/Deep-Learning/project/results/alphaq_objective_beam_policy_external_validation_journal_full_mod_mult_55/mod_mult_55/factor_count_pair_cap/selected-beam-shared-parity-w32/assembled.qasm,/home/CIN/cacl2/Deep-Learning/project/results/alphaq_decomposition_objective_external_validation_journal_full_mod_mult_55/mod_mult_55/factor_count/shared-parity/mod_mult_55.qasm,28.0,5.0,264.0,,,ok,396,right,326,70,0.8232323232323232,28,1,1,ok,2504.16004-clifford,ok,54,tie,0,54,0.0,28,1,1,850,92,1,1.2272727272727273,ok,,
/home/CIN/cacl2/Deep-Learning/project/results/csv/alphaq_objective_beam_policy_external_validation_journal_full_mod_mult_55_grid.csv,mod_mult_55,mixed_pair,selected-shared-parity,,ok,/home/CIN/cacl2/Deep-Learning/project/results/alphaq_objective_beam_policy_external_validation_journal_full_mod_mult_55/mod_mult_55/mixed_pair/selected-shared-parity/assembled.qasm,/home/CIN/cacl2/Deep-Learning/project/results/alphaq_decomposition_objective_external_validation_journal_full_mod_mult_55/mod_mult_55/factor_count/shared-parity/mod_mult_55.qasm,18.0,5.0,269.0,,,ok,362,right,303,59,0.8370165745856354,18,1,1,ok,2504.16004-clifford,ok,45,tie,0,45,0.0,17,2,1,768,75,1,1.0227272727272727,ok,,
/home/CIN/cacl2/Deep-Learning/project/results/csv/alphaq_objective_beam_policy_external_validation_journal_full_mod_mult_55_grid.csv,mod_mult_55,mixed_pair,selected-beam-shared-parity-w4,,ok,/home/CIN/cacl2/Deep-Learning/project/results/alphaq_objective_beam_policy_external_validation_journal_full_mod_mult_55/mod_mult_55/mixed_pair/selected-beam-shared-parity-w4/assembled.qasm,/home/CIN/cacl2/Deep-Learning/project/results/alphaq_decomposition_objective_external_validation_journal_full_mod_mult_55/mod_mult_55/factor_count/shared-parity/mod_mult_55.qasm,18.0,3.0,252.0,,,ok,364,right,305,59,0.8379120879120879,18,1,1,ok,2504.16004-clifford,ok,40,tie,0,40,0.0,17,2,1,772,73,0,0.9090909090909091,ok,,
/home/CIN/cacl2/Deep-Learning/project/results/csv/alphaq_objective_beam_policy_external_validation_journal_full_mod_mult_55_grid.csv,mod_mult_55,mixed_pair,selected-beam-shared-parity-w16,,ok,/home/CIN/cacl2/Deep-Learning/project/results/alphaq_objective_beam_policy_external_validation_journal_full_mod_mult_55/mod_mult_55/mixed_pair/selected-beam-shared-parity-w16/assembled.qasm,/home/CIN/cacl2/Deep-Learning/project/results/alphaq_decomposition_objective_external_validation_journal_full_mod_mult_55/mod_mult_55/factor_count/shared-parity/mod_mult_55.qasm,18.0,5.0,253.0,,,ok,350,right,301,49,0.86,18,1,1,ok,2504.16004-clifford,ok,40,tie,0,40,0.0,17,2,1,756,74,1,0.9090909090909091,ok,,
/home/CIN/cacl2/Deep-Learning/project/results/csv/alphaq_objective_beam_policy_external_validation_journal_full_mod_mult_55_grid.csv,mod_mult_55,mixed_pair,selected-beam-shared-parity-w32,,ok,/home/CIN/cacl2/Deep-Learning/project/results/alphaq_objective_beam_policy_external_validation_journal_full_mod_mult_55/mod_mult_55/mixed_pair/selected-beam-shared-parity-w32/assembled.qasm,/home/CIN/cacl2/Deep-Learning/project/results/alphaq_decomposition_objective_external_validation_journal_full_mod_mult_55/mod_mult_55/factor_count/shared-parity/mod_mult_55.qasm,18.0,5.0,253.0,,,ok,350,right,301,49,0.86,18,1,1,ok,2504.16004-clifford,ok,40,tie,0,40,0.0,17,2,1,756,74,1,0.9090909090909091,ok,,
/home/CIN/cacl2/Deep-Learning/project/results/csv/alphaq_objective_beam_policy_external_validation_journal_repair_paircap_grid.csv,barenco_tof_4,factor_count_pair_cap,selected-shared-parity,,ok,/home/CIN/cacl2/Deep-Learning/project/results/alphaq_objective_beam_policy_external_validation_journal_repair_paircap/barenco_tof_4/factor_count_pair_cap/selected-shared-parity/assembled.qasm,/home/CIN/cacl2/Deep-Learning/project/results/alphaq_decomposition_objective_external_validation_journal_repair_paircap/barenco_tof_4/factor_count_pair_cap/shared-parity/barenco_tof_4.qasm,61.0,9.0,363.0,,,ok,515,right,375,140,0.7281553398058253,61,1,1,ok,2504.16004-clifford,ok,116,tie,0,116,0.0,57,1,1,1170,164,0,1.008695652173913,ok,,
/home/CIN/cacl2/Deep-Learning/project/results/csv/alphaq_objective_beam_policy_external_validation_journal_repair_paircap_grid.csv,barenco_tof_4,factor_count_pair_cap,selected-beam-shared-parity-w4,,ok,/home/CIN/cacl2/Deep-Learning/project/results/alphaq_objective_beam_policy_external_validation_journal_repair_paircap/barenco_tof_4/factor_count_pair_cap/selected-beam-shared-parity-w4/assembled.qasm,/home/CIN/cacl2/Deep-Learning/project/results/alphaq_decomposition_objective_external_validation_journal_repair_paircap/barenco_tof_4/factor_count_pair_cap/shared-parity/barenco_tof_4.qasm,61.0,7.0,293.0,,,ok,463,right,354,109,0.7645788336933045,61,1,1,ok,2504.16004-clifford,ok,98,tie,0,98,0.0,57,2,1,1122,164,0,0.8521739130434782,ok,,
/home/CIN/cacl2/Deep-Learning/project/results/csv/alphaq_objective_beam_policy_external_validation_journal_repair_paircap_grid.csv,barenco_tof_4,factor_count_pair_cap,selected-beam-shared-parity-w16,,ok,/home/CIN/cacl2/Deep-Learning/project/results/alphaq_objective_beam_policy_external_validation_journal_repair_paircap/barenco_tof_4/factor_count_pair_cap/selected-beam-shared-parity-w16/assembled.qasm,/home/CIN/cacl2/Deep-Learning/project/results/alphaq_decomposition_objective_external_validation_journal_repair_paircap/barenco_tof_4/factor_count_pair_cap/shared-parity/barenco_tof_4.qasm,61.0,7.0,286.0,,,ok,461,right,354,107,0.7678958785249458,61,1,1,ok,2504.16004-clifford,ok,101,tie,0,101,0.0,57,2,1,1070,164,1,0.8782608695652174,ok,,
/home/CIN/cacl2/Deep-Learning/project/results/csv/alphaq_objective_beam_policy_external_validation_journal_repair_paircap_grid.csv,barenco_tof_4,factor_count_pair_cap,selected-beam-shared-parity-w32,,ok,/home/CIN/cacl2/Deep-Learning/project/results/alphaq_objective_beam_policy_external_validation_journal_repair_paircap/barenco_tof_4/factor_count_pair_cap/selected-beam-shared-parity-w32/assembled.qasm,/home/CIN/cacl2/Deep-Learning/project/results/alphaq_decomposition_objective_external_validation_journal_repair_paircap/barenco_tof_4/factor_count_pair_cap/shared-parity/barenco_tof_4.qasm,61.0,6.0,288.0,,,ok,450,right,349,101,0.7755555555555556,61,1,1,ok,2504.16004-clifford,ok,97,tie,0,97,0.0,57,2,1,1058,164,0,0.8434782608695652,ok,,
/home/CIN/cacl2/Deep-Learning/project/results/csv/alphaq_objective_beam_policy_external_validation_night_long_grid.csv,nc_tof_4,factor_count,selected-shared-parity,,ok,/home/CIN/cacl2/Deep-Learning/project/results/alphaq_objective_beam_policy_external_validation_night_long/nc_tof_4/factor_count/selected-shared-parity/assembled.qasm,/home/CIN/cacl2/Deep-Learning/project/results/alphaq_decomposition_objective_external_validation/nc_tof_4/factor_count/shared-parity/nc_tof_4.qasm,24.0,6.0,290.0,,,ok,369,right,287,82,0.7777777777777778,24,1,1,ok,2504.16004-clifford,ok,56,tie,0,56,0.0,24,2,1,779,82,1,1.018181818181818,ok,,
/home/CIN/cacl2/Deep-Learning/project/results/csv/alphaq_objective_beam_policy_external_validation_night_long_grid.csv,nc_tof_4,factor_count,selected-beam-shared-parity-w4,,ok,/home/CIN/cacl2/Deep-Learning/project/results/alphaq_objective_beam_policy_external_validation_night_long/nc_tof_4/factor_count/selected-beam-shared-parity-w4/assembled.qasm,/home/CIN/cacl2/Deep-Learning/project/results/alphaq_decomposition_objective_external_validation/nc_tof_4/factor_count/shared-parity/nc_tof_4.qasm,24.0,4.0,245.0,,,ok,346,right,278,68,0.8034682080924855,24,1,1,ok,2504.16004-clifford,ok,48,tie,0,48,0.0,24,2,1,767,82,1,0.8727272727272727,ok,,
/home/CIN/cacl2/Deep-Learning/project/results/csv/alphaq_objective_beam_policy_external_validation_night_long_grid.csv,nc_tof_4,factor_count,selected-beam-shared-parity-w16,,ok,/home/CIN/cacl2/Deep-Learning/project/results/alphaq_objective_beam_policy_external_validation_night_long/nc_tof_4/factor_count/selected-beam-shared-parity-w16/assembled.qasm,/home/CIN/cacl2/Deep-Learning/project/results/alphaq_decomposition_objective_external_validation/nc_tof_4/factor_count/shared-parity/nc_tof_4.qasm,24.0,3.0,243.0,,,ok,336,right,273,63,0.8125,24,1,1,ok,2504.16004-clifford,ok,51,tie,0,51,0.0,24,2,1,743,82,1,0.9272727272727272,ok,,
/home/CIN/cacl2/Deep-Learning/project/results/csv/alphaq_objective_beam_policy_external_validation_night_long_grid.csv,nc_tof_4,factor_count,selected-beam-shared-parity-w32,,ok,/home/CIN/cacl2/Deep-Learning/project/results/alphaq_objective_beam_policy_external_validation_night_long/nc_tof_4/factor_count/selected-beam-shared-parity-w32/assembled.qasm,/home/CIN/cacl2/Deep-Learning/project/results/alphaq_decomposition_objective_external_validation/nc_tof_4/factor_count/shared-parity/nc_tof_4.qasm,24.0,4.0,248.0,,,ok,337,right,272,65,0.8071216617210683,24,1,1,ok,2504.16004-clifford,ok,50,tie,0,50,0.0,24,2,1,743,82,1,0.9090909090909091,ok,,
/home/CIN/cacl2/Deep-Learning/project/results/csv/alphaq_objective_beam_policy_external_validation_night_long_grid.csv,nc_tof_4,factor_count_pair_cap,selected-shared-parity,,ok,/home/CIN/cacl2/Deep-Learning/project/results/alphaq_objective_beam_policy_external_validation_night_long/nc_tof_4/factor_count_pair_cap/selected-shared-parity/assembled.qasm,/home/CIN/cacl2/Deep-Learning/project/results/alphaq_decomposition_objective_external_validation/nc_tof_4/factor_count/shared-parity/nc_tof_4.qasm,32.0,7.0,287.0,,,ok,351,right,276,75,0.7863247863247863,32,1,1,ok,2504.16004-clifford,ok,58,tie,0,58,0.0,29,2,1,772,98,0,1.0545454545454545,ok,,
/home/CIN/cacl2/Deep-Learning/project/results/csv/alphaq_objective_beam_policy_external_validation_night_long_grid.csv,nc_tof_4,factor_count_pair_cap,selected-beam-shared-parity-w4,,ok,/home/CIN/cacl2/Deep-Learning/project/results/alphaq_objective_beam_policy_external_validation_night_long/nc_tof_4/factor_count_pair_cap/selected-beam-shared-parity-w4/assembled.qasm,/home/CIN/cacl2/Deep-Learning/project/results/alphaq_decomposition_objective_external_validation/nc_tof_4/factor_count/shared-parity/nc_tof_4.qasm,32.0,6.0,255.0,,,ok,355,right,278,77,0.7830985915492957,32,1,1,ok,2504.16004-clifford,ok,57,tie,0,57,0.0,28,2,1,800,98,0,1.0363636363636364,ok,,
/home/CIN/cacl2/Deep-Learning/project/results/csv/alphaq_objective_beam_policy_external_validation_night_long_grid.csv,nc_tof_4,factor_count_pair_cap,selected-beam-shared-parity-w16,,ok,/home/CIN/cacl2/Deep-Learning/project/results/alphaq_objective_beam_policy_external_validation_night_long/nc_tof_4/factor_count_pair_cap/selected-beam-shared-parity-w16/assembled.qasm,/home/CIN/cacl2/Deep-Learning/project/results/alphaq_decomposition_objective_external_validation/nc_tof_4/factor_count/shared-parity/nc_tof_4.qasm,32.0,6.0,248.0,,,ok,360,right,280,80,0.7777777777777778,32,1,1,ok,2504.16004-clifford,ok,59,tie,0,59,0.0,28,2,1,792,98,0,1.0727272727272728,ok,,
/home/CIN/cacl2/Deep-Learning/project/results/csv/alphaq_objective_beam_policy_external_validation_night_long_grid.csv,nc_tof_4,factor_count_pair_cap,selected-beam-shared-parity-w32,,ok,/home/CIN/cacl2/Deep-Learning/project/results/alphaq_objective_beam_policy_external_validation_night_long/nc_tof_4/factor_count_pair_cap/selected-beam-shared-parity-w32/assembled.qasm,/home/CIN/cacl2/Deep-Learning/project/results/alphaq_decomposition_objective_external_validation/nc_tof_4/factor_count/shared-parity/nc_tof_4.qasm,32.0,6.0,248.0,,,ok,360,right,280,80,0.7777777777777778,32,1,1,ok,2504.16004-clifford,ok,59,tie,0,59,0.0,28,2,1,792,98,0,1.0727272727272728,ok,,
/home/CIN/cacl2/Deep-Learning/project/results/csv/alphaq_objective_beam_policy_external_validation_night_long_grid.csv,nc_tof_4,mixed_pair,selected-shared-parity,,ok,/home/CIN/cacl2/Deep-Learning/project/results/alphaq_objective_beam_policy_external_validation_night_long/nc_tof_4/mixed_pair/selected-shared-parity/assembled.qasm,/home/CIN/cacl2/Deep-Learning/project/results/alphaq_decomposition_objective_external_validation/nc_tof_4/factor_count/shared-parity/nc_tof_4.qasm,32.0,6.0,285.0,,,ok,355,right,273,82,0.7690140845070422,32,1,1,ok,2504.16004-clifford,ok,64,tie,0,64,0.0,29,1,1,752,98,0,1.1636363636363636,ok,,
/home/CIN/cacl2/Deep-Learning/project/results/csv/alphaq_objective_beam_policy_external_validation_night_long_grid.csv,nc_tof_4,mixed_pair,selected-beam-shared-parity-w4,,ok,/home/CIN/cacl2/Deep-Learning/project/results/alphaq_objective_beam_policy_external_validation_night_long/nc_tof_4/mixed_pair/selected-beam-shared-parity-w4/assembled.qasm,/home/CIN/cacl2/Deep-Learning/project/results/alphaq_decomposition_objective_external_validation/nc_tof_4/factor_count/shared-parity/nc_tof_4.qasm,32.0,6.0,250.0,,,ok,359,right,276,83,0.7688022284122563,32,1,1,ok,2504.16004-clifford,ok,57,tie,0,57,0.0,29,2,1,768,98,0,1.0363636363636364,ok,,
/home/CIN/cacl2/Deep-Learning/project/results/csv/alphaq_objective_beam_policy_external_validation_night_long_grid.csv,nc_tof_4,mixed_pair,selected-beam-shared-parity-w16,,ok,/home/CIN/cacl2/Deep-Learning/project/results/alphaq_objective_beam_policy_external_validation_night_long/nc_tof_4/mixed_pair/selected-beam-shared-parity-w16/assembled.qasm,/home/CIN/cacl2/Deep-Learning/project/results/alphaq_decomposition_objective_external_validation/nc_tof_4/factor_count/shared-parity/nc_tof_4.qasm,32.0,5.0,247.0,,,ok,346,right,273,73,0.7890173410404624,32,1,1,ok,2504.16004-clifford,ok,56,tie,0,56,0.0,29,2,1,756,98,0,1.018181818181818,ok,,
/home/CIN/cacl2/Deep-Learning/project/results/csv/alphaq_objective_beam_policy_external_validation_night_long_grid.csv,nc_tof_4,mixed_pair,selected-beam-shared-parity-w32,,ok,/home/CIN/cacl2/Deep-Learning/project/results/alphaq_objective_beam_policy_external_validation_night_long/nc_tof_4/mixed_pair/selected-beam-shared-parity-w32/assembled.qasm,/home/CIN/cacl2/Deep-Learning/project/results/alphaq_decomposition_objective_external_validation/nc_tof_4/factor_count/shared-parity/nc_tof_4.qasm,32.0,5.0,247.0,,,ok,346,right,273,73,0.7890173410404624,32,1,1,ok,2504.16004-clifford,ok,56,tie,0,56,0.0,29,2,1,756,98,0,1.018181818181818,ok,,
/home/CIN/cacl2/Deep-Learning/project/results/csv/alphaq_objective_beam_policy_external_validation_night_long_grid.csv,barenco_tof_4,factor_count,selected-shared-parity,,ok,/home/CIN/cacl2/Deep-Learning/project/results/alphaq_objective_beam_policy_external_validation_night_long/barenco_tof_4/factor_count/selected-shared-parity/assembled.qasm,/home/CIN/cacl2/Deep-Learning/project/results/alphaq_decomposition_objective_external_validation_journal_repair_paircap/barenco_tof_4/factor_count_pair_cap/shared-parity/barenco_tof_4.qasm,64.0,14.0,384.0,,,ok,510,right,372,138,0.7294117647058823,64,1,1,ok,2504.16004-clifford,ok,121,tie,0,121,0.0,56,2,1,1114,170,0,1.0521739130434782,ok,,
/home/CIN/cacl2/Deep-Learning/project/results/csv/alphaq_objective_beam_policy_external_validation_night_long_grid.csv,barenco_tof_4,factor_count,selected-beam-shared-parity-w4,,ok,/home/CIN/cacl2/Deep-Learning/project/results/alphaq_objective_beam_policy_external_validation_night_long/barenco_tof_4/factor_count/selected-beam-shared-parity-w4/assembled.qasm,/home/CIN/cacl2/Deep-Learning/project/results/alphaq_decomposition_objective_external_validation_journal_repair_paircap/barenco_tof_4/factor_count_pair_cap/shared-parity/barenco_tof_4.qasm,64.0,8.0,308.0,,,ok,471,right,364,107,0.772823779193206,64,1,1,ok,2504.16004-clifford,ok,98,tie,0,98,0.0,57,1,1,1130,168,0,0.8521739130434782,ok,,
/home/CIN/cacl2/Deep-Learning/project/results/csv/alphaq_objective_beam_policy_external_validation_night_long_grid.csv,barenco_tof_4,factor_count,selected-beam-shared-parity-w16,,ok,/home/CIN/cacl2/Deep-Learning/project/results/alphaq_objective_beam_policy_external_validation_night_long/barenco_tof_4/factor_count/selected-beam-shared-parity-w16/assembled.qasm,/home/CIN/cacl2/Deep-Learning/project/results/alphaq_decomposition_objective_external_validation_journal_repair_paircap/barenco_tof_4/factor_count_pair_cap/shared-parity/barenco_tof_4.qasm,64.0,8.0,300.0,,,ok,479,right,372,107,0.7766179540709812,64,1,1,ok,2504.16004-clifford,ok,98,tie,0,98,0.0,57,2,1,1086,168,0,0.8521739130434782,ok,,
/home/CIN/cacl2/Deep-Learning/project/results/csv/alphaq_objective_beam_policy_external_validation_night_long_grid.csv,barenco_tof_4,factor_count,selected-beam-shared-parity-w32,,ok,/home/CIN/cacl2/Deep-Learning/project/results/alphaq_objective_beam_policy_external_validation_night_long/barenco_tof_4/factor_count/selected-beam-shared-parity-w32/assembled.qasm,/home/CIN/cacl2/Deep-Learning/project/results/alphaq_decomposition_objective_external_validation_journal_repair_paircap/barenco_tof_4/factor_count_pair_cap/shared-parity/barenco_tof_4.qasm,64.0,7.0,298.0,,,ok,454,right,355,99,0.7819383259911894,64,1,1,ok,2504.16004-clifford,ok,94,tie,0,94,0.0,56,2,1,1054,170,0,0.8173913043478261,ok,,
/home/CIN/cacl2/Deep-Learning/project/results/csv/alphaq_objective_beam_policy_external_validation_night_long_grid.csv,barenco_tof_4,mixed_pair,selected-shared-parity,,ok,/home/CIN/cacl2/Deep-Learning/project/results/alphaq_objective_beam_policy_external_validation_night_long/barenco_tof_4/mixed_pair/selected-shared-parity/assembled.qasm,/home/CIN/cacl2/Deep-Learning/project/results/alphaq_decomposition_objective_external_validation_journal_repair_paircap/barenco_tof_4/factor_count_pair_cap/shared-parity/barenco_tof_4.qasm,42.0,7.0,304.0,,,ok,419,right,336,83,0.801909307875895,42,1,1,ok,2504.16004-clifford,ok,71,left,1,71,0.014084507042253521,34,1,1,949,127,0,0.6173913043478261,ok,,
/home/CIN/cacl2/Deep-Learning/project/results/csv/alphaq_objective_beam_policy_external_validation_night_long_grid.csv,barenco_tof_4,mixed_pair,selected-beam-shared-parity-w4,,ok,/home/CIN/cacl2/Deep-Learning/project/results/alphaq_objective_beam_policy_external_validation_night_long/barenco_tof_4/mixed_pair/selected-beam-shared-parity-w4/assembled.qasm,/home/CIN/cacl2/Deep-Learning/project/results/alphaq_decomposition_objective_external_validation_journal_repair_paircap/barenco_tof_4/factor_count_pair_cap/shared-parity/barenco_tof_4.qasm,42.0,7.0,268.0,,,ok,412,right,332,80,0.8058252427184466,42,1,1,ok,2504.16004-clifford,ok,71,tie,0,71,0.0,35,1,1,921,126,1,0.6173913043478261,ok,,
/home/CIN/cacl2/Deep-Learning/project/results/csv/alphaq_objective_beam_policy_external_validation_night_long_grid.csv,barenco_tof_4,mixed_pair,selected-beam-shared-parity-w16,,ok,/home/CIN/cacl2/Deep-Learning/project/results/alphaq_objective_beam_policy_external_validation_night_long/barenco_tof_4/mixed_pair/selected-beam-shared-parity-w16/assembled.qasm,/home/CIN/cacl2/Deep-Learning/project/results/alphaq_decomposition_objective_external_validation_journal_repair_paircap/barenco_tof_4/factor_count_pair_cap/shared-parity/barenco_tof_4.qasm,42.0,6.0,266.0,,,ok,399,right,327,73,0.8195488721804511,42,1,1,ok,2504.16004-clifford,ok,70,tie,0,70,0.0,34,1,1,913,127,1,0.6086956521739131,ok,,
/home/CIN/cacl2/Deep-Learning/project/results/csv/alphaq_objective_beam_policy_external_validation_night_long_grid.csv,barenco_tof_4,mixed_pair,selected-beam-shared-parity-w32,,ok,/home/CIN/cacl2/Deep-Learning/project/results/alphaq_objective_beam_policy_external_validation_night_long/barenco_tof_4/mixed_pair/selected-beam-shared-parity-w32/assembled.qasm,/home/CIN/cacl2/Deep-Learning/project/results/alphaq_decomposition_objective_external_validation_journal_repair_paircap/barenco_tof_4/factor_count_pair_cap/shared-parity/barenco_tof_4.qasm,42.0,6.0,270.0,,,ok,394,right,327,67,0.8299492385786802,42,1,1,ok,2504.16004-clifford,ok,67,tie,0,67,0.0,35,1,1,921,126,1,0.5826086956521739,ok,,
/home/CIN/cacl2/Deep-Learning/project/results/csv/alphaq_objective_beam_policy_external_validation_night_long_grid.csv,vbe_adder_3,factor_count,selected-shared-parity,,ok,/home/CIN/cacl2/Deep-Learning/project/results/alphaq_objective_beam_policy_external_validation_night_long/vbe_adder_3/factor_count/selected-shared-parity/assembled.qasm,/home/CIN/cacl2/Deep-Learning/project/results/alphaq_decomposition_objective_external_validation/vbe_adder_3/factor_count/shared-parity/vbe_adder_3.qasm,65.0,15.0,438.0,,,ok,548,right,378,170,0.6897810218978102,65,1,1,ok,2504.16004-clifford,ok,119,tie,0,119,0.0,63,2,1,1264,172,1,1.0258620689655173,ok,,
/home/CIN/cacl2/Deep-Learning/project/results/csv/alphaq_objective_beam_policy_external_validation_night_long_grid.csv,vbe_adder_3,factor_count,selected-beam-shared-parity-w4,,ok,/home/CIN/cacl2/Deep-Learning/project/results/alphaq_objective_beam_policy_external_validation_night_long/vbe_adder_3/factor_count/selected-beam-shared-parity-w4/assembled.qasm,/home/CIN/cacl2/Deep-Learning/project/results/alphaq_decomposition_objective_external_validation/vbe_adder_3/factor_count/shared-parity/vbe_adder_3.qasm,65.0,8.0,319.0,,,ok,525,right,379,146,0.7219047619047619,65,1,1,ok,2504.16004-clifford,ok,113,tie,0,113,0.0,63,1,1,1244,172,1,0.9741379310344828,ok,,
/home/CIN/cacl2/Deep-Learning/project/results/csv/alphaq_objective_beam_policy_external_validation_night_long_grid.csv,vbe_adder_3,factor_count,selected-beam-shared-parity-w16,,ok,/home/CIN/cacl2/Deep-Learning/project/results/alphaq_objective_beam_policy_external_validation_night_long/vbe_adder_3/factor_count/selected-beam-shared-parity-w16/assembled.qasm,/home/CIN/cacl2/Deep-Learning/project/results/alphaq_decomposition_objective_external_validation/vbe_adder_3/factor_count/shared-parity/vbe_adder_3.qasm,65.0,8.0,313.0,,,ok,532,right,384,148,0.7218045112781954,65,1,1,ok,2504.16004-clifford,ok,108,tie,0,108,0.0,62,2,1,1236,172,0,0.9310344827586207,ok,,
/home/CIN/cacl2/Deep-Learning/project/results/csv/alphaq_objective_beam_policy_external_validation_night_long_grid.csv,vbe_adder_3,factor_count,selected-beam-shared-parity-w32,,ok,/home/CIN/cacl2/Deep-Learning/project/results/alphaq_objective_beam_policy_external_validation_night_long/vbe_adder_3/factor_count/selected-beam-shared-parity-w32/assembled.qasm,/home/CIN/cacl2/Deep-Learning/project/results/alphaq_decomposition_objective_external_validation/vbe_adder_3/factor_count/shared-parity/vbe_adder_3.qasm,65.0,9.0,296.0,,,ok,490,right,361,129,0.736734693877551,65,1,1,ok,2504.16004-clifford,ok,108,tie,0,108,0.0,62,2,1,1144,172,1,0.9310344827586207,ok,,
/home/CIN/cacl2/Deep-Learning/project/results/csv/alphaq_objective_beam_policy_external_validation_night_long_grid.csv,vbe_adder_3,factor_count_pair_cap,selected-shared-parity,,ok,/home/CIN/cacl2/Deep-Learning/project/results/alphaq_objective_beam_policy_external_validation_night_long/vbe_adder_3/factor_count_pair_cap/selected-shared-parity/assembled.qasm,/home/CIN/cacl2/Deep-Learning/project/results/alphaq_decomposition_objective_external_validation/vbe_adder_3/factor_count/shared-parity/vbe_adder_3.qasm,66.0,9.0,463.0,,,ok,557,right,393,164,0.7055655296229802,66,1,1,ok,2504.16004-clifford,ok,123,tie,0,123,0.0,64,1,1,1277,174,1,1.0603448275862069,ok,,
/home/CIN/cacl2/Deep-Learning/project/results/csv/alphaq_objective_beam_policy_external_validation_night_long_grid.csv,vbe_adder_3,factor_count_pair_cap,selected-beam-shared-parity-w4,,ok,/home/CIN/cacl2/Deep-Learning/project/results/alphaq_objective_beam_policy_external_validation_night_long/vbe_adder_3/factor_count_pair_cap/selected-beam-shared-parity-w4/assembled.qasm,/home/CIN/cacl2/Deep-Learning/project/results/alphaq_decomposition_objective_external_validation/vbe_adder_3/factor_count/shared-parity/vbe_adder_3.qasm,66.0,8.0,317.0,,,ok,542,right,390,152,0.7195571955719557,66,1,1,ok,2504.16004-clifford,ok,113,left,1,113,0.008849557522123894,64,1,1,1273,174,1,0.9741379310344828,ok,,
/home/CIN/cacl2/Deep-Learning/project/results/csv/alphaq_objective_beam_policy_external_validation_night_long_grid.csv,vbe_adder_3,factor_count_pair_cap,selected-beam-shared-parity-w16,,ok,/home/CIN/cacl2/Deep-Learning/project/results/alphaq_objective_beam_policy_external_validation_night_long/vbe_adder_3/factor_count_pair_cap/selected-beam-shared-parity-w16/assembled.qasm,/home/CIN/cacl2/Deep-Learning/project/results/alphaq_decomposition_objective_external_validation/vbe_adder_3/factor_count/shared-parity/vbe_adder_3.qasm,66.0,8.0,312.0,,,ok,530,right,383,147,0.7226415094339622,66,1,1,ok,2504.16004-clifford,ok,111,tie,0,111,0.0,64,2,1,1253,174,1,0.9568965517241379,ok,,
/home/CIN/cacl2/Deep-Learning/project/results/csv/alphaq_objective_beam_policy_external_validation_night_long_grid.csv,vbe_adder_3,factor_count_pair_cap,selected-beam-shared-parity-w32,,ok,/home/CIN/cacl2/Deep-Learning/project/results/alphaq_objective_beam_policy_external_validation_night_long/vbe_adder_3/factor_count_pair_cap/selected-beam-shared-parity-w32/assembled.qasm,/home/CIN/cacl2/Deep-Learning/project/results/alphaq_decomposition_objective_external_validation/vbe_adder_3/factor_count/shared-parity/vbe_adder_3.qasm,66.0,8.0,311.0,,,ok,534,right,387,147,0.7247191011235955,66,1,1,ok,2504.16004-clifford,ok,115,tie,0,115,0.0,64,2,1,1217,174,1,0.9913793103448276,ok,,
/home/CIN/cacl2/Deep-Learning/project/results/csv/alphaq_objective_beam_policy_external_validation_night_long_grid.csv,vbe_adder_3,mixed_pair,selected-shared-parity,,ok,/home/CIN/cacl2/Deep-Learning/project/results/alphaq_objective_beam_policy_external_validation_night_long/vbe_adder_3/mixed_pair/selected-shared-parity/assembled.qasm,/home/CIN/cacl2/Deep-Learning/project/results/alphaq_decomposition_objective_external_validation/vbe_adder_3/factor_count/shared-parity/vbe_adder_3.qasm,88.0,17.0,479.0,,,ok,626,right,416,210,0.6645367412140575,88,1,1,ok,2504.16004-clifford,ok,163,tie,0,163,0.0,84,2,1,1368,218,1,1.4051724137931034,ok,,
/home/CIN/cacl2/Deep-Learning/project/results/csv/alphaq_objective_beam_policy_external_validation_night_long_grid.csv,vbe_adder_3,mixed_pair,selected-beam-shared-parity-w4,,ok,/home/CIN/cacl2/Deep-Learning/project/results/alphaq_objective_beam_policy_external_validation_night_long/vbe_adder_3/mixed_pair/selected-beam-shared-parity-w4/assembled.qasm,/home/CIN/cacl2/Deep-Learning/project/results/alphaq_decomposition_objective_external_validation/vbe_adder_3/factor_count/shared-parity/vbe_adder_3.qasm,88.0,11.0,319.0,,,ok,605,right,420,185,0.6942148760330579,88,1,1,ok,2504.16004-clifford,ok,142,tie,0,142,0.0,84,2,1,1388,218,0,1.2241379310344827,ok,,
/home/CIN/cacl2/Deep-Learning/project/results/csv/alphaq_objective_beam_policy_external_validation_night_long_grid.csv,vbe_adder_3,mixed_pair,selected-beam-shared-parity-w16,,ok,/home/CIN/cacl2/Deep-Learning/project/results/alphaq_objective_beam_policy_external_validation_night_long/vbe_adder_3/mixed_pair/selected-beam-shared-parity-w16/assembled.qasm,/home/CIN/cacl2/Deep-Learning/project/results/alphaq_decomposition_objective_external_validation/vbe_adder_3/factor_count/shared-parity/vbe_adder_3.qasm,88.0,10.0,319.0,,,ok,576,right,398,178,0.6909722222222222,88,1,1,ok,2504.16004-clifford,ok,147,tie,0,147,0.0,84,1,1,1336,218,1,1.2672413793103448,ok,,
/home/CIN/cacl2/Deep-Learning/project/results/csv/alphaq_objective_beam_policy_external_validation_night_long_grid.csv,vbe_adder_3,mixed_pair,selected-beam-shared-parity-w32,,ok,/home/CIN/cacl2/Deep-Learning/project/results/alphaq_objective_beam_policy_external_validation_night_long/vbe_adder_3/mixed_pair/selected-beam-shared-parity-w32/assembled.qasm,/home/CIN/cacl2/Deep-Learning/project/results/alphaq_decomposition_objective_external_validation/vbe_adder_3/factor_count/shared-parity/vbe_adder_3.qasm,88.0,9.0,318.0,,,ok,583,right,401,182,0.6878216123499142,88,1,1,ok,2504.16004-clifford,ok,146,tie,0,146,0.0,84,1,1,1356,218,0,1.2586206896551724,ok,,
/home/CIN/cacl2/Deep-Learning/project/results/archive/old_experiments/public_resynth_tensor_v3_phase_slack_expanded/candidate_frontier.csv,cuccaro_adder_n3,conservative,cuccaro_adder_n3:combo0,cuccaro_adder_n3:combo0,ok,/home/CIN/cacl2/Deep-Learning/project/results/archive/old_experiments/public_resynth_tensor_v3_phase_slack_expanded/public_resynth_tensor_v3_phase_slack/cuccaro_adder_n3/structural_combinations/combo0/assembled.qasm,/home/CIN/cacl2/Deep-Learning/project/results/archive/old_experiments/public_resynth/public_resynth_gadgets/cuccaro_adder_n3/cuccaro_adder_n3.qasm,14,4,242,0.9090909090909091,,ok,256,right,188,70,0.734375,14,1,2,ok,2504.16004-clifford,ok,31,tie,0,31,0.0,13,2,1,540,53,0,1.24,ok,,
/home/CIN/cacl2/Deep-Learning/project/results/archive/old_experiments/public_resynth_tensor_v3_phase_slack_expanded/candidate_frontier.csv,hamming_weight_n4,conservative,hamming_weight_n4:combo0,hamming_weight_n4:combo0,ok,/home/CIN/cacl2/Deep-Learning/project/results/archive/old_experiments/public_resynth_tensor_v3_phase_slack_expanded/public_resynth_tensor_v3_phase_slack/hamming_weight_n4/structural_combinations/combo0/assembled.qasm,/home/CIN/cacl2/Deep-Learning/project/results/archive/old_experiments/public_resynth/public_resynth_gadgets/hamming_weight_n4/hamming_weight_n4.qasm,21,6,221,2.5675675675675675,,ok,260,right,165,95,0.6346153846153846,21,1,1,ok,2504.16004-clifford,ok,41,tie,0,41,0.0,19,2,1,545,67,0,1.0512820512820513,ok,,
/home/CIN/cacl2/Deep-Learning/project/results/archive/old_experiments/public_resynth_tensor_v3_phase_slack_expanded/candidate_frontier.csv,hamming_weight_n5,conservative,hamming_weight_n5:combo0,hamming_weight_n5:combo0,ok,/home/CIN/cacl2/Deep-Learning/project/results/archive/old_experiments/public_resynth_tensor_v3_phase_slack_expanded/public_resynth_tensor_v3_phase_slack/hamming_weight_n5/structural_combinations/combo0/assembled.qasm,/home/CIN/cacl2/Deep-Learning/project/results/archive/old_experiments/public_resynth/public_resynth_gadgets/hamming_weight_n5/hamming_weight_n5.qasm,21,4,224,2.1951219512195124,,ok,262,right,174,90,0.6641221374045801,21,1,2,ok,2504.16004-clifford,ok,42,tie,0,42,0.0,18,1,1,581,72,0,1.0,ok,,
/home/CIN/cacl2/Deep-Learning/project/results/archive/old_experiments/public_resynth_tensor_v3_phase_slack_expanded/candidate_frontier.csv,barenco_tof_3,conservative,barenco_tof_3:combo0,barenco_tof_3:combo0,ok,/home/CIN/cacl2/Deep-Learning/project/results/archive/old_experiments/public_resynth_tensor_v3_phase_slack_expanded/public_resynth_tensor_v3_phase_slack/barenco_tof_3/structural_combinations/combo0/assembled.qasm,/home/CIN/cacl2/Deep-Learning/project/results/archive/old_experiments/public_resynth_tensor_v3_phase_slack_aggressive/public_resynth_tensor_v3_phase_slack_aggressive/barenco_tof_3/barenco_tof_3.qasm,13,6,242,1.6037735849056605,,ok,256,right,171,85,0.66796875,13,1,2,ok,2504.16004-clifford,ok,27,tie,0,27,0.0,12,2,1,529,48,1,0.9,ok,,
/home/CIN/cacl2/Deep-Learning/project/results/archive/old_experiments/public_resynth_tensor_v3_phase_slack_expanded/candidate_frontier.csv,barenco_tof_3,conservative,barenco_tof_3:combo1,barenco_tof_3:combo1,ok,/home/CIN/cacl2/Deep-Learning/project/results/archive/old_experiments/public_resynth_tensor_v3_phase_slack_expanded/public_resynth_tensor_v3_phase_slack/barenco_tof_3/structural_combinations/combo1/assembled.qasm,/home/CIN/cacl2/Deep-Learning/project/results/archive/old_experiments/public_resynth_tensor_v3_phase_slack_aggressive/public_resynth_tensor_v3_phase_slack_aggressive/barenco_tof_3/barenco_tof_3.qasm,13,8,201,1.2830188679245282,,ok,220,right,154,68,0.7,13,1,3,ok,2504.16004-clifford,ok,30,tie,0,30,0.0,12,2,1,462,50,1,1.0,ok,,
/home/CIN/cacl2/Deep-Learning/project/results/archive/old_experiments/public_resynth_tensor_v3_phase_slack_expanded/candidate_frontier.csv,barenco_tof_3,conservative,barenco_tof_3:combo2,barenco_tof_3:combo2,ok,/home/CIN/cacl2/Deep-Learning/project/results/archive/old_experiments/public_resynth_tensor_v3_phase_slack_expanded/public_resynth_tensor_v3_phase_slack/barenco_tof_3/structural_combinations/combo2/assembled.qasm,/home/CIN/cacl2/Deep-Learning/project/results/archive/old_experiments/public_resynth_tensor_v3_phase_slack_aggressive/public_resynth_tensor_v3_phase_slack_aggressive/barenco_tof_3/barenco_tof_3.qasm,13,6,259,1.7924528301886793,,ok,282,right,189,95,0.6702127659574468,13,1,1,ok,2504.16004-clifford,ok,31,tie,0,31,0.0,13,2,1,583,50,1,1.0333333333333334,ok,,
/home/CIN/cacl2/Deep-Learning/project/results/archive/old_experiments/public_resynth_tensor_v3_phase_slack_expanded/candidate_frontier.csv,barenco_tof_3,conservative,barenco_tof_3:combo3,barenco_tof_3:combo3,ok,/home/CIN/cacl2/Deep-Learning/project/results/archive/old_experiments/public_resynth_tensor_v3_phase_slack_expanded/public_resynth_tensor_v3_phase_slack/barenco_tof_3/structural_combinations/combo3/assembled.qasm,/home/CIN/cacl2/Deep-Learning/project/results/archive/old_experiments/public_resynth_tensor_v3_phase_slack_aggressive/public_resynth_tensor_v3_phase_slack_aggressive/barenco_tof_3/barenco_tof_3.qasm,13,6,239,1.6037735849056605,,ok,262,right,177,85,0.6755725190839694,13,1,3,ok,2504.16004-clifford,ok,27,tie,0,27,0.0,12,1,1,538,48,1,0.9,ok,,
/home/CIN/cacl2/Deep-Learning/project/results/archive/old_experiments/public_resynth_tensor_v3_phase_slack_expanded/candidate_frontier.csv,barenco_tof_3,conservative,barenco_tof_3:combo4,barenco_tof_3:combo4,ok,/home/CIN/cacl2/Deep-Learning/project/results/archive/old_experiments/public_resynth_tensor_v3_phase_slack_expanded/public_resynth_tensor_v3_phase_slack/barenco_tof_3/structural_combinations/combo4/assembled.qasm,/home/CIN/cacl2/Deep-Learning/project/results/archive/old_experiments/public_resynth_tensor_v3_phase_slack_aggressive/public_resynth_tensor_v3_phase_slack_aggressive/barenco_tof_3/barenco_tof_3.qasm,13,6,238,1.509433962264151,,ok,256,right,176,80,0.6875,13,1,3,ok,2504.16004-clifford,ok,28,tie,0,28,0.0,12,2,1,538,49,0,0.9333333333333333,ok,,
/home/CIN/cacl2/Deep-Learning/project/results/archive/old_experiments/public_resynth_tensor_v3_phase_slack_expanded/candidate_frontier.csv,barenco_tof_3,conservative,barenco_tof_3:combo5,barenco_tof_3:combo5,ok,/home/CIN/cacl2/Deep-Learning/project/results/archive/old_experiments/public_resynth_tensor_v3_phase_slack_expanded/public_resynth_tensor_v3_phase_slack/barenco_tof_3/structural_combinations/combo5/assembled.qasm,/home/CIN/cacl2/Deep-Learning/project/results/archive/old_experiments/public_resynth_tensor_v3_phase_slack_aggressive/public_resynth_tensor_v3_phase_slack_aggressive/barenco_tof_3/barenco_tof_3.qasm,13,8,206,1.2641509433962264,,ok,220,right,153,67,0.6954545454545454,13,1,1,ok,2504.16004-clifford,ok,30,tie,0,30,0.0,13,1,1,462,48,1,1.0,ok,,
/home/CIN/cacl2/Deep-Learning/project/results/archive/old_experiments/public_resynth_tensor_v3_phase_slack_expanded/candidate_frontier.csv,barenco_tof_3,conservative,barenco_tof_3:combo6,barenco_tof_3:combo6,ok,/home/CIN/cacl2/Deep-Learning/project/results/archive/old_experiments/public_resynth_tensor_v3_phase_slack_expanded/public_resynth_tensor_v3_phase_slack/barenco_tof_3/structural_combinations/combo6/assembled.qasm,/home/CIN/cacl2/Deep-Learning/project/results/archive/old_experiments/public_resynth_tensor_v3_phase_slack_aggressive/public_resynth_tensor_v3_phase_slack_aggressive/barenco_tof_3/barenco_tof_3.qasm,13,8,261,1.9056603773584906,,ok,278,right,180,101,0.6474820143884892,13,1,2,ok,2504.16004-clifford,ok,32,left,1,32,0.03125,13,1,1,573,50,1,1.0666666666666667,ok,,
/home/CIN/cacl2/Deep-Learning/project/results/archive/old_experiments/public_resynth_tensor_v3_phase_slack_expanded/candidate_frontier.csv,barenco_tof_3,conservative,barenco_tof_3:combo7,barenco_tof_3:combo7,ok,/home/CIN/cacl2/Deep-Learning/project/results/archive/old_experiments/public_resynth_tensor_v3_phase_slack_expanded/public_resynth_tensor_v3_phase_slack/barenco_tof_3/structural_combinations/combo7/assembled.qasm,/home/CIN/cacl2/Deep-Learning/project/results/archive/old_experiments/public_resynth_tensor_v3_phase_slack_aggressive/public_resynth_tensor_v3_phase_slack_aggressive/barenco_tof_3/barenco_tof_3.qasm,13,6,242,1.679245283018868,,ok,254,right,167,89,0.65748031496063,13,1,3,ok,2504.16004-clifford,ok,27,tie,0,27,0.0,12,2,1,529,48,0,0.9,ok,,
/home/CIN/cacl2/Deep-Learning/project/results/archive/old_experiments/public_resynth_tensor_v3_phase_slack_expanded/candidate_frontier.csv,barenco_tof_3,conservative,barenco_tof_3:combo8,barenco_tof_3:combo8,ok,/home/CIN/cacl2/Deep-Learning/project/results/archive/old_experiments/public_resynth_tensor_v3_phase_slack_expanded/public_resynth_tensor_v3_phase_slack/barenco_tof_3/structural_combinations/combo8/assembled.qasm,/home/CIN/cacl2/Deep-Learning/project/results/archive/old_experiments/public_resynth_tensor_v3_phase_slack_aggressive/public_resynth_tensor_v3_phase_slack_aggressive/barenco_tof_3/barenco_tof_3.qasm,14,5,204,1.150943396226415,,ok,225,right,165,61,0.7333333333333333,14,1,1,ok,2504.16004-clifford,ok,32,tie,0,32,0.0,13,1,1,476,53,1,1.0666666666666667,ok,,
/home/CIN/cacl2/Deep-Learning/project/results/archive/old_experiments/public_resynth_tensor_v3_phase_slack_expanded/candidate_frontier.csv,barenco_tof_4,conservative,barenco_tof_4:combo0,barenco_tof_4:combo0,ok,/home/CIN/cacl2/Deep-Learning/project/results/archive/old_experiments/public_resynth_tensor_v3_phase_slack_expanded/public_resynth_tensor_v3_phase_slack/barenco_tof_4/structural_combinations/combo0/assembled.qasm,/home/CIN/cacl2/Deep-Learning/project/results/alphaq_decomposition_objective_external_validation_journal_repair_paircap/barenco_tof_4/factor_count_pair_cap/shared-parity/barenco_tof_4.qasm,23,12,384,1.6504854368932038,,ok,434,right,267,170,0.6152073732718893,23,1,1,ok,2504.16004-clifford,ok,55,tie,0,55,0.0,21,1,1,965,89,1,0.4782608695652174,ok,,
/home/CIN/cacl2/Deep-Learning/project/results/archive/old_experiments/public_resynth_tensor_v3_phase_slack_expanded/candidate_frontier.csv,barenco_tof_4,conservative,barenco_tof_4:combo1,barenco_tof_4:combo1,ok,/home/CIN/cacl2/Deep-Learning/project/results/archive/old_experiments/public_resynth_tensor_v3_phase_slack_expanded/public_resynth_tensor_v3_phase_slack/barenco_tof_4/structural_combinations/combo1/assembled.qasm,/home/CIN/cacl2/Deep-Learning/project/results/alphaq_decomposition_objective_external_validation_journal_repair_paircap/barenco_tof_4/factor_count_pair_cap/shared-parity/barenco_tof_4.qasm,23,10,474,2.407766990291262,,ok,530,right,287,248,0.5415094339622641,23,1,3,ok,2504.16004-clifford,ok,53,tie,0,53,0.0,22,2,1,1135,86,0,0.4608695652173913,ok,,
/home/CIN/cacl2/Deep-Learning/project/results/archive/old_experiments/public_resynth_tensor_v3_phase_slack_expanded/candidate_frontier.csv,barenco_tof_4,conservative,barenco_tof_4:combo2,barenco_tof_4:combo2,ok,/home/CIN/cacl2/Deep-Learning/project/results/archive/old_experiments/public_resynth_tensor_v3_phase_slack_expanded/public_resynth_tensor_v3_phase_slack/barenco_tof_4/structural_combinations/combo2/assembled.qasm,/home/CIN/cacl2/Deep-Learning/project/results/alphaq_decomposition_objective_external_validation_journal_repair_paircap/barenco_tof_4/factor_count_pair_cap/shared-parity/barenco_tof_4.qasm,23,10,426,1.8058252427184467,,ok,488,right,308,186,0.6311475409836066,23,1,3,ok,2504.16004-clifford,ok,50,tie,0,50,0.0,22,2,1,1061,84,1,0.43478260869565216,ok,,
/home/CIN/cacl2/Deep-Learning/project/results/archive/old_experiments/public_resynth_tensor_v3_phase_slack_expanded/candidate_frontier.csv,barenco_tof_4,conservative,barenco_tof_4:combo3,barenco_tof_4:combo3,ok,/home/CIN/cacl2/Deep-Learning/project/results/archive/old_experiments/public_resynth_tensor_v3_phase_slack_expanded/public_resynth_tensor_v3_phase_slack/barenco_tof_4/structural_combinations/combo3/assembled.qasm,/home/CIN/cacl2/Deep-Learning/project/results/alphaq_decomposition_objective_external_validation_journal_repair_paircap/barenco_tof_4/factor_count_pair_cap/shared-parity/barenco_tof_4.qasm,23,12,485,2.5242718446601944,,ok,560,right,301,260,0.5375,23,1,2,ok,2504.16004-clifford,ok,53,left,1,53,0.018867924528301886,22,2,1,1185,88,1,0.4608695652173913,ok,,
/home/CIN/cacl2/Deep-Learning/project/results/archive/old_experiments/public_resynth_tensor_v3_phase_slack_expanded/candidate_frontier.csv,barenco_tof_4,conservative,barenco_tof_4:combo4,barenco_tof_4:combo4,ok,/home/CIN/cacl2/Deep-Learning/project/results/archive/old_experiments/public_resynth_tensor_v3_phase_slack_expanded/public_resynth_tensor_v3_phase_slack/barenco_tof_4/structural_combinations/combo4/assembled.qasm,/home/CIN/cacl2/Deep-Learning/project/results/alphaq_decomposition_objective_external_validation_journal_repair_paircap/barenco_tof_4/factor_count_pair_cap/shared-parity/barenco_tof_4.qasm,23,12,496,2.533980582524272,,ok,561,right,302,261,0.5383244206773619,23,1,3,ok,2504.16004-clifford,ok,55,tie,0,55,0.0,23,2,1,1185,88,1,0.4782608695652174,ok,,
/home/CIN/cacl2/Deep-Learning/project/results/archive/old_experiments/public_resynth_tensor_v3_phase_slack_expanded/candidate_frontier.csv,barenco_tof_4,conservative,barenco_tof_4:combo5,barenco_tof_4:combo5,ok,/home/CIN/cacl2/Deep-Learning/project/results/archive/old_experiments/public_resynth_tensor_v3_phase_slack_expanded/public_resynth_tensor_v3_phase_slack/barenco_tof_4/structural_combinations/combo5/assembled.qasm,/home/CIN/cacl2/Deep-Learning/project/results/alphaq_decomposition_objective_external_validation_journal_repair_paircap/barenco_tof_4/factor_count_pair_cap/shared-parity/barenco_tof_4.qasm,23,10,422,1.941747572815534,,ok,488,right,297,200,0.6086065573770492,23,1,1,ok,2504.16004-clifford,ok,55,tie,0,55,0.0,22,1,1,1077,88,0,0.4782608695652174,ok,,
/home/CIN/cacl2/Deep-Learning/project/results/archive/old_experiments/public_resynth_tensor_v3_phase_slack_expanded/candidate_frontier.csv,barenco_tof_4,conservative,barenco_tof_4:combo6,barenco_tof_4:combo6,ok,/home/CIN/cacl2/Deep-Learning/project/results/archive/old_experiments/public_resynth_tensor_v3_phase_slack_expanded/public_resynth_tensor_v3_phase_slack/barenco_tof_4/structural_combinations/combo6/assembled.qasm,/home/CIN/cacl2/Deep-Learning/project/results/alphaq_decomposition_objective_external_validation_journal_repair_paircap/barenco_tof_4/factor_count_pair_cap/shared-parity/barenco_tof_4.qasm,23,10,422,1.9320388349514563,,ok,472,right,276,199,0.5847457627118644,23,1,3,ok,2504.16004-clifford,ok,55,left,1,55,0.01818181818181818,23,2,1,1013,86,1,0.4782608695652174,ok,,
/home/CIN/cacl2/Deep-Learning/project/results/archive/old_experiments/public_resynth_tensor_v3_phase_slack_expanded/candidate_frontier.csv,barenco_tof_4,conservative,barenco_tof_4:combo7,barenco_tof_4:combo7,ok,/home/CIN/cacl2/Deep-Learning/project/results/archive/old_experiments/public_resynth_tensor_v3_phase_slack_expanded/public_resynth_tensor_v3_phase_slack/barenco_tof_4/structural_combinations/combo7/assembled.qasm,/home/CIN/cacl2/Deep-Learning/project/results/alphaq_decomposition_objective_external_validation_journal_repair_paircap/barenco_tof_4/factor_count_pair_cap/shared-parity/barenco_tof_4.qasm,23,12,536,2.8640776699029127,,ok,626,right,333,295,0.5319488817891374,23,1,2,ok,2504.16004-clifford,ok,53,tie,0,53,0.0,22,1,1,1319,88,0,0.4608695652173913,ok,,
/home/CIN/cacl2/Deep-Learning/project/results/archive/old_experiments/public_resynth_tensor_v3_phase_slack_expanded/candidate_frontier.csv,barenco_tof_4,conservative,barenco_tof_4:combo8,barenco_tof_4:combo8,ok,/home/CIN/cacl2/Deep-Learning/project/results/archive/old_experiments/public_resynth_tensor_v3_phase_slack_expanded/public_resynth_tensor_v3_phase_slack/barenco_tof_4/structural_combinations/combo8/assembled.qasm,/home/CIN/cacl2/Deep-Learning/project/results/alphaq_decomposition_objective_external_validation_journal_repair_paircap/barenco_tof_4/factor_count_pair_cap/shared-parity/barenco_tof_4.qasm,23,10,527,2.679611650485437,,ok,621,right,347,276,0.5587761674718197,23,1,3,ok,2504.16004-clifford,ok,51,tie,0,51,0.0,22,2,1,1314,86,1,0.4434782608695652,ok,,
/home/CIN/cacl2/Deep-Learning/project/results/archive/old_experiments/public_resynth_tensor_v3_phase_slack_expanded/candidate_frontier.csv,barenco_tof_4,conservative,barenco_tof_4:combo9,barenco_tof_4:combo9,ok,/home/CIN/cacl2/Deep-Learning/project/results/archive/old_experiments/public_resynth_tensor_v3_phase_slack_expanded/public_resynth_tensor_v3_phase_slack/barenco_tof_4/structural_combinations/combo9/assembled.qasm,/home/CIN/cacl2/Deep-Learning/project/results/alphaq_decomposition_objective_external_validation_journal_repair_paircap/barenco_tof_4/factor_count_pair_cap/shared-parity/barenco_tof_4.qasm,23,14,516,2.621359223300971,,ok,600,right,332,270,0.5533333333333333,23,1,2,ok,2504.16004-clifford,ok,54,tie,0,54,0.0,21,1,1,1294,88,1,0.46956521739130436,ok,,
/home/CIN/cacl2/Deep-Learning/project/results/archive/old_experiments/public_resynth_tensor_v3_phase_slack_expanded/candidate_frontier.csv,barenco_tof_4,conservative,barenco_tof_4:combo10,barenco_tof_4:combo10,ok,/home/CIN/cacl2/Deep-Learning/project/results/archive/old_experiments/public_resynth_tensor_v3_phase_slack_expanded/public_resynth_tensor_v3_phase_slack/barenco_tof_4/structural_combinations/combo10/assembled.qasm,/home/CIN/cacl2/Deep-Learning/project/results/alphaq_decomposition_objective_external_validation_journal_repair_paircap/barenco_tof_4/factor_count_pair_cap/shared-parity/barenco_tof_4.qasm,28,6,345,1.6699029126213591,,ok,447,right,281,172,0.6286353467561522,28,1,2,ok,2504.16004-clifford,ok,58,tie,0,58,0.0,24,2,1,966,94,1,0.5043478260869565,ok,,
/home/CIN/cacl2/Deep-Learning/project/results/archive/old_experiments/public_resynth_tensor_v3_phase_slack_expanded/candidate_frontier.csv,barenco_tof_4,conservative,barenco_tof_4:combo11,barenco_tof_4:combo11,ok,/home/CIN/cacl2/Deep-Learning/project/results/archive/old_experiments/public_resynth_tensor_v3_phase_slack_expanded/public_resynth_tensor_v3_phase_slack/barenco_tof_4/structural_combinations/combo11/assembled.qasm,/home/CIN/cacl2/Deep-Learning/project/results/alphaq_decomposition_objective_external_validation_journal_repair_paircap/barenco_tof_4/factor_count_pair_cap/shared-parity/barenco_tof_4.qasm,28,9,388,1.6796116504854368,,ok,475,right,307,173,0.6463157894736842,28,1,2,ok,2504.16004-clifford,ok,59,tie,0,59,0.0,28,2,1,1006,94,1,0.5130434782608696,ok,,
/home/CIN/cacl2/Deep-Learning/project/results/archive/old_experiments/public_resynth_tensor_v3_phase_slack_expanded/candidate_frontier.csv,barenco_tof_4,conservative,barenco_tof_4:combo12,barenco_tof_4:combo12,ok,/home/CIN/cacl2/Deep-Learning/project/results/archive/old_experiments/public_resynth_tensor_v3_phase_slack_expanded/public_resynth_tensor_v3_phase_slack/barenco_tof_4/structural_combinations/combo12/assembled.qasm,/home/CIN/cacl2/Deep-Learning/project/results/alphaq_decomposition_objective_external_validation_journal_repair_paircap/barenco_tof_4/factor_count_pair_cap/shared-parity/barenco_tof_4.qasm,28,8,377,1.5728155339805825,,ok,451,right,292,162,0.647450110864745,28,1,1,ok,2504.16004-clifford,ok,56,tie,0,56,0.0,25,2,1,970,92,1,0.48695652173913045,ok,,
/home/CIN/cacl2/Deep-Learning/project/results/archive/old_experiments/public_resynth_tensor_v3_phase_slack_expanded/candidate_frontier.csv,barenco_tof_4,conservative,barenco_tof_4:combo13,barenco_tof_4:combo13,ok,/home/CIN/cacl2/Deep-Learning/project/results/archive/old_experiments/public_resynth_tensor_v3_phase_slack_expanded/public_resynth_tensor_v3_phase_slack/barenco_tof_4/structural_combinations/combo13/assembled.qasm,/home/CIN/cacl2/Deep-Learning/project/results/alphaq_decomposition_objective_external_validation_journal_repair_paircap/barenco_tof_4/factor_count_pair_cap/shared-parity/barenco_tof_4.qasm,28,8,351,1.4368932038834952,,ok,426,right,282,148,0.6619718309859155,28,1,2,ok,2504.16004-clifford,ok,57,tie,0,57,0.0,25,2,1,928,98,1,0.4956521739130435,ok,,
/home/CIN/cacl2/Deep-Learning/project/results/archive/old_experiments/public_resynth_tensor_v3_phase_slack_expanded/candidate_frontier.csv,barenco_tof_4,conservative,barenco_tof_4:combo14,barenco_tof_4:combo14,ok,/home/CIN/cacl2/Deep-Learning/project/results/archive/old_experiments/public_resynth_tensor_v3_phase_slack_expanded/public_resynth_tensor_v3_phase_slack/barenco_tof_4/structural_combinations/combo14/assembled.qasm,/home/CIN/cacl2/Deep-Learning/project/results/alphaq_decomposition_objective_external_validation_journal_repair_paircap/barenco_tof_4/factor_count_pair_cap/shared-parity/barenco_tof_4.qasm,28,9,384,1.6407766990291262,,ok,455,right,292,169,0.6417582417582418,28,1,2,ok,2504.16004-clifford,ok,61,tie,0,61,0.0,26,2,1,968,98,0,0.5304347826086957,ok,,
/home/CIN/cacl2/Deep-Learning/project/results/archive/old_experiments/public_resynth_tensor_v3_phase_slack_expanded/candidate_frontier.csv,barenco_tof_4,conservative,barenco_tof_4:combo15,barenco_tof_4:combo15,ok,/home/CIN/cacl2/Deep-Learning/project/results/archive/old_experiments/public_resynth_tensor_v3_phase_slack_expanded/public_resynth_tensor_v3_phase_slack/barenco_tof_4/structural_combinations/combo15/assembled.qasm,/home/CIN/cacl2/Deep-Learning/project/results/alphaq_decomposition_objective_external_validation_journal_repair_paircap/barenco_tof_4/factor_count_pair_cap/shared-parity/barenco_tof_4.qasm,28,8,401,1.7378640776699028,,ok,485,right,309,179,0.6371134020618556,28,1,1,ok,2504.16004-clifford,ok,56,tie,0,56,0.0,23,1,1,1022,94,0,0.48695652173913045,ok,,
/home/CIN/cacl2/Deep-Learning/project/results/archive/old_experiments/public_resynth_tensor_v3_phase_slack_expanded/candidate_frontier.csv,barenco_tof_4,conservative,barenco_tof_4:combo16,barenco_tof_4:combo16,ok,/home/CIN/cacl2/Deep-Learning/project/results/archive/old_experiments/public_resynth_tensor_v3_phase_slack_expanded/public_resynth_tensor_v3_phase_slack/barenco_tof_4/structural_combinations/combo16/assembled.qasm,/home/CIN/cacl2/Deep-Learning/project/results/alphaq_decomposition_objective_external_validation_journal_repair_paircap/barenco_tof_4/factor_count_pair_cap/shared-parity/barenco_tof_4.qasm,28,10,373,1.4077669902912622,,ok,438,right,296,145,0.6757990867579908,28,1,2,ok,2504.16004-clifford,ok,55,tie,0,55,0.0,26,2,1,944,90,1,0.4782608695652174,ok,,
/home/CIN/cacl2/Deep-Learning/project/results/archive/old_experiments/public_resynth_tensor_v3_phase_slack_expanded/candidate_frontier.csv,barenco_tof_4,conservative,barenco_tof_4:combo17,barenco_tof_4:combo17,ok,/home/CIN/cacl2/Deep-Learning/project/results/archive/old_experiments/public_resynth_tensor_v3_phase_slack_expanded/public_resynth_tensor_v3_phase_slack/barenco_tof_4/structural_combinations/combo17/assembled.qasm,/home/CIN/cacl2/Deep-Learning/project/results/alphaq_decomposition_objective_external_validation_journal_repair_paircap/barenco_tof_4/factor_count_pair_cap/shared-parity/barenco_tof_4.qasm,28,7,369,1.5533980582524272,,ok,447,right,294,160,0.6577181208053692,28,1,2,ok,2504.16004-clifford,ok,59,tie,0,59,0.0,26,2,1,976,96,1,0.5130434782608696,ok,,
/home/CIN/cacl2/Deep-Learning/project/results/archive/old_experiments/public_resynth_tensor_v3_phase_slack_expanded/candidate_frontier.csv,barenco_tof_4,conservative,barenco_tof_4:combo18,barenco_tof_4:combo18,ok,/home/CIN/cacl2/Deep-Learning/project/results/archive/old_experiments/public_resynth_tensor_v3_phase_slack_expanded/public_resynth_tensor_v3_phase_slack/barenco_tof_4/structural_combinations/combo18/assembled.qasm,/home/CIN/cacl2/Deep-Learning/project/results/alphaq_decomposition_objective_external_validation_journal_repair_paircap/barenco_tof_4/factor_count_pair_cap/shared-parity/barenco_tof_4.qasm,28,10,370,1.4854368932038835,,ok,445,right,294,153,0.6606741573033708,28,1,2,ok,2504.16004-clifford,ok,58,tie,0,58,0.0,25,2,1,948,96,1,0.5043478260869565,ok,,
/home/CIN/cacl2/Deep-Learning/project/results/archive/old_experiments/public_resynth_tensor_v3_phase_slack_expanded/candidate_frontier.csv,barenco_tof_4,conservative,barenco_tof_4:combo19,barenco_tof_4:combo19,ok,/home/CIN/cacl2/Deep-Learning/project/results/archive/old_experiments/public_resynth_tensor_v3_phase_slack_expanded/public_resynth_tensor_v3_phase_slack/barenco_tof_4/structural_combinations/combo19/assembled.qasm,/home/CIN/cacl2/Deep-Learning/project/results/alphaq_decomposition_objective_external_validation_journal_repair_paircap/barenco_tof_4/factor_count_pair_cap/shared-parity/barenco_tof_4.qasm,28,14,373,1.4660194174757282,,ok,438,right,290,151,0.6621004566210046,28,1,1,ok,2504.16004-clifford,ok,54,tie,0,54,0.0,24,2,1,962,96,1,0.46956521739130436,ok,,
/home/CIN/cacl2/Deep-Learning/project/results/archive/old_experiments/public_resynth_tensor_v3_phase_slack_expanded/candidate_frontier.csv,gf_2pow2_mult,conservative,gf_2pow2_mult:combo0,gf_2pow2_mult:combo0,ok,/home/CIN/cacl2/Deep-Learning/project/results/archive/old_experiments/public_resynth_tensor_v3_phase_slack_expanded/public_resynth_tensor_v3_phase_slack/gf_2pow2_mult/structural_combinations/combo0/assembled.qasm,/home/CIN/cacl2/Deep-Learning/project/results/alphaq_split_reward_external/gf_2pow2_mult_none_sweep/gf_2pow2_mult.qasm,17,12,169,2.227272727272727,,ok,189,right,91,98,0.48148148148148145,17,1,2,ok,2504.16004-clifford,ok,34,left,1,33,0.029411764705882353,16,1,1,376,50,0,0.7674418604651163,ok,,
/home/CIN/cacl2/Deep-Learning/project/results/archive/old_experiments/public_resynth_tensor_v3_phase_slack_expanded/candidate_frontier.csv,gf_2pow2_mult,conservative,gf_2pow2_mult:combo1,gf_2pow2_mult:combo1,ok,/home/CIN/cacl2/Deep-Learning/project/results/archive/old_experiments/public_resynth_tensor_v3_phase_slack_expanded/public_resynth_tensor_v3_phase_slack/gf_2pow2_mult/structural_combinations/combo1/assembled.qasm,/home/CIN/cacl2/Deep-Learning/project/results/alphaq_split_reward_external/gf_2pow2_mult_none_sweep/gf_2pow2_mult.qasm,17,8,160,2.159090909090909,,ok,184,right,90,95,0.4891304347826087,17,1,2,ok,2504.16004-clifford,ok,34,tie,0,34,0.0,16,1,1,370,50,0,0.7906976744186046,ok,,
/home/CIN/cacl2/Deep-Learning/project/results/archive/old_experiments/public_resynth_tensor_v3_phase_slack_expanded/candidate_frontier.csv,gf_2pow2_mult,conservative,gf_2pow2_mult:combo2,gf_2pow2_mult:combo2,ok,/home/CIN/cacl2/Deep-Learning/project/results/archive/old_experiments/public_resynth_tensor_v3_phase_slack_expanded/public_resynth_tensor_v3_phase_slack/gf_2pow2_mult/structural_combinations/combo2/assembled.qasm,/home/CIN/cacl2/Deep-Learning/project/results/alphaq_split_reward_external/gf_2pow2_mult_none_sweep/gf_2pow2_mult.qasm,17,6,161,2.0681818181818183,,ok,185,right,94,91,0.5081081081081081,17,1,2,ok,2504.16004-clifford,ok,36,tie,0,36,0.0,16,1,1,372,52,1,0.8372093023255814,ok,,
/home/CIN/cacl2/Deep-Learning/project/results/archive/old_experiments/public_resynth_tensor_v3_phase_slack_expanded/candidate_frontier.csv,gf_2pow2_mult,conservative,gf_2pow2_mult:combo3,gf_2pow2_mult:combo3,ok,/home/CIN/cacl2/Deep-Learning/project/results/archive/old_experiments/public_resynth_tensor_v3_phase_slack_expanded/public_resynth_tensor_v3_phase_slack/gf_2pow2_mult/structural_combinations/combo3/assembled.qasm,/home/CIN/cacl2/Deep-Learning/project/results/alphaq_split_reward_external/gf_2pow2_mult_none_sweep/gf_2pow2_mult.qasm,17,12,158,2.0454545454545454,,ok,176,right,87,90,0.4943181818181818,17,1,1,ok,2504.16004-clifford,ok,33,tie,0,33,0.0,16,1,1,352,50,0,0.7674418604651163,ok,,
/home/CIN/cacl2/Deep-Learning/project/results/archive/old_experiments/public_resynth_tensor_v3_phase_slack_expanded/candidate_frontier.csv,gf_2pow2_mult,conservative,gf_2pow2_mult:combo4,gf_2pow2_mult:combo4,ok,/home/CIN/cacl2/Deep-Learning/project/results/archive/old_experiments/public_resynth_tensor_v3_phase_slack_expanded/public_resynth_tensor_v3_phase_slack/gf_2pow2_mult/structural_combinations/combo4/assembled.qasm,/home/CIN/cacl2/Deep-Learning/project/results/alphaq_split_reward_external/gf_2pow2_mult_none_sweep/gf_2pow2_mult.qasm,17,8,154,1.9772727272727273,,ok,180,right,94,87,0.5222222222222223,17,1,2,ok,2504.16004-clifford,ok,35,tie,0,35,0.0,15,2,1,362,52,1,0.813953488372093,ok,,
/home/CIN/cacl2/Deep-Learning/project/results/archive/old_experiments/public_resynth_tensor_v3_phase_slack_expanded/candidate_frontier.csv,gf_2pow2_mult,conservative,gf_2pow2_mult:combo5,gf_2pow2_mult:combo5,ok,/home/CIN/cacl2/Deep-Learning/project/results/archive/old_experiments/public_resynth_tensor_v3_phase_slack_expanded/public_resynth_tensor_v3_phase_slack/gf_2pow2_mult/structural_combinations/combo5/assembled.qasm,/home/CIN/cacl2/Deep-Learning/project/results/alphaq_split_reward_external/gf_2pow2_mult_none_sweep/gf_2pow2_mult.qasm,17,12,158,2.0454545454545454,,ok,179,right,95,90,0.5307262569832403,17,1,1,ok,2504.16004-clifford,ok,37,tie,0,37,0.0,16,1,1,372,52,1,0.8604651162790697,ok,,
/home/CIN/cacl2/Deep-Learning/project/results/archive/old_experiments/public_resynth_tensor_v3_phase_slack_expanded/candidate_frontier.csv,gf_2pow2_mult,conservative,gf_2pow2_mult:combo6,gf_2pow2_mult:combo6,ok,/home/CIN/cacl2/Deep-Learning/project/results/archive/old_experiments/public_resynth_tensor_v3_phase_slack_expanded/public_resynth_tensor_v3_phase_slack/gf_2pow2_mult/structural_combinations/combo6/assembled.qasm,/home/CIN/cacl2/Deep-Learning/project/results/alphaq_split_reward_external/gf_2pow2_mult_none_sweep/gf_2pow2_mult.qasm,17,12,148,1.8863636363636365,,ok,178,right,96,83,0.5393258426966292,17,1,2,ok,2504.16004-clifford,ok,36,tie,0,36,0.0,15,1,1,353,52,1,0.8372093023255814,ok,,
/home/CIN/cacl2/Deep-Learning/project/results/archive/old_experiments/public_resynth_tensor_v3_phase_slack_expanded/candidate_frontier.csv,gf_2pow2_mult,conservative,gf_2pow2_mult:combo7,gf_2pow2_mult:combo7,ok,/home/CIN/cacl2/Deep-Learning/project/results/archive/old_experiments/public_resynth_tensor_v3_phase_slack_expanded/public_resynth_tensor_v3_phase_slack/gf_2pow2_mult/structural_combinations/combo7/assembled.qasm,/home/CIN/cacl2/Deep-Learning/project/results/alphaq_split_reward_external/gf_2pow2_mult_none_sweep/gf_2pow2_mult.qasm,17,12,145,1.7272727272727273,,ok,167,right,92,76,0.5508982035928144,17,1,1,ok,2504.16004-clifford,ok,32,tie,0,32,0.0,17,1,1,341,50,1,0.7441860465116279,ok,,
/home/CIN/cacl2/Deep-Learning/project/results/archive/old_experiments/public_resynth_tensor_v3_phase_slack_expanded/candidate_frontier.csv,gf_2pow2_mult,conservative,gf_2pow2_mult:combo8,gf_2pow2_mult:combo8,ok,/home/CIN/cacl2/Deep-Learning/project/results/archive/old_experiments/public_resynth_tensor_v3_phase_slack_expanded/public_resynth_tensor_v3_phase_slack/gf_2pow2_mult/structural_combinations/combo8/assembled.qasm,/home/CIN/cacl2/Deep-Learning/project/results/alphaq_split_reward_external/gf_2pow2_mult_none_sweep/gf_2pow2_mult.qasm,17,6,156,2.022727272727273,,ok,174,right,86,89,0.4942528735632184,17,1,1,ok,2504.16004-clifford,ok,34,tie,0,34,0.0,16,1,1,341,50,0,0.7906976744186046,ok,,
/home/CIN/cacl2/Deep-Learning/project/results/archive/old_experiments/public_resynth_tensor_v3_phase_slack_expanded/candidate_frontier.csv,gf_2pow2_mult,conservative,gf_2pow2_mult:combo9,gf_2pow2_mult:combo9,ok,/home/CIN/cacl2/Deep-Learning/project/results/archive/old_experiments/public_resynth_tensor_v3_phase_slack_expanded/public_resynth_tensor_v3_phase_slack/gf_2pow2_mult/structural_combinations/combo9/assembled.qasm,/home/CIN/cacl2/Deep-Learning/project/results/alphaq_split_reward_external/gf_2pow2_mult_none_sweep/gf_2pow2_mult.qasm,21,8,162,1.9090909090909092,,ok,192,right,113,84,0.5885416666666666,21,1,1,ok,2504.16004-clifford,ok,38,tie,0,38,0.0,18,1,1,385,60,0,0.8837209302325582,ok,,
/home/CIN/cacl2/Deep-Learning/project/results/archive/old_experiments/public_resynth_tensor_v3_phase_slack_expanded/candidate_frontier.csv,gf_2pow2_mult,conservative,gf_2pow2_mult:combo10,gf_2pow2_mult:combo10,ok,/home/CIN/cacl2/Deep-Learning/project/results/archive/old_experiments/public_resynth_tensor_v3_phase_slack_expanded/public_resynth_tensor_v3_phase_slack/gf_2pow2_mult/structural_combinations/combo10/assembled.qasm,/home/CIN/cacl2/Deep-Learning/project/results/alphaq_split_reward_external/gf_2pow2_mult_none_sweep/gf_2pow2_mult.qasm,21,5,158,1.9318181818181819,,ok,194,right,110,85,0.5670103092783505,21,1,1,ok,2504.16004-clifford,ok,41,tie,0,41,0.0,20,1,1,386,60,1,0.9534883720930233,ok,,
/home/CIN/cacl2/Deep-Learning/project/results/archive/old_experiments/public_resynth_tensor_v3_phase_slack_expanded/candidate_frontier.csv,gf_2pow2_mult,conservative,gf_2pow2_mult:combo11,gf_2pow2_mult:combo11,ok,/home/CIN/cacl2/Deep-Learning/project/results/archive/old_experiments/public_resynth_tensor_v3_phase_slack_expanded/public_resynth_tensor_v3_phase_slack/gf_2pow2_mult/structural_combinations/combo11/assembled.qasm,/home/CIN/cacl2/Deep-Learning/project/results/alphaq_split_reward_external/gf_2pow2_mult_none_sweep/gf_2pow2_mult.qasm,21,6,147,1.7272727272727273,,ok,178,right,105,76,0.5898876404494382,21,1,1,ok,2504.16004-clifford,ok,34,right,2,32,0.058823529411764705,15,2,1,358,60,0,0.7441860465116279,ok,,
/home/CIN/cacl2/Deep-Learning/project/results/archive/old_experiments/public_resynth_tensor_v3_phase_slack_expanded/candidate_frontier.csv,gf_2pow2_mult,conservative,gf_2pow2_mult:combo12,gf_2pow2_mult:combo12,ok,/home/CIN/cacl2/Deep-Learning/project/results/archive/old_experiments/public_resynth_tensor_v3_phase_slack_expanded/public_resynth_tensor_v3_phase_slack/gf_2pow2_mult/structural_combinations/combo12/assembled.qasm,/home/CIN/cacl2/Deep-Learning/project/results/alphaq_split_reward_external/gf_2pow2_mult_none_sweep/gf_2pow2_mult.qasm,21,6,159,2.0,,ok,195,right,108,88,0.5538461538461539,21,1,1,ok,2504.16004-clifford,ok,41,tie,0,41,0.0,19,1,1,398,60,1,0.9534883720930233,ok,,
/home/CIN/cacl2/Deep-Learning/project/results/archive/old_experiments/public_resynth_tensor_v3_phase_slack_expanded/candidate_frontier.csv,gf_2pow2_mult,conservative,gf_2pow2_mult:combo13,gf_2pow2_mult:combo13,ok,/home/CIN/cacl2/Deep-Learning/project/results/archive/old_experiments/public_resynth_tensor_v3_phase_slack_expanded/public_resynth_tensor_v3_phase_slack/gf_2pow2_mult/structural_combinations/combo13/assembled.qasm,/home/CIN/cacl2/Deep-Learning/project/results/alphaq_split_reward_external/gf_2pow2_mult_none_sweep/gf_2pow2_mult.qasm,21,10,177,2.159090909090909,,ok,207,right,114,95,0.5507246376811594,21,1,1,ok,2504.16004-clifford,ok,43,tie,0,43,0.0,20,1,1,411,60,1,1.0,ok,,
/home/CIN/cacl2/Deep-Learning/project/results/archive/old_experiments/public_resynth_tensor_v3_phase_slack_expanded/candidate_frontier.csv,gf_2pow2_mult,conservative,gf_2pow2_mult:combo14,gf_2pow2_mult:combo14,ok,/home/CIN/cacl2/Deep-Learning/project/results/archive/old_experiments/public_resynth_tensor_v3_phase_slack_expanded/public_resynth_tensor_v3_phase_slack/gf_2pow2_mult/structural_combinations/combo14/assembled.qasm,/home/CIN/cacl2/Deep-Learning/project/results/alphaq_split_reward_external/gf_2pow2_mult_none_sweep/gf_2pow2_mult.qasm,21,9,162,2.0,,ok,196,right,108,88,0.5510204081632653,21,1,1,ok,2504.16004-clifford,ok,38,tie,0,38,0.0,18,1,1,390,60,1,0.8837209302325582,ok,,
/home/CIN/cacl2/Deep-Learning/project/results/archive/old_experiments/public_resynth_tensor_v3_phase_slack_expanded/candidate_frontier.csv,gf_2pow2_mult,conservative,gf_2pow2_mult:combo15,gf_2pow2_mult:combo15,ok,/home/CIN/cacl2/Deep-Learning/project/results/archive/old_experiments/public_resynth_tensor_v3_phase_slack_expanded/public_resynth_tensor_v3_phase_slack/gf_2pow2_mult/structural_combinations/combo15/assembled.qasm,/home/CIN/cacl2/Deep-Learning/project/results/alphaq_split_reward_external/gf_2pow2_mult_none_sweep/gf_2pow2_mult.qasm,21,12,170,2.159090909090909,,ok,202,right,110,95,0.5445544554455446,21,1,2,ok,2504.16004-clifford,ok,42,tie,0,42,0.0,20,2,1,402,60,1,0.9767441860465116,ok,,
/home/CIN/cacl2/Deep-Learning/project/results/archive/old_experiments/public_resynth_tensor_v3_phase_slack_expanded/candidate_frontier.csv,gf_2pow2_mult,conservative,gf_2pow2_mult:combo16,gf_2pow2_mult:combo16,ok,/home/CIN/cacl2/Deep-Learning/project/results/archive/old_experiments/public_resynth_tensor_v3_phase_slack_expanded/public_resynth_tensor_v3_phase_slack/gf_2pow2_mult/structural_combinations/combo16/assembled.qasm,/home/CIN/cacl2/Deep-Learning/project/results/alphaq_split_reward_external/gf_2pow2_mult_none_sweep/gf_2pow2_mult.qasm,21,5,170,2.159090909090909,,ok,204,right,113,95,0.553921568627451,21,1,1,ok,2504.16004-clifford,ok,37,tie,0,37,0.0,18,1,1,402,58,0,0.8604651162790697,ok,,
/home/CIN/cacl2/Deep-Learning/project/results/archive/old_experiments/public_resynth_tensor_v3_phase_slack_expanded/candidate_frontier.csv,gf_2pow2_mult,conservative,gf_2pow2_mult:combo17,gf_2pow2_mult:combo17,ok,/home/CIN/cacl2/Deep-Learning/project/results/archive/old_experiments/public_resynth_tensor_v3_phase_slack_expanded/public_resynth_tensor_v3_phase_slack/gf_2pow2_mult/structural_combinations/combo17/assembled.qasm,/home/CIN/cacl2/Deep-Learning/project/results/alphaq_split_reward_external/gf_2pow2_mult_none_sweep/gf_2pow2_mult.qasm,21,6,156,1.8636363636363635,,ok,191,right,110,82,0.5759162303664922,21,1,1,ok,2504.16004-clifford,ok,39,tie,0,39,0.0,20,2,1,386,60,1,0.9069767441860465,ok,,
/home/CIN/cacl2/Deep-Learning/project/results/archive/old_experiments/public_resynth_tensor_v3_phase_slack_expanded/candidate_frontier.csv,hwb_6,conservative,hwb_6:combo0,hwb_6:combo0,ok,/home/CIN/cacl2/Deep-Learning/project/results/archive/old_experiments/public_resynth_tensor_v3_phase_slack_expanded/public_resynth_tensor_v3_phase_slack/hwb_6/structural_combinations/combo0/assembled.qasm,/home/CIN/cacl2/Deep-Learning/project/results/archive/old_experiments/public_resynth/public_resynth_gadgets/hwb_6/hwb_6.qasm,51,14,1391,3.493087557603687,,ok,1653,right,903,758,0.5462794918330308,51,1,2,ok,2504.16004-clifford,ok,122,tie,0,122,0.0,50,2,1,3458,183,0,0.8652482269503546,ok,,
/home/CIN/cacl2/Deep-Learning/project/results/archive/old_experiments/public_resynth_tensor_v3_phase_slack_expanded/candidate_frontier.csv,hwb_6,conservative,hwb_6:combo1,hwb_6:combo1,ok,/home/CIN/cacl2/Deep-Learning/project/results/archive/old_experiments/public_resynth_tensor_v3_phase_slack_expanded/public_resynth_tensor_v3_phase_slack/hwb_6/structural_combinations/combo1/assembled.qasm,/home/CIN/cacl2/Deep-Learning/project/results/archive/old_experiments/public_resynth/public_resynth_gadgets/hwb_6/hwb_6.qasm,51,11,1458,3.751152073732719,,ok,1701,right,889,814,0.522633744855967,51,1,2,ok,2504.16004-clifford,ok,123,tie,0,123,0.0,51,2,1,3636,183,1,0.8723404255319149,ok,,
/home/CIN/cacl2/Deep-Learning/project/results/archive/old_experiments/public_resynth_tensor_v3_phase_slack_expanded/candidate_frontier.csv,hwb_6,conservative,hwb_6:combo2,hwb_6:combo2,ok,/home/CIN/cacl2/Deep-Learning/project/results/archive/old_experiments/public_resynth_tensor_v3_phase_slack_expanded/public_resynth_tensor_v3_phase_slack/hwb_6/structural_combinations/combo2/assembled.qasm,/home/CIN/cacl2/Deep-Learning/project/results/archive/old_experiments/public_resynth/public_resynth_gadgets/hwb_6/hwb_6.qasm,51,11,1323,3.28110599078341,,ok,1585,right,883,712,0.5570977917981073,51,1,2,ok,2504.16004-clifford,ok,123,tie,0,123,0.0,51,2,1,3356,182,1,0.8723404255319149,ok,,
/home/CIN/cacl2/Deep-Learning/project/results/archive/old_experiments/public_resynth_tensor_v3_phase_slack_expanded/candidate_frontier.csv,hwb_6,conservative,hwb_6:combo3,hwb_6:combo3,ok,/home/CIN/cacl2/Deep-Learning/project/results/archive/old_experiments/public_resynth_tensor_v3_phase_slack_expanded/public_resynth_tensor_v3_phase_slack/hwb_6/structural_combinations/combo3/assembled.qasm,/home/CIN/cacl2/Deep-Learning/project/results/archive/old_experiments/public_resynth/public_resynth_gadgets/hwb_6/hwb_6.qasm,51,12,1506,3.9585253456221197,,ok,1744,right,894,859,0.5126146788990825,51,1,3,ok,2504.16004-clifford,ok,118,tie,0,118,0.0,49,2,1,3669,182,1,0.8368794326241135,ok,,
/home/CIN/cacl2/Deep-Learning/project/results/archive/old_experiments/public_resynth_tensor_v3_phase_slack_expanded/candidate_frontier.csv,hwb_6,conservative,hwb_6:combo4,hwb_6:combo4,ok,/home/CIN/cacl2/Deep-Learning/project/results/archive/old_experiments/public_resynth_tensor_v3_phase_slack_expanded/public_resynth_tensor_v3_phase_slack/hwb_6/structural_combinations/combo4/assembled.qasm,/home/CIN/cacl2/Deep-Learning/project/results/archive/old_experiments/public_resynth/public_resynth_gadgets/hwb_6/hwb_6.qasm,51,18,1432,3.5668202764976957,,ok,1703,right,936,774,0.549618320610687,51,1,2,ok,2504.16004-clifford,ok,119,tie,0,119,0.0,50,2,1,3574,182,1,0.8439716312056738,ok,,
/home/CIN/cacl2/Deep-Learning/project/results/archive/old_experiments/public_resynth_tensor_v3_phase_slack_expanded/candidate_frontier.csv,hwb_6,conservative,hwb_6:combo5,hwb_6:combo5,ok,/home/CIN/cacl2/Deep-Learning/project/results/archive/old_experiments/public_resynth_tensor_v3_phase_slack_expanded/public_resynth_tensor_v3_phase_slack/hwb_6/structural_combinations/combo5/assembled.qasm,/home/CIN/cacl2/Deep-Learning/project/results/archive/old_experiments/public_resynth/public_resynth_gadgets/hwb_6/hwb_6.qasm,51,16,1501,3.880184331797235,,ok,1752,right,915,842,0.5222602739726028,51,1,2,ok,2504.16004-clifford,ok,118,tie,0,118,0.0,51,2,1,3679,181,1,0.8368794326241135,ok,,
/home/CIN/cacl2/Deep-Learning/project/results/archive/old_experiments/public_resynth_tensor_v3_phase_slack_expanded/candidate_frontier.csv,hwb_6,conservative,hwb_6:combo6,hwb_6:combo6,ok,/home/CIN/cacl2/Deep-Learning/project/results/archive/old_experiments/public_resynth_tensor_v3_phase_slack_expanded/public_resynth_tensor_v3_phase_slack/hwb_6/structural_combinations/combo6/assembled.qasm,/home/CIN/cacl2/Deep-Learning/project/results/archive/old_experiments/public_resynth/public_resynth_gadgets/hwb_6/hwb_6.qasm,51,11,1463,3.903225806451613,,ok,1803,right,959,847,0.5318912922906267,51,1,3,ok,2504.16004-clifford,ok,122,tie,0,122,0.0,50,2,1,3839,184,1,0.8652482269503546,ok,,
/home/CIN/cacl2/Deep-Learning/project/results/archive/old_experiments/public_resynth_tensor_v3_phase_slack_expanded/candidate_frontier.csv,hwb_6,conservative,hwb_6:combo7,hwb_6:combo7,ok,/home/CIN/cacl2/Deep-Learning/project/results/archive/old_experiments/public_resynth_tensor_v3_phase_slack_expanded/public_resynth_tensor_v3_phase_slack/hwb_6/structural_combinations/combo7/assembled.qasm,/home/CIN/cacl2/Deep-Learning/project/results/archive/old_experiments/public_resynth/public_resynth_gadgets/hwb_6/hwb_6.qasm,51,14,1535,4.216589861751152,,ok,1875,right,960,915,0.512,51,1,3,ok,2504.16004-clifford,ok,121,tie,0,121,0.0,51,2,1,3925,183,1,0.8581560283687943,ok,,
/home/CIN/cacl2/Deep-Learning/project/results/archive/old_experiments/public_resynth_tensor_v3_phase_slack_expanded/candidate_frontier.csv,hwb_6,conservative,hwb_6:combo8,hwb_6:combo8,ok,/home/CIN/cacl2/Deep-Learning/project/results/archive/old_experiments/public_resynth_tensor_v3_phase_slack_expanded/public_resynth_tensor_v3_phase_slack/hwb_6/structural_combinations/combo8/assembled.qasm,/home/CIN/cacl2/Deep-Learning/project/results/archive/old_experiments/public_resynth/public_resynth_gadgets/hwb_6/hwb_6.qasm,51,12,1336,3.19815668202765,,ok,1561,right,869,694,0.5566944266495836,51,1,2,ok,2504.16004-clifford,ok,119,tie,0,119,0.0,51,2,1,3310,182,1,0.8439716312056738,ok,,
/home/CIN/cacl2/Deep-Learning/project/results/archive/old_experiments/public_resynth_tensor_v3_phase_slack_expanded/candidate_frontier.csv,hwb_6,conservative,hwb_6:combo9,hwb_6:combo9,ok,/home/CIN/cacl2/Deep-Learning/project/results/archive/old_experiments/public_resynth_tensor_v3_phase_slack_expanded/public_resynth_tensor_v3_phase_slack/hwb_6/structural_combinations/combo9/assembled.qasm,/home/CIN/cacl2/Deep-Learning/project/results/archive/old_experiments/public_resynth/public_resynth_gadgets/hwb_6/hwb_6.qasm,51,16,1403,3.5023041474654377,,ok,1660,right,908,760,0.5469879518072289,51,1,2,ok,2504.16004-clifford,ok,121,tie,0,121,0.0,50,2,1,3496,183,1,0.8581560283687943,ok,,
/home/CIN/cacl2/Deep-Learning/project/results/archive/old_experiments/public_resynth_tensor_v3_phase_slack_expanded/candidate_frontier.csv,hwb_6,conservative,hwb_6:combo10,hwb_6:combo10,ok,/home/CIN/cacl2/Deep-Learning/project/results/archive/old_experiments/public_resynth_tensor_v3_phase_slack_expanded/public_resynth_tensor_v3_phase_slack/hwb_6/structural_combinations/combo10/assembled.qasm,/home/CIN/cacl2/Deep-Learning/project/results/archive/old_experiments/public_resynth/public_resynth_gadgets/hwb_6/hwb_6.qasm,70,12,932,1.7695852534562213,,ok,1205,right,830,384,0.6887966804979253,70,1,3,ok,2504.16004-clifford,ok,143,tie,0,143,0.0,65,2,1,2530,222,1,1.0141843971631206,ok,,
/home/CIN/cacl2/Deep-Learning/project/results/archive/old_experiments/public_resynth_tensor_v3_phase_slack_expanded/candidate_frontier.csv,hwb_6,conservative,hwb_6:combo11,hwb_6:combo11,ok,/home/CIN/cacl2/Deep-Learning/project/results/archive/old_experiments/public_resynth_tensor_v3_phase_slack_expanded/public_resynth_tensor_v3_phase_slack/hwb_6/structural_combinations/combo11/assembled.qasm,/home/CIN/cacl2/Deep-Learning/project/results/archive/old_experiments/public_resynth/public_resynth_gadgets/hwb_6/hwb_6.qasm,70,13,911,1.6543778801843319,,ok,1223,right,876,359,0.7162714636140638,70,1,2,ok,2504.16004-clifford,ok,145,tie,0,145,0.0,63,2,1,2579,219,1,1.0283687943262412,ok,,
/home/CIN/cacl2/Deep-Learning/project/results/archive/old_experiments/public_resynth_tensor_v3_phase_slack_expanded/candidate_frontier.csv,hwb_6,conservative,hwb_6:combo12,hwb_6:combo12,ok,/home/CIN/cacl2/Deep-Learning/project/results/archive/old_experiments/public_resynth_tensor_v3_phase_slack_expanded/public_resynth_tensor_v3_phase_slack/hwb_6/structural_combinations/combo12/assembled.qasm,/home/CIN/cacl2/Deep-Learning/project/results/archive/old_experiments/public_resynth/public_resynth_gadgets/hwb_6/hwb_6.qasm,70,16,954,2.0,,ok,1242,right,818,434,0.6586151368760065,70,1,2,ok,2504.16004-clifford,ok,147,tie,0,147,0.0,65,2,1,2608,220,0,1.0425531914893618,ok,,
/home/CIN/cacl2/Deep-Learning/project/results/archive/old_experiments/public_resynth_tensor_v3_phase_slack_expanded/candidate_frontier.csv,hwb_6,conservative,hwb_6:combo13,hwb_6:combo13,ok,/home/CIN/cacl2/Deep-Learning/project/results/archive/old_experiments/public_resynth_tensor_v3_phase_slack_expanded/public_resynth_tensor_v3_phase_slack/hwb_6/structural_combinations/combo13/assembled.qasm,/home/CIN/cacl2/Deep-Learning/project/results/archive/old_experiments/public_resynth/public_resynth_gadgets/hwb_6/hwb_6.qasm,70,17,935,1.7004608294930876,,ok,1186,right,823,369,0.693929173693086,70,1,3,ok,2504.16004-clifford,ok,141,tie,0,141,0.0,65,2,1,2512,224,1,1.0,ok,,
/home/CIN/cacl2/Deep-Learning/project/results/archive/old_experiments/public_resynth_tensor_v3_phase_slack_expanded/candidate_frontier.csv,hwb_6,conservative,hwb_6:combo14,hwb_6:combo14,ok,/home/CIN/cacl2/Deep-Learning/project/results/archive/old_experiments/public_resynth_tensor_v3_phase_slack_expanded/public_resynth_tensor_v3_phase_slack/hwb_6/structural_combinations/combo14/assembled.qasm,/home/CIN/cacl2/Deep-Learning/project/results/archive/old_experiments/public_resynth/public_resynth_gadgets/hwb_6/hwb_6.qasm,70,13,883,1.6175115207373272,,ok,1185,right,838,351,0.7071729957805907,70,1,2,ok,2504.16004-clifford,ok,144,tie,0,144,0.0,64,2,2,2518,219,0,1.0212765957446808,ok,,
/home/CIN/cacl2/Deep-Learning/project/results/archive/old_experiments/public_resynth_tensor_v3_phase_slack_expanded/candidate_frontier.csv,hwb_6,conservative,hwb_6:combo15,hwb_6:combo15,ok,/home/CIN/cacl2/Deep-Learning/project/results/archive/old_experiments/public_resynth_tensor_v3_phase_slack_expanded/public_resynth_tensor_v3_phase_slack/hwb_6/structural_combinations/combo15/assembled.qasm,/home/CIN/cacl2/Deep-Learning/project/results/archive/old_experiments/public_resynth/public_resynth_gadgets/hwb_6/hwb_6.qasm,70,20,898,1.631336405529954,,ok,1183,right,842,354,0.7117497886728656,70,1,2,ok,2504.16004-clifford,ok,142,tie,0,142,0.0,64,2,1,2517,220,0,1.0070921985815602,ok,,
/home/CIN/cacl2/Deep-Learning/project/results/archive/old_experiments/public_resynth_tensor_v3_phase_slack_expanded/candidate_frontier.csv,hwb_6,conservative,hwb_6:combo16,hwb_6:combo16,ok,/home/CIN/cacl2/Deep-Learning/project/results/archive/old_experiments/public_resynth_tensor_v3_phase_slack_expanded/public_resynth_tensor_v3_phase_slack/hwb_6/structural_combinations/combo16/assembled.qasm,/home/CIN/cacl2/Deep-Learning/project/results/archive/old_experiments/public_resynth/public_resynth_gadgets/hwb_6/hwb_6.qasm,70,14,873,1.705069124423963,,ok,1167,right,807,370,0.6915167095115681,70,1,4,ok,2504.16004-clifford,ok,144,left,1,143,0.006944444444444444,66,2,1,2484,219,1,1.0141843971631206,ok,,
/home/CIN/cacl2/Deep-Learning/project/results/archive/old_experiments/public_resynth_tensor_v3_phase_slack_expanded/candidate_frontier.csv,hwb_6,conservative,hwb_6:combo17,hwb_6:combo17,ok,/home/CIN/cacl2/Deep-Learning/project/results/archive/old_experiments/public_resynth_tensor_v3_phase_slack_expanded/public_resynth_tensor_v3_phase_slack/hwb_6/structural_combinations/combo17/assembled.qasm,/home/CIN/cacl2/Deep-Learning/project/results/archive/old_experiments/public_resynth/public_resynth_gadgets/hwb_6/hwb_6.qasm,70,14,971,1.8156682027649769,,ok,1239,right,858,394,0.6924939467312349,70,1,2,ok,2504.16004-clifford,ok,139,tie,0,139,0.0,63,2,1,2589,214,0,0.9858156028368794,ok,,
/home/CIN/cacl2/Deep-Learning/project/results/archive/old_experiments/public_resynth_tensor_v3_phase_slack_expanded/candidate_frontier.csv,hwb_6,conservative,hwb_6:combo18,hwb_6:combo18,ok,/home/CIN/cacl2/Deep-Learning/project/results/archive/old_experiments/public_resynth_tensor_v3_phase_slack_expanded/public_resynth_tensor_v3_phase_slack/hwb_6/structural_combinations/combo18/assembled.qasm,/home/CIN/cacl2/Deep-Learning/project/results/archive/old_experiments/public_resynth/public_resynth_gadgets/hwb_6/hwb_6.qasm,70,15,884,1.6589861751152073,,ok,1166,right,820,360,0.7032590051457976,70,1,2,ok,2504.16004-clifford,ok,139,tie,0,139,0.0,63,2,1,2476,220,0,0.9858156028368794,ok,,
/home/CIN/cacl2/Deep-Learning/project/results/archive/old_experiments/public_resynth_tensor_v3_phase_slack_expanded/candidate_frontier.csv,hwb_6,conservative,hwb_6:combo19,hwb_6:combo19,ok,/home/CIN/cacl2/Deep-Learning/project/results/archive/old_experiments/public_resynth_tensor_v3_phase_slack_expanded/public_resynth_tensor_v3_phase_slack/hwb_6/structural_combinations/combo19/assembled.qasm,/home/CIN/cacl2/Deep-Learning/project/results/archive/old_experiments/public_resynth/public_resynth_gadgets/hwb_6/hwb_6.qasm,70,16,963,1.9493087557603688,,ok,1244,right,829,423,0.6663987138263665,70,1,2,ok,2504.16004-clifford,ok,147,tie,0,147,0.0,68,2,1,2619,222,1,1.0425531914893618,ok,,
/home/CIN/cacl2/Deep-Learning/project/results/archive/old_experiments/public_resynth_tensor_v3_phase_slack_expanded/candidate_frontier.csv,mod_5_4,conservative,mod_5_4:combo0,mod_5_4:combo0,ok,/home/CIN/cacl2/Deep-Learning/project/results/archive/old_experiments/public_resynth_tensor_v3_phase_slack_expanded/public_resynth_tensor_v3_phase_slack/mod_5_4/structural_combinations/combo0/assembled.qasm,/home/CIN/cacl2/Deep-Learning/project/results/alphaq_split_reward_external/mod_5_4_none_sweep/mod_5_4.qasm,7,4,57,0.5423728813559322,,ok,66,right,34,32,0.5151515151515151,7,1,1,ok,2504.16004-clifford,ok,17,tie,0,17,0.0,7,1,1,139,28,1,0.5862068965517241,ok,,
/home/CIN/cacl2/Deep-Learning/project/results/archive/old_experiments/public_resynth_tensor_v3_phase_slack_expanded/candidate_frontier.csv,mod_5_4,conservative,mod_5_4:combo1,mod_5_4:combo1,ok,/home/CIN/cacl2/Deep-Learning/project/results/archive/old_experiments/public_resynth_tensor_v3_phase_slack_expanded/public_resynth_tensor_v3_phase_slack/mod_5_4/structural_combinations/combo1/assembled.qasm,/home/CIN/cacl2/Deep-Learning/project/results/alphaq_split_reward_external/mod_5_4_none_sweep/mod_5_4.qasm,7,4,59,0.3728813559322034,,ok,72,right,52,22,0.7222222222222222,7,1,1,ok,2504.16004-clifford,ok,18,tie,0,18,0.0,7,1,1,150,29,1,0.6206896551724138,ok,,
/home/CIN/cacl2/Deep-Learning/project/results/archive/old_experiments/public_resynth_tensor_v3_phase_slack_expanded/candidate_frontier.csv,nc_tof_3,conservative,nc_tof_3:combo0,nc_tof_3:combo0,ok,/home/CIN/cacl2/Deep-Learning/project/results/archive/old_experiments/public_resynth_tensor_v3_phase_slack_expanded/public_resynth_tensor_v3_phase_slack/nc_tof_3/structural_combinations/combo0/assembled.qasm,/home/CIN/cacl2/Deep-Learning/project/results/archive/old_experiments/public_resynth_tensor_v3_phase_slack_aggressive/public_resynth_tensor_v3_phase_slack_aggressive/nc_tof_3/nc_tof_3.qasm,13,8,207,1.8,,ok,219,right,148,72,0.6757990867579908,13,1,1,ok,2504.16004-clifford,ok,31,left,1,30,0.03225806451612903,12,2,1,481,47,1,1.0344827586206897,ok,,
/home/CIN/cacl2/Deep-Learning/project/results/archive/old_experiments/public_resynth_tensor_v3_phase_slack_expanded/candidate_frontier.csv,nc_tof_3,conservative,nc_tof_3:combo1,nc_tof_3:combo1,ok,/home/CIN/cacl2/Deep-Learning/project/results/archive/old_experiments/public_resynth_tensor_v3_phase_slack_expanded/public_resynth_tensor_v3_phase_slack/nc_tof_3/structural_combinations/combo1/assembled.qasm,/home/CIN/cacl2/Deep-Learning/project/results/archive/old_experiments/public_resynth_tensor_v3_phase_slack_aggressive/public_resynth_tensor_v3_phase_slack_aggressive/nc_tof_3/nc_tof_3.qasm,13,6,222,1.75,,ok,240,right,170,70,0.7083333333333334,13,1,2,ok,2504.16004-clifford,ok,31,tie,0,31,0.0,12,2,1,528,47,1,1.0689655172413792,ok,,
/home/CIN/cacl2/Deep-Learning/project/results/archive/old_experiments/public_resynth_tensor_v3_phase_slack_expanded/candidate_frontier.csv,nc_tof_3,conservative,nc_tof_3:combo2,nc_tof_3:combo2,ok,/home/CIN/cacl2/Deep-Learning/project/results/archive/old_experiments/public_resynth_tensor_v3_phase_slack_expanded/public_resynth_tensor_v3_phase_slack/nc_tof_3/structural_combinations/combo2/assembled.qasm,/home/CIN/cacl2/Deep-Learning/project/results/archive/old_experiments/public_resynth_tensor_v3_phase_slack_aggressive/public_resynth_tensor_v3_phase_slack_aggressive/nc_tof_3/nc_tof_3.qasm,13,6,229,1.925,,ok,243,right,166,77,0.6831275720164609,13,1,1,ok,2504.16004-clifford,ok,28,tie,0,28,0.0,11,1,1,528,47,0,0.9655172413793104,ok,,
/home/CIN/cacl2/Deep-Learning/project/results/archive/old_experiments/public_resynth_tensor_v3_phase_slack_expanded/candidate_frontier.csv,nc_tof_3,conservative,nc_tof_3:combo3,nc_tof_3:combo3,ok,/home/CIN/cacl2/Deep-Learning/project/results/archive/old_experiments/public_resynth_tensor_v3_phase_slack_expanded/public_resynth_tensor_v3_phase_slack/nc_tof_3/structural_combinations/combo3/assembled.qasm,/home/CIN/cacl2/Deep-Learning/project/results/archive/old_experiments/public_resynth_tensor_v3_phase_slack_aggressive/public_resynth_tensor_v3_phase_slack_aggressive/nc_tof_3/nc_tof_3.qasm,13,6,219,1.9,,ok,240,right,167,76,0.6958333333333333,13,1,1,ok,2504.16004-clifford,ok,28,tie,0,28,0.0,11,2,1,528,47,1,0.9655172413793104,ok,,
/home/CIN/cacl2/Deep-Learning/project/results/archive/old_experiments/public_resynth_tensor_v3_phase_slack_expanded/candidate_frontier.csv,nc_tof_3,conservative,nc_tof_3:combo4,nc_tof_3:combo4,ok,/home/CIN/cacl2/Deep-Learning/project/results/archive/old_experiments/public_resynth_tensor_v3_phase_slack_expanded/public_resynth_tensor_v3_phase_slack/nc_tof_3/structural_combinations/combo4/assembled.qasm,/home/CIN/cacl2/Deep-Learning/project/results/archive/old_experiments/public_resynth_tensor_v3_phase_slack_aggressive/public_resynth_tensor_v3_phase_slack_aggressive/nc_tof_3/nc_tof_3.qasm,13,6,209,1.675,,ok,220,right,153,67,0.6954545454545454,13,1,2,ok,2504.16004-clifford,ok,26,tie,0,26,0.0,12,1,1,482,43,1,0.896551724137931,ok,,
/home/CIN/cacl2/Deep-Learning/project/results/archive/old_experiments/public_resynth_tensor_v3_phase_slack_expanded/candidate_frontier.csv,nc_tof_3,conservative,nc_tof_3:combo5,nc_tof_3:combo5,ok,/home/CIN/cacl2/Deep-Learning/project/results/archive/old_experiments/public_resynth_tensor_v3_phase_slack_expanded/public_resynth_tensor_v3_phase_slack/nc_tof_3/structural_combinations/combo5/assembled.qasm,/home/CIN/cacl2/Deep-Learning/project/results/archive/old_experiments/public_resynth_tensor_v3_phase_slack_aggressive/public_resynth_tensor_v3_phase_slack_aggressive/nc_tof_3/nc_tof_3.qasm,13,6,221,1.875,,ok,243,right,168,75,0.691358024691358,13,1,2,ok,2504.16004-clifford,ok,30,tie,0,30,0.0,12,1,1,528,47,0,1.0344827586206897,ok,,
/home/CIN/cacl2/Deep-Learning/project/results/archive/old_experiments/public_resynth_tensor_v3_phase_slack_expanded/candidate_frontier.csv,nc_tof_3,conservative,nc_tof_3:combo6,nc_tof_3:combo6,ok,/home/CIN/cacl2/Deep-Learning/project/results/archive/old_experiments/public_resynth_tensor_v3_phase_slack_expanded/public_resynth_tensor_v3_phase_slack/nc_tof_3/structural_combinations/combo6/assembled.qasm,/home/CIN/cacl2/Deep-Learning/project/results/archive/old_experiments/public_resynth_tensor_v3_phase_slack_aggressive/public_resynth_tensor_v3_phase_slack_aggressive/nc_tof_3/nc_tof_3.qasm,13,6,222,1.7,,ok,245,right,177,68,0.7224489795918367,13,1,3,ok,2504.16004-clifford,ok,30,tie,0,30,0.0,13,1,1,541,46,1,1.0344827586206897,ok,,
/home/CIN/cacl2/Deep-Learning/project/results/archive/old_experiments/public_resynth_tensor_v3_phase_slack_expanded/candidate_frontier.csv,nc_tof_3,conservative,nc_tof_3:combo7,nc_tof_3:combo7,ok,/home/CIN/cacl2/Deep-Learning/project/results/archive/old_experiments/public_resynth_tensor_v3_phase_slack_expanded/public_resynth_tensor_v3_phase_slack/nc_tof_3/structural_combinations/combo7/assembled.qasm,/home/CIN/cacl2/Deep-Learning/project/results/archive/old_experiments/public_resynth_tensor_v3_phase_slack_aggressive/public_resynth_tensor_v3_phase_slack_aggressive/nc_tof_3/nc_tof_3.qasm,14,5,201,1.4,,ok,216,right,162,56,0.75,14,1,1,ok,2504.16004-clifford,ok,28,tie,0,28,0.0,13,1,1,478,48,1,0.9655172413793104,ok,,
/home/CIN/cacl2/Deep-Learning/project/results/archive/old_experiments/public_resynth_tensor_v3_phase_slack_expanded/candidate_frontier.csv,nc_tof_4,conservative,nc_tof_4:combo0,nc_tof_4:combo0,ok,/home/CIN/cacl2/Deep-Learning/project/results/archive/old_experiments/public_resynth_tensor_v3_phase_slack_expanded/public_resynth_tensor_v3_phase_slack/nc_tof_4/structural_combinations/combo0/assembled.qasm,/home/CIN/cacl2/Deep-Learning/project/results/alphaq_decomposition_objective_external_validation/nc_tof_4/factor_count/shared-parity/nc_tof_4.qasm,19,8,321,2.234375,,ok,367,right,228,143,0.6212534059945504,19,1,1,ok,2504.16004-clifford,ok,42,tie,0,42,0.0,18,1,1,790,71,0,0.7636363636363637,ok,,
/home/CIN/cacl2/Deep-Learning/project/results/archive/old_experiments/public_resynth_tensor_v3_phase_slack_expanded/candidate_frontier.csv,nc_tof_4,conservative,nc_tof_4:combo1,nc_tof_4:combo1,ok,/home/CIN/cacl2/Deep-Learning/project/results/archive/old_experiments/public_resynth_tensor_v3_phase_slack_expanded/public_resynth_tensor_v3_phase_slack/nc_tof_4/structural_combinations/combo1/assembled.qasm,/home/CIN/cacl2/Deep-Learning/project/results/alphaq_decomposition_objective_external_validation/nc_tof_4/factor_count/shared-parity/nc_tof_4.qasm,19,10,333,2.421875,,ok,394,right,240,155,0.6091370558375635,19,1,1,ok,2504.16004-clifford,ok,46,tie,0,46,0.0,19,1,1,822,73,1,0.8363636363636363,ok,,
/home/CIN/cacl2/Deep-Learning/project/results/archive/old_experiments/public_resynth_tensor_v3_phase_slack_expanded/candidate_frontier.csv,nc_tof_4,conservative,nc_tof_4:combo2,nc_tof_4:combo2,ok,/home/CIN/cacl2/Deep-Learning/project/results/archive/old_experiments/public_resynth_tensor_v3_phase_slack_expanded/public_resynth_tensor_v3_phase_slack/nc_tof_4/structural_combinations/combo2/assembled.qasm,/home/CIN/cacl2/Deep-Learning/project/results/alphaq_decomposition_objective_external_validation/nc_tof_4/factor_count/shared-parity/nc_tof_4.qasm,19,10,368,2.6875,,ok,444,right,272,172,0.6126126126126126,19,1,1,ok,2504.16004-clifford,ok,46,tie,0,46,0.0,19,1,1,912,73,1,0.8363636363636363,ok,,
/home/CIN/cacl2/Deep-Learning/project/results/archive/old_experiments/public_resynth_tensor_v3_phase_slack_expanded/candidate_frontier.csv,nc_tof_4,conservative,nc_tof_4:combo3,nc_tof_4:combo3,ok,/home/CIN/cacl2/Deep-Learning/project/results/archive/old_experiments/public_resynth_tensor_v3_phase_slack_expanded/public_resynth_tensor_v3_phase_slack/nc_tof_4/structural_combinations/combo3/assembled.qasm,/home/CIN/cacl2/Deep-Learning/project/results/alphaq_decomposition_objective_external_validation/nc_tof_4/factor_count/shared-parity/nc_tof_4.qasm,19,8,320,2.328125,,ok,381,right,233,149,0.6115485564304461,19,1,2,ok,2504.16004-clifford,ok,46,tie,0,46,0.0,18,2,1,791,73,0,0.8363636363636363,ok,,
/home/CIN/cacl2/Deep-Learning/project/results/archive/old_experiments/public_resynth_tensor_v3_phase_slack_expanded/candidate_frontier.csv,nc_tof_4,conservative,nc_tof_4:combo4,nc_tof_4:combo4,ok,/home/CIN/cacl2/Deep-Learning/project/results/archive/old_experiments/public_resynth_tensor_v3_phase_slack_expanded/public_resynth_tensor_v3_phase_slack/nc_tof_4/structural_combinations/combo4/assembled.qasm,/home/CIN/cacl2/Deep-Learning/project/results/alphaq_decomposition_objective_external_validation/nc_tof_4/factor_count/shared-parity/nc_tof_4.qasm,19,12,342,2.5625,,ok,395,right,231,164,0.5848101265822785,19,1,2,ok,2504.16004-clifford,ok,44,tie,0,44,0.0,18,1,1,835,71,0,0.8,ok,,
/home/CIN/cacl2/Deep-Learning/project/results/archive/old_experiments/public_resynth_tensor_v3_phase_slack_expanded/candidate_frontier.csv,nc_tof_4,conservative,nc_tof_4:combo5,nc_tof_4:combo5,ok,/home/CIN/cacl2/Deep-Learning/project/results/archive/old_experiments/public_resynth_tensor_v3_phase_slack_expanded/public_resynth_tensor_v3_phase_slack/nc_tof_4/structural_combinations/combo5/assembled.qasm,/home/CIN/cacl2/Deep-Learning/project/results/alphaq_decomposition_objective_external_validation/nc_tof_4/factor_count/shared-parity/nc_tof_4.qasm,19,8,399,3.109375,,ok,435,right,238,199,0.5471264367816092,19,1,2,ok,2504.16004-clifford,ok,46,tie,0,46,0.0,19,1,1,894,71,1,0.8363636363636363,ok,,
/home/CIN/cacl2/Deep-Learning/project/results/archive/old_experiments/public_resynth_tensor_v3_phase_slack_expanded/candidate_frontier.csv,nc_tof_4,conservative,nc_tof_4:combo6,nc_tof_4:combo6,ok,/home/CIN/cacl2/Deep-Learning/project/results/archive/old_experiments/public_resynth_tensor_v3_phase_slack_expanded/public_resynth_tensor_v3_phase_slack/nc_tof_4/structural_combinations/combo6/assembled.qasm,/home/CIN/cacl2/Deep-Learning/project/results/alphaq_decomposition_objective_external_validation/nc_tof_4/factor_count/shared-parity/nc_tof_4.qasm,19,10,380,2.84375,,ok,434,right,258,182,0.5944700460829493,19,1,2,ok,2504.16004-clifford,ok,47,tie,0,47,0.0,18,2,1,932,73,1,0.8545454545454545,ok,,
/home/CIN/cacl2/Deep-Learning/project/results/archive/old_experiments/public_resynth_tensor_v3_phase_slack_expanded/candidate_frontier.csv,nc_tof_4,conservative,nc_tof_4:combo7,nc_tof_4:combo7,ok,/home/CIN/cacl2/Deep-Learning/project/results/archive/old_experiments/public_resynth_tensor_v3_phase_slack_expanded/public_resynth_tensor_v3_phase_slack/nc_tof_4/structural_combinations/combo7/assembled.qasm,/home/CIN/cacl2/Deep-Learning/project/results/alphaq_decomposition_objective_external_validation/nc_tof_4/factor_count/shared-parity/nc_tof_4.qasm,19,10,391,2.921875,,ok,462,right,275,187,0.5952380952380952,19,1,2,ok,2504.16004-clifford,ok,48,tie,0,48,0.0,19,1,1,967,73,1,0.8727272727272727,ok,,
/home/CIN/cacl2/Deep-Learning/project/results/archive/old_experiments/public_resynth_tensor_v3_phase_slack_expanded/candidate_frontier.csv,nc_tof_4,conservative,nc_tof_4:combo8,nc_tof_4:combo8,ok,/home/CIN/cacl2/Deep-Learning/project/results/archive/old_experiments/public_resynth_tensor_v3_phase_slack_expanded/public_resynth_tensor_v3_phase_slack/nc_tof_4/structural_combinations/combo8/assembled.qasm,/home/CIN/cacl2/Deep-Learning/project/results/alphaq_decomposition_objective_external_validation/nc_tof_4/factor_count/shared-parity/nc_tof_4.qasm,19,10,363,2.53125,,ok,419,right,258,162,0.6157517899761337,19,1,2,ok,2504.16004-clifford,ok,43,tie,0,43,0.0,18,2,1,888,71,0,0.7818181818181819,ok,,
/home/CIN/cacl2/Deep-Learning/project/results/archive/old_experiments/public_resynth_tensor_v3_phase_slack_expanded/candidate_frontier.csv,nc_tof_4,conservative,nc_tof_4:combo9,nc_tof_4:combo9,ok,/home/CIN/cacl2/Deep-Learning/project/results/archive/old_experiments/public_resynth_tensor_v3_phase_slack_expanded/public_resynth_tensor_v3_phase_slack/nc_tof_4/structural_combinations/combo9/assembled.qasm,/home/CIN/cacl2/Deep-Learning/project/results/alphaq_decomposition_objective_external_validation/nc_tof_4/factor_count/shared-parity/nc_tof_4.qasm,19,10,336,2.578125,,ok,429,right,265,165,0.6177156177156177,19,1,2,ok,2504.16004-clifford,ok,44,tie,0,44,0.0,18,1,1,892,73,0,0.8,ok,,
/home/CIN/cacl2/Deep-Learning/project/results/archive/old_experiments/public_resynth_tensor_v3_phase_slack_expanded/candidate_frontier.csv,nc_tof_4,conservative,nc_tof_4:combo10,nc_tof_4:combo10,ok,/home/CIN/cacl2/Deep-Learning/project/results/archive/old_experiments/public_resynth_tensor_v3_phase_slack_expanded/public_resynth_tensor_v3_phase_slack/nc_tof_4/structural_combinations/combo10/assembled.qasm,/home/CIN/cacl2/Deep-Learning/project/results/alphaq_decomposition_objective_external_validation/nc_tof_4/factor_count/shared-parity/nc_tof_4.qasm,21,6,306,2.15625,,ok,378,right,243,138,0.6428571428571429,21,1,2,ok,2504.16004-clifford,ok,42,tie,0,42,0.0,17,2,1,791,77,0,0.7636363636363637,ok,,
/home/CIN/cacl2/Deep-Learning/project/results/archive/old_experiments/public_resynth_tensor_v3_phase_slack_expanded/candidate_frontier.csv,qft_4,conservative,qft_4:combo0,qft_4:combo0,ok,/home/CIN/cacl2/Deep-Learning/project/results/archive/old_experiments/public_resynth_tensor_v3_phase_slack_expanded/public_resynth_tensor_v3_phase_slack/qft_4/structural_combinations/combo0/assembled.qasm,/home/CIN/cacl2/Deep-Learning/project/results/archive/old_experiments/public_resynth/public_resynth_gadgets/qft_4/qft_4.qasm,53,25,529,1.1646341463414633,,ok,691,right,504,191,0.7293777134587555,53,1,1,ok,2504.16004-clifford,ok,114,tie,0,114,0.0,52,1,1,1602,215,1,0.9743589743589743,ok,,
/home/CIN/cacl2/Deep-Learning/project/results/archive/old_experiments/public_resynth_tensor_v3_phase_slack_expanded/candidate_frontier.csv,qft_4,conservative,qft_4:combo1,qft_4:combo1,ok,/home/CIN/cacl2/Deep-Learning/project/results/archive/old_experiments/public_resynth_tensor_v3_phase_slack_expanded/public_resynth_tensor_v3_phase_slack/qft_4/structural_combinations/combo1/assembled.qasm,/home/CIN/cacl2/Deep-Learning/project/results/archive/old_experiments/public_resynth/public_resynth_gadgets/qft_4/qft_4.qasm,53,25,549,1.1890243902439024,,ok,697,right,505,195,0.7245337159253945,53,1,2,ok,2504.16004-clifford,ok,115,tie,0,115,0.0,52,1,1,1601,215,1,0.9829059829059829,ok,,
/home/CIN/cacl2/Deep-Learning/project/results/archive/old_experiments/public_resynth_tensor_v3_phase_slack_expanded/candidate_frontier.csv,qft_4,conservative,qft_4:combo2,qft_4:combo2,ok,/home/CIN/cacl2/Deep-Learning/project/results/archive/old_experiments/public_resynth_tensor_v3_phase_slack_expanded/public_resynth_tensor_v3_phase_slack/qft_4/structural_combinations/combo2/assembled.qasm,/home/CIN/cacl2/Deep-Learning/project/results/archive/old_experiments/public_resynth/public_resynth_gadgets/qft_4/qft_4.qasm,53,25,541,1.1829268292682926,,ok,700,right,508,194,0.7257142857142858,53,1,2,ok,2504.16004-clifford,ok,114,tie,0,114,0.0,52,1,1,1601,214,1,0.9743589743589743,ok,,
/home/CIN/cacl2/Deep-Learning/project/results/archive/old_experiments/public_resynth_tensor_v3_phase_slack_expanded/candidate_frontier.csv,qft_4,conservative,qft_4:combo3,qft_4:combo3,ok,/home/CIN/cacl2/Deep-Learning/project/results/archive/old_experiments/public_resynth_tensor_v3_phase_slack_expanded/public_resynth_tensor_v3_phase_slack/qft_4/structural_combinations/combo3/assembled.qasm,/home/CIN/cacl2/Deep-Learning/project/results/archive/old_experiments/public_resynth/public_resynth_gadgets/qft_4/qft_4.qasm,53,25,533,1.225609756097561,,ok,704,right,507,201,0.7201704545454546,53,1,1,ok,2504.16004-clifford,ok,114,tie,0,114,0.0,52,2,1,1612,215,0,0.9743589743589743,ok,,
/home/CIN/cacl2/Deep-Learning/project/results/archive/old_experiments/public_resynth_tensor_v3_phase_slack_expanded/candidate_frontier.csv,qft_4,conservative,qft_4:combo4,qft_4:combo4,ok,/home/CIN/cacl2/Deep-Learning/project/results/archive/old_experiments/public_resynth_tensor_v3_phase_slack_expanded/public_resynth_tensor_v3_phase_slack/qft_4/structural_combinations/combo4/assembled.qasm,/home/CIN/cacl2/Deep-Learning/project/results/archive/old_experiments/public_resynth/public_resynth_gadgets/qft_4/qft_4.qasm,53,23,522,1.2073170731707317,,ok,693,right,496,198,0.7157287157287158,53,1,2,ok,2504.16004-clifford,ok,114,tie,0,114,0.0,52,1,1,1583,214,0,0.9743589743589743,ok,,
/home/CIN/cacl2/Deep-Learning/project/results/archive/old_experiments/public_resynth_tensor_v3_phase_slack_expanded/candidate_frontier.csv,qft_4,conservative,qft_4:combo5,qft_4:combo5,ok,/home/CIN/cacl2/Deep-Learning/project/results/archive/old_experiments/public_resynth_tensor_v3_phase_slack_expanded/public_resynth_tensor_v3_phase_slack/qft_4/structural_combinations/combo5/assembled.qasm,/home/CIN/cacl2/Deep-Learning/project/results/archive/old_experiments/public_resynth/public_resynth_gadgets/qft_4/qft_4.qasm,53,23,525,1.079268292682927,,ok,684,right,510,177,0.7456140350877193,53,1,2,ok,2504.16004-clifford,ok,108,tie,0,108,0.0,53,1,1,1580,210,1,0.9230769230769231,ok,,
/home/CIN/cacl2/Deep-Learning/project/results/archive/old_experiments/public_resynth_tensor_v3_phase_slack_expanded/candidate_frontier.csv,qft_4,conservative,qft_4:combo6,qft_4:combo6,ok,/home/CIN/cacl2/Deep-Learning/project/results/archive/old_experiments/public_resynth_tensor_v3_phase_slack_expanded/public_resynth_tensor_v3_phase_slack/qft_4/structural_combinations/combo6/assembled.qasm,/home/CIN/cacl2/Deep-Learning/project/results/archive/old_experiments/public_resynth/public_resynth_gadgets/qft_4/qft_4.qasm,67,23,521,1.1524390243902438,,ok,703,right,523,189,0.7439544807965861,67,1,1,ok,2504.16004-clifford,ok,122,left,1,121,0.00819672131147541,56,1,1,1600,227,1,1.0341880341880343,ok,,
/home/CIN/cacl2/Deep-Learning/project/results/archive/old_experiments/public_resynth_tensor_v3_phase_slack_expanded/candidate_frontier.csv,qft_4,conservative,qft_4:combo7,qft_4:combo7,ok,/home/CIN/cacl2/Deep-Learning/project/results/archive/old_experiments/public_resynth_tensor_v3_phase_slack_expanded/public_resynth_tensor_v3_phase_slack/qft_4/structural_combinations/combo7/assembled.qasm,/home/CIN/cacl2/Deep-Learning/project/results/archive/old_experiments/public_resynth/public_resynth_gadgets/qft_4/qft_4.qasm,67,24,524,1.170731707317073,,ok,705,right,524,192,0.7432624113475177,67,1,2,ok,2504.16004-clifford,ok,125,left,1,125,0.008,58,2,2,1609,231,0,1.0683760683760684,ok,,
/home/CIN/cacl2/Deep-Learning/project/results/archive/old_experiments/public_resynth_tensor_v3_phase_slack_expanded/candidate_frontier.csv,qft_4,conservative,qft_4:combo8,qft_4:combo8,ok,/home/CIN/cacl2/Deep-Learning/project/results/archive/old_experiments/public_resynth_tensor_v3_phase_slack_expanded/public_resynth_tensor_v3_phase_slack/qft_4/structural_combinations/combo8/assembled.qasm,/home/CIN/cacl2/Deep-Learning/project/results/archive/old_experiments/public_resynth/public_resynth_gadgets/qft_4/qft_4.qasm,67,23,548,1.2621951219512195,,ok,717,right,519,207,0.7238493723849372,67,1,2,ok,2504.16004-clifford,ok,129,tie,0,129,0.0,62,1,1,1643,238,1,1.1025641025641026,ok,,
/home/CIN/cacl2/Deep-Learning/project/results/archive/old_experiments/public_resynth_tensor_v3_phase_slack_expanded/candidate_frontier.csv,qft_4,conservative,qft_4:combo9,qft_4:combo9,ok,/home/CIN/cacl2/Deep-Learning/project/results/archive/old_experiments/public_resynth_tensor_v3_phase_slack_expanded/public_resynth_tensor_v3_phase_slack/qft_4/structural_combinations/combo9/assembled.qasm,/home/CIN/cacl2/Deep-Learning/project/results/archive/old_experiments/public_resynth/public_resynth_gadgets/qft_4/qft_4.qasm,67,26,512,1.1768292682926829,,ok,693,right,510,193,0.7359307359307359,67,1,1,ok,2504.16004-clifford,ok,120,tie,0,120,0.0,55,2,1,1590,231,0,1.0256410256410255,ok,,
/home/CIN/cacl2/Deep-Learning/project/results/archive/old_experiments/public_resynth_tensor_v3_phase_slack_expanded/candidate_frontier.csv,qft_4,conservative,qft_4:combo10,qft_4:combo10,ok,/home/CIN/cacl2/Deep-Learning/project/results/archive/old_experiments/public_resynth_tensor_v3_phase_slack_expanded/public_resynth_tensor_v3_phase_slack/qft_4/structural_combinations/combo10/assembled.qasm,/home/CIN/cacl2/Deep-Learning/project/results/archive/old_experiments/public_resynth/public_resynth_gadgets/qft_4/qft_4.qasm,67,26,541,1.2073170731707317,,ok,699,right,518,198,0.7410586552217453,67,1,2,ok,2504.16004-clifford,ok,130,left,1,130,0.007692307692307693,61,1,1,1628,234,0,1.1111111111111112,ok,,
/home/CIN/cacl2/Deep-Learning/project/results/archive/old_experiments/public_resynth_tensor_v3_phase_slack_expanded/candidate_frontier.csv,qft_4,conservative,qft_4:combo11,qft_4:combo11,ok,/home/CIN/cacl2/Deep-Learning/project/results/archive/old_experiments/public_resynth_tensor_v3_phase_slack_expanded/public_resynth_tensor_v3_phase_slack/qft_4/structural_combinations/combo11/assembled.qasm,/home/CIN/cacl2/Deep-Learning/project/results/archive/old_experiments/public_resynth/public_resynth_gadgets/qft_4/qft_4.qasm,67,24,575,1.3658536585365855,,ok,731,right,515,224,0.7045143638850889,67,1,2,ok,2504.16004-clifford,ok,129,left,1,129,0.007751937984496124,60,2,1,1651,235,0,1.1025641025641026,ok,,
/home/CIN/cacl2/Deep-Learning/project/results/archive/old_experiments/public_resynth_tensor_v3_phase_slack_expanded/candidate_frontier.csv,qft_4,conservative,qft_4:combo12,qft_4:combo12,ok,/home/CIN/cacl2/Deep-Learning/project/results/archive/old_experiments/public_resynth_tensor_v3_phase_slack_expanded/public_resynth_tensor_v3_phase_slack/qft_4/structural_combinations/combo12/assembled.qasm,/home/CIN/cacl2/Deep-Learning/project/results/archive/old_experiments/public_resynth/public_resynth_gadgets/qft_4/qft_4.qasm,67,23,544,1.1646341463414633,,ok,696,right,513,191,0.7370689655172413,67,1,2,ok,2504.16004-clifford,ok,121,left,1,121,0.008264462809917356,55,1,1,1595,233,0,1.0341880341880343,ok,,
/home/CIN/cacl2/Deep-Learning/project/results/archive/old_experiments/public_resynth_tensor_v3_phase_slack_expanded/candidate_frontier.csv,qft_4,conservative,qft_4:combo13,qft_4:combo13,ok,/home/CIN/cacl2/Deep-Learning/project/results/archive/old_experiments/public_resynth_tensor_v3_phase_slack_expanded/public_resynth_tensor_v3_phase_slack/qft_4/structural_combinations/combo13/assembled.qasm,/home/CIN/cacl2/Deep-Learning/project/results/archive/old_experiments/public_resynth/public_resynth_gadgets/qft_4/qft_4.qasm,67,27,540,1.2621951219512195,,ok,716,right,516,207,0.7206703910614525,67,1,2,ok,2504.16004-clifford,ok,127,left,1,127,0.007874015748031496,59,2,1,1624,235,0,1.0854700854700854,ok,,
/home/CIN/cacl2/Deep-Learning/project/results/archive/old_experiments/public_resynth_tensor_v3_phase_slack_expanded/candidate_frontier.csv,qft_4,conservative,qft_4:combo14,qft_4:combo14,ok,/home/CIN/cacl2/Deep-Learning/project/results/archive/old_experiments/public_resynth_tensor_v3_phase_slack_expanded/public_resynth_tensor_v3_phase_slack/qft_4/structural_combinations/combo14/assembled.qasm,/home/CIN/cacl2/Deep-Learning/project/results/archive/old_experiments/public_resynth/public_resynth_gadgets/qft_4/qft_4.qasm,67,21,515,1.2378048780487805,,ok,706,right,511,203,0.7237960339943342,67,1,2,ok,2504.16004-clifford,ok,121,tie,0,121,0.0,59,2,1,1610,228,1,1.0341880341880343,ok,,
/home/CIN/cacl2/Deep-Learning/project/results/archive/old_experiments/public_resynth_tensor_v3_phase_slack_expanded/candidate_frontier.csv,qft_4,conservative,qft_4:combo15,qft_4:combo15,ok,/home/CIN/cacl2/Deep-Learning/project/results/archive/old_experiments/public_resynth_tensor_v3_phase_slack_expanded/public_resynth_tensor_v3_phase_slack/qft_4/structural_combinations/combo15/assembled.qasm,/home/CIN/cacl2/Deep-Learning/project/results/archive/old_experiments/public_resynth/public_resynth_gadgets/qft_4/qft_4.qasm,67,27,555,1.4451219512195121,,ok,744,right,513,237,0.6895161290322581,67,1,3,ok,2504.16004-clifford,ok,129,tie,0,129,0.0,61,2,1,1692,238,1,1.1025641025641026,ok,,
/home/CIN/cacl2/Deep-Learning/project/results/archive/old_experiments/public_resynth_tensor_v3_phase_slack_expanded/candidate_frontier.csv,vbe_adder_3,conservative,vbe_adder_3:combo0,vbe_adder_3:combo0,ok,/home/CIN/cacl2/Deep-Learning/project/results/archive/old_experiments/public_resynth_tensor_v3_phase_slack_expanded/public_resynth_tensor_v3_phase_slack/vbe_adder_3/structural_combinations/combo0/assembled.qasm,/home/CIN/cacl2/Deep-Learning/project/results/alphaq_decomposition_objective_external_validation/vbe_adder_3/factor_count/shared-parity/vbe_adder_3.qasm,19,8,396,1.83,,ok,441,right,262,183,0.5941043083900227,19,1,2,ok,2504.16004-clifford,ok,50,tie,0,50,0.0,19,1,1,993,81,1,0.43103448275862066,ok,,
/home/CIN/cacl2/Deep-Learning/project/results/archive/old_experiments/public_resynth_tensor_v3_phase_slack_expanded/candidate_frontier.csv,vbe_adder_3,conservative,vbe_adder_3:combo1,vbe_adder_3:combo1,ok,/home/CIN/cacl2/Deep-Learning/project/results/archive/old_experiments/public_resynth_tensor_v3_phase_slack_expanded/public_resynth_tensor_v3_phase_slack/vbe_adder_3/structural_combinations/combo1/assembled.qasm,/home/CIN/cacl2/Deep-Learning/project/results/alphaq_decomposition_objective_external_validation/vbe_adder_3/factor_count/shared-parity/vbe_adder_3.qasm,19,10,478,2.41,,ok,555,right,314,241,0.5657657657657658,19,1,2,ok,2504.16004-clifford,ok,50,tie,0,50,0.0,19,2,1,1205,80,1,0.43103448275862066,ok,,
/home/CIN/cacl2/Deep-Learning/project/results/archive/old_experiments/public_resynth_tensor_v3_phase_slack_expanded/candidate_frontier.csv,vbe_adder_3,conservative,vbe_adder_3:combo2,vbe_adder_3:combo2,ok,/home/CIN/cacl2/Deep-Learning/project/results/archive/old_experiments/public_resynth_tensor_v3_phase_slack_expanded/public_resynth_tensor_v3_phase_slack/vbe_adder_3/structural_combinations/combo2/assembled.qasm,/home/CIN/cacl2/Deep-Learning/project/results/alphaq_decomposition_objective_external_validation/vbe_adder_3/factor_count/shared-parity/vbe_adder_3.qasm,19,8,375,1.6,,ok,429,right,275,160,0.6410256410256411,19,1,2,ok,2504.16004-clifford,ok,50,tie,0,50,0.0,19,2,1,974,82,1,0.43103448275862066,ok,,
/home/CIN/cacl2/Deep-Learning/project/results/archive/old_experiments/public_resynth_tensor_v3_phase_slack_expanded/candidate_frontier.csv,vbe_adder_3,conservative,vbe_adder_3:combo3,vbe_adder_3:combo3,ok,/home/CIN/cacl2/Deep-Learning/project/results/archive/old_experiments/public_resynth_tensor_v3_phase_slack_expanded/public_resynth_tensor_v3_phase_slack/vbe_adder_3/structural_combinations/combo3/assembled.qasm,/home/CIN/cacl2/Deep-Learning/project/results/alphaq_decomposition_objective_external_validation/vbe_adder_3/factor_count/shared-parity/vbe_adder_3.qasm,19,8,398,1.88,,ok,447,right,262,188,0.5861297539149888,19,1,2,ok,2504.16004-clifford,ok,52,tie,0,52,0.0,19,2,1,1005,82,1,0.4482758620689655,ok,,
/home/CIN/cacl2/Deep-Learning/project/results/archive/old_experiments/public_resynth_tensor_v3_phase_slack_expanded/candidate_frontier.csv,vbe_adder_3,conservative,vbe_adder_3:combo4,vbe_adder_3:combo4,ok,/home/CIN/cacl2/Deep-Learning/project/results/archive/old_experiments/public_resynth_tensor_v3_phase_slack_expanded/public_resynth_tensor_v3_phase_slack/vbe_adder_3/structural_combinations/combo4/assembled.qasm,/home/CIN/cacl2/Deep-Learning/project/results/alphaq_decomposition_objective_external_validation/vbe_adder_3/factor_count/shared-parity/vbe_adder_3.qasm,19,8,436,2.12,,ok,479,right,270,212,0.5636743215031316,19,1,2,ok,2504.16004-clifford,ok,51,tie,0,51,0.0,19,1,1,1069,83,1,0.4396551724137931,ok,,
/home/CIN/cacl2/Deep-Learning/project/results/archive/old_experiments/public_resynth_tensor_v3_phase_slack_expanded/candidate_frontier.csv,vbe_adder_3,conservative,vbe_adder_3:combo5,vbe_adder_3:combo5,ok,/home/CIN/cacl2/Deep-Learning/project/results/archive/old_experiments/public_resynth_tensor_v3_phase_slack_expanded/public_resynth_tensor_v3_phase_slack/vbe_adder_3/structural_combinations/combo5/assembled.qasm,/home/CIN/cacl2/Deep-Learning/project/results/alphaq_decomposition_objective_external_validation/vbe_adder_3/factor_count/shared-parity/vbe_adder_3.qasm,19,10,373,1.58,,ok,425,right,268,158,0.6305882352941177,19,1,3,ok,2504.16004-clifford,ok,53,tie,0,53,0.0,19,1,1,963,83,1,0.45689655172413796,ok,,
/home/CIN/cacl2/Deep-Learning/project/results/archive/old_experiments/public_resynth_tensor_v3_phase_slack_expanded/candidate_frontier.csv,vbe_adder_3,conservative,vbe_adder_3:combo6,vbe_adder_3:combo6,ok,/home/CIN/cacl2/Deep-Learning/project/results/archive/old_experiments/public_resynth_tensor_v3_phase_slack_expanded/public_resynth_tensor_v3_phase_slack/vbe_adder_3/structural_combinations/combo6/assembled.qasm,/home/CIN/cacl2/Deep-Learning/project/results/alphaq_decomposition_objective_external_validation/vbe_adder_3/factor_count/shared-parity/vbe_adder_3.qasm,19,8,404,1.86,,ok,464,right,278,186,0.5991379310344828,19,1,3,ok,2504.16004-clifford,ok,54,tie,0,54,0.0,19,1,1,1021,82,1,0.46551724137931033,ok,,
/home/CIN/cacl2/Deep-Learning/project/results/archive/old_experiments/public_resynth_tensor_v3_phase_slack_expanded/candidate_frontier.csv,vbe_adder_3,conservative,vbe_adder_3:combo7,vbe_adder_3:combo7,ok,/home/CIN/cacl2/Deep-Learning/project/results/archive/old_experiments/public_resynth_tensor_v3_phase_slack_expanded/public_resynth_tensor_v3_phase_slack/vbe_adder_3/structural_combinations/combo7/assembled.qasm,/home/CIN/cacl2/Deep-Learning/project/results/alphaq_decomposition_objective_external_validation/vbe_adder_3/factor_count/shared-parity/vbe_adder_3.qasm,19,10,401,1.93,,ok,439,right,247,193,0.5626423690205011,19,1,2,ok,2504.16004-clifford,ok,54,tie,0,54,0.0,19,2,1,964,83,1,0.46551724137931033,ok,,
/home/CIN/cacl2/Deep-Learning/project/results/archive/old_experiments/public_resynth_tensor_v3_phase_slack_expanded/candidate_frontier.csv,vbe_adder_3,conservative,vbe_adder_3:combo8,vbe_adder_3:combo8,ok,/home/CIN/cacl2/Deep-Learning/project/results/archive/old_experiments/public_resynth_tensor_v3_phase_slack_expanded/public_resynth_tensor_v3_phase_slack/vbe_adder_3/structural_combinations/combo8/assembled.qasm,/home/CIN/cacl2/Deep-Learning/project/results/alphaq_decomposition_objective_external_validation/vbe_adder_3/factor_count/shared-parity/vbe_adder_3.qasm,19,10,447,2.19,,ok,479,right,267,219,0.55741127348643,19,1,2,ok,2504.16004-clifford,ok,52,tie,0,52,0.0,19,2,1,1052,81,1,0.4482758620689655,ok,,
/home/CIN/cacl2/Deep-Learning/project/results/archive/old_experiments/public_resynth_tensor_v3_phase_slack_expanded/candidate_frontier.csv,vbe_adder_3,conservative,vbe_adder_3:combo9,vbe_adder_3:combo9,ok,/home/CIN/cacl2/Deep-Learning/project/results/archive/old_experiments/public_resynth_tensor_v3_phase_slack_expanded/public_resynth_tensor_v3_phase_slack/vbe_adder_3/structural_combinations/combo9/assembled.qasm,/home/CIN/cacl2/Deep-Learning/project/results/alphaq_decomposition_objective_external_validation/vbe_adder_3/factor_count/shared-parity/vbe_adder_3.qasm,21,7,323,1.37,,ok,386,right,250,137,0.6476683937823834,21,1,2,ok,2504.16004-clifford,ok,54,tie,0,54,0.0,20,2,1,868,88,1,0.46551724137931033,ok,,
