family_file,family_label,method,use_gadgets,decomposition_key,circuit_id,block_label,candidate_index,num_factors,tensor_size,n_toffoli_gadgets,n_cs_gadgets,n_t_remaining,effective_tcount,tensor_path,tensor_equal,tensor_mismatch_count,tensor_target_shape,tensor_reconstructed_shape,tensor_validation_error,npz_path
benchmarks_gadgets.npz,benchmark,paper_gadgets,True,8_bit_adder_block1,8_bit_adder,block1,0,91,31,11,0,14,36,external/circuit-to-tensor/benchmarks/arithmetic/8_bit_adder/8_bit_adder_block1.tensor.npy,true,0,"(31, 31, 31)","(31, 31, 31)",,external/alphatensor_quantum/decompositions/benchmarks_gadgets.npz
benchmarks_gadgets.npz,benchmark,paper_gadgets,True,8_bit_adder_block1,8_bit_adder,block1,1,91,31,11,0,14,36,external/circuit-to-tensor/benchmarks/arithmetic/8_bit_adder/8_bit_adder_block1.tensor.npy,true,0,"(31, 31, 31)","(31, 31, 31)",,external/alphatensor_quantum/decompositions/benchmarks_gadgets.npz
benchmarks_gadgets.npz,benchmark,paper_gadgets,True,8_bit_adder_block1,8_bit_adder,block1,2,91,31,11,0,14,36,external/circuit-to-tensor/benchmarks/arithmetic/8_bit_adder/8_bit_adder_block1.tensor.npy,true,0,"(31, 31, 31)","(31, 31, 31)",,external/alphatensor_quantum/decompositions/benchmarks_gadgets.npz
benchmarks_gadgets.npz,benchmark,paper_gadgets,True,8_bit_adder_block1,8_bit_adder,block1,3,91,31,11,0,14,36,external/circuit-to-tensor/benchmarks/arithmetic/8_bit_adder/8_bit_adder_block1.tensor.npy,true,0,"(31, 31, 31)","(31, 31, 31)",,external/alphatensor_quantum/decompositions/benchmarks_gadgets.npz
benchmarks_gadgets.npz,benchmark,paper_gadgets,True,8_bit_adder_block1,8_bit_adder,block1,4,91,31,11,0,14,36,external/circuit-to-tensor/benchmarks/arithmetic/8_bit_adder/8_bit_adder_block1.tensor.npy,true,0,"(31, 31, 31)","(31, 31, 31)",,external/alphatensor_quantum/decompositions/benchmarks_gadgets.npz
benchmarks_gadgets.npz,benchmark,paper_gadgets,True,8_bit_adder_block1,8_bit_adder,block1,5,91,31,11,0,14,36,external/circuit-to-tensor/benchmarks/arithmetic/8_bit_adder/8_bit_adder_block1.tensor.npy,true,0,"(31, 31, 31)","(31, 31, 31)",,external/alphatensor_quantum/decompositions/benchmarks_gadgets.npz
benchmarks_gadgets.npz,benchmark,paper_gadgets,True,8_bit_adder_block1,8_bit_adder,block1,6,91,31,11,0,14,36,external/circuit-to-tensor/benchmarks/arithmetic/8_bit_adder/8_bit_adder_block1.tensor.npy,true,0,"(31, 31, 31)","(31, 31, 31)",,external/alphatensor_quantum/decompositions/benchmarks_gadgets.npz
benchmarks_gadgets.npz,benchmark,paper_gadgets,True,8_bit_adder_block1,8_bit_adder,block1,7,91,31,11,0,14,36,external/circuit-to-tensor/benchmarks/arithmetic/8_bit_adder/8_bit_adder_block1.tensor.npy,true,0,"(31, 31, 31)","(31, 31, 31)",,external/alphatensor_quantum/decompositions/benchmarks_gadgets.npz
benchmarks_gadgets.npz,benchmark,paper_gadgets,True,8_bit_adder_block1,8_bit_adder,block1,8,91,31,11,0,14,36,external/circuit-to-tensor/benchmarks/arithmetic/8_bit_adder/8_bit_adder_block1.tensor.npy,true,0,"(31, 31, 31)","(31, 31, 31)",,external/alphatensor_quantum/decompositions/benchmarks_gadgets.npz
benchmarks_gadgets.npz,benchmark,paper_gadgets,True,8_bit_adder_block1,8_bit_adder,block1,9,91,31,11,0,14,36,external/circuit-to-tensor/benchmarks/arithmetic/8_bit_adder/8_bit_adder_block1.tensor.npy,true,0,"(31, 31, 31)","(31, 31, 31)",,external/alphatensor_quantum/decompositions/benchmarks_gadgets.npz
benchmarks_gadgets.npz,benchmark,paper_gadgets,True,8_bit_adder_block2,8_bit_adder,block2,0,168,50,22,0,14,58,external/circuit-to-tensor/benchmarks/arithmetic/8_bit_adder/8_bit_adder_block2.tensor.npy,true,0,"(50, 50, 50)","(50, 50, 50)",,external/alphatensor_quantum/decompositions/benchmarks_gadgets.npz
benchmarks_gadgets.npz,benchmark,paper_gadgets,True,8_bit_adder_block2,8_bit_adder,block2,1,168,50,22,0,14,58,external/circuit-to-tensor/benchmarks/arithmetic/8_bit_adder/8_bit_adder_block2.tensor.npy,true,0,"(50, 50, 50)","(50, 50, 50)",,external/alphatensor_quantum/decompositions/benchmarks_gadgets.npz
benchmarks_gadgets.npz,benchmark,paper_gadgets,True,8_bit_adder_block2,8_bit_adder,block2,2,168,50,22,0,14,58,external/circuit-to-tensor/benchmarks/arithmetic/8_bit_adder/8_bit_adder_block2.tensor.npy,true,0,"(50, 50, 50)","(50, 50, 50)",,external/alphatensor_quantum/decompositions/benchmarks_gadgets.npz
benchmarks_gadgets.npz,benchmark,paper_gadgets,True,8_bit_adder_block2,8_bit_adder,block2,3,168,50,22,0,14,58,external/circuit-to-tensor/benchmarks/arithmetic/8_bit_adder/8_bit_adder_block2.tensor.npy,true,0,"(50, 50, 50)","(50, 50, 50)",,external/alphatensor_quantum/decompositions/benchmarks_gadgets.npz
benchmarks_gadgets.npz,benchmark,paper_gadgets,True,8_bit_adder_block2,8_bit_adder,block2,4,168,50,21,1,18,62,external/circuit-to-tensor/benchmarks/arithmetic/8_bit_adder/8_bit_adder_block2.tensor.npy,true,0,"(50, 50, 50)","(50, 50, 50)",,external/alphatensor_quantum/decompositions/benchmarks_gadgets.npz
benchmarks_gadgets.npz,benchmark,paper_gadgets,True,8_bit_adder_block2,8_bit_adder,block2,5,168,50,22,0,14,58,external/circuit-to-tensor/benchmarks/arithmetic/8_bit_adder/8_bit_adder_block2.tensor.npy,true,0,"(50, 50, 50)","(50, 50, 50)",,external/alphatensor_quantum/decompositions/benchmarks_gadgets.npz
benchmarks_gadgets.npz,benchmark,paper_gadgets,True,8_bit_adder_block2,8_bit_adder,block2,6,168,50,22,0,14,58,external/circuit-to-tensor/benchmarks/arithmetic/8_bit_adder/8_bit_adder_block2.tensor.npy,true,0,"(50, 50, 50)","(50, 50, 50)",,external/alphatensor_quantum/decompositions/benchmarks_gadgets.npz
benchmarks_gadgets.npz,benchmark,paper_gadgets,True,8_bit_adder_block2,8_bit_adder,block2,7,168,50,22,0,14,58,external/circuit-to-tensor/benchmarks/arithmetic/8_bit_adder/8_bit_adder_block2.tensor.npy,true,0,"(50, 50, 50)","(50, 50, 50)",,external/alphatensor_quantum/decompositions/benchmarks_gadgets.npz
benchmarks_gadgets.npz,benchmark,paper_gadgets,True,8_bit_adder_block2,8_bit_adder,block2,8,168,50,22,0,14,58,external/circuit-to-tensor/benchmarks/arithmetic/8_bit_adder/8_bit_adder_block2.tensor.npy,true,0,"(50, 50, 50)","(50, 50, 50)",,external/alphatensor_quantum/decompositions/benchmarks_gadgets.npz
benchmarks_gadgets.npz,benchmark,paper_gadgets,True,8_bit_adder_block2,8_bit_adder,block2,9,168,50,22,0,14,58,external/circuit-to-tensor/benchmarks/arithmetic/8_bit_adder/8_bit_adder_block2.tensor.npy,true,0,"(50, 50, 50)","(50, 50, 50)",,external/alphatensor_quantum/decompositions/benchmarks_gadgets.npz
benchmarks_gadgets.npz,benchmark,paper_gadgets,True,barenco_toff_10,barenco_tof_10,,0,112,50,16,0,0,32,external/circuit-to-tensor/benchmarks/arithmetic/barenco_tof_10/barenco_tof_10.tensor.npy,true,0,"(50, 50, 50)","(50, 50, 50)",,external/alphatensor_quantum/decompositions/benchmarks_gadgets.npz
benchmarks_gadgets.npz,benchmark,paper_gadgets,True,barenco_toff_10,barenco_tof_10,,1,112,50,16,0,0,32,external/circuit-to-tensor/benchmarks/arithmetic/barenco_tof_10/barenco_tof_10.tensor.npy,true,0,"(50, 50, 50)","(50, 50, 50)",,external/alphatensor_quantum/decompositions/benchmarks_gadgets.npz
benchmarks_gadgets.npz,benchmark,paper_gadgets,True,barenco_toff_10,barenco_tof_10,,2,112,50,16,0,0,32,external/circuit-to-tensor/benchmarks/arithmetic/barenco_tof_10/barenco_tof_10.tensor.npy,true,0,"(50, 50, 50)","(50, 50, 50)",,external/alphatensor_quantum/decompositions/benchmarks_gadgets.npz
benchmarks_gadgets.npz,benchmark,paper_gadgets,True,barenco_toff_10,barenco_tof_10,,3,112,50,16,0,0,32,external/circuit-to-tensor/benchmarks/arithmetic/barenco_tof_10/barenco_tof_10.tensor.npy,true,0,"(50, 50, 50)","(50, 50, 50)",,external/alphatensor_quantum/decompositions/benchmarks_gadgets.npz
benchmarks_gadgets.npz,benchmark,paper_gadgets,True,barenco_toff_10,barenco_tof_10,,4,112,50,16,0,0,32,external/circuit-to-tensor/benchmarks/arithmetic/barenco_tof_10/barenco_tof_10.tensor.npy,true,0,"(50, 50, 50)","(50, 50, 50)",,external/alphatensor_quantum/decompositions/benchmarks_gadgets.npz
benchmarks_gadgets.npz,benchmark,paper_gadgets,True,barenco_toff_10,barenco_tof_10,,5,112,50,16,0,0,32,external/circuit-to-tensor/benchmarks/arithmetic/barenco_tof_10/barenco_tof_10.tensor.npy,true,0,"(50, 50, 50)","(50, 50, 50)",,external/alphatensor_quantum/decompositions/benchmarks_gadgets.npz
benchmarks_gadgets.npz,benchmark,paper_gadgets,True,barenco_toff_10,barenco_tof_10,,6,112,50,16,0,0,32,external/circuit-to-tensor/benchmarks/arithmetic/barenco_tof_10/barenco_tof_10.tensor.npy,true,0,"(50, 50, 50)","(50, 50, 50)",,external/alphatensor_quantum/decompositions/benchmarks_gadgets.npz
benchmarks_gadgets.npz,benchmark,paper_gadgets,True,barenco_toff_10,barenco_tof_10,,7,112,50,16,0,0,32,external/circuit-to-tensor/benchmarks/arithmetic/barenco_tof_10/barenco_tof_10.tensor.npy,true,0,"(50, 50, 50)","(50, 50, 50)",,external/alphatensor_quantum/decompositions/benchmarks_gadgets.npz
benchmarks_gadgets.npz,benchmark,paper_gadgets,True,barenco_toff_10,barenco_tof_10,,8,112,50,16,0,0,32,external/circuit-to-tensor/benchmarks/arithmetic/barenco_tof_10/barenco_tof_10.tensor.npy,true,0,"(50, 50, 50)","(50, 50, 50)",,external/alphatensor_quantum/decompositions/benchmarks_gadgets.npz
benchmarks_gadgets.npz,benchmark,paper_gadgets,True,barenco_toff_10,barenco_tof_10,,9,112,50,16,0,0,32,external/circuit-to-tensor/benchmarks/arithmetic/barenco_tof_10/barenco_tof_10.tensor.npy,true,0,"(50, 50, 50)","(50, 50, 50)",,external/alphatensor_quantum/decompositions/benchmarks_gadgets.npz
benchmarks_gadgets.npz,benchmark,paper_gadgets,True,barenco_toff_3,barenco_tof_3,,0,14,8,2,0,0,4,external/circuit-to-tensor/benchmarks/arithmetic/barenco_tof_3/barenco_tof_3.tensor.npy,true,0,"(8, 8, 8)","(8, 8, 8)",,external/alphatensor_quantum/decompositions/benchmarks_gadgets.npz
benchmarks_gadgets.npz,benchmark,paper_gadgets,True,barenco_toff_4,barenco_tof_4,,0,28,14,4,0,0,8,external/circuit-to-tensor/benchmarks/arithmetic/barenco_tof_4/barenco_tof_4.tensor.npy,true,0,"(14, 14, 14)","(14, 14, 14)",,external/alphatensor_quantum/decompositions/benchmarks_gadgets.npz
benchmarks_gadgets.npz,benchmark,paper_gadgets,True,barenco_toff_4,barenco_tof_4,,1,28,14,4,0,0,8,external/circuit-to-tensor/benchmarks/arithmetic/barenco_tof_4/barenco_tof_4.tensor.npy,true,0,"(14, 14, 14)","(14, 14, 14)",,external/alphatensor_quantum/decompositions/benchmarks_gadgets.npz
benchmarks_gadgets.npz,benchmark,paper_gadgets,True,barenco_toff_4,barenco_tof_4,,2,28,14,4,0,0,8,external/circuit-to-tensor/benchmarks/arithmetic/barenco_tof_4/barenco_tof_4.tensor.npy,true,0,"(14, 14, 14)","(14, 14, 14)",,external/alphatensor_quantum/decompositions/benchmarks_gadgets.npz
benchmarks_gadgets.npz,benchmark,paper_gadgets,True,barenco_toff_4,barenco_tof_4,,3,28,14,4,0,0,8,external/circuit-to-tensor/benchmarks/arithmetic/barenco_tof_4/barenco_tof_4.tensor.npy,true,0,"(14, 14, 14)","(14, 14, 14)",,external/alphatensor_quantum/decompositions/benchmarks_gadgets.npz
benchmarks_gadgets.npz,benchmark,paper_gadgets,True,barenco_toff_4,barenco_tof_4,,4,28,14,4,0,0,8,external/circuit-to-tensor/benchmarks/arithmetic/barenco_tof_4/barenco_tof_4.tensor.npy,true,0,"(14, 14, 14)","(14, 14, 14)",,external/alphatensor_quantum/decompositions/benchmarks_gadgets.npz
benchmarks_gadgets.npz,benchmark,paper_gadgets,True,barenco_toff_4,barenco_tof_4,,5,28,14,4,0,0,8,external/circuit-to-tensor/benchmarks/arithmetic/barenco_tof_4/barenco_tof_4.tensor.npy,true,0,"(14, 14, 14)","(14, 14, 14)",,external/alphatensor_quantum/decompositions/benchmarks_gadgets.npz
benchmarks_gadgets.npz,benchmark,paper_gadgets,True,barenco_toff_4,barenco_tof_4,,6,28,14,4,0,0,8,external/circuit-to-tensor/benchmarks/arithmetic/barenco_tof_4/barenco_tof_4.tensor.npy,true,0,"(14, 14, 14)","(14, 14, 14)",,external/alphatensor_quantum/decompositions/benchmarks_gadgets.npz
benchmarks_gadgets.npz,benchmark,paper_gadgets,True,barenco_toff_4,barenco_tof_4,,7,28,14,4,0,0,8,external/circuit-to-tensor/benchmarks/arithmetic/barenco_tof_4/barenco_tof_4.tensor.npy,true,0,"(14, 14, 14)","(14, 14, 14)",,external/alphatensor_quantum/decompositions/benchmarks_gadgets.npz
benchmarks_gadgets.npz,benchmark,paper_gadgets,True,barenco_toff_4,barenco_tof_4,,8,28,14,4,0,0,8,external/circuit-to-tensor/benchmarks/arithmetic/barenco_tof_4/barenco_tof_4.tensor.npy,true,0,"(14, 14, 14)","(14, 14, 14)",,external/alphatensor_quantum/decompositions/benchmarks_gadgets.npz
benchmarks_gadgets.npz,benchmark,paper_gadgets,True,barenco_toff_4,barenco_tof_4,,9,28,14,4,0,0,8,external/circuit-to-tensor/benchmarks/arithmetic/barenco_tof_4/barenco_tof_4.tensor.npy,true,0,"(14, 14, 14)","(14, 14, 14)",,external/alphatensor_quantum/decompositions/benchmarks_gadgets.npz
benchmarks_gadgets.npz,benchmark,paper_gadgets,True,barenco_toff_5,barenco_tof_5,,0,42,20,6,0,0,12,external/circuit-to-tensor/benchmarks/arithmetic/barenco_tof_5/barenco_tof_5.tensor.npy,true,0,"(20, 20, 20)","(20, 20, 20)",,external/alphatensor_quantum/decompositions/benchmarks_gadgets.npz
benchmarks_gadgets.npz,benchmark,paper_gadgets,True,barenco_toff_5,barenco_tof_5,,1,42,20,6,0,0,12,external/circuit-to-tensor/benchmarks/arithmetic/barenco_tof_5/barenco_tof_5.tensor.npy,true,0,"(20, 20, 20)","(20, 20, 20)",,external/alphatensor_quantum/decompositions/benchmarks_gadgets.npz
benchmarks_gadgets.npz,benchmark,paper_gadgets,True,barenco_toff_5,barenco_tof_5,,2,42,20,6,0,0,12,external/circuit-to-tensor/benchmarks/arithmetic/barenco_tof_5/barenco_tof_5.tensor.npy,true,0,"(20, 20, 20)","(20, 20, 20)",,external/alphatensor_quantum/decompositions/benchmarks_gadgets.npz
benchmarks_gadgets.npz,benchmark,paper_gadgets,True,barenco_toff_5,barenco_tof_5,,3,42,20,6,0,0,12,external/circuit-to-tensor/benchmarks/arithmetic/barenco_tof_5/barenco_tof_5.tensor.npy,true,0,"(20, 20, 20)","(20, 20, 20)",,external/alphatensor_quantum/decompositions/benchmarks_gadgets.npz
benchmarks_gadgets.npz,benchmark,paper_gadgets,True,barenco_toff_5,barenco_tof_5,,4,42,20,6,0,0,12,external/circuit-to-tensor/benchmarks/arithmetic/barenco_tof_5/barenco_tof_5.tensor.npy,true,0,"(20, 20, 20)","(20, 20, 20)",,external/alphatensor_quantum/decompositions/benchmarks_gadgets.npz
benchmarks_gadgets.npz,benchmark,paper_gadgets,True,barenco_toff_5,barenco_tof_5,,5,42,20,6,0,0,12,external/circuit-to-tensor/benchmarks/arithmetic/barenco_tof_5/barenco_tof_5.tensor.npy,true,0,"(20, 20, 20)","(20, 20, 20)",,external/alphatensor_quantum/decompositions/benchmarks_gadgets.npz
benchmarks_gadgets.npz,benchmark,paper_gadgets,True,barenco_toff_5,barenco_tof_5,,6,42,20,6,0,0,12,external/circuit-to-tensor/benchmarks/arithmetic/barenco_tof_5/barenco_tof_5.tensor.npy,true,0,"(20, 20, 20)","(20, 20, 20)",,external/alphatensor_quantum/decompositions/benchmarks_gadgets.npz
benchmarks_gadgets.npz,benchmark,paper_gadgets,True,barenco_toff_5,barenco_tof_5,,7,42,20,6,0,0,12,external/circuit-to-tensor/benchmarks/arithmetic/barenco_tof_5/barenco_tof_5.tensor.npy,true,0,"(20, 20, 20)","(20, 20, 20)",,external/alphatensor_quantum/decompositions/benchmarks_gadgets.npz
benchmarks_gadgets.npz,benchmark,paper_gadgets,True,barenco_toff_5,barenco_tof_5,,8,42,20,6,0,0,12,external/circuit-to-tensor/benchmarks/arithmetic/barenco_tof_5/barenco_tof_5.tensor.npy,true,0,"(20, 20, 20)","(20, 20, 20)",,external/alphatensor_quantum/decompositions/benchmarks_gadgets.npz
benchmarks_gadgets.npz,benchmark,paper_gadgets,True,barenco_toff_5,barenco_tof_5,,9,42,20,6,0,0,12,external/circuit-to-tensor/benchmarks/arithmetic/barenco_tof_5/barenco_tof_5.tensor.npy,true,0,"(20, 20, 20)","(20, 20, 20)",,external/alphatensor_quantum/decompositions/benchmarks_gadgets.npz
benchmarks_gadgets.npz,benchmark,paper_gadgets,True,csla_mux_3,csla_mux_3,,0,56,21,8,0,0,16,external/circuit-to-tensor/benchmarks/arithmetic/csla_mux_3/csla_mux_3.tensor.npy,true,0,"(21, 21, 21)","(21, 21, 21)",,external/alphatensor_quantum/decompositions/benchmarks_gadgets.npz
benchmarks_gadgets.npz,benchmark,paper_gadgets,True,csla_mux_3,csla_mux_3,,1,56,21,8,0,0,16,external/circuit-to-tensor/benchmarks/arithmetic/csla_mux_3/csla_mux_3.tensor.npy,true,0,"(21, 21, 21)","(21, 21, 21)",,external/alphatensor_quantum/decompositions/benchmarks_gadgets.npz
benchmarks_gadgets.npz,benchmark,paper_gadgets,True,csla_mux_3,csla_mux_3,,2,56,21,8,0,0,16,external/circuit-to-tensor/benchmarks/arithmetic/csla_mux_3/csla_mux_3.tensor.npy,true,0,"(21, 21, 21)","(21, 21, 21)",,external/alphatensor_quantum/decompositions/benchmarks_gadgets.npz
benchmarks_gadgets.npz,benchmark,paper_gadgets,True,csla_mux_3,csla_mux_3,,3,56,21,8,0,0,16,external/circuit-to-tensor/benchmarks/arithmetic/csla_mux_3/csla_mux_3.tensor.npy,true,0,"(21, 21, 21)","(21, 21, 21)",,external/alphatensor_quantum/decompositions/benchmarks_gadgets.npz
benchmarks_gadgets.npz,benchmark,paper_gadgets,True,csla_mux_3,csla_mux_3,,4,56,21,8,0,0,16,external/circuit-to-tensor/benchmarks/arithmetic/csla_mux_3/csla_mux_3.tensor.npy,true,0,"(21, 21, 21)","(21, 21, 21)",,external/alphatensor_quantum/decompositions/benchmarks_gadgets.npz
benchmarks_gadgets.npz,benchmark,paper_gadgets,True,csla_mux_3,csla_mux_3,,5,56,21,8,0,0,16,external/circuit-to-tensor/benchmarks/arithmetic/csla_mux_3/csla_mux_3.tensor.npy,true,0,"(21, 21, 21)","(21, 21, 21)",,external/alphatensor_quantum/decompositions/benchmarks_gadgets.npz
benchmarks_gadgets.npz,benchmark,paper_gadgets,True,csla_mux_3,csla_mux_3,,6,56,21,8,0,0,16,external/circuit-to-tensor/benchmarks/arithmetic/csla_mux_3/csla_mux_3.tensor.npy,true,0,"(21, 21, 21)","(21, 21, 21)",,external/alphatensor_quantum/decompositions/benchmarks_gadgets.npz
benchmarks_gadgets.npz,benchmark,paper_gadgets,True,csla_mux_3,csla_mux_3,,7,56,21,8,0,0,16,external/circuit-to-tensor/benchmarks/arithmetic/csla_mux_3/csla_mux_3.tensor.npy,true,0,"(21, 21, 21)","(21, 21, 21)",,external/alphatensor_quantum/decompositions/benchmarks_gadgets.npz
benchmarks_gadgets.npz,benchmark,paper_gadgets,True,csla_mux_3,csla_mux_3,,8,56,21,8,0,0,16,external/circuit-to-tensor/benchmarks/arithmetic/csla_mux_3/csla_mux_3.tensor.npy,true,0,"(21, 21, 21)","(21, 21, 21)",,external/alphatensor_quantum/decompositions/benchmarks_gadgets.npz
benchmarks_gadgets.npz,benchmark,paper_gadgets,True,csla_mux_3,csla_mux_3,,9,56,21,8,0,0,16,external/circuit-to-tensor/benchmarks/arithmetic/csla_mux_3/csla_mux_3.tensor.npy,true,0,"(21, 21, 21)","(21, 21, 21)",,external/alphatensor_quantum/decompositions/benchmarks_gadgets.npz
benchmarks_gadgets.npz,benchmark,paper_gadgets,True,csum_mux_9,csum_mux_9,,0,98,42,14,0,0,28,external/circuit-to-tensor/benchmarks/arithmetic/csum_mux_9/csum_mux_9.tensor.npy,true,0,"(42, 42, 42)","(42, 42, 42)",,external/alphatensor_quantum/decompositions/benchmarks_gadgets.npz
benchmarks_gadgets.npz,benchmark,paper_gadgets,True,csum_mux_9,csum_mux_9,,1,98,42,14,0,0,28,external/circuit-to-tensor/benchmarks/arithmetic/csum_mux_9/csum_mux_9.tensor.npy,true,0,"(42, 42, 42)","(42, 42, 42)",,external/alphatensor_quantum/decompositions/benchmarks_gadgets.npz
benchmarks_gadgets.npz,benchmark,paper_gadgets,True,csum_mux_9,csum_mux_9,,2,98,42,14,0,0,28,external/circuit-to-tensor/benchmarks/arithmetic/csum_mux_9/csum_mux_9.tensor.npy,true,0,"(42, 42, 42)","(42, 42, 42)",,external/alphatensor_quantum/decompositions/benchmarks_gadgets.npz
benchmarks_gadgets.npz,benchmark,paper_gadgets,True,csum_mux_9,csum_mux_9,,3,98,42,14,0,0,28,external/circuit-to-tensor/benchmarks/arithmetic/csum_mux_9/csum_mux_9.tensor.npy,true,0,"(42, 42, 42)","(42, 42, 42)",,external/alphatensor_quantum/decompositions/benchmarks_gadgets.npz
benchmarks_gadgets.npz,benchmark,paper_gadgets,True,csum_mux_9,csum_mux_9,,4,98,42,14,0,0,28,external/circuit-to-tensor/benchmarks/arithmetic/csum_mux_9/csum_mux_9.tensor.npy,true,0,"(42, 42, 42)","(42, 42, 42)",,external/alphatensor_quantum/decompositions/benchmarks_gadgets.npz
benchmarks_gadgets.npz,benchmark,paper_gadgets,True,csum_mux_9,csum_mux_9,,5,98,42,14,0,0,28,external/circuit-to-tensor/benchmarks/arithmetic/csum_mux_9/csum_mux_9.tensor.npy,true,0,"(42, 42, 42)","(42, 42, 42)",,external/alphatensor_quantum/decompositions/benchmarks_gadgets.npz
benchmarks_gadgets.npz,benchmark,paper_gadgets,True,csum_mux_9,csum_mux_9,,6,98,42,14,0,0,28,external/circuit-to-tensor/benchmarks/arithmetic/csum_mux_9/csum_mux_9.tensor.npy,true,0,"(42, 42, 42)","(42, 42, 42)",,external/alphatensor_quantum/decompositions/benchmarks_gadgets.npz
benchmarks_gadgets.npz,benchmark,paper_gadgets,True,csum_mux_9,csum_mux_9,,7,98,42,14,0,0,28,external/circuit-to-tensor/benchmarks/arithmetic/csum_mux_9/csum_mux_9.tensor.npy,true,0,"(42, 42, 42)","(42, 42, 42)",,external/alphatensor_quantum/decompositions/benchmarks_gadgets.npz
benchmarks_gadgets.npz,benchmark,paper_gadgets,True,csum_mux_9,csum_mux_9,,8,98,42,14,0,0,28,external/circuit-to-tensor/benchmarks/arithmetic/csum_mux_9/csum_mux_9.tensor.npy,true,0,"(42, 42, 42)","(42, 42, 42)",,external/alphatensor_quantum/decompositions/benchmarks_gadgets.npz
benchmarks_gadgets.npz,benchmark,paper_gadgets,True,csum_mux_9,csum_mux_9,,9,98,42,14,0,0,28,external/circuit-to-tensor/benchmarks/arithmetic/csum_mux_9/csum_mux_9.tensor.npy,true,0,"(42, 42, 42)","(42, 42, 42)",,external/alphatensor_quantum/decompositions/benchmarks_gadgets.npz
benchmarks_gadgets.npz,benchmark,paper_gadgets,True,grover_5_block1,grover_5,block1,0,139,58,19,0,6,44,external/circuit-to-tensor/benchmarks/arithmetic/grover_5/grover_5_block1.tensor.npy,true,0,"(58, 58, 58)","(58, 58, 58)",,external/alphatensor_quantum/decompositions/benchmarks_gadgets.npz
benchmarks_gadgets.npz,benchmark,paper_gadgets,True,grover_5_block1,grover_5,block1,1,139,58,19,0,6,44,external/circuit-to-tensor/benchmarks/arithmetic/grover_5/grover_5_block1.tensor.npy,true,0,"(58, 58, 58)","(58, 58, 58)",,external/alphatensor_quantum/decompositions/benchmarks_gadgets.npz
benchmarks_gadgets.npz,benchmark,paper_gadgets,True,grover_5_block1,grover_5,block1,2,139,58,19,0,6,44,external/circuit-to-tensor/benchmarks/arithmetic/grover_5/grover_5_block1.tensor.npy,true,0,"(58, 58, 58)","(58, 58, 58)",,external/alphatensor_quantum/decompositions/benchmarks_gadgets.npz
benchmarks_gadgets.npz,benchmark,paper_gadgets,True,grover_5_block1,grover_5,block1,3,139,58,19,0,6,44,external/circuit-to-tensor/benchmarks/arithmetic/grover_5/grover_5_block1.tensor.npy,true,0,"(58, 58, 58)","(58, 58, 58)",,external/alphatensor_quantum/decompositions/benchmarks_gadgets.npz
benchmarks_gadgets.npz,benchmark,paper_gadgets,True,grover_5_block1,grover_5,block1,4,139,58,19,0,6,44,external/circuit-to-tensor/benchmarks/arithmetic/grover_5/grover_5_block1.tensor.npy,true,0,"(58, 58, 58)","(58, 58, 58)",,external/alphatensor_quantum/decompositions/benchmarks_gadgets.npz
benchmarks_gadgets.npz,benchmark,paper_gadgets,True,grover_5_block1,grover_5,block1,5,139,58,19,0,6,44,external/circuit-to-tensor/benchmarks/arithmetic/grover_5/grover_5_block1.tensor.npy,true,0,"(58, 58, 58)","(58, 58, 58)",,external/alphatensor_quantum/decompositions/benchmarks_gadgets.npz
benchmarks_gadgets.npz,benchmark,paper_gadgets,True,grover_5_block1,grover_5,block1,6,139,58,19,0,6,44,external/circuit-to-tensor/benchmarks/arithmetic/grover_5/grover_5_block1.tensor.npy,true,0,"(58, 58, 58)","(58, 58, 58)",,external/alphatensor_quantum/decompositions/benchmarks_gadgets.npz
benchmarks_gadgets.npz,benchmark,paper_gadgets,True,grover_5_block1,grover_5,block1,7,139,58,19,0,6,44,external/circuit-to-tensor/benchmarks/arithmetic/grover_5/grover_5_block1.tensor.npy,true,0,"(58, 58, 58)","(58, 58, 58)",,external/alphatensor_quantum/decompositions/benchmarks_gadgets.npz
benchmarks_gadgets.npz,benchmark,paper_gadgets,True,grover_5_block1,grover_5,block1,8,139,58,18,1,10,48,external/circuit-to-tensor/benchmarks/arithmetic/grover_5/grover_5_block1.tensor.npy,true,0,"(58, 58, 58)","(58, 58, 58)",,external/alphatensor_quantum/decompositions/benchmarks_gadgets.npz
benchmarks_gadgets.npz,benchmark,paper_gadgets,True,grover_5_block1,grover_5,block1,9,139,58,19,0,6,44,external/circuit-to-tensor/benchmarks/arithmetic/grover_5/grover_5_block1.tensor.npy,true,0,"(58, 58, 58)","(58, 58, 58)",,external/alphatensor_quantum/decompositions/benchmarks_gadgets.npz
benchmarks_gadgets.npz,benchmark,paper_gadgets,True,grover_5_block2,grover_5,block2,0,62,27,8,0,6,22,external/circuit-to-tensor/benchmarks/arithmetic/grover_5/grover_5_block2.tensor.npy,true,0,"(27, 27, 27)","(27, 27, 27)",,external/alphatensor_quantum/decompositions/benchmarks_gadgets.npz
benchmarks_gadgets.npz,benchmark,paper_gadgets,True,grover_5_block2,grover_5,block2,1,62,27,8,0,6,22,external/circuit-to-tensor/benchmarks/arithmetic/grover_5/grover_5_block2.tensor.npy,true,0,"(27, 27, 27)","(27, 27, 27)",,external/alphatensor_quantum/decompositions/benchmarks_gadgets.npz
benchmarks_gadgets.npz,benchmark,paper_gadgets,True,grover_5_block2,grover_5,block2,2,62,27,8,0,6,22,external/circuit-to-tensor/benchmarks/arithmetic/grover_5/grover_5_block2.tensor.npy,true,0,"(27, 27, 27)","(27, 27, 27)",,external/alphatensor_quantum/decompositions/benchmarks_gadgets.npz
benchmarks_gadgets.npz,benchmark,paper_gadgets,True,grover_5_block2,grover_5,block2,3,62,27,8,0,6,22,external/circuit-to-tensor/benchmarks/arithmetic/grover_5/grover_5_block2.tensor.npy,true,0,"(27, 27, 27)","(27, 27, 27)",,external/alphatensor_quantum/decompositions/benchmarks_gadgets.npz
benchmarks_gadgets.npz,benchmark,paper_gadgets,True,grover_5_block2,grover_5,block2,4,62,27,8,0,6,22,external/circuit-to-tensor/benchmarks/arithmetic/grover_5/grover_5_block2.tensor.npy,true,0,"(27, 27, 27)","(27, 27, 27)",,external/alphatensor_quantum/decompositions/benchmarks_gadgets.npz
benchmarks_gadgets.npz,benchmark,paper_gadgets,True,grover_5_block2,grover_5,block2,5,62,27,8,0,6,22,external/circuit-to-tensor/benchmarks/arithmetic/grover_5/grover_5_block2.tensor.npy,true,0,"(27, 27, 27)","(27, 27, 27)",,external/alphatensor_quantum/decompositions/benchmarks_gadgets.npz
benchmarks_gadgets.npz,benchmark,paper_gadgets,True,grover_5_block2,grover_5,block2,6,62,27,8,0,6,22,external/circuit-to-tensor/benchmarks/arithmetic/grover_5/grover_5_block2.tensor.npy,true,0,"(27, 27, 27)","(27, 27, 27)",,external/alphatensor_quantum/decompositions/benchmarks_gadgets.npz
benchmarks_gadgets.npz,benchmark,paper_gadgets,True,grover_5_block2,grover_5,block2,7,62,27,8,0,6,22,external/circuit-to-tensor/benchmarks/arithmetic/grover_5/grover_5_block2.tensor.npy,true,0,"(27, 27, 27)","(27, 27, 27)",,external/alphatensor_quantum/decompositions/benchmarks_gadgets.npz
benchmarks_gadgets.npz,benchmark,paper_gadgets,True,grover_5_block2,grover_5,block2,8,62,27,8,0,6,22,external/circuit-to-tensor/benchmarks/arithmetic/grover_5/grover_5_block2.tensor.npy,true,0,"(27, 27, 27)","(27, 27, 27)",,external/alphatensor_quantum/decompositions/benchmarks_gadgets.npz
benchmarks_gadgets.npz,benchmark,paper_gadgets,True,grover_5_block2,grover_5,block2,9,62,27,8,0,6,22,external/circuit-to-tensor/benchmarks/arithmetic/grover_5/grover_5_block2.tensor.npy,true,0,"(27, 27, 27)","(27, 27, 27)",,external/alphatensor_quantum/decompositions/benchmarks_gadgets.npz
benchmarks_gadgets.npz,benchmark,paper_gadgets,True,hamming_15_high_block1,hamming_15_high,block1,0,157,58,21,0,10,52,external/circuit-to-tensor/benchmarks/arithmetic/hamming_15_high/hamming_15_high_block1.tensor.npy,true,0,"(58, 58, 58)","(58, 58, 58)",,external/alphatensor_quantum/decompositions/benchmarks_gadgets.npz
benchmarks_gadgets.npz,benchmark,paper_gadgets,True,hamming_15_high_block1,hamming_15_high,block1,1,157,58,21,0,10,52,external/circuit-to-tensor/benchmarks/arithmetic/hamming_15_high/hamming_15_high_block1.tensor.npy,true,0,"(58, 58, 58)","(58, 58, 58)",,external/alphatensor_quantum/decompositions/benchmarks_gadgets.npz
benchmarks_gadgets.npz,benchmark,paper_gadgets,True,hamming_15_high_block1,hamming_15_high,block1,2,157,58,21,0,10,52,external/circuit-to-tensor/benchmarks/arithmetic/hamming_15_high/hamming_15_high_block1.tensor.npy,true,0,"(58, 58, 58)","(58, 58, 58)",,external/alphatensor_quantum/decompositions/benchmarks_gadgets.npz
benchmarks_gadgets.npz,benchmark,paper_gadgets,True,hamming_15_high_block1,hamming_15_high,block1,3,157,58,21,0,10,52,external/circuit-to-tensor/benchmarks/arithmetic/hamming_15_high/hamming_15_high_block1.tensor.npy,true,0,"(58, 58, 58)","(58, 58, 58)",,external/alphatensor_quantum/decompositions/benchmarks_gadgets.npz
benchmarks_gadgets.npz,benchmark,paper_gadgets,True,hamming_15_high_block1,hamming_15_high,block1,4,157,58,21,0,10,52,external/circuit-to-tensor/benchmarks/arithmetic/hamming_15_high/hamming_15_high_block1.tensor.npy,true,0,"(58, 58, 58)","(58, 58, 58)",,external/alphatensor_quantum/decompositions/benchmarks_gadgets.npz
benchmarks_gadgets.npz,benchmark,paper_gadgets,True,hamming_15_high_block1,hamming_15_high,block1,5,157,58,21,0,10,52,external/circuit-to-tensor/benchmarks/arithmetic/hamming_15_high/hamming_15_high_block1.tensor.npy,true,0,"(58, 58, 58)","(58, 58, 58)",,external/alphatensor_quantum/decompositions/benchmarks_gadgets.npz
benchmarks_gadgets.npz,benchmark,paper_gadgets,True,hamming_15_high_block1,hamming_15_high,block1,6,157,58,21,0,10,52,external/circuit-to-tensor/benchmarks/arithmetic/hamming_15_high/hamming_15_high_block1.tensor.npy,true,0,"(58, 58, 58)","(58, 58, 58)",,external/alphatensor_quantum/decompositions/benchmarks_gadgets.npz
benchmarks_gadgets.npz,benchmark,paper_gadgets,True,hamming_15_high_block1,hamming_15_high,block1,7,157,58,21,0,10,52,external/circuit-to-tensor/benchmarks/arithmetic/hamming_15_high/hamming_15_high_block1.tensor.npy,true,0,"(58, 58, 58)","(58, 58, 58)",,external/alphatensor_quantum/decompositions/benchmarks_gadgets.npz
benchmarks_gadgets.npz,benchmark,paper_gadgets,True,hamming_15_high_block1,hamming_15_high,block1,8,157,58,21,0,10,52,external/circuit-to-tensor/benchmarks/arithmetic/hamming_15_high/hamming_15_high_block1.tensor.npy,true,0,"(58, 58, 58)","(58, 58, 58)",,external/alphatensor_quantum/decompositions/benchmarks_gadgets.npz
benchmarks_gadgets.npz,benchmark,paper_gadgets,True,hamming_15_high_block2,hamming_15_high,block2,0,134,49,18,0,8,44,external/circuit-to-tensor/benchmarks/arithmetic/hamming_15_high/hamming_15_high_block2.tensor.npy,true,0,"(49, 49, 49)","(49, 49, 49)",,external/alphatensor_quantum/decompositions/benchmarks_gadgets.npz
benchmarks_gadgets.npz,benchmark,paper_gadgets,True,hamming_15_high_block2,hamming_15_high,block2,1,134,49,18,0,8,44,external/circuit-to-tensor/benchmarks/arithmetic/hamming_15_high/hamming_15_high_block2.tensor.npy,true,0,"(49, 49, 49)","(49, 49, 49)",,external/alphatensor_quantum/decompositions/benchmarks_gadgets.npz
benchmarks_gadgets.npz,benchmark,paper_gadgets,True,hamming_15_high_block2,hamming_15_high,block2,2,134,49,18,0,8,44,external/circuit-to-tensor/benchmarks/arithmetic/hamming_15_high/hamming_15_high_block2.tensor.npy,true,0,"(49, 49, 49)","(49, 49, 49)",,external/alphatensor_quantum/decompositions/benchmarks_gadgets.npz
benchmarks_gadgets.npz,benchmark,paper_gadgets,True,hamming_15_high_block2,hamming_15_high,block2,3,134,49,18,0,8,44,external/circuit-to-tensor/benchmarks/arithmetic/hamming_15_high/hamming_15_high_block2.tensor.npy,true,0,"(49, 49, 49)","(49, 49, 49)",,external/alphatensor_quantum/decompositions/benchmarks_gadgets.npz
benchmarks_gadgets.npz,benchmark,paper_gadgets,True,hamming_15_high_block2,hamming_15_high,block2,4,134,49,18,0,8,44,external/circuit-to-tensor/benchmarks/arithmetic/hamming_15_high/hamming_15_high_block2.tensor.npy,true,0,"(49, 49, 49)","(49, 49, 49)",,external/alphatensor_quantum/decompositions/benchmarks_gadgets.npz
benchmarks_gadgets.npz,benchmark,paper_gadgets,True,hamming_15_high_block2,hamming_15_high,block2,5,134,49,18,0,8,44,external/circuit-to-tensor/benchmarks/arithmetic/hamming_15_high/hamming_15_high_block2.tensor.npy,true,0,"(49, 49, 49)","(49, 49, 49)",,external/alphatensor_quantum/decompositions/benchmarks_gadgets.npz
benchmarks_gadgets.npz,benchmark,paper_gadgets,True,hamming_15_high_block2,hamming_15_high,block2,6,134,49,18,0,8,44,external/circuit-to-tensor/benchmarks/arithmetic/hamming_15_high/hamming_15_high_block2.tensor.npy,true,0,"(49, 49, 49)","(49, 49, 49)",,external/alphatensor_quantum/decompositions/benchmarks_gadgets.npz
benchmarks_gadgets.npz,benchmark,paper_gadgets,True,hamming_15_high_block2,hamming_15_high,block2,7,134,49,18,0,8,44,external/circuit-to-tensor/benchmarks/arithmetic/hamming_15_high/hamming_15_high_block2.tensor.npy,true,0,"(49, 49, 49)","(49, 49, 49)",,external/alphatensor_quantum/decompositions/benchmarks_gadgets.npz
benchmarks_gadgets.npz,benchmark,paper_gadgets,True,hamming_15_high_block2,hamming_15_high,block2,8,134,49,18,0,8,44,external/circuit-to-tensor/benchmarks/arithmetic/hamming_15_high/hamming_15_high_block2.tensor.npy,true,0,"(49, 49, 49)","(49, 49, 49)",,external/alphatensor_quantum/decompositions/benchmarks_gadgets.npz
benchmarks_gadgets.npz,benchmark,paper_gadgets,True,hamming_15_high_block2,hamming_15_high,block2,9,134,49,18,0,8,44,external/circuit-to-tensor/benchmarks/arithmetic/hamming_15_high/hamming_15_high_block2.tensor.npy,true,0,"(49, 49, 49)","(49, 49, 49)",,external/alphatensor_quantum/decompositions/benchmarks_gadgets.npz
benchmarks_gadgets.npz,benchmark,paper_gadgets,True,hamming_15_high_block3,hamming_15_high,block3,0,140,56,18,0,14,50,external/circuit-to-tensor/benchmarks/arithmetic/hamming_15_high/hamming_15_high_block3.tensor.npy,true,0,"(56, 56, 56)","(56, 56, 56)",,external/alphatensor_quantum/decompositions/benchmarks_gadgets.npz
benchmarks_gadgets.npz,benchmark,paper_gadgets,True,hamming_15_high_block3,hamming_15_high,block3,1,140,56,18,0,14,50,external/circuit-to-tensor/benchmarks/arithmetic/hamming_15_high/hamming_15_high_block3.tensor.npy,true,0,"(56, 56, 56)","(56, 56, 56)",,external/alphatensor_quantum/decompositions/benchmarks_gadgets.npz
benchmarks_gadgets.npz,benchmark,paper_gadgets,True,hamming_15_high_block3,hamming_15_high,block3,2,140,56,18,0,14,50,external/circuit-to-tensor/benchmarks/arithmetic/hamming_15_high/hamming_15_high_block3.tensor.npy,true,0,"(56, 56, 56)","(56, 56, 56)",,external/alphatensor_quantum/decompositions/benchmarks_gadgets.npz
benchmarks_gadgets.npz,benchmark,paper_gadgets,True,hamming_15_high_block3,hamming_15_high,block3,3,140,56,18,0,14,50,external/circuit-to-tensor/benchmarks/arithmetic/hamming_15_high/hamming_15_high_block3.tensor.npy,true,0,"(56, 56, 56)","(56, 56, 56)",,external/alphatensor_quantum/decompositions/benchmarks_gadgets.npz
benchmarks_gadgets.npz,benchmark,paper_gadgets,True,hamming_15_high_block3,hamming_15_high,block3,4,140,56,18,0,14,50,external/circuit-to-tensor/benchmarks/arithmetic/hamming_15_high/hamming_15_high_block3.tensor.npy,true,0,"(56, 56, 56)","(56, 56, 56)",,external/alphatensor_quantum/decompositions/benchmarks_gadgets.npz
benchmarks_gadgets.npz,benchmark,paper_gadgets,True,hamming_15_high_block3,hamming_15_high,block3,5,140,56,18,0,14,50,external/circuit-to-tensor/benchmarks/arithmetic/hamming_15_high/hamming_15_high_block3.tensor.npy,true,0,"(56, 56, 56)","(56, 56, 56)",,external/alphatensor_quantum/decompositions/benchmarks_gadgets.npz
benchmarks_gadgets.npz,benchmark,paper_gadgets,True,hamming_15_high_block3,hamming_15_high,block3,6,140,56,18,0,14,50,external/circuit-to-tensor/benchmarks/arithmetic/hamming_15_high/hamming_15_high_block3.tensor.npy,true,0,"(56, 56, 56)","(56, 56, 56)",,external/alphatensor_quantum/decompositions/benchmarks_gadgets.npz
benchmarks_gadgets.npz,benchmark,paper_gadgets,True,hamming_15_high_block3,hamming_15_high,block3,7,140,56,18,0,14,50,external/circuit-to-tensor/benchmarks/arithmetic/hamming_15_high/hamming_15_high_block3.tensor.npy,true,0,"(56, 56, 56)","(56, 56, 56)",,external/alphatensor_quantum/decompositions/benchmarks_gadgets.npz
benchmarks_gadgets.npz,benchmark,paper_gadgets,True,hamming_15_high_block3,hamming_15_high,block3,8,140,56,18,0,14,50,external/circuit-to-tensor/benchmarks/arithmetic/hamming_15_high/hamming_15_high_block3.tensor.npy,true,0,"(56, 56, 56)","(56, 56, 56)",,external/alphatensor_quantum/decompositions/benchmarks_gadgets.npz
benchmarks_gadgets.npz,benchmark,paper_gadgets,True,hamming_15_high_block3,hamming_15_high,block3,9,140,56,18,0,14,50,external/circuit-to-tensor/benchmarks/arithmetic/hamming_15_high/hamming_15_high_block3.tensor.npy,true,0,"(56, 56, 56)","(56, 56, 56)",,external/alphatensor_quantum/decompositions/benchmarks_gadgets.npz
benchmarks_gadgets.npz,benchmark,paper_gadgets,True,hamming_15_high_block4,hamming_15_high,block4,0,155,57,20,0,15,55,external/circuit-to-tensor/benchmarks/arithmetic/hamming_15_high/hamming_15_high_block4.tensor.npy,true,0,"(57, 57, 57)","(57, 57, 57)",,external/alphatensor_quantum/decompositions/benchmarks_gadgets.npz
benchmarks_gadgets.npz,benchmark,paper_gadgets,True,hamming_15_high_block4,hamming_15_high,block4,1,155,57,20,0,15,55,external/circuit-to-tensor/benchmarks/arithmetic/hamming_15_high/hamming_15_high_block4.tensor.npy,true,0,"(57, 57, 57)","(57, 57, 57)",,external/alphatensor_quantum/decompositions/benchmarks_gadgets.npz
benchmarks_gadgets.npz,benchmark,paper_gadgets,True,hamming_15_high_block4,hamming_15_high,block4,2,155,57,20,0,15,55,external/circuit-to-tensor/benchmarks/arithmetic/hamming_15_high/hamming_15_high_block4.tensor.npy,true,0,"(57, 57, 57)","(57, 57, 57)",,external/alphatensor_quantum/decompositions/benchmarks_gadgets.npz
benchmarks_gadgets.npz,benchmark,paper_gadgets,True,hamming_15_high_block4,hamming_15_high,block4,3,155,57,20,0,15,55,external/circuit-to-tensor/benchmarks/arithmetic/hamming_15_high/hamming_15_high_block4.tensor.npy,true,0,"(57, 57, 57)","(57, 57, 57)",,external/alphatensor_quantum/decompositions/benchmarks_gadgets.npz
benchmarks_gadgets.npz,benchmark,paper_gadgets,True,hamming_15_high_block4,hamming_15_high,block4,4,155,57,20,0,15,55,external/circuit-to-tensor/benchmarks/arithmetic/hamming_15_high/hamming_15_high_block4.tensor.npy,true,0,"(57, 57, 57)","(57, 57, 57)",,external/alphatensor_quantum/decompositions/benchmarks_gadgets.npz
benchmarks_gadgets.npz,benchmark,paper_gadgets,True,hamming_15_high_block4,hamming_15_high,block4,5,155,57,20,0,15,55,external/circuit-to-tensor/benchmarks/arithmetic/hamming_15_high/hamming_15_high_block4.tensor.npy,true,0,"(57, 57, 57)","(57, 57, 57)",,external/alphatensor_quantum/decompositions/benchmarks_gadgets.npz
benchmarks_gadgets.npz,benchmark,paper_gadgets,True,hamming_15_high_block4,hamming_15_high,block4,6,155,57,20,0,15,55,external/circuit-to-tensor/benchmarks/arithmetic/hamming_15_high/hamming_15_high_block4.tensor.npy,true,0,"(57, 57, 57)","(57, 57, 57)",,external/alphatensor_quantum/decompositions/benchmarks_gadgets.npz
benchmarks_gadgets.npz,benchmark,paper_gadgets,True,hamming_15_high_block4,hamming_15_high,block4,7,155,57,20,0,15,55,external/circuit-to-tensor/benchmarks/arithmetic/hamming_15_high/hamming_15_high_block4.tensor.npy,true,0,"(57, 57, 57)","(57, 57, 57)",,external/alphatensor_quantum/decompositions/benchmarks_gadgets.npz
benchmarks_gadgets.npz,benchmark,paper_gadgets,True,hamming_15_high_block4,hamming_15_high,block4,8,155,57,20,0,15,55,external/circuit-to-tensor/benchmarks/arithmetic/hamming_15_high/hamming_15_high_block4.tensor.npy,true,0,"(57, 57, 57)","(57, 57, 57)",,external/alphatensor_quantum/decompositions/benchmarks_gadgets.npz
benchmarks_gadgets.npz,benchmark,paper_gadgets,True,hamming_15_high_block4,hamming_15_high,block4,9,155,57,20,0,15,55,external/circuit-to-tensor/benchmarks/arithmetic/hamming_15_high/hamming_15_high_block4.tensor.npy,true,0,"(57, 57, 57)","(57, 57, 57)",,external/alphatensor_quantum/decompositions/benchmarks_gadgets.npz
benchmarks_gadgets.npz,benchmark,paper_gadgets,True,hamming_15_high_block5,hamming_15_high,block5,0,120,46,16,0,8,40,external/circuit-to-tensor/benchmarks/arithmetic/hamming_15_high/hamming_15_high_block5.tensor.npy,true,0,"(46, 46, 46)","(46, 46, 46)",,external/alphatensor_quantum/decompositions/benchmarks_gadgets.npz
benchmarks_gadgets.npz,benchmark,paper_gadgets,True,hamming_15_high_block5,hamming_15_high,block5,1,120,46,16,0,8,40,external/circuit-to-tensor/benchmarks/arithmetic/hamming_15_high/hamming_15_high_block5.tensor.npy,true,0,"(46, 46, 46)","(46, 46, 46)",,external/alphatensor_quantum/decompositions/benchmarks_gadgets.npz
benchmarks_gadgets.npz,benchmark,paper_gadgets,True,hamming_15_high_block5,hamming_15_high,block5,2,120,46,16,0,8,40,external/circuit-to-tensor/benchmarks/arithmetic/hamming_15_high/hamming_15_high_block5.tensor.npy,true,0,"(46, 46, 46)","(46, 46, 46)",,external/alphatensor_quantum/decompositions/benchmarks_gadgets.npz
benchmarks_gadgets.npz,benchmark,paper_gadgets,True,hamming_15_high_block5,hamming_15_high,block5,3,120,46,16,0,8,40,external/circuit-to-tensor/benchmarks/arithmetic/hamming_15_high/hamming_15_high_block5.tensor.npy,true,0,"(46, 46, 46)","(46, 46, 46)",,external/alphatensor_quantum/decompositions/benchmarks_gadgets.npz
benchmarks_gadgets.npz,benchmark,paper_gadgets,True,hamming_15_high_block5,hamming_15_high,block5,4,120,46,16,0,8,40,external/circuit-to-tensor/benchmarks/arithmetic/hamming_15_high/hamming_15_high_block5.tensor.npy,true,0,"(46, 46, 46)","(46, 46, 46)",,external/alphatensor_quantum/decompositions/benchmarks_gadgets.npz
benchmarks_gadgets.npz,benchmark,paper_gadgets,True,hamming_15_high_block5,hamming_15_high,block5,5,120,46,16,0,8,40,external/circuit-to-tensor/benchmarks/arithmetic/hamming_15_high/hamming_15_high_block5.tensor.npy,true,0,"(46, 46, 46)","(46, 46, 46)",,external/alphatensor_quantum/decompositions/benchmarks_gadgets.npz
benchmarks_gadgets.npz,benchmark,paper_gadgets,True,hamming_15_high_block5,hamming_15_high,block5,6,120,46,16,0,8,40,external/circuit-to-tensor/benchmarks/arithmetic/hamming_15_high/hamming_15_high_block5.tensor.npy,true,0,"(46, 46, 46)","(46, 46, 46)",,external/alphatensor_quantum/decompositions/benchmarks_gadgets.npz
benchmarks_gadgets.npz,benchmark,paper_gadgets,True,hamming_15_high_block5,hamming_15_high,block5,7,120,46,16,0,8,40,external/circuit-to-tensor/benchmarks/arithmetic/hamming_15_high/hamming_15_high_block5.tensor.npy,true,0,"(46, 46, 46)","(46, 46, 46)",,external/alphatensor_quantum/decompositions/benchmarks_gadgets.npz
benchmarks_gadgets.npz,benchmark,paper_gadgets,True,hamming_15_high_block5,hamming_15_high,block5,8,120,46,16,0,8,40,external/circuit-to-tensor/benchmarks/arithmetic/hamming_15_high/hamming_15_high_block5.tensor.npy,true,0,"(46, 46, 46)","(46, 46, 46)",,external/alphatensor_quantum/decompositions/benchmarks_gadgets.npz
benchmarks_gadgets.npz,benchmark,paper_gadgets,True,hamming_15_high_block5,hamming_15_high,block5,9,120,46,16,0,8,40,external/circuit-to-tensor/benchmarks/arithmetic/hamming_15_high/hamming_15_high_block5.tensor.npy,true,0,"(46, 46, 46)","(46, 46, 46)",,external/alphatensor_quantum/decompositions/benchmarks_gadgets.npz
benchmarks_gadgets.npz,benchmark,paper_gadgets,True,hamming_15_high_block6,hamming_15_high,block6,0,135,50,18,0,9,45,external/circuit-to-tensor/benchmarks/arithmetic/hamming_15_high/hamming_15_high_block6.tensor.npy,true,0,"(50, 50, 50)","(50, 50, 50)",,external/alphatensor_quantum/decompositions/benchmarks_gadgets.npz
benchmarks_gadgets.npz,benchmark,paper_gadgets,True,hamming_15_high_block6,hamming_15_high,block6,1,135,50,18,0,9,45,external/circuit-to-tensor/benchmarks/arithmetic/hamming_15_high/hamming_15_high_block6.tensor.npy,true,0,"(50, 50, 50)","(50, 50, 50)",,external/alphatensor_quantum/decompositions/benchmarks_gadgets.npz
benchmarks_gadgets.npz,benchmark,paper_gadgets,True,hamming_15_high_block6,hamming_15_high,block6,2,135,50,18,0,9,45,external/circuit-to-tensor/benchmarks/arithmetic/hamming_15_high/hamming_15_high_block6.tensor.npy,true,0,"(50, 50, 50)","(50, 50, 50)",,external/alphatensor_quantum/decompositions/benchmarks_gadgets.npz
benchmarks_gadgets.npz,benchmark,paper_gadgets,True,hamming_15_high_block6,hamming_15_high,block6,3,135,50,18,0,9,45,external/circuit-to-tensor/benchmarks/arithmetic/hamming_15_high/hamming_15_high_block6.tensor.npy,true,0,"(50, 50, 50)","(50, 50, 50)",,external/alphatensor_quantum/decompositions/benchmarks_gadgets.npz
benchmarks_gadgets.npz,benchmark,paper_gadgets,True,hamming_15_high_block6,hamming_15_high,block6,4,135,50,18,0,9,45,external/circuit-to-tensor/benchmarks/arithmetic/hamming_15_high/hamming_15_high_block6.tensor.npy,true,0,"(50, 50, 50)","(50, 50, 50)",,external/alphatensor_quantum/decompositions/benchmarks_gadgets.npz
benchmarks_gadgets.npz,benchmark,paper_gadgets,True,hamming_15_high_block6,hamming_15_high,block6,5,135,50,18,0,9,45,external/circuit-to-tensor/benchmarks/arithmetic/hamming_15_high/hamming_15_high_block6.tensor.npy,true,0,"(50, 50, 50)","(50, 50, 50)",,external/alphatensor_quantum/decompositions/benchmarks_gadgets.npz
benchmarks_gadgets.npz,benchmark,paper_gadgets,True,hamming_15_high_block6,hamming_15_high,block6,6,135,50,18,0,9,45,external/circuit-to-tensor/benchmarks/arithmetic/hamming_15_high/hamming_15_high_block6.tensor.npy,true,0,"(50, 50, 50)","(50, 50, 50)",,external/alphatensor_quantum/decompositions/benchmarks_gadgets.npz
benchmarks_gadgets.npz,benchmark,paper_gadgets,True,hamming_15_high_block6,hamming_15_high,block6,7,135,50,18,0,9,45,external/circuit-to-tensor/benchmarks/arithmetic/hamming_15_high/hamming_15_high_block6.tensor.npy,true,0,"(50, 50, 50)","(50, 50, 50)",,external/alphatensor_quantum/decompositions/benchmarks_gadgets.npz
benchmarks_gadgets.npz,benchmark,paper_gadgets,True,hamming_15_high_block6,hamming_15_high,block6,8,135,50,18,0,9,45,external/circuit-to-tensor/benchmarks/arithmetic/hamming_15_high/hamming_15_high_block6.tensor.npy,true,0,"(50, 50, 50)","(50, 50, 50)",,external/alphatensor_quantum/decompositions/benchmarks_gadgets.npz
benchmarks_gadgets.npz,benchmark,paper_gadgets,True,hamming_15_high_block6,hamming_15_high,block6,9,135,50,18,0,9,45,external/circuit-to-tensor/benchmarks/arithmetic/hamming_15_high/hamming_15_high_block6.tensor.npy,true,0,"(50, 50, 50)","(50, 50, 50)",,external/alphatensor_quantum/decompositions/benchmarks_gadgets.npz
benchmarks_gadgets.npz,benchmark,paper_gadgets,True,hamming_15_high_block7,hamming_15_high,block7,0,150,53,20,0,10,50,external/circuit-to-tensor/benchmarks/arithmetic/hamming_15_high/hamming_15_high_block7.tensor.npy,true,0,"(53, 53, 53)","(53, 53, 53)",,external/alphatensor_quantum/decompositions/benchmarks_gadgets.npz
benchmarks_gadgets.npz,benchmark,paper_gadgets,True,hamming_15_high_block7,hamming_15_high,block7,1,150,53,20,0,10,50,external/circuit-to-tensor/benchmarks/arithmetic/hamming_15_high/hamming_15_high_block7.tensor.npy,true,0,"(53, 53, 53)","(53, 53, 53)",,external/alphatensor_quantum/decompositions/benchmarks_gadgets.npz
benchmarks_gadgets.npz,benchmark,paper_gadgets,True,hamming_15_high_block7,hamming_15_high,block7,2,150,53,20,0,10,50,external/circuit-to-tensor/benchmarks/arithmetic/hamming_15_high/hamming_15_high_block7.tensor.npy,true,0,"(53, 53, 53)","(53, 53, 53)",,external/alphatensor_quantum/decompositions/benchmarks_gadgets.npz
benchmarks_gadgets.npz,benchmark,paper_gadgets,True,hamming_15_high_block7,hamming_15_high,block7,3,150,53,20,0,10,50,external/circuit-to-tensor/benchmarks/arithmetic/hamming_15_high/hamming_15_high_block7.tensor.npy,true,0,"(53, 53, 53)","(53, 53, 53)",,external/alphatensor_quantum/decompositions/benchmarks_gadgets.npz
benchmarks_gadgets.npz,benchmark,paper_gadgets,True,hamming_15_high_block7,hamming_15_high,block7,4,150,53,20,0,10,50,external/circuit-to-tensor/benchmarks/arithmetic/hamming_15_high/hamming_15_high_block7.tensor.npy,true,0,"(53, 53, 53)","(53, 53, 53)",,external/alphatensor_quantum/decompositions/benchmarks_gadgets.npz
benchmarks_gadgets.npz,benchmark,paper_gadgets,True,hamming_15_high_block7,hamming_15_high,block7,5,150,53,20,0,10,50,external/circuit-to-tensor/benchmarks/arithmetic/hamming_15_high/hamming_15_high_block7.tensor.npy,true,0,"(53, 53, 53)","(53, 53, 53)",,external/alphatensor_quantum/decompositions/benchmarks_gadgets.npz
benchmarks_gadgets.npz,benchmark,paper_gadgets,True,hamming_15_high_block7,hamming_15_high,block7,6,150,53,20,0,10,50,external/circuit-to-tensor/benchmarks/arithmetic/hamming_15_high/hamming_15_high_block7.tensor.npy,true,0,"(53, 53, 53)","(53, 53, 53)",,external/alphatensor_quantum/decompositions/benchmarks_gadgets.npz
benchmarks_gadgets.npz,benchmark,paper_gadgets,True,hamming_15_high_block7,hamming_15_high,block7,7,150,53,20,0,10,50,external/circuit-to-tensor/benchmarks/arithmetic/hamming_15_high/hamming_15_high_block7.tensor.npy,true,0,"(53, 53, 53)","(53, 53, 53)",,external/alphatensor_quantum/decompositions/benchmarks_gadgets.npz
benchmarks_gadgets.npz,benchmark,paper_gadgets,True,hamming_15_high_block7,hamming_15_high,block7,8,150,53,20,0,10,50,external/circuit-to-tensor/benchmarks/arithmetic/hamming_15_high/hamming_15_high_block7.tensor.npy,true,0,"(53, 53, 53)","(53, 53, 53)",,external/alphatensor_quantum/decompositions/benchmarks_gadgets.npz
benchmarks_gadgets.npz,benchmark,paper_gadgets,True,hamming_15_high_block7,hamming_15_high,block7,9,150,53,20,0,10,50,external/circuit-to-tensor/benchmarks/arithmetic/hamming_15_high/hamming_15_high_block7.tensor.npy,true,0,"(53, 53, 53)","(53, 53, 53)",,external/alphatensor_quantum/decompositions/benchmarks_gadgets.npz
benchmarks_gadgets.npz,benchmark,paper_gadgets,True,hamming_15_high_block8,hamming_15_high,block8,0,155,58,20,2,9,53,external/circuit-to-tensor/benchmarks/arithmetic/hamming_15_high/hamming_15_high_block8.tensor.npy,true,0,"(58, 58, 58)","(58, 58, 58)",,external/alphatensor_quantum/decompositions/benchmarks_gadgets.npz
benchmarks_gadgets.npz,benchmark,paper_gadgets,True,hamming_15_high_block8,hamming_15_high,block8,1,155,58,20,2,9,53,external/circuit-to-tensor/benchmarks/arithmetic/hamming_15_high/hamming_15_high_block8.tensor.npy,true,0,"(58, 58, 58)","(58, 58, 58)",,external/alphatensor_quantum/decompositions/benchmarks_gadgets.npz
benchmarks_gadgets.npz,benchmark,paper_gadgets,True,hamming_15_high_block8,hamming_15_high,block8,2,155,58,20,2,9,53,external/circuit-to-tensor/benchmarks/arithmetic/hamming_15_high/hamming_15_high_block8.tensor.npy,true,0,"(58, 58, 58)","(58, 58, 58)",,external/alphatensor_quantum/decompositions/benchmarks_gadgets.npz
benchmarks_gadgets.npz,benchmark,paper_gadgets,True,hamming_15_high_block8,hamming_15_high,block8,3,155,58,20,2,9,53,external/circuit-to-tensor/benchmarks/arithmetic/hamming_15_high/hamming_15_high_block8.tensor.npy,true,0,"(58, 58, 58)","(58, 58, 58)",,external/alphatensor_quantum/decompositions/benchmarks_gadgets.npz
benchmarks_gadgets.npz,benchmark,paper_gadgets,True,hamming_15_high_block8,hamming_15_high,block8,4,155,58,20,2,9,53,external/circuit-to-tensor/benchmarks/arithmetic/hamming_15_high/hamming_15_high_block8.tensor.npy,true,0,"(58, 58, 58)","(58, 58, 58)",,external/alphatensor_quantum/decompositions/benchmarks_gadgets.npz
benchmarks_gadgets.npz,benchmark,paper_gadgets,True,hamming_15_high_block8,hamming_15_high,block8,5,155,58,20,2,9,53,external/circuit-to-tensor/benchmarks/arithmetic/hamming_15_high/hamming_15_high_block8.tensor.npy,true,0,"(58, 58, 58)","(58, 58, 58)",,external/alphatensor_quantum/decompositions/benchmarks_gadgets.npz
benchmarks_gadgets.npz,benchmark,paper_gadgets,True,hamming_15_high_block8,hamming_15_high,block8,6,155,58,20,2,9,53,external/circuit-to-tensor/benchmarks/arithmetic/hamming_15_high/hamming_15_high_block8.tensor.npy,true,0,"(58, 58, 58)","(58, 58, 58)",,external/alphatensor_quantum/decompositions/benchmarks_gadgets.npz
benchmarks_gadgets.npz,benchmark,paper_gadgets,True,hamming_15_high_block8,hamming_15_high,block8,7,155,58,20,2,9,53,external/circuit-to-tensor/benchmarks/arithmetic/hamming_15_high/hamming_15_high_block8.tensor.npy,true,0,"(58, 58, 58)","(58, 58, 58)",,external/alphatensor_quantum/decompositions/benchmarks_gadgets.npz
benchmarks_gadgets.npz,benchmark,paper_gadgets,True,hamming_15_high_block8,hamming_15_high,block8,8,155,58,20,2,9,53,external/circuit-to-tensor/benchmarks/arithmetic/hamming_15_high/hamming_15_high_block8.tensor.npy,true,0,"(58, 58, 58)","(58, 58, 58)",,external/alphatensor_quantum/decompositions/benchmarks_gadgets.npz
benchmarks_gadgets.npz,benchmark,paper_gadgets,True,hamming_15_high_block8,hamming_15_high,block8,9,155,58,20,2,9,53,external/circuit-to-tensor/benchmarks/arithmetic/hamming_15_high/hamming_15_high_block8.tensor.npy,true,0,"(58, 58, 58)","(58, 58, 58)",,external/alphatensor_quantum/decompositions/benchmarks_gadgets.npz
benchmarks_gadgets.npz,benchmark,paper_gadgets,True,hamming_15_high_block9,hamming_15_high,block9,0,161,59,22,0,7,51,external/circuit-to-tensor/benchmarks/arithmetic/hamming_15_high/hamming_15_high_block9.tensor.npy,true,0,"(59, 59, 59)","(59, 59, 59)",,external/alphatensor_quantum/decompositions/benchmarks_gadgets.npz
benchmarks_gadgets.npz,benchmark,paper_gadgets,True,hamming_15_high_block9,hamming_15_high,block9,1,161,59,22,0,7,51,external/circuit-to-tensor/benchmarks/arithmetic/hamming_15_high/hamming_15_high_block9.tensor.npy,true,0,"(59, 59, 59)","(59, 59, 59)",,external/alphatensor_quantum/decompositions/benchmarks_gadgets.npz
benchmarks_gadgets.npz,benchmark,paper_gadgets,True,hamming_15_high_block9,hamming_15_high,block9,2,161,59,22,0,7,51,external/circuit-to-tensor/benchmarks/arithmetic/hamming_15_high/hamming_15_high_block9.tensor.npy,true,0,"(59, 59, 59)","(59, 59, 59)",,external/alphatensor_quantum/decompositions/benchmarks_gadgets.npz
benchmarks_gadgets.npz,benchmark,paper_gadgets,True,hamming_15_high_block9,hamming_15_high,block9,3,161,59,22,0,7,51,external/circuit-to-tensor/benchmarks/arithmetic/hamming_15_high/hamming_15_high_block9.tensor.npy,true,0,"(59, 59, 59)","(59, 59, 59)",,external/alphatensor_quantum/decompositions/benchmarks_gadgets.npz
benchmarks_gadgets.npz,benchmark,paper_gadgets,True,hamming_15_high_block9,hamming_15_high,block9,4,161,59,22,0,7,51,external/circuit-to-tensor/benchmarks/arithmetic/hamming_15_high/hamming_15_high_block9.tensor.npy,true,0,"(59, 59, 59)","(59, 59, 59)",,external/alphatensor_quantum/decompositions/benchmarks_gadgets.npz
benchmarks_gadgets.npz,benchmark,paper_gadgets,True,hamming_15_high_block9,hamming_15_high,block9,5,161,59,22,0,7,51,external/circuit-to-tensor/benchmarks/arithmetic/hamming_15_high/hamming_15_high_block9.tensor.npy,true,0,"(59, 59, 59)","(59, 59, 59)",,external/alphatensor_quantum/decompositions/benchmarks_gadgets.npz
benchmarks_gadgets.npz,benchmark,paper_gadgets,True,hamming_15_high_block9,hamming_15_high,block9,6,161,59,22,0,7,51,external/circuit-to-tensor/benchmarks/arithmetic/hamming_15_high/hamming_15_high_block9.tensor.npy,true,0,"(59, 59, 59)","(59, 59, 59)",,external/alphatensor_quantum/decompositions/benchmarks_gadgets.npz
benchmarks_gadgets.npz,benchmark,paper_gadgets,True,hamming_15_high_block9,hamming_15_high,block9,7,161,59,22,0,7,51,external/circuit-to-tensor/benchmarks/arithmetic/hamming_15_high/hamming_15_high_block9.tensor.npy,true,0,"(59, 59, 59)","(59, 59, 59)",,external/alphatensor_quantum/decompositions/benchmarks_gadgets.npz
benchmarks_gadgets.npz,benchmark,paper_gadgets,True,hamming_15_high_block9,hamming_15_high,block9,8,161,59,22,0,7,51,external/circuit-to-tensor/benchmarks/arithmetic/hamming_15_high/hamming_15_high_block9.tensor.npy,true,0,"(59, 59, 59)","(59, 59, 59)",,external/alphatensor_quantum/decompositions/benchmarks_gadgets.npz
benchmarks_gadgets.npz,benchmark,paper_gadgets,True,hamming_15_high_block9,hamming_15_high,block9,9,161,59,22,0,7,51,external/circuit-to-tensor/benchmarks/arithmetic/hamming_15_high/hamming_15_high_block9.tensor.npy,true,0,"(59, 59, 59)","(59, 59, 59)",,external/alphatensor_quantum/decompositions/benchmarks_gadgets.npz
benchmarks_gadgets.npz,benchmark,paper_gadgets,True,hamming_15_low,hamming_15_low,,0,119,42,17,0,0,34,external/circuit-to-tensor/benchmarks/arithmetic/hamming_15_low/hamming_15_low.tensor.npy,true,0,"(42, 42, 42)","(42, 42, 42)",,external/alphatensor_quantum/decompositions/benchmarks_gadgets.npz
benchmarks_gadgets.npz,benchmark,paper_gadgets,True,hamming_15_low,hamming_15_low,,1,119,42,17,0,0,34,external/circuit-to-tensor/benchmarks/arithmetic/hamming_15_low/hamming_15_low.tensor.npy,true,0,"(42, 42, 42)","(42, 42, 42)",,external/alphatensor_quantum/decompositions/benchmarks_gadgets.npz
benchmarks_gadgets.npz,benchmark,paper_gadgets,True,hamming_15_low,hamming_15_low,,2,119,42,17,0,0,34,external/circuit-to-tensor/benchmarks/arithmetic/hamming_15_low/hamming_15_low.tensor.npy,true,0,"(42, 42, 42)","(42, 42, 42)",,external/alphatensor_quantum/decompositions/benchmarks_gadgets.npz
benchmarks_gadgets.npz,benchmark,paper_gadgets,True,hamming_15_low,hamming_15_low,,3,119,42,17,0,0,34,external/circuit-to-tensor/benchmarks/arithmetic/hamming_15_low/hamming_15_low.tensor.npy,true,0,"(42, 42, 42)","(42, 42, 42)",,external/alphatensor_quantum/decompositions/benchmarks_gadgets.npz
benchmarks_gadgets.npz,benchmark,paper_gadgets,True,hamming_15_low,hamming_15_low,,4,119,42,17,0,0,34,external/circuit-to-tensor/benchmarks/arithmetic/hamming_15_low/hamming_15_low.tensor.npy,true,0,"(42, 42, 42)","(42, 42, 42)",,external/alphatensor_quantum/decompositions/benchmarks_gadgets.npz
benchmarks_gadgets.npz,benchmark,paper_gadgets,True,hamming_15_low,hamming_15_low,,5,119,42,17,0,0,34,external/circuit-to-tensor/benchmarks/arithmetic/hamming_15_low/hamming_15_low.tensor.npy,true,0,"(42, 42, 42)","(42, 42, 42)",,external/alphatensor_quantum/decompositions/benchmarks_gadgets.npz
benchmarks_gadgets.npz,benchmark,paper_gadgets,True,hamming_15_low,hamming_15_low,,6,119,42,17,0,0,34,external/circuit-to-tensor/benchmarks/arithmetic/hamming_15_low/hamming_15_low.tensor.npy,true,0,"(42, 42, 42)","(42, 42, 42)",,external/alphatensor_quantum/decompositions/benchmarks_gadgets.npz
benchmarks_gadgets.npz,benchmark,paper_gadgets,True,hamming_15_low,hamming_15_low,,7,119,42,17,0,0,34,external/circuit-to-tensor/benchmarks/arithmetic/hamming_15_low/hamming_15_low.tensor.npy,true,0,"(42, 42, 42)","(42, 42, 42)",,external/alphatensor_quantum/decompositions/benchmarks_gadgets.npz
benchmarks_gadgets.npz,benchmark,paper_gadgets,True,hamming_15_low,hamming_15_low,,8,119,42,17,0,0,34,external/circuit-to-tensor/benchmarks/arithmetic/hamming_15_low/hamming_15_low.tensor.npy,true,0,"(42, 42, 42)","(42, 42, 42)",,external/alphatensor_quantum/decompositions/benchmarks_gadgets.npz
benchmarks_gadgets.npz,benchmark,paper_gadgets,True,hamming_15_low,hamming_15_low,,9,119,42,17,0,0,34,external/circuit-to-tensor/benchmarks/arithmetic/hamming_15_low/hamming_15_low.tensor.npy,true,0,"(42, 42, 42)","(42, 42, 42)",,external/alphatensor_quantum/decompositions/benchmarks_gadgets.npz
benchmarks_gadgets.npz,benchmark,paper_gadgets,True,hamming_15_med_block1,hamming_15_med,block1,0,60,25,8,0,4,20,external/circuit-to-tensor/benchmarks/arithmetic/hamming_15_med/hamming_15_med_block1.tensor.npy,true,0,"(25, 25, 25)","(25, 25, 25)",,external/alphatensor_quantum/decompositions/benchmarks_gadgets.npz
benchmarks_gadgets.npz,benchmark,paper_gadgets,True,hamming_15_med_block1,hamming_15_med,block1,1,60,25,8,0,4,20,external/circuit-to-tensor/benchmarks/arithmetic/hamming_15_med/hamming_15_med_block1.tensor.npy,true,0,"(25, 25, 25)","(25, 25, 25)",,external/alphatensor_quantum/decompositions/benchmarks_gadgets.npz
benchmarks_gadgets.npz,benchmark,paper_gadgets,True,hamming_15_med_block1,hamming_15_med,block1,2,60,25,8,0,4,20,external/circuit-to-tensor/benchmarks/arithmetic/hamming_15_med/hamming_15_med_block1.tensor.npy,true,0,"(25, 25, 25)","(25, 25, 25)",,external/alphatensor_quantum/decompositions/benchmarks_gadgets.npz
benchmarks_gadgets.npz,benchmark,paper_gadgets,True,hamming_15_med_block1,hamming_15_med,block1,3,60,25,8,0,4,20,external/circuit-to-tensor/benchmarks/arithmetic/hamming_15_med/hamming_15_med_block1.tensor.npy,true,0,"(25, 25, 25)","(25, 25, 25)",,external/alphatensor_quantum/decompositions/benchmarks_gadgets.npz
benchmarks_gadgets.npz,benchmark,paper_gadgets,True,hamming_15_med_block1,hamming_15_med,block1,4,60,25,8,0,4,20,external/circuit-to-tensor/benchmarks/arithmetic/hamming_15_med/hamming_15_med_block1.tensor.npy,true,0,"(25, 25, 25)","(25, 25, 25)",,external/alphatensor_quantum/decompositions/benchmarks_gadgets.npz
benchmarks_gadgets.npz,benchmark,paper_gadgets,True,hamming_15_med_block1,hamming_15_med,block1,5,60,25,8,0,4,20,external/circuit-to-tensor/benchmarks/arithmetic/hamming_15_med/hamming_15_med_block1.tensor.npy,true,0,"(25, 25, 25)","(25, 25, 25)",,external/alphatensor_quantum/decompositions/benchmarks_gadgets.npz
benchmarks_gadgets.npz,benchmark,paper_gadgets,True,hamming_15_med_block1,hamming_15_med,block1,6,60,25,8,0,4,20,external/circuit-to-tensor/benchmarks/arithmetic/hamming_15_med/hamming_15_med_block1.tensor.npy,true,0,"(25, 25, 25)","(25, 25, 25)",,external/alphatensor_quantum/decompositions/benchmarks_gadgets.npz
benchmarks_gadgets.npz,benchmark,paper_gadgets,True,hamming_15_med_block1,hamming_15_med,block1,7,60,25,8,0,4,20,external/circuit-to-tensor/benchmarks/arithmetic/hamming_15_med/hamming_15_med_block1.tensor.npy,true,0,"(25, 25, 25)","(25, 25, 25)",,external/alphatensor_quantum/decompositions/benchmarks_gadgets.npz
benchmarks_gadgets.npz,benchmark,paper_gadgets,True,hamming_15_med_block1,hamming_15_med,block1,8,60,25,8,0,4,20,external/circuit-to-tensor/benchmarks/arithmetic/hamming_15_med/hamming_15_med_block1.tensor.npy,true,0,"(25, 25, 25)","(25, 25, 25)",,external/alphatensor_quantum/decompositions/benchmarks_gadgets.npz
benchmarks_gadgets.npz,benchmark,paper_gadgets,True,hamming_15_med_block1,hamming_15_med,block1,9,60,25,8,0,4,20,external/circuit-to-tensor/benchmarks/arithmetic/hamming_15_med/hamming_15_med_block1.tensor.npy,true,0,"(25, 25, 25)","(25, 25, 25)",,external/alphatensor_quantum/decompositions/benchmarks_gadgets.npz
benchmarks_gadgets.npz,benchmark,paper_gadgets,True,hamming_15_med_block2,hamming_15_med,block2,0,193,59,27,0,4,58,external/circuit-to-tensor/benchmarks/arithmetic/hamming_15_med/hamming_15_med_block2.tensor.npy,true,0,"(59, 59, 59)","(59, 59, 59)",,external/alphatensor_quantum/decompositions/benchmarks_gadgets.npz
benchmarks_gadgets.npz,benchmark,paper_gadgets,True,hamming_15_med_block2,hamming_15_med,block2,1,193,59,27,0,4,58,external/circuit-to-tensor/benchmarks/arithmetic/hamming_15_med/hamming_15_med_block2.tensor.npy,true,0,"(59, 59, 59)","(59, 59, 59)",,external/alphatensor_quantum/decompositions/benchmarks_gadgets.npz
benchmarks_gadgets.npz,benchmark,paper_gadgets,True,hamming_15_med_block2,hamming_15_med,block2,2,193,59,27,0,4,58,external/circuit-to-tensor/benchmarks/arithmetic/hamming_15_med/hamming_15_med_block2.tensor.npy,true,0,"(59, 59, 59)","(59, 59, 59)",,external/alphatensor_quantum/decompositions/benchmarks_gadgets.npz
benchmarks_gadgets.npz,benchmark,paper_gadgets,True,hamming_15_med_block2,hamming_15_med,block2,3,193,59,27,0,4,58,external/circuit-to-tensor/benchmarks/arithmetic/hamming_15_med/hamming_15_med_block2.tensor.npy,true,0,"(59, 59, 59)","(59, 59, 59)",,external/alphatensor_quantum/decompositions/benchmarks_gadgets.npz
benchmarks_gadgets.npz,benchmark,paper_gadgets,True,hamming_15_med_block2,hamming_15_med,block2,4,193,59,27,0,4,58,external/circuit-to-tensor/benchmarks/arithmetic/hamming_15_med/hamming_15_med_block2.tensor.npy,true,0,"(59, 59, 59)","(59, 59, 59)",,external/alphatensor_quantum/decompositions/benchmarks_gadgets.npz
benchmarks_gadgets.npz,benchmark,paper_gadgets,True,hamming_15_med_block2,hamming_15_med,block2,5,193,59,27,0,4,58,external/circuit-to-tensor/benchmarks/arithmetic/hamming_15_med/hamming_15_med_block2.tensor.npy,true,0,"(59, 59, 59)","(59, 59, 59)",,external/alphatensor_quantum/decompositions/benchmarks_gadgets.npz
benchmarks_gadgets.npz,benchmark,paper_gadgets,True,hamming_15_med_block2,hamming_15_med,block2,6,193,59,27,0,4,58,external/circuit-to-tensor/benchmarks/arithmetic/hamming_15_med/hamming_15_med_block2.tensor.npy,true,0,"(59, 59, 59)","(59, 59, 59)",,external/alphatensor_quantum/decompositions/benchmarks_gadgets.npz
benchmarks_gadgets.npz,benchmark,paper_gadgets,True,hamming_15_med_block2,hamming_15_med,block2,7,193,59,27,0,4,58,external/circuit-to-tensor/benchmarks/arithmetic/hamming_15_med/hamming_15_med_block2.tensor.npy,true,0,"(59, 59, 59)","(59, 59, 59)",,external/alphatensor_quantum/decompositions/benchmarks_gadgets.npz
benchmarks_gadgets.npz,benchmark,paper_gadgets,True,hamming_15_med_block2,hamming_15_med,block2,8,193,59,27,0,4,58,external/circuit-to-tensor/benchmarks/arithmetic/hamming_15_med/hamming_15_med_block2.tensor.npy,true,0,"(59, 59, 59)","(59, 59, 59)",,external/alphatensor_quantum/decompositions/benchmarks_gadgets.npz
benchmarks_gadgets.npz,benchmark,paper_gadgets,True,hamming_15_med_block2,hamming_15_med,block2,9,193,59,27,0,4,58,external/circuit-to-tensor/benchmarks/arithmetic/hamming_15_med/hamming_15_med_block2.tensor.npy,true,0,"(59, 59, 59)","(59, 59, 59)",,external/alphatensor_quantum/decompositions/benchmarks_gadgets.npz
benchmarks_gadgets.npz,benchmark,paper_gadgets,True,hwb_6,hwb_6,,0,70,27,10,0,0,20,external/circuit-to-tensor/benchmarks/arithmetic/hwb_6/hwb_6.tensor.npy,true,0,"(27, 27, 27)","(27, 27, 27)",,external/alphatensor_quantum/decompositions/benchmarks_gadgets.npz
benchmarks_gadgets.npz,benchmark,paper_gadgets,True,hwb_6,hwb_6,,1,70,27,10,0,0,20,external/circuit-to-tensor/benchmarks/arithmetic/hwb_6/hwb_6.tensor.npy,true,0,"(27, 27, 27)","(27, 27, 27)",,external/alphatensor_quantum/decompositions/benchmarks_gadgets.npz
benchmarks_gadgets.npz,benchmark,paper_gadgets,True,hwb_6,hwb_6,,2,70,27,10,0,0,20,external/circuit-to-tensor/benchmarks/arithmetic/hwb_6/hwb_6.tensor.npy,true,0,"(27, 27, 27)","(27, 27, 27)",,external/alphatensor_quantum/decompositions/benchmarks_gadgets.npz
benchmarks_gadgets.npz,benchmark,paper_gadgets,True,hwb_6,hwb_6,,3,70,27,10,0,0,20,external/circuit-to-tensor/benchmarks/arithmetic/hwb_6/hwb_6.tensor.npy,true,0,"(27, 27, 27)","(27, 27, 27)",,external/alphatensor_quantum/decompositions/benchmarks_gadgets.npz
benchmarks_gadgets.npz,benchmark,paper_gadgets,True,hwb_6,hwb_6,,4,70,27,10,0,0,20,external/circuit-to-tensor/benchmarks/arithmetic/hwb_6/hwb_6.tensor.npy,true,0,"(27, 27, 27)","(27, 27, 27)",,external/alphatensor_quantum/decompositions/benchmarks_gadgets.npz
benchmarks_gadgets.npz,benchmark,paper_gadgets,True,hwb_6,hwb_6,,5,70,27,10,0,0,20,external/circuit-to-tensor/benchmarks/arithmetic/hwb_6/hwb_6.tensor.npy,true,0,"(27, 27, 27)","(27, 27, 27)",,external/alphatensor_quantum/decompositions/benchmarks_gadgets.npz
benchmarks_gadgets.npz,benchmark,paper_gadgets,True,hwb_6,hwb_6,,6,70,27,10,0,0,20,external/circuit-to-tensor/benchmarks/arithmetic/hwb_6/hwb_6.tensor.npy,true,0,"(27, 27, 27)","(27, 27, 27)",,external/alphatensor_quantum/decompositions/benchmarks_gadgets.npz
benchmarks_gadgets.npz,benchmark,paper_gadgets,True,hwb_6,hwb_6,,7,70,27,10,0,0,20,external/circuit-to-tensor/benchmarks/arithmetic/hwb_6/hwb_6.tensor.npy,true,0,"(27, 27, 27)","(27, 27, 27)",,external/alphatensor_quantum/decompositions/benchmarks_gadgets.npz
benchmarks_gadgets.npz,benchmark,paper_gadgets,True,hwb_6,hwb_6,,8,70,27,10,0,0,20,external/circuit-to-tensor/benchmarks/arithmetic/hwb_6/hwb_6.tensor.npy,true,0,"(27, 27, 27)","(27, 27, 27)",,external/alphatensor_quantum/decompositions/benchmarks_gadgets.npz
benchmarks_gadgets.npz,benchmark,paper_gadgets,True,hwb_6,hwb_6,,9,70,27,10,0,0,20,external/circuit-to-tensor/benchmarks/arithmetic/hwb_6/hwb_6.tensor.npy,true,0,"(27, 27, 27)","(27, 27, 27)",,external/alphatensor_quantum/decompositions/benchmarks_gadgets.npz
benchmarks_gadgets.npz,benchmark,paper_gadgets,True,mod_5_4,mod_5_4,,0,7,5,1,0,0,2,external/circuit-to-tensor/benchmarks/arithmetic/mod_5_4/mod_5_4.tensor.npy,true,0,"(5, 5, 5)","(5, 5, 5)",,external/alphatensor_quantum/decompositions/benchmarks_gadgets.npz
benchmarks_gadgets.npz,benchmark,paper_gadgets,True,mod_adder_1024_block1,mod_adder_1024,block1,0,122,54,16,0,10,42,external/circuit-to-tensor/benchmarks/arithmetic/mod_adder_1024/mod_adder_1024_block1.tensor.npy,true,0,"(54, 54, 54)","(54, 54, 54)",,external/alphatensor_quantum/decompositions/benchmarks_gadgets.npz
benchmarks_gadgets.npz,benchmark,paper_gadgets,True,mod_adder_1024_block1,mod_adder_1024,block1,1,122,54,16,0,10,42,external/circuit-to-tensor/benchmarks/arithmetic/mod_adder_1024/mod_adder_1024_block1.tensor.npy,true,0,"(54, 54, 54)","(54, 54, 54)",,external/alphatensor_quantum/decompositions/benchmarks_gadgets.npz
benchmarks_gadgets.npz,benchmark,paper_gadgets,True,mod_adder_1024_block1,mod_adder_1024,block1,2,122,54,16,0,10,42,external/circuit-to-tensor/benchmarks/arithmetic/mod_adder_1024/mod_adder_1024_block1.tensor.npy,true,0,"(54, 54, 54)","(54, 54, 54)",,external/alphatensor_quantum/decompositions/benchmarks_gadgets.npz
benchmarks_gadgets.npz,benchmark,paper_gadgets,True,mod_adder_1024_block1,mod_adder_1024,block1,3,122,54,16,0,10,42,external/circuit-to-tensor/benchmarks/arithmetic/mod_adder_1024/mod_adder_1024_block1.tensor.npy,true,0,"(54, 54, 54)","(54, 54, 54)",,external/alphatensor_quantum/decompositions/benchmarks_gadgets.npz
benchmarks_gadgets.npz,benchmark,paper_gadgets,True,mod_adder_1024_block1,mod_adder_1024,block1,4,122,54,16,0,10,42,external/circuit-to-tensor/benchmarks/arithmetic/mod_adder_1024/mod_adder_1024_block1.tensor.npy,true,0,"(54, 54, 54)","(54, 54, 54)",,external/alphatensor_quantum/decompositions/benchmarks_gadgets.npz
benchmarks_gadgets.npz,benchmark,paper_gadgets,True,mod_adder_1024_block1,mod_adder_1024,block1,5,122,54,16,0,10,42,external/circuit-to-tensor/benchmarks/arithmetic/mod_adder_1024/mod_adder_1024_block1.tensor.npy,true,0,"(54, 54, 54)","(54, 54, 54)",,external/alphatensor_quantum/decompositions/benchmarks_gadgets.npz
benchmarks_gadgets.npz,benchmark,paper_gadgets,True,mod_adder_1024_block1,mod_adder_1024,block1,6,122,54,16,0,10,42,external/circuit-to-tensor/benchmarks/arithmetic/mod_adder_1024/mod_adder_1024_block1.tensor.npy,true,0,"(54, 54, 54)","(54, 54, 54)",,external/alphatensor_quantum/decompositions/benchmarks_gadgets.npz
benchmarks_gadgets.npz,benchmark,paper_gadgets,True,mod_adder_1024_block1,mod_adder_1024,block1,7,122,54,16,0,10,42,external/circuit-to-tensor/benchmarks/arithmetic/mod_adder_1024/mod_adder_1024_block1.tensor.npy,true,0,"(54, 54, 54)","(54, 54, 54)",,external/alphatensor_quantum/decompositions/benchmarks_gadgets.npz
benchmarks_gadgets.npz,benchmark,paper_gadgets,True,mod_adder_1024_block1,mod_adder_1024,block1,8,122,54,16,0,10,42,external/circuit-to-tensor/benchmarks/arithmetic/mod_adder_1024/mod_adder_1024_block1.tensor.npy,true,0,"(54, 54, 54)","(54, 54, 54)",,external/alphatensor_quantum/decompositions/benchmarks_gadgets.npz
benchmarks_gadgets.npz,benchmark,paper_gadgets,True,mod_adder_1024_block1,mod_adder_1024,block1,9,122,54,16,0,10,42,external/circuit-to-tensor/benchmarks/arithmetic/mod_adder_1024/mod_adder_1024_block1.tensor.npy,true,0,"(54, 54, 54)","(54, 54, 54)",,external/alphatensor_quantum/decompositions/benchmarks_gadgets.npz
benchmarks_gadgets.npz,benchmark,paper_gadgets,True,mod_adder_1024_block10,mod_adder_1024,block10,0,88,53,11,0,11,33,external/circuit-to-tensor/benchmarks/arithmetic/mod_adder_1024/mod_adder_10240.tensor.npy,true,0,"(53, 53, 53)","(53, 53, 53)",,external/alphatensor_quantum/decompositions/benchmarks_gadgets.npz
benchmarks_gadgets.npz,benchmark,paper_gadgets,True,mod_adder_1024_block10,mod_adder_1024,block10,1,88,53,11,0,11,33,external/circuit-to-tensor/benchmarks/arithmetic/mod_adder_1024/mod_adder_10240.tensor.npy,true,0,"(53, 53, 53)","(53, 53, 53)",,external/alphatensor_quantum/decompositions/benchmarks_gadgets.npz
benchmarks_gadgets.npz,benchmark,paper_gadgets,True,mod_adder_1024_block10,mod_adder_1024,block10,2,88,53,11,0,11,33,external/circuit-to-tensor/benchmarks/arithmetic/mod_adder_1024/mod_adder_10240.tensor.npy,true,0,"(53, 53, 53)","(53, 53, 53)",,external/alphatensor_quantum/decompositions/benchmarks_gadgets.npz
benchmarks_gadgets.npz,benchmark,paper_gadgets,True,mod_adder_1024_block10,mod_adder_1024,block10,3,88,53,11,0,11,33,external/circuit-to-tensor/benchmarks/arithmetic/mod_adder_1024/mod_adder_10240.tensor.npy,true,0,"(53, 53, 53)","(53, 53, 53)",,external/alphatensor_quantum/decompositions/benchmarks_gadgets.npz
benchmarks_gadgets.npz,benchmark,paper_gadgets,True,mod_adder_1024_block10,mod_adder_1024,block10,4,88,53,11,0,11,33,external/circuit-to-tensor/benchmarks/arithmetic/mod_adder_1024/mod_adder_10240.tensor.npy,true,0,"(53, 53, 53)","(53, 53, 53)",,external/alphatensor_quantum/decompositions/benchmarks_gadgets.npz
benchmarks_gadgets.npz,benchmark,paper_gadgets,True,mod_adder_1024_block10,mod_adder_1024,block10,5,88,53,11,0,11,33,external/circuit-to-tensor/benchmarks/arithmetic/mod_adder_1024/mod_adder_10240.tensor.npy,true,0,"(53, 53, 53)","(53, 53, 53)",,external/alphatensor_quantum/decompositions/benchmarks_gadgets.npz
benchmarks_gadgets.npz,benchmark,paper_gadgets,True,mod_adder_1024_block10,mod_adder_1024,block10,6,88,53,11,0,11,33,external/circuit-to-tensor/benchmarks/arithmetic/mod_adder_1024/mod_adder_10240.tensor.npy,true,0,"(53, 53, 53)","(53, 53, 53)",,external/alphatensor_quantum/decompositions/benchmarks_gadgets.npz
benchmarks_gadgets.npz,benchmark,paper_gadgets,True,mod_adder_1024_block10,mod_adder_1024,block10,7,88,53,11,0,11,33,external/circuit-to-tensor/benchmarks/arithmetic/mod_adder_1024/mod_adder_10240.tensor.npy,true,0,"(53, 53, 53)","(53, 53, 53)",,external/alphatensor_quantum/decompositions/benchmarks_gadgets.npz
benchmarks_gadgets.npz,benchmark,paper_gadgets,True,mod_adder_1024_block10,mod_adder_1024,block10,8,88,53,11,0,11,33,external/circuit-to-tensor/benchmarks/arithmetic/mod_adder_1024/mod_adder_10240.tensor.npy,true,0,"(53, 53, 53)","(53, 53, 53)",,external/alphatensor_quantum/decompositions/benchmarks_gadgets.npz
benchmarks_gadgets.npz,benchmark,paper_gadgets,True,mod_adder_1024_block10,mod_adder_1024,block10,9,88,53,11,0,11,33,external/circuit-to-tensor/benchmarks/arithmetic/mod_adder_1024/mod_adder_10240.tensor.npy,true,0,"(53, 53, 53)","(53, 53, 53)",,external/alphatensor_quantum/decompositions/benchmarks_gadgets.npz
benchmarks_gadgets.npz,benchmark,paper_gadgets,True,mod_adder_1024_block2,mod_adder_1024,block2,0,107,52,12,0,23,47,external/circuit-to-tensor/benchmarks/arithmetic/mod_adder_1024/mod_adder_1024_block2.tensor.npy,true,0,"(52, 52, 52)","(52, 52, 52)",,external/alphatensor_quantum/decompositions/benchmarks_gadgets.npz
benchmarks_gadgets.npz,benchmark,paper_gadgets,True,mod_adder_1024_block2,mod_adder_1024,block2,1,107,52,12,0,23,47,external/circuit-to-tensor/benchmarks/arithmetic/mod_adder_1024/mod_adder_1024_block2.tensor.npy,true,0,"(52, 52, 52)","(52, 52, 52)",,external/alphatensor_quantum/decompositions/benchmarks_gadgets.npz
benchmarks_gadgets.npz,benchmark,paper_gadgets,True,mod_adder_1024_block2,mod_adder_1024,block2,2,107,52,12,0,23,47,external/circuit-to-tensor/benchmarks/arithmetic/mod_adder_1024/mod_adder_1024_block2.tensor.npy,true,0,"(52, 52, 52)","(52, 52, 52)",,external/alphatensor_quantum/decompositions/benchmarks_gadgets.npz
benchmarks_gadgets.npz,benchmark,paper_gadgets,True,mod_adder_1024_block2,mod_adder_1024,block2,3,107,52,12,0,23,47,external/circuit-to-tensor/benchmarks/arithmetic/mod_adder_1024/mod_adder_1024_block2.tensor.npy,true,0,"(52, 52, 52)","(52, 52, 52)",,external/alphatensor_quantum/decompositions/benchmarks_gadgets.npz
benchmarks_gadgets.npz,benchmark,paper_gadgets,True,mod_adder_1024_block2,mod_adder_1024,block2,4,107,52,12,0,23,47,external/circuit-to-tensor/benchmarks/arithmetic/mod_adder_1024/mod_adder_1024_block2.tensor.npy,true,0,"(52, 52, 52)","(52, 52, 52)",,external/alphatensor_quantum/decompositions/benchmarks_gadgets.npz
benchmarks_gadgets.npz,benchmark,paper_gadgets,True,mod_adder_1024_block2,mod_adder_1024,block2,5,107,52,12,0,23,47,external/circuit-to-tensor/benchmarks/arithmetic/mod_adder_1024/mod_adder_1024_block2.tensor.npy,true,0,"(52, 52, 52)","(52, 52, 52)",,external/alphatensor_quantum/decompositions/benchmarks_gadgets.npz
benchmarks_gadgets.npz,benchmark,paper_gadgets,True,mod_adder_1024_block2,mod_adder_1024,block2,6,107,52,12,0,23,47,external/circuit-to-tensor/benchmarks/arithmetic/mod_adder_1024/mod_adder_1024_block2.tensor.npy,true,0,"(52, 52, 52)","(52, 52, 52)",,external/alphatensor_quantum/decompositions/benchmarks_gadgets.npz
benchmarks_gadgets.npz,benchmark,paper_gadgets,True,mod_adder_1024_block2,mod_adder_1024,block2,7,107,52,12,0,23,47,external/circuit-to-tensor/benchmarks/arithmetic/mod_adder_1024/mod_adder_1024_block2.tensor.npy,true,0,"(52, 52, 52)","(52, 52, 52)",,external/alphatensor_quantum/decompositions/benchmarks_gadgets.npz
benchmarks_gadgets.npz,benchmark,paper_gadgets,True,mod_adder_1024_block2,mod_adder_1024,block2,8,107,52,12,0,23,47,external/circuit-to-tensor/benchmarks/arithmetic/mod_adder_1024/mod_adder_1024_block2.tensor.npy,true,0,"(52, 52, 52)","(52, 52, 52)",,external/alphatensor_quantum/decompositions/benchmarks_gadgets.npz
benchmarks_gadgets.npz,benchmark,paper_gadgets,True,mod_adder_1024_block2,mod_adder_1024,block2,9,107,52,11,1,27,51,external/circuit-to-tensor/benchmarks/arithmetic/mod_adder_1024/mod_adder_1024_block2.tensor.npy,true,0,"(52, 52, 52)","(52, 52, 52)",,external/alphatensor_quantum/decompositions/benchmarks_gadgets.npz
benchmarks_gadgets.npz,benchmark,paper_gadgets,True,mod_adder_1024_block3,mod_adder_1024,block3,0,128,53,16,0,16,48,external/circuit-to-tensor/benchmarks/arithmetic/mod_adder_1024/mod_adder_1024_block3.tensor.npy,true,0,"(53, 53, 53)","(53, 53, 53)",,external/alphatensor_quantum/decompositions/benchmarks_gadgets.npz
benchmarks_gadgets.npz,benchmark,paper_gadgets,True,mod_adder_1024_block3,mod_adder_1024,block3,1,128,53,16,0,16,48,external/circuit-to-tensor/benchmarks/arithmetic/mod_adder_1024/mod_adder_1024_block3.tensor.npy,true,0,"(53, 53, 53)","(53, 53, 53)",,external/alphatensor_quantum/decompositions/benchmarks_gadgets.npz
benchmarks_gadgets.npz,benchmark,paper_gadgets,True,mod_adder_1024_block3,mod_adder_1024,block3,2,128,53,16,0,16,48,external/circuit-to-tensor/benchmarks/arithmetic/mod_adder_1024/mod_adder_1024_block3.tensor.npy,true,0,"(53, 53, 53)","(53, 53, 53)",,external/alphatensor_quantum/decompositions/benchmarks_gadgets.npz
benchmarks_gadgets.npz,benchmark,paper_gadgets,True,mod_adder_1024_block3,mod_adder_1024,block3,3,128,53,16,0,16,48,external/circuit-to-tensor/benchmarks/arithmetic/mod_adder_1024/mod_adder_1024_block3.tensor.npy,true,0,"(53, 53, 53)","(53, 53, 53)",,external/alphatensor_quantum/decompositions/benchmarks_gadgets.npz
benchmarks_gadgets.npz,benchmark,paper_gadgets,True,mod_adder_1024_block3,mod_adder_1024,block3,4,128,53,16,0,16,48,external/circuit-to-tensor/benchmarks/arithmetic/mod_adder_1024/mod_adder_1024_block3.tensor.npy,true,0,"(53, 53, 53)","(53, 53, 53)",,external/alphatensor_quantum/decompositions/benchmarks_gadgets.npz
benchmarks_gadgets.npz,benchmark,paper_gadgets,True,mod_adder_1024_block3,mod_adder_1024,block3,5,128,53,16,0,16,48,external/circuit-to-tensor/benchmarks/arithmetic/mod_adder_1024/mod_adder_1024_block3.tensor.npy,true,0,"(53, 53, 53)","(53, 53, 53)",,external/alphatensor_quantum/decompositions/benchmarks_gadgets.npz
benchmarks_gadgets.npz,benchmark,paper_gadgets,True,mod_adder_1024_block3,mod_adder_1024,block3,6,128,53,16,0,16,48,external/circuit-to-tensor/benchmarks/arithmetic/mod_adder_1024/mod_adder_1024_block3.tensor.npy,true,0,"(53, 53, 53)","(53, 53, 53)",,external/alphatensor_quantum/decompositions/benchmarks_gadgets.npz
benchmarks_gadgets.npz,benchmark,paper_gadgets,True,mod_adder_1024_block3,mod_adder_1024,block3,7,128,53,16,0,16,48,external/circuit-to-tensor/benchmarks/arithmetic/mod_adder_1024/mod_adder_1024_block3.tensor.npy,true,0,"(53, 53, 53)","(53, 53, 53)",,external/alphatensor_quantum/decompositions/benchmarks_gadgets.npz
benchmarks_gadgets.npz,benchmark,paper_gadgets,True,mod_adder_1024_block3,mod_adder_1024,block3,8,128,53,16,0,16,48,external/circuit-to-tensor/benchmarks/arithmetic/mod_adder_1024/mod_adder_1024_block3.tensor.npy,true,0,"(53, 53, 53)","(53, 53, 53)",,external/alphatensor_quantum/decompositions/benchmarks_gadgets.npz
benchmarks_gadgets.npz,benchmark,paper_gadgets,True,mod_adder_1024_block3,mod_adder_1024,block3,9,128,53,16,0,16,48,external/circuit-to-tensor/benchmarks/arithmetic/mod_adder_1024/mod_adder_1024_block3.tensor.npy,true,0,"(53, 53, 53)","(53, 53, 53)",,external/alphatensor_quantum/decompositions/benchmarks_gadgets.npz
benchmarks_gadgets.npz,benchmark,paper_gadgets,True,mod_adder_1024_block4,mod_adder_1024,block4,0,122,55,15,0,17,47,external/circuit-to-tensor/benchmarks/arithmetic/mod_adder_1024/mod_adder_1024_block4.tensor.npy,true,0,"(55, 55, 55)","(55, 55, 55)",,external/alphatensor_quantum/decompositions/benchmarks_gadgets.npz
benchmarks_gadgets.npz,benchmark,paper_gadgets,True,mod_adder_1024_block4,mod_adder_1024,block4,1,122,55,15,0,17,47,external/circuit-to-tensor/benchmarks/arithmetic/mod_adder_1024/mod_adder_1024_block4.tensor.npy,true,0,"(55, 55, 55)","(55, 55, 55)",,external/alphatensor_quantum/decompositions/benchmarks_gadgets.npz
benchmarks_gadgets.npz,benchmark,paper_gadgets,True,mod_adder_1024_block4,mod_adder_1024,block4,2,122,55,15,0,17,47,external/circuit-to-tensor/benchmarks/arithmetic/mod_adder_1024/mod_adder_1024_block4.tensor.npy,true,0,"(55, 55, 55)","(55, 55, 55)",,external/alphatensor_quantum/decompositions/benchmarks_gadgets.npz
benchmarks_gadgets.npz,benchmark,paper_gadgets,True,mod_adder_1024_block4,mod_adder_1024,block4,3,122,55,15,0,17,47,external/circuit-to-tensor/benchmarks/arithmetic/mod_adder_1024/mod_adder_1024_block4.tensor.npy,true,0,"(55, 55, 55)","(55, 55, 55)",,external/alphatensor_quantum/decompositions/benchmarks_gadgets.npz
benchmarks_gadgets.npz,benchmark,paper_gadgets,True,mod_adder_1024_block4,mod_adder_1024,block4,4,122,55,15,0,17,47,external/circuit-to-tensor/benchmarks/arithmetic/mod_adder_1024/mod_adder_1024_block4.tensor.npy,true,0,"(55, 55, 55)","(55, 55, 55)",,external/alphatensor_quantum/decompositions/benchmarks_gadgets.npz
benchmarks_gadgets.npz,benchmark,paper_gadgets,True,mod_adder_1024_block4,mod_adder_1024,block4,5,122,55,15,0,17,47,external/circuit-to-tensor/benchmarks/arithmetic/mod_adder_1024/mod_adder_1024_block4.tensor.npy,true,0,"(55, 55, 55)","(55, 55, 55)",,external/alphatensor_quantum/decompositions/benchmarks_gadgets.npz
benchmarks_gadgets.npz,benchmark,paper_gadgets,True,mod_adder_1024_block4,mod_adder_1024,block4,6,122,55,15,0,17,47,external/circuit-to-tensor/benchmarks/arithmetic/mod_adder_1024/mod_adder_1024_block4.tensor.npy,true,0,"(55, 55, 55)","(55, 55, 55)",,external/alphatensor_quantum/decompositions/benchmarks_gadgets.npz
benchmarks_gadgets.npz,benchmark,paper_gadgets,True,mod_adder_1024_block4,mod_adder_1024,block4,7,122,55,15,0,17,47,external/circuit-to-tensor/benchmarks/arithmetic/mod_adder_1024/mod_adder_1024_block4.tensor.npy,true,0,"(55, 55, 55)","(55, 55, 55)",,external/alphatensor_quantum/decompositions/benchmarks_gadgets.npz
benchmarks_gadgets.npz,benchmark,paper_gadgets,True,mod_adder_1024_block4,mod_adder_1024,block4,8,122,55,15,0,17,47,external/circuit-to-tensor/benchmarks/arithmetic/mod_adder_1024/mod_adder_1024_block4.tensor.npy,true,0,"(55, 55, 55)","(55, 55, 55)",,external/alphatensor_quantum/decompositions/benchmarks_gadgets.npz
benchmarks_gadgets.npz,benchmark,paper_gadgets,True,mod_adder_1024_block4,mod_adder_1024,block4,9,122,55,15,0,17,47,external/circuit-to-tensor/benchmarks/arithmetic/mod_adder_1024/mod_adder_1024_block4.tensor.npy,true,0,"(55, 55, 55)","(55, 55, 55)",,external/alphatensor_quantum/decompositions/benchmarks_gadgets.npz
benchmarks_gadgets.npz,benchmark,paper_gadgets,True,mod_adder_1024_block5,mod_adder_1024,block5,0,133,54,15,5,13,53,external/circuit-to-tensor/benchmarks/arithmetic/mod_adder_1024/mod_adder_1024_block5.tensor.npy,true,0,"(54, 54, 54)","(54, 54, 54)",,external/alphatensor_quantum/decompositions/benchmarks_gadgets.npz
benchmarks_gadgets.npz,benchmark,paper_gadgets,True,mod_adder_1024_block5,mod_adder_1024,block5,1,133,54,15,5,13,53,external/circuit-to-tensor/benchmarks/arithmetic/mod_adder_1024/mod_adder_1024_block5.tensor.npy,true,0,"(54, 54, 54)","(54, 54, 54)",,external/alphatensor_quantum/decompositions/benchmarks_gadgets.npz
benchmarks_gadgets.npz,benchmark,paper_gadgets,True,mod_adder_1024_block6,mod_adder_1024,block6,0,128,52,13,5,22,58,external/circuit-to-tensor/benchmarks/arithmetic/mod_adder_1024/mod_adder_1024_block6.tensor.npy,true,0,"(52, 52, 52)","(52, 52, 52)",,external/alphatensor_quantum/decompositions/benchmarks_gadgets.npz
benchmarks_gadgets.npz,benchmark,paper_gadgets,True,mod_adder_1024_block7,mod_adder_1024,block7,0,155,59,19,0,22,60,external/circuit-to-tensor/benchmarks/arithmetic/mod_adder_1024/mod_adder_1024_block7.tensor.npy,true,0,"(59, 59, 59)","(59, 59, 59)",,external/alphatensor_quantum/decompositions/benchmarks_gadgets.npz
benchmarks_gadgets.npz,benchmark,paper_gadgets,True,mod_adder_1024_block7,mod_adder_1024,block7,1,155,59,19,0,22,60,external/circuit-to-tensor/benchmarks/arithmetic/mod_adder_1024/mod_adder_1024_block7.tensor.npy,true,0,"(59, 59, 59)","(59, 59, 59)",,external/alphatensor_quantum/decompositions/benchmarks_gadgets.npz
benchmarks_gadgets.npz,benchmark,paper_gadgets,True,mod_adder_1024_block7,mod_adder_1024,block7,2,155,59,19,0,22,60,external/circuit-to-tensor/benchmarks/arithmetic/mod_adder_1024/mod_adder_1024_block7.tensor.npy,true,0,"(59, 59, 59)","(59, 59, 59)",,external/alphatensor_quantum/decompositions/benchmarks_gadgets.npz
benchmarks_gadgets.npz,benchmark,paper_gadgets,True,mod_adder_1024_block7,mod_adder_1024,block7,3,155,59,19,0,22,60,external/circuit-to-tensor/benchmarks/arithmetic/mod_adder_1024/mod_adder_1024_block7.tensor.npy,true,0,"(59, 59, 59)","(59, 59, 59)",,external/alphatensor_quantum/decompositions/benchmarks_gadgets.npz
benchmarks_gadgets.npz,benchmark,paper_gadgets,True,mod_adder_1024_block8,mod_adder_1024,block8,0,94,56,7,5,30,54,external/circuit-to-tensor/benchmarks/arithmetic/mod_adder_1024/mod_adder_1024_block8.tensor.npy,true,0,"(56, 56, 56)","(56, 56, 56)",,external/alphatensor_quantum/decompositions/benchmarks_gadgets.npz
benchmarks_gadgets.npz,benchmark,paper_gadgets,True,mod_adder_1024_block9,mod_adder_1024,block9,0,143,56,17,0,24,58,external/circuit-to-tensor/benchmarks/arithmetic/mod_adder_1024/mod_adder_1024_block9.tensor.npy,true,0,"(56, 56, 56)","(56, 56, 56)",,external/alphatensor_quantum/decompositions/benchmarks_gadgets.npz
benchmarks_gadgets.npz,benchmark,paper_gadgets,True,mod_mult_55,mod_mult_55,,0,21,11,3,0,0,6,external/circuit-to-tensor/benchmarks/arithmetic/mod_mult_55/mod_mult_55.tensor.npy,true,0,"(11, 11, 11)","(11, 11, 11)",,external/alphatensor_quantum/decompositions/benchmarks_gadgets.npz
benchmarks_gadgets.npz,benchmark,paper_gadgets,True,mod_mult_55,mod_mult_55,,1,21,11,3,0,0,6,external/circuit-to-tensor/benchmarks/arithmetic/mod_mult_55/mod_mult_55.tensor.npy,true,0,"(11, 11, 11)","(11, 11, 11)",,external/alphatensor_quantum/decompositions/benchmarks_gadgets.npz
benchmarks_gadgets.npz,benchmark,paper_gadgets,True,mod_mult_55,mod_mult_55,,2,21,11,3,0,0,6,external/circuit-to-tensor/benchmarks/arithmetic/mod_mult_55/mod_mult_55.tensor.npy,true,0,"(11, 11, 11)","(11, 11, 11)",,external/alphatensor_quantum/decompositions/benchmarks_gadgets.npz
benchmarks_gadgets.npz,benchmark,paper_gadgets,True,mod_mult_55,mod_mult_55,,3,21,11,3,0,0,6,external/circuit-to-tensor/benchmarks/arithmetic/mod_mult_55/mod_mult_55.tensor.npy,true,0,"(11, 11, 11)","(11, 11, 11)",,external/alphatensor_quantum/decompositions/benchmarks_gadgets.npz
benchmarks_gadgets.npz,benchmark,paper_gadgets,True,mod_mult_55,mod_mult_55,,4,21,11,3,0,0,6,external/circuit-to-tensor/benchmarks/arithmetic/mod_mult_55/mod_mult_55.tensor.npy,true,0,"(11, 11, 11)","(11, 11, 11)",,external/alphatensor_quantum/decompositions/benchmarks_gadgets.npz
benchmarks_gadgets.npz,benchmark,paper_gadgets,True,mod_mult_55,mod_mult_55,,5,21,11,3,0,0,6,external/circuit-to-tensor/benchmarks/arithmetic/mod_mult_55/mod_mult_55.tensor.npy,true,0,"(11, 11, 11)","(11, 11, 11)",,external/alphatensor_quantum/decompositions/benchmarks_gadgets.npz
benchmarks_gadgets.npz,benchmark,paper_gadgets,True,mod_mult_55,mod_mult_55,,6,21,11,3,0,0,6,external/circuit-to-tensor/benchmarks/arithmetic/mod_mult_55/mod_mult_55.tensor.npy,true,0,"(11, 11, 11)","(11, 11, 11)",,external/alphatensor_quantum/decompositions/benchmarks_gadgets.npz
benchmarks_gadgets.npz,benchmark,paper_gadgets,True,mod_mult_55,mod_mult_55,,7,21,11,3,0,0,6,external/circuit-to-tensor/benchmarks/arithmetic/mod_mult_55/mod_mult_55.tensor.npy,true,0,"(11, 11, 11)","(11, 11, 11)",,external/alphatensor_quantum/decompositions/benchmarks_gadgets.npz
benchmarks_gadgets.npz,benchmark,paper_gadgets,True,mod_mult_55,mod_mult_55,,8,21,11,3,0,0,6,external/circuit-to-tensor/benchmarks/arithmetic/mod_mult_55/mod_mult_55.tensor.npy,true,0,"(11, 11, 11)","(11, 11, 11)",,external/alphatensor_quantum/decompositions/benchmarks_gadgets.npz
benchmarks_gadgets.npz,benchmark,paper_gadgets,True,mod_mult_55,mod_mult_55,,9,21,11,3,0,0,6,external/circuit-to-tensor/benchmarks/arithmetic/mod_mult_55/mod_mult_55.tensor.npy,true,0,"(11, 11, 11)","(11, 11, 11)",,external/alphatensor_quantum/decompositions/benchmarks_gadgets.npz
benchmarks_gadgets.npz,benchmark,paper_gadgets,True,mod_red_21,mod_red_21,,0,77,28,11,0,0,22,external/circuit-to-tensor/benchmarks/arithmetic/mod_red_21/mod_red_21.tensor.npy,true,0,"(28, 28, 28)","(28, 28, 28)",,external/alphatensor_quantum/decompositions/benchmarks_gadgets.npz
benchmarks_gadgets.npz,benchmark,paper_gadgets,True,mod_red_21,mod_red_21,,1,77,28,11,0,0,22,external/circuit-to-tensor/benchmarks/arithmetic/mod_red_21/mod_red_21.tensor.npy,true,0,"(28, 28, 28)","(28, 28, 28)",,external/alphatensor_quantum/decompositions/benchmarks_gadgets.npz
benchmarks_gadgets.npz,benchmark,paper_gadgets,True,mod_red_21,mod_red_21,,2,77,28,11,0,0,22,external/circuit-to-tensor/benchmarks/arithmetic/mod_red_21/mod_red_21.tensor.npy,true,0,"(28, 28, 28)","(28, 28, 28)",,external/alphatensor_quantum/decompositions/benchmarks_gadgets.npz
benchmarks_gadgets.npz,benchmark,paper_gadgets,True,mod_red_21,mod_red_21,,3,77,28,11,0,0,22,external/circuit-to-tensor/benchmarks/arithmetic/mod_red_21/mod_red_21.tensor.npy,true,0,"(28, 28, 28)","(28, 28, 28)",,external/alphatensor_quantum/decompositions/benchmarks_gadgets.npz
benchmarks_gadgets.npz,benchmark,paper_gadgets,True,mod_red_21,mod_red_21,,4,77,28,11,0,0,22,external/circuit-to-tensor/benchmarks/arithmetic/mod_red_21/mod_red_21.tensor.npy,true,0,"(28, 28, 28)","(28, 28, 28)",,external/alphatensor_quantum/decompositions/benchmarks_gadgets.npz
benchmarks_gadgets.npz,benchmark,paper_gadgets,True,mod_red_21,mod_red_21,,5,77,28,11,0,0,22,external/circuit-to-tensor/benchmarks/arithmetic/mod_red_21/mod_red_21.tensor.npy,true,0,"(28, 28, 28)","(28, 28, 28)",,external/alphatensor_quantum/decompositions/benchmarks_gadgets.npz
benchmarks_gadgets.npz,benchmark,paper_gadgets,True,mod_red_21,mod_red_21,,6,77,28,11,0,0,22,external/circuit-to-tensor/benchmarks/arithmetic/mod_red_21/mod_red_21.tensor.npy,true,0,"(28, 28, 28)","(28, 28, 28)",,external/alphatensor_quantum/decompositions/benchmarks_gadgets.npz
benchmarks_gadgets.npz,benchmark,paper_gadgets,True,mod_red_21,mod_red_21,,7,77,28,11,0,0,22,external/circuit-to-tensor/benchmarks/arithmetic/mod_red_21/mod_red_21.tensor.npy,true,0,"(28, 28, 28)","(28, 28, 28)",,external/alphatensor_quantum/decompositions/benchmarks_gadgets.npz
benchmarks_gadgets.npz,benchmark,paper_gadgets,True,mod_red_21,mod_red_21,,8,77,28,11,0,0,22,external/circuit-to-tensor/benchmarks/arithmetic/mod_red_21/mod_red_21.tensor.npy,true,0,"(28, 28, 28)","(28, 28, 28)",,external/alphatensor_quantum/decompositions/benchmarks_gadgets.npz
benchmarks_gadgets.npz,benchmark,paper_gadgets,True,mod_red_21,mod_red_21,,9,77,28,11,0,0,22,external/circuit-to-tensor/benchmarks/arithmetic/mod_red_21/mod_red_21.tensor.npy,true,0,"(28, 28, 28)","(28, 28, 28)",,external/alphatensor_quantum/decompositions/benchmarks_gadgets.npz
benchmarks_gadgets.npz,benchmark,paper_gadgets,True,nc_toff_10,nc_tof_10,,0,63,35,9,0,0,18,external/circuit-to-tensor/benchmarks/arithmetic/nc_tof_10/nc_tof_10.tensor.npy,true,0,"(35, 35, 35)","(35, 35, 35)",,external/alphatensor_quantum/decompositions/benchmarks_gadgets.npz
benchmarks_gadgets.npz,benchmark,paper_gadgets,True,nc_toff_3,nc_tof_3,,0,14,7,2,0,0,4,external/circuit-to-tensor/benchmarks/arithmetic/nc_tof_3/nc_tof_3.tensor.npy,true,0,"(7, 7, 7)","(7, 7, 7)",,external/alphatensor_quantum/decompositions/benchmarks_gadgets.npz
benchmarks_gadgets.npz,benchmark,paper_gadgets,True,nc_toff_4,nc_tof_4,,0,21,11,3,0,0,6,external/circuit-to-tensor/benchmarks/arithmetic/nc_tof_4/nc_tof_4.tensor.npy,true,0,"(11, 11, 11)","(11, 11, 11)",,external/alphatensor_quantum/decompositions/benchmarks_gadgets.npz
benchmarks_gadgets.npz,benchmark,paper_gadgets,True,nc_toff_5,nc_tof_5,,0,28,15,4,0,0,8,external/circuit-to-tensor/benchmarks/arithmetic/nc_tof_5/nc_tof_5.tensor.npy,true,0,"(15, 15, 15)","(15, 15, 15)",,external/alphatensor_quantum/decompositions/benchmarks_gadgets.npz
benchmarks_gadgets.npz,benchmark,paper_gadgets,True,qcla_adder_10_block1,qcla_adder_10,block1,0,103,37,12,0,19,43,external/circuit-to-tensor/benchmarks/arithmetic/qcla_adder_10/qcla_adder_10_block1.tensor.npy,true,0,"(37, 37, 37)","(37, 37, 37)",,external/alphatensor_quantum/decompositions/benchmarks_gadgets.npz
benchmarks_gadgets.npz,benchmark,paper_gadgets,True,qcla_adder_10_block1,qcla_adder_10,block1,1,103,37,12,0,19,43,external/circuit-to-tensor/benchmarks/arithmetic/qcla_adder_10/qcla_adder_10_block1.tensor.npy,true,0,"(37, 37, 37)","(37, 37, 37)",,external/alphatensor_quantum/decompositions/benchmarks_gadgets.npz
benchmarks_gadgets.npz,benchmark,paper_gadgets,True,qcla_adder_10_block1,qcla_adder_10,block1,2,103,37,12,0,19,43,external/circuit-to-tensor/benchmarks/arithmetic/qcla_adder_10/qcla_adder_10_block1.tensor.npy,true,0,"(37, 37, 37)","(37, 37, 37)",,external/alphatensor_quantum/decompositions/benchmarks_gadgets.npz
benchmarks_gadgets.npz,benchmark,paper_gadgets,True,qcla_adder_10_block1,qcla_adder_10,block1,3,103,37,12,0,19,43,external/circuit-to-tensor/benchmarks/arithmetic/qcla_adder_10/qcla_adder_10_block1.tensor.npy,true,0,"(37, 37, 37)","(37, 37, 37)",,external/alphatensor_quantum/decompositions/benchmarks_gadgets.npz
benchmarks_gadgets.npz,benchmark,paper_gadgets,True,qcla_adder_10_block1,qcla_adder_10,block1,4,103,37,12,0,19,43,external/circuit-to-tensor/benchmarks/arithmetic/qcla_adder_10/qcla_adder_10_block1.tensor.npy,true,0,"(37, 37, 37)","(37, 37, 37)",,external/alphatensor_quantum/decompositions/benchmarks_gadgets.npz
benchmarks_gadgets.npz,benchmark,paper_gadgets,True,qcla_adder_10_block1,qcla_adder_10,block1,5,103,37,12,0,19,43,external/circuit-to-tensor/benchmarks/arithmetic/qcla_adder_10/qcla_adder_10_block1.tensor.npy,true,0,"(37, 37, 37)","(37, 37, 37)",,external/alphatensor_quantum/decompositions/benchmarks_gadgets.npz
benchmarks_gadgets.npz,benchmark,paper_gadgets,True,qcla_adder_10_block1,qcla_adder_10,block1,6,103,37,12,0,19,43,external/circuit-to-tensor/benchmarks/arithmetic/qcla_adder_10/qcla_adder_10_block1.tensor.npy,true,0,"(37, 37, 37)","(37, 37, 37)",,external/alphatensor_quantum/decompositions/benchmarks_gadgets.npz
benchmarks_gadgets.npz,benchmark,paper_gadgets,True,qcla_adder_10_block1,qcla_adder_10,block1,7,103,37,12,0,19,43,external/circuit-to-tensor/benchmarks/arithmetic/qcla_adder_10/qcla_adder_10_block1.tensor.npy,true,0,"(37, 37, 37)","(37, 37, 37)",,external/alphatensor_quantum/decompositions/benchmarks_gadgets.npz
benchmarks_gadgets.npz,benchmark,paper_gadgets,True,qcla_adder_10_block1,qcla_adder_10,block1,8,103,37,12,0,19,43,external/circuit-to-tensor/benchmarks/arithmetic/qcla_adder_10/qcla_adder_10_block1.tensor.npy,true,0,"(37, 37, 37)","(37, 37, 37)",,external/alphatensor_quantum/decompositions/benchmarks_gadgets.npz
benchmarks_gadgets.npz,benchmark,paper_gadgets,True,qcla_adder_10_block1,qcla_adder_10,block1,9,103,37,12,0,19,43,external/circuit-to-tensor/benchmarks/arithmetic/qcla_adder_10/qcla_adder_10_block1.tensor.npy,true,0,"(37, 37, 37)","(37, 37, 37)",,external/alphatensor_quantum/decompositions/benchmarks_gadgets.npz
benchmarks_gadgets.npz,benchmark,paper_gadgets,True,qcla_adder_10_block2,qcla_adder_10,block2,0,136,48,16,5,9,51,external/circuit-to-tensor/benchmarks/arithmetic/qcla_adder_10/qcla_adder_10_block2.tensor.npy,true,0,"(48, 48, 48)","(48, 48, 48)",,external/alphatensor_quantum/decompositions/benchmarks_gadgets.npz
benchmarks_gadgets.npz,benchmark,paper_gadgets,True,qcla_adder_10_block2,qcla_adder_10,block2,1,136,48,16,5,9,51,external/circuit-to-tensor/benchmarks/arithmetic/qcla_adder_10/qcla_adder_10_block2.tensor.npy,true,0,"(48, 48, 48)","(48, 48, 48)",,external/alphatensor_quantum/decompositions/benchmarks_gadgets.npz
benchmarks_gadgets.npz,benchmark,paper_gadgets,True,qcla_adder_10_block2,qcla_adder_10,block2,2,136,48,16,5,9,51,external/circuit-to-tensor/benchmarks/arithmetic/qcla_adder_10/qcla_adder_10_block2.tensor.npy,true,0,"(48, 48, 48)","(48, 48, 48)",,external/alphatensor_quantum/decompositions/benchmarks_gadgets.npz
benchmarks_gadgets.npz,benchmark,paper_gadgets,True,qcla_adder_10_block2,qcla_adder_10,block2,3,136,48,16,5,9,51,external/circuit-to-tensor/benchmarks/arithmetic/qcla_adder_10/qcla_adder_10_block2.tensor.npy,true,0,"(48, 48, 48)","(48, 48, 48)",,external/alphatensor_quantum/decompositions/benchmarks_gadgets.npz
benchmarks_gadgets.npz,benchmark,paper_gadgets,True,qcla_adder_10_block2,qcla_adder_10,block2,4,136,48,16,5,9,51,external/circuit-to-tensor/benchmarks/arithmetic/qcla_adder_10/qcla_adder_10_block2.tensor.npy,true,0,"(48, 48, 48)","(48, 48, 48)",,external/alphatensor_quantum/decompositions/benchmarks_gadgets.npz
benchmarks_gadgets.npz,benchmark,paper_gadgets,True,qcla_adder_10_block2,qcla_adder_10,block2,5,136,48,16,5,9,51,external/circuit-to-tensor/benchmarks/arithmetic/qcla_adder_10/qcla_adder_10_block2.tensor.npy,true,0,"(48, 48, 48)","(48, 48, 48)",,external/alphatensor_quantum/decompositions/benchmarks_gadgets.npz
benchmarks_gadgets.npz,benchmark,paper_gadgets,True,qcla_adder_10_block2,qcla_adder_10,block2,6,136,48,16,5,9,51,external/circuit-to-tensor/benchmarks/arithmetic/qcla_adder_10/qcla_adder_10_block2.tensor.npy,true,0,"(48, 48, 48)","(48, 48, 48)",,external/alphatensor_quantum/decompositions/benchmarks_gadgets.npz
benchmarks_gadgets.npz,benchmark,paper_gadgets,True,qcla_adder_10_block2,qcla_adder_10,block2,7,136,48,16,5,9,51,external/circuit-to-tensor/benchmarks/arithmetic/qcla_adder_10/qcla_adder_10_block2.tensor.npy,true,0,"(48, 48, 48)","(48, 48, 48)",,external/alphatensor_quantum/decompositions/benchmarks_gadgets.npz
benchmarks_gadgets.npz,benchmark,paper_gadgets,True,qcla_adder_10_block2,qcla_adder_10,block2,8,136,48,16,5,9,51,external/circuit-to-tensor/benchmarks/arithmetic/qcla_adder_10/qcla_adder_10_block2.tensor.npy,true,0,"(48, 48, 48)","(48, 48, 48)",,external/alphatensor_quantum/decompositions/benchmarks_gadgets.npz
benchmarks_gadgets.npz,benchmark,paper_gadgets,True,qcla_adder_10_block2,qcla_adder_10,block2,9,136,48,16,5,9,51,external/circuit-to-tensor/benchmarks/arithmetic/qcla_adder_10/qcla_adder_10_block2.tensor.npy,true,0,"(48, 48, 48)","(48, 48, 48)",,external/alphatensor_quantum/decompositions/benchmarks_gadgets.npz
benchmarks_gadgets.npz,benchmark,paper_gadgets,True,qcla_com_7,qcla_com_7,,0,84,42,12,0,0,24,external/circuit-to-tensor/benchmarks/arithmetic/qcla_com_7/qcla_com_7.tensor.npy,true,0,"(42, 42, 42)","(42, 42, 42)",,external/alphatensor_quantum/decompositions/benchmarks_gadgets.npz
benchmarks_gadgets.npz,benchmark,paper_gadgets,True,qcla_com_7,qcla_com_7,,1,84,42,12,0,0,24,external/circuit-to-tensor/benchmarks/arithmetic/qcla_com_7/qcla_com_7.tensor.npy,true,0,"(42, 42, 42)","(42, 42, 42)",,external/alphatensor_quantum/decompositions/benchmarks_gadgets.npz
benchmarks_gadgets.npz,benchmark,paper_gadgets,True,qcla_com_7,qcla_com_7,,2,84,42,12,0,0,24,external/circuit-to-tensor/benchmarks/arithmetic/qcla_com_7/qcla_com_7.tensor.npy,true,0,"(42, 42, 42)","(42, 42, 42)",,external/alphatensor_quantum/decompositions/benchmarks_gadgets.npz
benchmarks_gadgets.npz,benchmark,paper_gadgets,True,qcla_com_7,qcla_com_7,,3,84,42,12,0,0,24,external/circuit-to-tensor/benchmarks/arithmetic/qcla_com_7/qcla_com_7.tensor.npy,true,0,"(42, 42, 42)","(42, 42, 42)",,external/alphatensor_quantum/decompositions/benchmarks_gadgets.npz
benchmarks_gadgets.npz,benchmark,paper_gadgets,True,qcla_com_7,qcla_com_7,,4,84,42,12,0,0,24,external/circuit-to-tensor/benchmarks/arithmetic/qcla_com_7/qcla_com_7.tensor.npy,true,0,"(42, 42, 42)","(42, 42, 42)",,external/alphatensor_quantum/decompositions/benchmarks_gadgets.npz
benchmarks_gadgets.npz,benchmark,paper_gadgets,True,qcla_com_7,qcla_com_7,,5,84,42,12,0,0,24,external/circuit-to-tensor/benchmarks/arithmetic/qcla_com_7/qcla_com_7.tensor.npy,true,0,"(42, 42, 42)","(42, 42, 42)",,external/alphatensor_quantum/decompositions/benchmarks_gadgets.npz
benchmarks_gadgets.npz,benchmark,paper_gadgets,True,qcla_com_7,qcla_com_7,,6,84,42,12,0,0,24,external/circuit-to-tensor/benchmarks/arithmetic/qcla_com_7/qcla_com_7.tensor.npy,true,0,"(42, 42, 42)","(42, 42, 42)",,external/alphatensor_quantum/decompositions/benchmarks_gadgets.npz
benchmarks_gadgets.npz,benchmark,paper_gadgets,True,qcla_com_7,qcla_com_7,,7,84,42,12,0,0,24,external/circuit-to-tensor/benchmarks/arithmetic/qcla_com_7/qcla_com_7.tensor.npy,true,0,"(42, 42, 42)","(42, 42, 42)",,external/alphatensor_quantum/decompositions/benchmarks_gadgets.npz
benchmarks_gadgets.npz,benchmark,paper_gadgets,True,qcla_com_7,qcla_com_7,,8,84,42,12,0,0,24,external/circuit-to-tensor/benchmarks/arithmetic/qcla_com_7/qcla_com_7.tensor.npy,true,0,"(42, 42, 42)","(42, 42, 42)",,external/alphatensor_quantum/decompositions/benchmarks_gadgets.npz
benchmarks_gadgets.npz,benchmark,paper_gadgets,True,qcla_com_7,qcla_com_7,,9,84,42,12,0,0,24,external/circuit-to-tensor/benchmarks/arithmetic/qcla_com_7/qcla_com_7.tensor.npy,true,0,"(42, 42, 42)","(42, 42, 42)",,external/alphatensor_quantum/decompositions/benchmarks_gadgets.npz
benchmarks_gadgets.npz,benchmark,paper_gadgets,True,qcla_mod_7_block1,qcla_mod_7,block1,0,165,50,21,0,18,60,external/circuit-to-tensor/benchmarks/arithmetic/qcla_mod_7/qcla_mod_7_block1.tensor.npy,true,0,"(50, 50, 50)","(50, 50, 50)",,external/alphatensor_quantum/decompositions/benchmarks_gadgets.npz
benchmarks_gadgets.npz,benchmark,paper_gadgets,True,qcla_mod_7_block1,qcla_mod_7,block1,1,165,50,21,0,18,60,external/circuit-to-tensor/benchmarks/arithmetic/qcla_mod_7/qcla_mod_7_block1.tensor.npy,true,0,"(50, 50, 50)","(50, 50, 50)",,external/alphatensor_quantum/decompositions/benchmarks_gadgets.npz
benchmarks_gadgets.npz,benchmark,paper_gadgets,True,qcla_mod_7_block1,qcla_mod_7,block1,2,165,50,21,0,18,60,external/circuit-to-tensor/benchmarks/arithmetic/qcla_mod_7/qcla_mod_7_block1.tensor.npy,true,0,"(50, 50, 50)","(50, 50, 50)",,external/alphatensor_quantum/decompositions/benchmarks_gadgets.npz
benchmarks_gadgets.npz,benchmark,paper_gadgets,True,qcla_mod_7_block1,qcla_mod_7,block1,3,165,50,21,0,18,60,external/circuit-to-tensor/benchmarks/arithmetic/qcla_mod_7/qcla_mod_7_block1.tensor.npy,true,0,"(50, 50, 50)","(50, 50, 50)",,external/alphatensor_quantum/decompositions/benchmarks_gadgets.npz
benchmarks_gadgets.npz,benchmark,paper_gadgets,True,qcla_mod_7_block1,qcla_mod_7,block1,4,165,50,21,0,18,60,external/circuit-to-tensor/benchmarks/arithmetic/qcla_mod_7/qcla_mod_7_block1.tensor.npy,true,0,"(50, 50, 50)","(50, 50, 50)",,external/alphatensor_quantum/decompositions/benchmarks_gadgets.npz
benchmarks_gadgets.npz,benchmark,paper_gadgets,True,qcla_mod_7_block1,qcla_mod_7,block1,5,165,50,21,0,18,60,external/circuit-to-tensor/benchmarks/arithmetic/qcla_mod_7/qcla_mod_7_block1.tensor.npy,true,0,"(50, 50, 50)","(50, 50, 50)",,external/alphatensor_quantum/decompositions/benchmarks_gadgets.npz
benchmarks_gadgets.npz,benchmark,paper_gadgets,True,qcla_mod_7_block1,qcla_mod_7,block1,6,165,50,21,0,18,60,external/circuit-to-tensor/benchmarks/arithmetic/qcla_mod_7/qcla_mod_7_block1.tensor.npy,true,0,"(50, 50, 50)","(50, 50, 50)",,external/alphatensor_quantum/decompositions/benchmarks_gadgets.npz
benchmarks_gadgets.npz,benchmark,paper_gadgets,True,qcla_mod_7_block1,qcla_mod_7,block1,7,165,50,21,0,18,60,external/circuit-to-tensor/benchmarks/arithmetic/qcla_mod_7/qcla_mod_7_block1.tensor.npy,true,0,"(50, 50, 50)","(50, 50, 50)",,external/alphatensor_quantum/decompositions/benchmarks_gadgets.npz
benchmarks_gadgets.npz,benchmark,paper_gadgets,True,qcla_mod_7_block1,qcla_mod_7,block1,8,165,50,21,0,18,60,external/circuit-to-tensor/benchmarks/arithmetic/qcla_mod_7/qcla_mod_7_block1.tensor.npy,true,0,"(50, 50, 50)","(50, 50, 50)",,external/alphatensor_quantum/decompositions/benchmarks_gadgets.npz
benchmarks_gadgets.npz,benchmark,paper_gadgets,True,qcla_mod_7_block1,qcla_mod_7,block1,9,165,50,21,0,18,60,external/circuit-to-tensor/benchmarks/arithmetic/qcla_mod_7/qcla_mod_7_block1.tensor.npy,true,0,"(50, 50, 50)","(50, 50, 50)",,external/alphatensor_quantum/decompositions/benchmarks_gadgets.npz
benchmarks_gadgets.npz,benchmark,paper_gadgets,True,qcla_mod_7_block2,qcla_mod_7,block2,0,172,59,22,0,18,62,external/circuit-to-tensor/benchmarks/arithmetic/qcla_mod_7/qcla_mod_7_block2.tensor.npy,true,0,"(59, 59, 59)","(59, 59, 59)",,external/alphatensor_quantum/decompositions/benchmarks_gadgets.npz
benchmarks_gadgets.npz,benchmark,paper_gadgets,True,qcla_mod_7_block2,qcla_mod_7,block2,1,172,59,22,0,18,62,external/circuit-to-tensor/benchmarks/arithmetic/qcla_mod_7/qcla_mod_7_block2.tensor.npy,true,0,"(59, 59, 59)","(59, 59, 59)",,external/alphatensor_quantum/decompositions/benchmarks_gadgets.npz
benchmarks_gadgets.npz,benchmark,paper_gadgets,True,qcla_mod_7_block2,qcla_mod_7,block2,2,172,59,22,0,18,62,external/circuit-to-tensor/benchmarks/arithmetic/qcla_mod_7/qcla_mod_7_block2.tensor.npy,true,0,"(59, 59, 59)","(59, 59, 59)",,external/alphatensor_quantum/decompositions/benchmarks_gadgets.npz
benchmarks_gadgets.npz,benchmark,paper_gadgets,True,qcla_mod_7_block2,qcla_mod_7,block2,3,172,59,22,0,18,62,external/circuit-to-tensor/benchmarks/arithmetic/qcla_mod_7/qcla_mod_7_block2.tensor.npy,true,0,"(59, 59, 59)","(59, 59, 59)",,external/alphatensor_quantum/decompositions/benchmarks_gadgets.npz
benchmarks_gadgets.npz,benchmark,paper_gadgets,True,qcla_mod_7_block2,qcla_mod_7,block2,4,172,59,22,0,18,62,external/circuit-to-tensor/benchmarks/arithmetic/qcla_mod_7/qcla_mod_7_block2.tensor.npy,true,0,"(59, 59, 59)","(59, 59, 59)",,external/alphatensor_quantum/decompositions/benchmarks_gadgets.npz
benchmarks_gadgets.npz,benchmark,paper_gadgets,True,qcla_mod_7_block2,qcla_mod_7,block2,5,172,59,22,0,18,62,external/circuit-to-tensor/benchmarks/arithmetic/qcla_mod_7/qcla_mod_7_block2.tensor.npy,true,0,"(59, 59, 59)","(59, 59, 59)",,external/alphatensor_quantum/decompositions/benchmarks_gadgets.npz
benchmarks_gadgets.npz,benchmark,paper_gadgets,True,qcla_mod_7_block2,qcla_mod_7,block2,6,172,59,22,0,18,62,external/circuit-to-tensor/benchmarks/arithmetic/qcla_mod_7/qcla_mod_7_block2.tensor.npy,true,0,"(59, 59, 59)","(59, 59, 59)",,external/alphatensor_quantum/decompositions/benchmarks_gadgets.npz
benchmarks_gadgets.npz,benchmark,paper_gadgets,True,qcla_mod_7_block2,qcla_mod_7,block2,7,172,59,22,0,18,62,external/circuit-to-tensor/benchmarks/arithmetic/qcla_mod_7/qcla_mod_7_block2.tensor.npy,true,0,"(59, 59, 59)","(59, 59, 59)",,external/alphatensor_quantum/decompositions/benchmarks_gadgets.npz
benchmarks_gadgets.npz,benchmark,paper_gadgets,True,qcla_mod_7_block2,qcla_mod_7,block2,8,172,59,22,0,18,62,external/circuit-to-tensor/benchmarks/arithmetic/qcla_mod_7/qcla_mod_7_block2.tensor.npy,true,0,"(59, 59, 59)","(59, 59, 59)",,external/alphatensor_quantum/decompositions/benchmarks_gadgets.npz
benchmarks_gadgets.npz,benchmark,paper_gadgets,True,qcla_mod_7_block2,qcla_mod_7,block2,9,172,59,22,0,18,62,external/circuit-to-tensor/benchmarks/arithmetic/qcla_mod_7/qcla_mod_7_block2.tensor.npy,true,0,"(59, 59, 59)","(59, 59, 59)",,external/alphatensor_quantum/decompositions/benchmarks_gadgets.npz
benchmarks_gadgets.npz,benchmark,paper_gadgets,True,qft_4,qft_4,,0,67,43,4,3,30,44,external/circuit-to-tensor/benchmarks/arithmetic/qft_4/qft_4.tensor.npy,true,0,"(43, 43, 43)","(43, 43, 43)",,external/alphatensor_quantum/decompositions/benchmarks_gadgets.npz
benchmarks_gadgets.npz,benchmark,paper_gadgets,True,qft_4,qft_4,,1,67,43,4,3,30,44,external/circuit-to-tensor/benchmarks/arithmetic/qft_4/qft_4.tensor.npy,true,0,"(43, 43, 43)","(43, 43, 43)",,external/alphatensor_quantum/decompositions/benchmarks_gadgets.npz
benchmarks_gadgets.npz,benchmark,paper_gadgets,True,qft_4,qft_4,,2,67,43,4,3,30,44,external/circuit-to-tensor/benchmarks/arithmetic/qft_4/qft_4.tensor.npy,true,0,"(43, 43, 43)","(43, 43, 43)",,external/alphatensor_quantum/decompositions/benchmarks_gadgets.npz
benchmarks_gadgets.npz,benchmark,paper_gadgets,True,qft_4,qft_4,,3,67,43,4,3,30,44,external/circuit-to-tensor/benchmarks/arithmetic/qft_4/qft_4.tensor.npy,true,0,"(43, 43, 43)","(43, 43, 43)",,external/alphatensor_quantum/decompositions/benchmarks_gadgets.npz
benchmarks_gadgets.npz,benchmark,paper_gadgets,True,qft_4,qft_4,,4,67,43,4,3,30,44,external/circuit-to-tensor/benchmarks/arithmetic/qft_4/qft_4.tensor.npy,true,0,"(43, 43, 43)","(43, 43, 43)",,external/alphatensor_quantum/decompositions/benchmarks_gadgets.npz
benchmarks_gadgets.npz,benchmark,paper_gadgets,True,qft_4,qft_4,,5,67,43,4,3,30,44,external/circuit-to-tensor/benchmarks/arithmetic/qft_4/qft_4.tensor.npy,true,0,"(43, 43, 43)","(43, 43, 43)",,external/alphatensor_quantum/decompositions/benchmarks_gadgets.npz
benchmarks_gadgets.npz,benchmark,paper_gadgets,True,qft_4,qft_4,,6,67,43,4,3,30,44,external/circuit-to-tensor/benchmarks/arithmetic/qft_4/qft_4.tensor.npy,true,0,"(43, 43, 43)","(43, 43, 43)",,external/alphatensor_quantum/decompositions/benchmarks_gadgets.npz
benchmarks_gadgets.npz,benchmark,paper_gadgets,True,qft_4,qft_4,,7,67,43,4,3,30,44,external/circuit-to-tensor/benchmarks/arithmetic/qft_4/qft_4.tensor.npy,true,0,"(43, 43, 43)","(43, 43, 43)",,external/alphatensor_quantum/decompositions/benchmarks_gadgets.npz
benchmarks_gadgets.npz,benchmark,paper_gadgets,True,qft_4,qft_4,,8,67,43,4,3,30,44,external/circuit-to-tensor/benchmarks/arithmetic/qft_4/qft_4.tensor.npy,true,0,"(43, 43, 43)","(43, 43, 43)",,external/alphatensor_quantum/decompositions/benchmarks_gadgets.npz
benchmarks_gadgets.npz,benchmark,paper_gadgets,True,qft_4,qft_4,,9,67,43,4,3,30,44,external/circuit-to-tensor/benchmarks/arithmetic/qft_4/qft_4.tensor.npy,true,0,"(43, 43, 43)","(43, 43, 43)",,external/alphatensor_quantum/decompositions/benchmarks_gadgets.npz
benchmarks_gadgets.npz,benchmark,paper_gadgets,True,rc_adder_6,rc_adder_6,,0,42,24,6,0,0,12,external/circuit-to-tensor/benchmarks/arithmetic/rc_adder_6/rc_adder_6.tensor.npy,true,0,"(24, 24, 24)","(24, 24, 24)",,external/alphatensor_quantum/decompositions/benchmarks_gadgets.npz
benchmarks_gadgets.npz,benchmark,paper_gadgets,True,vbe_adder_3,vbe_adder_3,,0,21,14,3,0,0,6,external/circuit-to-tensor/benchmarks/arithmetic/vbe_adder_3/vbe_adder_3.tensor.npy,true,0,"(14, 14, 14)","(14, 14, 14)",,external/alphatensor_quantum/decompositions/benchmarks_gadgets.npz
benchmarks_no_gadgets.npz,benchmark,paper_no_gadgets,False,8_bit_adder_block1,8_bit_adder,block1,0,48,31,0,0,48,48,external/circuit-to-tensor/benchmarks/arithmetic/8_bit_adder/8_bit_adder_block1.tensor.npy,true,0,"(31, 31, 31)","(31, 31, 31)",,external/alphatensor_quantum/decompositions/benchmarks_no_gadgets.npz
benchmarks_no_gadgets.npz,benchmark,paper_no_gadgets,False,8_bit_adder_block1,8_bit_adder,block1,1,48,31,0,0,48,48,external/circuit-to-tensor/benchmarks/arithmetic/8_bit_adder/8_bit_adder_block1.tensor.npy,true,0,"(31, 31, 31)","(31, 31, 31)",,external/alphatensor_quantum/decompositions/benchmarks_no_gadgets.npz
benchmarks_no_gadgets.npz,benchmark,paper_no_gadgets,False,8_bit_adder_block1,8_bit_adder,block1,2,48,31,0,0,48,48,external/circuit-to-tensor/benchmarks/arithmetic/8_bit_adder/8_bit_adder_block1.tensor.npy,true,0,"(31, 31, 31)","(31, 31, 31)",,external/alphatensor_quantum/decompositions/benchmarks_no_gadgets.npz
benchmarks_no_gadgets.npz,benchmark,paper_no_gadgets,False,8_bit_adder_block1,8_bit_adder,block1,3,48,31,0,0,48,48,external/circuit-to-tensor/benchmarks/arithmetic/8_bit_adder/8_bit_adder_block1.tensor.npy,true,0,"(31, 31, 31)","(31, 31, 31)",,external/alphatensor_quantum/decompositions/benchmarks_no_gadgets.npz
benchmarks_no_gadgets.npz,benchmark,paper_no_gadgets,False,8_bit_adder_block1,8_bit_adder,block1,4,48,31,0,0,48,48,external/circuit-to-tensor/benchmarks/arithmetic/8_bit_adder/8_bit_adder_block1.tensor.npy,true,0,"(31, 31, 31)","(31, 31, 31)",,external/alphatensor_quantum/decompositions/benchmarks_no_gadgets.npz
benchmarks_no_gadgets.npz,benchmark,paper_no_gadgets,False,8_bit_adder_block1,8_bit_adder,block1,5,48,31,0,0,48,48,external/circuit-to-tensor/benchmarks/arithmetic/8_bit_adder/8_bit_adder_block1.tensor.npy,true,0,"(31, 31, 31)","(31, 31, 31)",,external/alphatensor_quantum/decompositions/benchmarks_no_gadgets.npz
benchmarks_no_gadgets.npz,benchmark,paper_no_gadgets,False,8_bit_adder_block1,8_bit_adder,block1,6,48,31,0,0,48,48,external/circuit-to-tensor/benchmarks/arithmetic/8_bit_adder/8_bit_adder_block1.tensor.npy,true,0,"(31, 31, 31)","(31, 31, 31)",,external/alphatensor_quantum/decompositions/benchmarks_no_gadgets.npz
benchmarks_no_gadgets.npz,benchmark,paper_no_gadgets,False,8_bit_adder_block1,8_bit_adder,block1,7,48,31,0,0,48,48,external/circuit-to-tensor/benchmarks/arithmetic/8_bit_adder/8_bit_adder_block1.tensor.npy,true,0,"(31, 31, 31)","(31, 31, 31)",,external/alphatensor_quantum/decompositions/benchmarks_no_gadgets.npz
benchmarks_no_gadgets.npz,benchmark,paper_no_gadgets,False,8_bit_adder_block1,8_bit_adder,block1,8,48,31,0,0,48,48,external/circuit-to-tensor/benchmarks/arithmetic/8_bit_adder/8_bit_adder_block1.tensor.npy,true,0,"(31, 31, 31)","(31, 31, 31)",,external/alphatensor_quantum/decompositions/benchmarks_no_gadgets.npz
benchmarks_no_gadgets.npz,benchmark,paper_no_gadgets,False,8_bit_adder_block1,8_bit_adder,block1,9,48,31,0,0,48,48,external/circuit-to-tensor/benchmarks/arithmetic/8_bit_adder/8_bit_adder_block1.tensor.npy,true,0,"(31, 31, 31)","(31, 31, 31)",,external/alphatensor_quantum/decompositions/benchmarks_no_gadgets.npz
benchmarks_no_gadgets.npz,benchmark,paper_no_gadgets,False,8_bit_adder_block2,8_bit_adder,block2,0,91,50,0,0,91,91,external/circuit-to-tensor/benchmarks/arithmetic/8_bit_adder/8_bit_adder_block2.tensor.npy,true,0,"(50, 50, 50)","(50, 50, 50)",,external/alphatensor_quantum/decompositions/benchmarks_no_gadgets.npz
benchmarks_no_gadgets.npz,benchmark,paper_no_gadgets,False,8_bit_adder_block2,8_bit_adder,block2,1,91,50,0,0,91,91,external/circuit-to-tensor/benchmarks/arithmetic/8_bit_adder/8_bit_adder_block2.tensor.npy,true,0,"(50, 50, 50)","(50, 50, 50)",,external/alphatensor_quantum/decompositions/benchmarks_no_gadgets.npz
benchmarks_no_gadgets.npz,benchmark,paper_no_gadgets,False,8_bit_adder_block2,8_bit_adder,block2,2,91,50,0,0,91,91,external/circuit-to-tensor/benchmarks/arithmetic/8_bit_adder/8_bit_adder_block2.tensor.npy,true,0,"(50, 50, 50)","(50, 50, 50)",,external/alphatensor_quantum/decompositions/benchmarks_no_gadgets.npz
benchmarks_no_gadgets.npz,benchmark,paper_no_gadgets,False,8_bit_adder_block2,8_bit_adder,block2,3,91,50,0,0,91,91,external/circuit-to-tensor/benchmarks/arithmetic/8_bit_adder/8_bit_adder_block2.tensor.npy,true,0,"(50, 50, 50)","(50, 50, 50)",,external/alphatensor_quantum/decompositions/benchmarks_no_gadgets.npz
benchmarks_no_gadgets.npz,benchmark,paper_no_gadgets,False,8_bit_adder_block2,8_bit_adder,block2,4,91,50,0,0,91,91,external/circuit-to-tensor/benchmarks/arithmetic/8_bit_adder/8_bit_adder_block2.tensor.npy,true,0,"(50, 50, 50)","(50, 50, 50)",,external/alphatensor_quantum/decompositions/benchmarks_no_gadgets.npz
benchmarks_no_gadgets.npz,benchmark,paper_no_gadgets,False,barenco_toff_10,barenco_tof_10,,0,83,50,0,0,83,83,external/circuit-to-tensor/benchmarks/arithmetic/barenco_tof_10/barenco_tof_10.tensor.npy,true,0,"(50, 50, 50)","(50, 50, 50)",,external/alphatensor_quantum/decompositions/benchmarks_no_gadgets.npz
benchmarks_no_gadgets.npz,benchmark,paper_no_gadgets,False,barenco_toff_10,barenco_tof_10,,1,83,50,0,0,83,83,external/circuit-to-tensor/benchmarks/arithmetic/barenco_tof_10/barenco_tof_10.tensor.npy,true,0,"(50, 50, 50)","(50, 50, 50)",,external/alphatensor_quantum/decompositions/benchmarks_no_gadgets.npz
benchmarks_no_gadgets.npz,benchmark,paper_no_gadgets,False,barenco_toff_10,barenco_tof_10,,2,83,50,0,0,83,83,external/circuit-to-tensor/benchmarks/arithmetic/barenco_tof_10/barenco_tof_10.tensor.npy,true,0,"(50, 50, 50)","(50, 50, 50)",,external/alphatensor_quantum/decompositions/benchmarks_no_gadgets.npz
benchmarks_no_gadgets.npz,benchmark,paper_no_gadgets,False,barenco_toff_10,barenco_tof_10,,3,83,50,0,0,83,83,external/circuit-to-tensor/benchmarks/arithmetic/barenco_tof_10/barenco_tof_10.tensor.npy,true,0,"(50, 50, 50)","(50, 50, 50)",,external/alphatensor_quantum/decompositions/benchmarks_no_gadgets.npz
benchmarks_no_gadgets.npz,benchmark,paper_no_gadgets,False,barenco_toff_10,barenco_tof_10,,4,83,50,0,0,83,83,external/circuit-to-tensor/benchmarks/arithmetic/barenco_tof_10/barenco_tof_10.tensor.npy,true,0,"(50, 50, 50)","(50, 50, 50)",,external/alphatensor_quantum/decompositions/benchmarks_no_gadgets.npz
benchmarks_no_gadgets.npz,benchmark,paper_no_gadgets,False,barenco_toff_10,barenco_tof_10,,5,83,50,0,0,83,83,external/circuit-to-tensor/benchmarks/arithmetic/barenco_tof_10/barenco_tof_10.tensor.npy,true,0,"(50, 50, 50)","(50, 50, 50)",,external/alphatensor_quantum/decompositions/benchmarks_no_gadgets.npz
benchmarks_no_gadgets.npz,benchmark,paper_no_gadgets,False,barenco_toff_10,barenco_tof_10,,6,83,50,0,0,83,83,external/circuit-to-tensor/benchmarks/arithmetic/barenco_tof_10/barenco_tof_10.tensor.npy,true,0,"(50, 50, 50)","(50, 50, 50)",,external/alphatensor_quantum/decompositions/benchmarks_no_gadgets.npz
benchmarks_no_gadgets.npz,benchmark,paper_no_gadgets,False,barenco_toff_10,barenco_tof_10,,7,83,50,0,0,83,83,external/circuit-to-tensor/benchmarks/arithmetic/barenco_tof_10/barenco_tof_10.tensor.npy,true,0,"(50, 50, 50)","(50, 50, 50)",,external/alphatensor_quantum/decompositions/benchmarks_no_gadgets.npz
benchmarks_no_gadgets.npz,benchmark,paper_no_gadgets,False,barenco_toff_10,barenco_tof_10,,8,83,50,0,0,83,83,external/circuit-to-tensor/benchmarks/arithmetic/barenco_tof_10/barenco_tof_10.tensor.npy,true,0,"(50, 50, 50)","(50, 50, 50)",,external/alphatensor_quantum/decompositions/benchmarks_no_gadgets.npz
benchmarks_no_gadgets.npz,benchmark,paper_no_gadgets,False,barenco_toff_10,barenco_tof_10,,9,83,50,0,0,83,83,external/circuit-to-tensor/benchmarks/arithmetic/barenco_tof_10/barenco_tof_10.tensor.npy,true,0,"(50, 50, 50)","(50, 50, 50)",,external/alphatensor_quantum/decompositions/benchmarks_no_gadgets.npz
benchmarks_no_gadgets.npz,benchmark,paper_no_gadgets,False,barenco_toff_3,barenco_tof_3,,0,13,8,0,0,13,13,external/circuit-to-tensor/benchmarks/arithmetic/barenco_tof_3/barenco_tof_3.tensor.npy,true,0,"(8, 8, 8)","(8, 8, 8)",,external/alphatensor_quantum/decompositions/benchmarks_no_gadgets.npz
benchmarks_no_gadgets.npz,benchmark,paper_no_gadgets,False,barenco_toff_3,barenco_tof_3,,1,13,8,0,0,13,13,external/circuit-to-tensor/benchmarks/arithmetic/barenco_tof_3/barenco_tof_3.tensor.npy,true,0,"(8, 8, 8)","(8, 8, 8)",,external/alphatensor_quantum/decompositions/benchmarks_no_gadgets.npz
benchmarks_no_gadgets.npz,benchmark,paper_no_gadgets,False,barenco_toff_3,barenco_tof_3,,2,13,8,0,0,13,13,external/circuit-to-tensor/benchmarks/arithmetic/barenco_tof_3/barenco_tof_3.tensor.npy,true,0,"(8, 8, 8)","(8, 8, 8)",,external/alphatensor_quantum/decompositions/benchmarks_no_gadgets.npz
benchmarks_no_gadgets.npz,benchmark,paper_no_gadgets,False,barenco_toff_3,barenco_tof_3,,3,13,8,0,0,13,13,external/circuit-to-tensor/benchmarks/arithmetic/barenco_tof_3/barenco_tof_3.tensor.npy,true,0,"(8, 8, 8)","(8, 8, 8)",,external/alphatensor_quantum/decompositions/benchmarks_no_gadgets.npz
benchmarks_no_gadgets.npz,benchmark,paper_no_gadgets,False,barenco_toff_3,barenco_tof_3,,4,13,8,0,0,13,13,external/circuit-to-tensor/benchmarks/arithmetic/barenco_tof_3/barenco_tof_3.tensor.npy,true,0,"(8, 8, 8)","(8, 8, 8)",,external/alphatensor_quantum/decompositions/benchmarks_no_gadgets.npz
benchmarks_no_gadgets.npz,benchmark,paper_no_gadgets,False,barenco_toff_3,barenco_tof_3,,5,13,8,0,0,13,13,external/circuit-to-tensor/benchmarks/arithmetic/barenco_tof_3/barenco_tof_3.tensor.npy,true,0,"(8, 8, 8)","(8, 8, 8)",,external/alphatensor_quantum/decompositions/benchmarks_no_gadgets.npz
benchmarks_no_gadgets.npz,benchmark,paper_no_gadgets,False,barenco_toff_3,barenco_tof_3,,6,13,8,0,0,13,13,external/circuit-to-tensor/benchmarks/arithmetic/barenco_tof_3/barenco_tof_3.tensor.npy,true,0,"(8, 8, 8)","(8, 8, 8)",,external/alphatensor_quantum/decompositions/benchmarks_no_gadgets.npz
benchmarks_no_gadgets.npz,benchmark,paper_no_gadgets,False,barenco_toff_3,barenco_tof_3,,7,13,8,0,0,13,13,external/circuit-to-tensor/benchmarks/arithmetic/barenco_tof_3/barenco_tof_3.tensor.npy,true,0,"(8, 8, 8)","(8, 8, 8)",,external/alphatensor_quantum/decompositions/benchmarks_no_gadgets.npz
benchmarks_no_gadgets.npz,benchmark,paper_no_gadgets,False,barenco_toff_4,barenco_tof_4,,0,23,14,0,0,23,23,external/circuit-to-tensor/benchmarks/arithmetic/barenco_tof_4/barenco_tof_4.tensor.npy,true,0,"(14, 14, 14)","(14, 14, 14)",,external/alphatensor_quantum/decompositions/benchmarks_no_gadgets.npz
benchmarks_no_gadgets.npz,benchmark,paper_no_gadgets,False,barenco_toff_4,barenco_tof_4,,1,23,14,0,0,23,23,external/circuit-to-tensor/benchmarks/arithmetic/barenco_tof_4/barenco_tof_4.tensor.npy,true,0,"(14, 14, 14)","(14, 14, 14)",,external/alphatensor_quantum/decompositions/benchmarks_no_gadgets.npz
benchmarks_no_gadgets.npz,benchmark,paper_no_gadgets,False,barenco_toff_4,barenco_tof_4,,2,23,14,0,0,23,23,external/circuit-to-tensor/benchmarks/arithmetic/barenco_tof_4/barenco_tof_4.tensor.npy,true,0,"(14, 14, 14)","(14, 14, 14)",,external/alphatensor_quantum/decompositions/benchmarks_no_gadgets.npz
benchmarks_no_gadgets.npz,benchmark,paper_no_gadgets,False,barenco_toff_4,barenco_tof_4,,3,23,14,0,0,23,23,external/circuit-to-tensor/benchmarks/arithmetic/barenco_tof_4/barenco_tof_4.tensor.npy,true,0,"(14, 14, 14)","(14, 14, 14)",,external/alphatensor_quantum/decompositions/benchmarks_no_gadgets.npz
benchmarks_no_gadgets.npz,benchmark,paper_no_gadgets,False,barenco_toff_4,barenco_tof_4,,4,23,14,0,0,23,23,external/circuit-to-tensor/benchmarks/arithmetic/barenco_tof_4/barenco_tof_4.tensor.npy,true,0,"(14, 14, 14)","(14, 14, 14)",,external/alphatensor_quantum/decompositions/benchmarks_no_gadgets.npz
benchmarks_no_gadgets.npz,benchmark,paper_no_gadgets,False,barenco_toff_4,barenco_tof_4,,5,23,14,0,0,23,23,external/circuit-to-tensor/benchmarks/arithmetic/barenco_tof_4/barenco_tof_4.tensor.npy,true,0,"(14, 14, 14)","(14, 14, 14)",,external/alphatensor_quantum/decompositions/benchmarks_no_gadgets.npz
benchmarks_no_gadgets.npz,benchmark,paper_no_gadgets,False,barenco_toff_4,barenco_tof_4,,6,23,14,0,0,23,23,external/circuit-to-tensor/benchmarks/arithmetic/barenco_tof_4/barenco_tof_4.tensor.npy,true,0,"(14, 14, 14)","(14, 14, 14)",,external/alphatensor_quantum/decompositions/benchmarks_no_gadgets.npz
benchmarks_no_gadgets.npz,benchmark,paper_no_gadgets,False,barenco_toff_4,barenco_tof_4,,7,23,14,0,0,23,23,external/circuit-to-tensor/benchmarks/arithmetic/barenco_tof_4/barenco_tof_4.tensor.npy,true,0,"(14, 14, 14)","(14, 14, 14)",,external/alphatensor_quantum/decompositions/benchmarks_no_gadgets.npz
benchmarks_no_gadgets.npz,benchmark,paper_no_gadgets,False,barenco_toff_4,barenco_tof_4,,8,23,14,0,0,23,23,external/circuit-to-tensor/benchmarks/arithmetic/barenco_tof_4/barenco_tof_4.tensor.npy,true,0,"(14, 14, 14)","(14, 14, 14)",,external/alphatensor_quantum/decompositions/benchmarks_no_gadgets.npz
benchmarks_no_gadgets.npz,benchmark,paper_no_gadgets,False,barenco_toff_4,barenco_tof_4,,9,23,14,0,0,23,23,external/circuit-to-tensor/benchmarks/arithmetic/barenco_tof_4/barenco_tof_4.tensor.npy,true,0,"(14, 14, 14)","(14, 14, 14)",,external/alphatensor_quantum/decompositions/benchmarks_no_gadgets.npz
benchmarks_no_gadgets.npz,benchmark,paper_no_gadgets,False,barenco_toff_5,barenco_tof_5,,0,33,20,0,0,33,33,external/circuit-to-tensor/benchmarks/arithmetic/barenco_tof_5/barenco_tof_5.tensor.npy,true,0,"(20, 20, 20)","(20, 20, 20)",,external/alphatensor_quantum/decompositions/benchmarks_no_gadgets.npz
benchmarks_no_gadgets.npz,benchmark,paper_no_gadgets,False,barenco_toff_5,barenco_tof_5,,1,33,20,0,0,33,33,external/circuit-to-tensor/benchmarks/arithmetic/barenco_tof_5/barenco_tof_5.tensor.npy,true,0,"(20, 20, 20)","(20, 20, 20)",,external/alphatensor_quantum/decompositions/benchmarks_no_gadgets.npz
benchmarks_no_gadgets.npz,benchmark,paper_no_gadgets,False,barenco_toff_5,barenco_tof_5,,2,33,20,0,0,33,33,external/circuit-to-tensor/benchmarks/arithmetic/barenco_tof_5/barenco_tof_5.tensor.npy,true,0,"(20, 20, 20)","(20, 20, 20)",,external/alphatensor_quantum/decompositions/benchmarks_no_gadgets.npz
benchmarks_no_gadgets.npz,benchmark,paper_no_gadgets,False,barenco_toff_5,barenco_tof_5,,3,33,20,0,0,33,33,external/circuit-to-tensor/benchmarks/arithmetic/barenco_tof_5/barenco_tof_5.tensor.npy,true,0,"(20, 20, 20)","(20, 20, 20)",,external/alphatensor_quantum/decompositions/benchmarks_no_gadgets.npz
benchmarks_no_gadgets.npz,benchmark,paper_no_gadgets,False,barenco_toff_5,barenco_tof_5,,4,33,20,0,0,33,33,external/circuit-to-tensor/benchmarks/arithmetic/barenco_tof_5/barenco_tof_5.tensor.npy,true,0,"(20, 20, 20)","(20, 20, 20)",,external/alphatensor_quantum/decompositions/benchmarks_no_gadgets.npz
benchmarks_no_gadgets.npz,benchmark,paper_no_gadgets,False,barenco_toff_5,barenco_tof_5,,5,33,20,0,0,33,33,external/circuit-to-tensor/benchmarks/arithmetic/barenco_tof_5/barenco_tof_5.tensor.npy,true,0,"(20, 20, 20)","(20, 20, 20)",,external/alphatensor_quantum/decompositions/benchmarks_no_gadgets.npz
benchmarks_no_gadgets.npz,benchmark,paper_no_gadgets,False,barenco_toff_5,barenco_tof_5,,6,33,20,0,0,33,33,external/circuit-to-tensor/benchmarks/arithmetic/barenco_tof_5/barenco_tof_5.tensor.npy,true,0,"(20, 20, 20)","(20, 20, 20)",,external/alphatensor_quantum/decompositions/benchmarks_no_gadgets.npz
benchmarks_no_gadgets.npz,benchmark,paper_no_gadgets,False,barenco_toff_5,barenco_tof_5,,7,33,20,0,0,33,33,external/circuit-to-tensor/benchmarks/arithmetic/barenco_tof_5/barenco_tof_5.tensor.npy,true,0,"(20, 20, 20)","(20, 20, 20)",,external/alphatensor_quantum/decompositions/benchmarks_no_gadgets.npz
benchmarks_no_gadgets.npz,benchmark,paper_no_gadgets,False,barenco_toff_5,barenco_tof_5,,8,33,20,0,0,33,33,external/circuit-to-tensor/benchmarks/arithmetic/barenco_tof_5/barenco_tof_5.tensor.npy,true,0,"(20, 20, 20)","(20, 20, 20)",,external/alphatensor_quantum/decompositions/benchmarks_no_gadgets.npz
benchmarks_no_gadgets.npz,benchmark,paper_no_gadgets,False,barenco_toff_5,barenco_tof_5,,9,33,20,0,0,33,33,external/circuit-to-tensor/benchmarks/arithmetic/barenco_tof_5/barenco_tof_5.tensor.npy,true,0,"(20, 20, 20)","(20, 20, 20)",,external/alphatensor_quantum/decompositions/benchmarks_no_gadgets.npz
benchmarks_no_gadgets.npz,benchmark,paper_no_gadgets,False,csla_mux_3,csla_mux_3,,0,39,21,0,0,39,39,external/circuit-to-tensor/benchmarks/arithmetic/csla_mux_3/csla_mux_3.tensor.npy,true,0,"(21, 21, 21)","(21, 21, 21)",,external/alphatensor_quantum/decompositions/benchmarks_no_gadgets.npz
benchmarks_no_gadgets.npz,benchmark,paper_no_gadgets,False,csla_mux_3,csla_mux_3,,1,39,21,0,0,39,39,external/circuit-to-tensor/benchmarks/arithmetic/csla_mux_3/csla_mux_3.tensor.npy,true,0,"(21, 21, 21)","(21, 21, 21)",,external/alphatensor_quantum/decompositions/benchmarks_no_gadgets.npz
benchmarks_no_gadgets.npz,benchmark,paper_no_gadgets,False,csla_mux_3,csla_mux_3,,2,39,21,0,0,39,39,external/circuit-to-tensor/benchmarks/arithmetic/csla_mux_3/csla_mux_3.tensor.npy,true,0,"(21, 21, 21)","(21, 21, 21)",,external/alphatensor_quantum/decompositions/benchmarks_no_gadgets.npz
benchmarks_no_gadgets.npz,benchmark,paper_no_gadgets,False,csla_mux_3,csla_mux_3,,3,39,21,0,0,39,39,external/circuit-to-tensor/benchmarks/arithmetic/csla_mux_3/csla_mux_3.tensor.npy,true,0,"(21, 21, 21)","(21, 21, 21)",,external/alphatensor_quantum/decompositions/benchmarks_no_gadgets.npz
benchmarks_no_gadgets.npz,benchmark,paper_no_gadgets,False,csla_mux_3,csla_mux_3,,4,39,21,0,0,39,39,external/circuit-to-tensor/benchmarks/arithmetic/csla_mux_3/csla_mux_3.tensor.npy,true,0,"(21, 21, 21)","(21, 21, 21)",,external/alphatensor_quantum/decompositions/benchmarks_no_gadgets.npz
benchmarks_no_gadgets.npz,benchmark,paper_no_gadgets,False,csla_mux_3,csla_mux_3,,5,39,21,0,0,39,39,external/circuit-to-tensor/benchmarks/arithmetic/csla_mux_3/csla_mux_3.tensor.npy,true,0,"(21, 21, 21)","(21, 21, 21)",,external/alphatensor_quantum/decompositions/benchmarks_no_gadgets.npz
benchmarks_no_gadgets.npz,benchmark,paper_no_gadgets,False,csla_mux_3,csla_mux_3,,6,39,21,0,0,39,39,external/circuit-to-tensor/benchmarks/arithmetic/csla_mux_3/csla_mux_3.tensor.npy,true,0,"(21, 21, 21)","(21, 21, 21)",,external/alphatensor_quantum/decompositions/benchmarks_no_gadgets.npz
benchmarks_no_gadgets.npz,benchmark,paper_no_gadgets,False,csla_mux_3,csla_mux_3,,7,39,21,0,0,39,39,external/circuit-to-tensor/benchmarks/arithmetic/csla_mux_3/csla_mux_3.tensor.npy,true,0,"(21, 21, 21)","(21, 21, 21)",,external/alphatensor_quantum/decompositions/benchmarks_no_gadgets.npz
benchmarks_no_gadgets.npz,benchmark,paper_no_gadgets,False,csla_mux_3,csla_mux_3,,8,39,21,0,0,39,39,external/circuit-to-tensor/benchmarks/arithmetic/csla_mux_3/csla_mux_3.tensor.npy,true,0,"(21, 21, 21)","(21, 21, 21)",,external/alphatensor_quantum/decompositions/benchmarks_no_gadgets.npz
benchmarks_no_gadgets.npz,benchmark,paper_no_gadgets,False,csla_mux_3,csla_mux_3,,9,39,21,0,0,39,39,external/circuit-to-tensor/benchmarks/arithmetic/csla_mux_3/csla_mux_3.tensor.npy,true,0,"(21, 21, 21)","(21, 21, 21)",,external/alphatensor_quantum/decompositions/benchmarks_no_gadgets.npz
benchmarks_no_gadgets.npz,benchmark,paper_no_gadgets,False,csum_mux_9,csum_mux_9,,0,71,42,0,0,71,71,external/circuit-to-tensor/benchmarks/arithmetic/csum_mux_9/csum_mux_9.tensor.npy,true,0,"(42, 42, 42)","(42, 42, 42)",,external/alphatensor_quantum/decompositions/benchmarks_no_gadgets.npz
benchmarks_no_gadgets.npz,benchmark,paper_no_gadgets,False,csum_mux_9,csum_mux_9,,1,71,42,0,0,71,71,external/circuit-to-tensor/benchmarks/arithmetic/csum_mux_9/csum_mux_9.tensor.npy,true,0,"(42, 42, 42)","(42, 42, 42)",,external/alphatensor_quantum/decompositions/benchmarks_no_gadgets.npz
benchmarks_no_gadgets.npz,benchmark,paper_no_gadgets,False,csum_mux_9,csum_mux_9,,2,71,42,0,0,71,71,external/circuit-to-tensor/benchmarks/arithmetic/csum_mux_9/csum_mux_9.tensor.npy,true,0,"(42, 42, 42)","(42, 42, 42)",,external/alphatensor_quantum/decompositions/benchmarks_no_gadgets.npz
benchmarks_no_gadgets.npz,benchmark,paper_no_gadgets,False,csum_mux_9,csum_mux_9,,3,71,42,0,0,71,71,external/circuit-to-tensor/benchmarks/arithmetic/csum_mux_9/csum_mux_9.tensor.npy,true,0,"(42, 42, 42)","(42, 42, 42)",,external/alphatensor_quantum/decompositions/benchmarks_no_gadgets.npz
benchmarks_no_gadgets.npz,benchmark,paper_no_gadgets,False,csum_mux_9,csum_mux_9,,4,71,42,0,0,71,71,external/circuit-to-tensor/benchmarks/arithmetic/csum_mux_9/csum_mux_9.tensor.npy,true,0,"(42, 42, 42)","(42, 42, 42)",,external/alphatensor_quantum/decompositions/benchmarks_no_gadgets.npz
benchmarks_no_gadgets.npz,benchmark,paper_no_gadgets,False,csum_mux_9,csum_mux_9,,5,71,42,0,0,71,71,external/circuit-to-tensor/benchmarks/arithmetic/csum_mux_9/csum_mux_9.tensor.npy,true,0,"(42, 42, 42)","(42, 42, 42)",,external/alphatensor_quantum/decompositions/benchmarks_no_gadgets.npz
benchmarks_no_gadgets.npz,benchmark,paper_no_gadgets,False,csum_mux_9,csum_mux_9,,6,71,42,0,0,71,71,external/circuit-to-tensor/benchmarks/arithmetic/csum_mux_9/csum_mux_9.tensor.npy,true,0,"(42, 42, 42)","(42, 42, 42)",,external/alphatensor_quantum/decompositions/benchmarks_no_gadgets.npz
benchmarks_no_gadgets.npz,benchmark,paper_no_gadgets,False,csum_mux_9,csum_mux_9,,7,71,42,0,0,71,71,external/circuit-to-tensor/benchmarks/arithmetic/csum_mux_9/csum_mux_9.tensor.npy,true,0,"(42, 42, 42)","(42, 42, 42)",,external/alphatensor_quantum/decompositions/benchmarks_no_gadgets.npz
benchmarks_no_gadgets.npz,benchmark,paper_no_gadgets,False,csum_mux_9,csum_mux_9,,8,71,42,0,0,71,71,external/circuit-to-tensor/benchmarks/arithmetic/csum_mux_9/csum_mux_9.tensor.npy,true,0,"(42, 42, 42)","(42, 42, 42)",,external/alphatensor_quantum/decompositions/benchmarks_no_gadgets.npz
benchmarks_no_gadgets.npz,benchmark,paper_no_gadgets,False,csum_mux_9,csum_mux_9,,9,71,42,0,0,71,71,external/circuit-to-tensor/benchmarks/arithmetic/csum_mux_9/csum_mux_9.tensor.npy,true,0,"(42, 42, 42)","(42, 42, 42)",,external/alphatensor_quantum/decompositions/benchmarks_no_gadgets.npz
benchmarks_no_gadgets.npz,benchmark,paper_no_gadgets,False,grover_5_block1,grover_5,block1,0,107,58,0,0,107,107,external/circuit-to-tensor/benchmarks/arithmetic/grover_5/grover_5_block1.tensor.npy,true,0,"(58, 58, 58)","(58, 58, 58)",,external/alphatensor_quantum/decompositions/benchmarks_no_gadgets.npz
benchmarks_no_gadgets.npz,benchmark,paper_no_gadgets,False,grover_5_block1,grover_5,block1,1,107,58,0,0,107,107,external/circuit-to-tensor/benchmarks/arithmetic/grover_5/grover_5_block1.tensor.npy,true,0,"(58, 58, 58)","(58, 58, 58)",,external/alphatensor_quantum/decompositions/benchmarks_no_gadgets.npz
benchmarks_no_gadgets.npz,benchmark,paper_no_gadgets,False,grover_5_block1,grover_5,block1,2,107,58,0,0,107,107,external/circuit-to-tensor/benchmarks/arithmetic/grover_5/grover_5_block1.tensor.npy,true,0,"(58, 58, 58)","(58, 58, 58)",,external/alphatensor_quantum/decompositions/benchmarks_no_gadgets.npz
benchmarks_no_gadgets.npz,benchmark,paper_no_gadgets,False,grover_5_block1,grover_5,block1,3,107,58,0,0,107,107,external/circuit-to-tensor/benchmarks/arithmetic/grover_5/grover_5_block1.tensor.npy,true,0,"(58, 58, 58)","(58, 58, 58)",,external/alphatensor_quantum/decompositions/benchmarks_no_gadgets.npz
benchmarks_no_gadgets.npz,benchmark,paper_no_gadgets,False,grover_5_block1,grover_5,block1,4,107,58,0,0,107,107,external/circuit-to-tensor/benchmarks/arithmetic/grover_5/grover_5_block1.tensor.npy,true,0,"(58, 58, 58)","(58, 58, 58)",,external/alphatensor_quantum/decompositions/benchmarks_no_gadgets.npz
benchmarks_no_gadgets.npz,benchmark,paper_no_gadgets,False,grover_5_block1,grover_5,block1,5,107,58,0,0,107,107,external/circuit-to-tensor/benchmarks/arithmetic/grover_5/grover_5_block1.tensor.npy,true,0,"(58, 58, 58)","(58, 58, 58)",,external/alphatensor_quantum/decompositions/benchmarks_no_gadgets.npz
benchmarks_no_gadgets.npz,benchmark,paper_no_gadgets,False,grover_5_block1,grover_5,block1,6,107,58,0,0,107,107,external/circuit-to-tensor/benchmarks/arithmetic/grover_5/grover_5_block1.tensor.npy,true,0,"(58, 58, 58)","(58, 58, 58)",,external/alphatensor_quantum/decompositions/benchmarks_no_gadgets.npz
benchmarks_no_gadgets.npz,benchmark,paper_no_gadgets,False,grover_5_block1,grover_5,block1,7,107,58,0,0,107,107,external/circuit-to-tensor/benchmarks/arithmetic/grover_5/grover_5_block1.tensor.npy,true,0,"(58, 58, 58)","(58, 58, 58)",,external/alphatensor_quantum/decompositions/benchmarks_no_gadgets.npz
benchmarks_no_gadgets.npz,benchmark,paper_no_gadgets,False,grover_5_block1,grover_5,block1,8,107,58,0,0,107,107,external/circuit-to-tensor/benchmarks/arithmetic/grover_5/grover_5_block1.tensor.npy,true,0,"(58, 58, 58)","(58, 58, 58)",,external/alphatensor_quantum/decompositions/benchmarks_no_gadgets.npz
benchmarks_no_gadgets.npz,benchmark,paper_no_gadgets,False,grover_5_block1,grover_5,block1,9,107,58,0,0,107,107,external/circuit-to-tensor/benchmarks/arithmetic/grover_5/grover_5_block1.tensor.npy,true,0,"(58, 58, 58)","(58, 58, 58)",,external/alphatensor_quantum/decompositions/benchmarks_no_gadgets.npz
benchmarks_no_gadgets.npz,benchmark,paper_no_gadgets,False,grover_5_block2,grover_5,block2,0,45,27,0,0,45,45,external/circuit-to-tensor/benchmarks/arithmetic/grover_5/grover_5_block2.tensor.npy,true,0,"(27, 27, 27)","(27, 27, 27)",,external/alphatensor_quantum/decompositions/benchmarks_no_gadgets.npz
benchmarks_no_gadgets.npz,benchmark,paper_no_gadgets,False,grover_5_block2,grover_5,block2,1,45,27,0,0,45,45,external/circuit-to-tensor/benchmarks/arithmetic/grover_5/grover_5_block2.tensor.npy,true,0,"(27, 27, 27)","(27, 27, 27)",,external/alphatensor_quantum/decompositions/benchmarks_no_gadgets.npz
benchmarks_no_gadgets.npz,benchmark,paper_no_gadgets,False,grover_5_block2,grover_5,block2,2,45,27,0,0,45,45,external/circuit-to-tensor/benchmarks/arithmetic/grover_5/grover_5_block2.tensor.npy,true,0,"(27, 27, 27)","(27, 27, 27)",,external/alphatensor_quantum/decompositions/benchmarks_no_gadgets.npz
benchmarks_no_gadgets.npz,benchmark,paper_no_gadgets,False,grover_5_block2,grover_5,block2,3,45,27,0,0,45,45,external/circuit-to-tensor/benchmarks/arithmetic/grover_5/grover_5_block2.tensor.npy,true,0,"(27, 27, 27)","(27, 27, 27)",,external/alphatensor_quantum/decompositions/benchmarks_no_gadgets.npz
benchmarks_no_gadgets.npz,benchmark,paper_no_gadgets,False,grover_5_block2,grover_5,block2,4,45,27,0,0,45,45,external/circuit-to-tensor/benchmarks/arithmetic/grover_5/grover_5_block2.tensor.npy,true,0,"(27, 27, 27)","(27, 27, 27)",,external/alphatensor_quantum/decompositions/benchmarks_no_gadgets.npz
benchmarks_no_gadgets.npz,benchmark,paper_no_gadgets,False,grover_5_block2,grover_5,block2,5,45,27,0,0,45,45,external/circuit-to-tensor/benchmarks/arithmetic/grover_5/grover_5_block2.tensor.npy,true,0,"(27, 27, 27)","(27, 27, 27)",,external/alphatensor_quantum/decompositions/benchmarks_no_gadgets.npz
benchmarks_no_gadgets.npz,benchmark,paper_no_gadgets,False,grover_5_block2,grover_5,block2,6,45,27,0,0,45,45,external/circuit-to-tensor/benchmarks/arithmetic/grover_5/grover_5_block2.tensor.npy,true,0,"(27, 27, 27)","(27, 27, 27)",,external/alphatensor_quantum/decompositions/benchmarks_no_gadgets.npz
benchmarks_no_gadgets.npz,benchmark,paper_no_gadgets,False,grover_5_block2,grover_5,block2,7,45,27,0,0,45,45,external/circuit-to-tensor/benchmarks/arithmetic/grover_5/grover_5_block2.tensor.npy,true,0,"(27, 27, 27)","(27, 27, 27)",,external/alphatensor_quantum/decompositions/benchmarks_no_gadgets.npz
benchmarks_no_gadgets.npz,benchmark,paper_no_gadgets,False,grover_5_block2,grover_5,block2,8,45,27,0,0,45,45,external/circuit-to-tensor/benchmarks/arithmetic/grover_5/grover_5_block2.tensor.npy,true,0,"(27, 27, 27)","(27, 27, 27)",,external/alphatensor_quantum/decompositions/benchmarks_no_gadgets.npz
benchmarks_no_gadgets.npz,benchmark,paper_no_gadgets,False,grover_5_block2,grover_5,block2,9,45,27,0,0,45,45,external/circuit-to-tensor/benchmarks/arithmetic/grover_5/grover_5_block2.tensor.npy,true,0,"(27, 27, 27)","(27, 27, 27)",,external/alphatensor_quantum/decompositions/benchmarks_no_gadgets.npz
benchmarks_no_gadgets.npz,benchmark,paper_no_gadgets,False,hamming_15_high_block1,hamming_15_high,block1,0,92,58,0,0,92,92,external/circuit-to-tensor/benchmarks/arithmetic/hamming_15_high/hamming_15_high_block1.tensor.npy,true,0,"(58, 58, 58)","(58, 58, 58)",,external/alphatensor_quantum/decompositions/benchmarks_no_gadgets.npz
benchmarks_no_gadgets.npz,benchmark,paper_no_gadgets,False,hamming_15_high_block1,hamming_15_high,block1,1,92,58,0,0,92,92,external/circuit-to-tensor/benchmarks/arithmetic/hamming_15_high/hamming_15_high_block1.tensor.npy,true,0,"(58, 58, 58)","(58, 58, 58)",,external/alphatensor_quantum/decompositions/benchmarks_no_gadgets.npz
benchmarks_no_gadgets.npz,benchmark,paper_no_gadgets,False,hamming_15_high_block1,hamming_15_high,block1,2,92,58,0,0,92,92,external/circuit-to-tensor/benchmarks/arithmetic/hamming_15_high/hamming_15_high_block1.tensor.npy,true,0,"(58, 58, 58)","(58, 58, 58)",,external/alphatensor_quantum/decompositions/benchmarks_no_gadgets.npz
benchmarks_no_gadgets.npz,benchmark,paper_no_gadgets,False,hamming_15_high_block1,hamming_15_high,block1,3,92,58,0,0,92,92,external/circuit-to-tensor/benchmarks/arithmetic/hamming_15_high/hamming_15_high_block1.tensor.npy,true,0,"(58, 58, 58)","(58, 58, 58)",,external/alphatensor_quantum/decompositions/benchmarks_no_gadgets.npz
benchmarks_no_gadgets.npz,benchmark,paper_no_gadgets,False,hamming_15_high_block1,hamming_15_high,block1,4,92,58,0,0,92,92,external/circuit-to-tensor/benchmarks/arithmetic/hamming_15_high/hamming_15_high_block1.tensor.npy,true,0,"(58, 58, 58)","(58, 58, 58)",,external/alphatensor_quantum/decompositions/benchmarks_no_gadgets.npz
benchmarks_no_gadgets.npz,benchmark,paper_no_gadgets,False,hamming_15_high_block1,hamming_15_high,block1,5,92,58,0,0,92,92,external/circuit-to-tensor/benchmarks/arithmetic/hamming_15_high/hamming_15_high_block1.tensor.npy,true,0,"(58, 58, 58)","(58, 58, 58)",,external/alphatensor_quantum/decompositions/benchmarks_no_gadgets.npz
benchmarks_no_gadgets.npz,benchmark,paper_no_gadgets,False,hamming_15_high_block1,hamming_15_high,block1,6,92,58,0,0,92,92,external/circuit-to-tensor/benchmarks/arithmetic/hamming_15_high/hamming_15_high_block1.tensor.npy,true,0,"(58, 58, 58)","(58, 58, 58)",,external/alphatensor_quantum/decompositions/benchmarks_no_gadgets.npz
benchmarks_no_gadgets.npz,benchmark,paper_no_gadgets,False,hamming_15_high_block1,hamming_15_high,block1,7,92,58,0,0,92,92,external/circuit-to-tensor/benchmarks/arithmetic/hamming_15_high/hamming_15_high_block1.tensor.npy,true,0,"(58, 58, 58)","(58, 58, 58)",,external/alphatensor_quantum/decompositions/benchmarks_no_gadgets.npz
benchmarks_no_gadgets.npz,benchmark,paper_no_gadgets,False,hamming_15_high_block1,hamming_15_high,block1,8,92,58,0,0,92,92,external/circuit-to-tensor/benchmarks/arithmetic/hamming_15_high/hamming_15_high_block1.tensor.npy,true,0,"(58, 58, 58)","(58, 58, 58)",,external/alphatensor_quantum/decompositions/benchmarks_no_gadgets.npz
benchmarks_no_gadgets.npz,benchmark,paper_no_gadgets,False,hamming_15_high_block1,hamming_15_high,block1,9,92,58,0,0,92,92,external/circuit-to-tensor/benchmarks/arithmetic/hamming_15_high/hamming_15_high_block1.tensor.npy,true,0,"(58, 58, 58)","(58, 58, 58)",,external/alphatensor_quantum/decompositions/benchmarks_no_gadgets.npz
benchmarks_no_gadgets.npz,benchmark,paper_no_gadgets,False,hamming_15_high_block2,hamming_15_high,block2,0,78,49,0,0,78,78,external/circuit-to-tensor/benchmarks/arithmetic/hamming_15_high/hamming_15_high_block2.tensor.npy,true,0,"(49, 49, 49)","(49, 49, 49)",,external/alphatensor_quantum/decompositions/benchmarks_no_gadgets.npz
benchmarks_no_gadgets.npz,benchmark,paper_no_gadgets,False,hamming_15_high_block2,hamming_15_high,block2,1,78,49,0,0,78,78,external/circuit-to-tensor/benchmarks/arithmetic/hamming_15_high/hamming_15_high_block2.tensor.npy,true,0,"(49, 49, 49)","(49, 49, 49)",,external/alphatensor_quantum/decompositions/benchmarks_no_gadgets.npz
benchmarks_no_gadgets.npz,benchmark,paper_no_gadgets,False,hamming_15_high_block2,hamming_15_high,block2,2,78,49,0,0,78,78,external/circuit-to-tensor/benchmarks/arithmetic/hamming_15_high/hamming_15_high_block2.tensor.npy,true,0,"(49, 49, 49)","(49, 49, 49)",,external/alphatensor_quantum/decompositions/benchmarks_no_gadgets.npz
benchmarks_no_gadgets.npz,benchmark,paper_no_gadgets,False,hamming_15_high_block2,hamming_15_high,block2,3,78,49,0,0,78,78,external/circuit-to-tensor/benchmarks/arithmetic/hamming_15_high/hamming_15_high_block2.tensor.npy,true,0,"(49, 49, 49)","(49, 49, 49)",,external/alphatensor_quantum/decompositions/benchmarks_no_gadgets.npz
benchmarks_no_gadgets.npz,benchmark,paper_no_gadgets,False,hamming_15_high_block2,hamming_15_high,block2,4,78,49,0,0,78,78,external/circuit-to-tensor/benchmarks/arithmetic/hamming_15_high/hamming_15_high_block2.tensor.npy,true,0,"(49, 49, 49)","(49, 49, 49)",,external/alphatensor_quantum/decompositions/benchmarks_no_gadgets.npz
benchmarks_no_gadgets.npz,benchmark,paper_no_gadgets,False,hamming_15_high_block2,hamming_15_high,block2,5,78,49,0,0,78,78,external/circuit-to-tensor/benchmarks/arithmetic/hamming_15_high/hamming_15_high_block2.tensor.npy,true,0,"(49, 49, 49)","(49, 49, 49)",,external/alphatensor_quantum/decompositions/benchmarks_no_gadgets.npz
benchmarks_no_gadgets.npz,benchmark,paper_no_gadgets,False,hamming_15_high_block2,hamming_15_high,block2,6,78,49,0,0,78,78,external/circuit-to-tensor/benchmarks/arithmetic/hamming_15_high/hamming_15_high_block2.tensor.npy,true,0,"(49, 49, 49)","(49, 49, 49)",,external/alphatensor_quantum/decompositions/benchmarks_no_gadgets.npz
benchmarks_no_gadgets.npz,benchmark,paper_no_gadgets,False,hamming_15_high_block2,hamming_15_high,block2,7,78,49,0,0,78,78,external/circuit-to-tensor/benchmarks/arithmetic/hamming_15_high/hamming_15_high_block2.tensor.npy,true,0,"(49, 49, 49)","(49, 49, 49)",,external/alphatensor_quantum/decompositions/benchmarks_no_gadgets.npz
benchmarks_no_gadgets.npz,benchmark,paper_no_gadgets,False,hamming_15_high_block2,hamming_15_high,block2,8,78,49,0,0,78,78,external/circuit-to-tensor/benchmarks/arithmetic/hamming_15_high/hamming_15_high_block2.tensor.npy,true,0,"(49, 49, 49)","(49, 49, 49)",,external/alphatensor_quantum/decompositions/benchmarks_no_gadgets.npz
benchmarks_no_gadgets.npz,benchmark,paper_no_gadgets,False,hamming_15_high_block2,hamming_15_high,block2,9,78,49,0,0,78,78,external/circuit-to-tensor/benchmarks/arithmetic/hamming_15_high/hamming_15_high_block2.tensor.npy,true,0,"(49, 49, 49)","(49, 49, 49)",,external/alphatensor_quantum/decompositions/benchmarks_no_gadgets.npz
benchmarks_no_gadgets.npz,benchmark,paper_no_gadgets,False,hamming_15_high_block3,hamming_15_high,block3,0,81,56,0,0,81,81,external/circuit-to-tensor/benchmarks/arithmetic/hamming_15_high/hamming_15_high_block3.tensor.npy,true,0,"(56, 56, 56)","(56, 56, 56)",,external/alphatensor_quantum/decompositions/benchmarks_no_gadgets.npz
benchmarks_no_gadgets.npz,benchmark,paper_no_gadgets,False,hamming_15_high_block3,hamming_15_high,block3,1,81,56,0,0,81,81,external/circuit-to-tensor/benchmarks/arithmetic/hamming_15_high/hamming_15_high_block3.tensor.npy,true,0,"(56, 56, 56)","(56, 56, 56)",,external/alphatensor_quantum/decompositions/benchmarks_no_gadgets.npz
benchmarks_no_gadgets.npz,benchmark,paper_no_gadgets,False,hamming_15_high_block3,hamming_15_high,block3,2,81,56,0,0,81,81,external/circuit-to-tensor/benchmarks/arithmetic/hamming_15_high/hamming_15_high_block3.tensor.npy,true,0,"(56, 56, 56)","(56, 56, 56)",,external/alphatensor_quantum/decompositions/benchmarks_no_gadgets.npz
benchmarks_no_gadgets.npz,benchmark,paper_no_gadgets,False,hamming_15_high_block3,hamming_15_high,block3,3,81,56,0,0,81,81,external/circuit-to-tensor/benchmarks/arithmetic/hamming_15_high/hamming_15_high_block3.tensor.npy,true,0,"(56, 56, 56)","(56, 56, 56)",,external/alphatensor_quantum/decompositions/benchmarks_no_gadgets.npz
benchmarks_no_gadgets.npz,benchmark,paper_no_gadgets,False,hamming_15_high_block3,hamming_15_high,block3,4,81,56,0,0,81,81,external/circuit-to-tensor/benchmarks/arithmetic/hamming_15_high/hamming_15_high_block3.tensor.npy,true,0,"(56, 56, 56)","(56, 56, 56)",,external/alphatensor_quantum/decompositions/benchmarks_no_gadgets.npz
benchmarks_no_gadgets.npz,benchmark,paper_no_gadgets,False,hamming_15_high_block3,hamming_15_high,block3,5,81,56,0,0,81,81,external/circuit-to-tensor/benchmarks/arithmetic/hamming_15_high/hamming_15_high_block3.tensor.npy,true,0,"(56, 56, 56)","(56, 56, 56)",,external/alphatensor_quantum/decompositions/benchmarks_no_gadgets.npz
benchmarks_no_gadgets.npz,benchmark,paper_no_gadgets,False,hamming_15_high_block3,hamming_15_high,block3,6,81,56,0,0,81,81,external/circuit-to-tensor/benchmarks/arithmetic/hamming_15_high/hamming_15_high_block3.tensor.npy,true,0,"(56, 56, 56)","(56, 56, 56)",,external/alphatensor_quantum/decompositions/benchmarks_no_gadgets.npz
benchmarks_no_gadgets.npz,benchmark,paper_no_gadgets,False,hamming_15_high_block3,hamming_15_high,block3,7,81,56,0,0,81,81,external/circuit-to-tensor/benchmarks/arithmetic/hamming_15_high/hamming_15_high_block3.tensor.npy,true,0,"(56, 56, 56)","(56, 56, 56)",,external/alphatensor_quantum/decompositions/benchmarks_no_gadgets.npz
benchmarks_no_gadgets.npz,benchmark,paper_no_gadgets,False,hamming_15_high_block3,hamming_15_high,block3,8,81,56,0,0,81,81,external/circuit-to-tensor/benchmarks/arithmetic/hamming_15_high/hamming_15_high_block3.tensor.npy,true,0,"(56, 56, 56)","(56, 56, 56)",,external/alphatensor_quantum/decompositions/benchmarks_no_gadgets.npz
benchmarks_no_gadgets.npz,benchmark,paper_no_gadgets,False,hamming_15_high_block3,hamming_15_high,block3,9,81,56,0,0,81,81,external/circuit-to-tensor/benchmarks/arithmetic/hamming_15_high/hamming_15_high_block3.tensor.npy,true,0,"(56, 56, 56)","(56, 56, 56)",,external/alphatensor_quantum/decompositions/benchmarks_no_gadgets.npz
benchmarks_no_gadgets.npz,benchmark,paper_no_gadgets,False,hamming_15_high_block4,hamming_15_high,block4,0,94,57,0,0,94,94,external/circuit-to-tensor/benchmarks/arithmetic/hamming_15_high/hamming_15_high_block4.tensor.npy,true,0,"(57, 57, 57)","(57, 57, 57)",,external/alphatensor_quantum/decompositions/benchmarks_no_gadgets.npz
benchmarks_no_gadgets.npz,benchmark,paper_no_gadgets,False,hamming_15_high_block4,hamming_15_high,block4,1,94,57,0,0,94,94,external/circuit-to-tensor/benchmarks/arithmetic/hamming_15_high/hamming_15_high_block4.tensor.npy,true,0,"(57, 57, 57)","(57, 57, 57)",,external/alphatensor_quantum/decompositions/benchmarks_no_gadgets.npz
benchmarks_no_gadgets.npz,benchmark,paper_no_gadgets,False,hamming_15_high_block4,hamming_15_high,block4,2,94,57,0,0,94,94,external/circuit-to-tensor/benchmarks/arithmetic/hamming_15_high/hamming_15_high_block4.tensor.npy,true,0,"(57, 57, 57)","(57, 57, 57)",,external/alphatensor_quantum/decompositions/benchmarks_no_gadgets.npz
benchmarks_no_gadgets.npz,benchmark,paper_no_gadgets,False,hamming_15_high_block4,hamming_15_high,block4,3,94,57,0,0,94,94,external/circuit-to-tensor/benchmarks/arithmetic/hamming_15_high/hamming_15_high_block4.tensor.npy,true,0,"(57, 57, 57)","(57, 57, 57)",,external/alphatensor_quantum/decompositions/benchmarks_no_gadgets.npz
benchmarks_no_gadgets.npz,benchmark,paper_no_gadgets,False,hamming_15_high_block4,hamming_15_high,block4,4,94,57,0,0,94,94,external/circuit-to-tensor/benchmarks/arithmetic/hamming_15_high/hamming_15_high_block4.tensor.npy,true,0,"(57, 57, 57)","(57, 57, 57)",,external/alphatensor_quantum/decompositions/benchmarks_no_gadgets.npz
benchmarks_no_gadgets.npz,benchmark,paper_no_gadgets,False,hamming_15_high_block4,hamming_15_high,block4,5,94,57,0,0,94,94,external/circuit-to-tensor/benchmarks/arithmetic/hamming_15_high/hamming_15_high_block4.tensor.npy,true,0,"(57, 57, 57)","(57, 57, 57)",,external/alphatensor_quantum/decompositions/benchmarks_no_gadgets.npz
benchmarks_no_gadgets.npz,benchmark,paper_no_gadgets,False,hamming_15_high_block4,hamming_15_high,block4,6,94,57,0,0,94,94,external/circuit-to-tensor/benchmarks/arithmetic/hamming_15_high/hamming_15_high_block4.tensor.npy,true,0,"(57, 57, 57)","(57, 57, 57)",,external/alphatensor_quantum/decompositions/benchmarks_no_gadgets.npz
benchmarks_no_gadgets.npz,benchmark,paper_no_gadgets,False,hamming_15_high_block4,hamming_15_high,block4,7,94,57,0,0,94,94,external/circuit-to-tensor/benchmarks/arithmetic/hamming_15_high/hamming_15_high_block4.tensor.npy,true,0,"(57, 57, 57)","(57, 57, 57)",,external/alphatensor_quantum/decompositions/benchmarks_no_gadgets.npz
benchmarks_no_gadgets.npz,benchmark,paper_no_gadgets,False,hamming_15_high_block4,hamming_15_high,block4,8,94,57,0,0,94,94,external/circuit-to-tensor/benchmarks/arithmetic/hamming_15_high/hamming_15_high_block4.tensor.npy,true,0,"(57, 57, 57)","(57, 57, 57)",,external/alphatensor_quantum/decompositions/benchmarks_no_gadgets.npz
benchmarks_no_gadgets.npz,benchmark,paper_no_gadgets,False,hamming_15_high_block4,hamming_15_high,block4,9,94,57,0,0,94,94,external/circuit-to-tensor/benchmarks/arithmetic/hamming_15_high/hamming_15_high_block4.tensor.npy,true,0,"(57, 57, 57)","(57, 57, 57)",,external/alphatensor_quantum/decompositions/benchmarks_no_gadgets.npz
benchmarks_no_gadgets.npz,benchmark,paper_no_gadgets,False,hamming_15_high_block5,hamming_15_high,block5,0,66,46,0,0,66,66,external/circuit-to-tensor/benchmarks/arithmetic/hamming_15_high/hamming_15_high_block5.tensor.npy,true,0,"(46, 46, 46)","(46, 46, 46)",,external/alphatensor_quantum/decompositions/benchmarks_no_gadgets.npz
benchmarks_no_gadgets.npz,benchmark,paper_no_gadgets,False,hamming_15_high_block5,hamming_15_high,block5,1,66,46,0,0,66,66,external/circuit-to-tensor/benchmarks/arithmetic/hamming_15_high/hamming_15_high_block5.tensor.npy,true,0,"(46, 46, 46)","(46, 46, 46)",,external/alphatensor_quantum/decompositions/benchmarks_no_gadgets.npz
benchmarks_no_gadgets.npz,benchmark,paper_no_gadgets,False,hamming_15_high_block5,hamming_15_high,block5,2,66,46,0,0,66,66,external/circuit-to-tensor/benchmarks/arithmetic/hamming_15_high/hamming_15_high_block5.tensor.npy,true,0,"(46, 46, 46)","(46, 46, 46)",,external/alphatensor_quantum/decompositions/benchmarks_no_gadgets.npz
benchmarks_no_gadgets.npz,benchmark,paper_no_gadgets,False,hamming_15_high_block5,hamming_15_high,block5,3,66,46,0,0,66,66,external/circuit-to-tensor/benchmarks/arithmetic/hamming_15_high/hamming_15_high_block5.tensor.npy,true,0,"(46, 46, 46)","(46, 46, 46)",,external/alphatensor_quantum/decompositions/benchmarks_no_gadgets.npz
benchmarks_no_gadgets.npz,benchmark,paper_no_gadgets,False,hamming_15_high_block5,hamming_15_high,block5,4,66,46,0,0,66,66,external/circuit-to-tensor/benchmarks/arithmetic/hamming_15_high/hamming_15_high_block5.tensor.npy,true,0,"(46, 46, 46)","(46, 46, 46)",,external/alphatensor_quantum/decompositions/benchmarks_no_gadgets.npz
benchmarks_no_gadgets.npz,benchmark,paper_no_gadgets,False,hamming_15_high_block5,hamming_15_high,block5,5,66,46,0,0,66,66,external/circuit-to-tensor/benchmarks/arithmetic/hamming_15_high/hamming_15_high_block5.tensor.npy,true,0,"(46, 46, 46)","(46, 46, 46)",,external/alphatensor_quantum/decompositions/benchmarks_no_gadgets.npz
benchmarks_no_gadgets.npz,benchmark,paper_no_gadgets,False,hamming_15_high_block5,hamming_15_high,block5,6,66,46,0,0,66,66,external/circuit-to-tensor/benchmarks/arithmetic/hamming_15_high/hamming_15_high_block5.tensor.npy,true,0,"(46, 46, 46)","(46, 46, 46)",,external/alphatensor_quantum/decompositions/benchmarks_no_gadgets.npz
benchmarks_no_gadgets.npz,benchmark,paper_no_gadgets,False,hamming_15_high_block5,hamming_15_high,block5,7,66,46,0,0,66,66,external/circuit-to-tensor/benchmarks/arithmetic/hamming_15_high/hamming_15_high_block5.tensor.npy,true,0,"(46, 46, 46)","(46, 46, 46)",,external/alphatensor_quantum/decompositions/benchmarks_no_gadgets.npz
benchmarks_no_gadgets.npz,benchmark,paper_no_gadgets,False,hamming_15_high_block5,hamming_15_high,block5,8,66,46,0,0,66,66,external/circuit-to-tensor/benchmarks/arithmetic/hamming_15_high/hamming_15_high_block5.tensor.npy,true,0,"(46, 46, 46)","(46, 46, 46)",,external/alphatensor_quantum/decompositions/benchmarks_no_gadgets.npz
benchmarks_no_gadgets.npz,benchmark,paper_no_gadgets,False,hamming_15_high_block5,hamming_15_high,block5,9,66,46,0,0,66,66,external/circuit-to-tensor/benchmarks/arithmetic/hamming_15_high/hamming_15_high_block5.tensor.npy,true,0,"(46, 46, 46)","(46, 46, 46)",,external/alphatensor_quantum/decompositions/benchmarks_no_gadgets.npz
benchmarks_no_gadgets.npz,benchmark,paper_no_gadgets,False,hamming_15_high_block6,hamming_15_high,block6,0,77,50,0,0,77,77,external/circuit-to-tensor/benchmarks/arithmetic/hamming_15_high/hamming_15_high_block6.tensor.npy,true,0,"(50, 50, 50)","(50, 50, 50)",,external/alphatensor_quantum/decompositions/benchmarks_no_gadgets.npz
benchmarks_no_gadgets.npz,benchmark,paper_no_gadgets,False,hamming_15_high_block6,hamming_15_high,block6,1,77,50,0,0,77,77,external/circuit-to-tensor/benchmarks/arithmetic/hamming_15_high/hamming_15_high_block6.tensor.npy,true,0,"(50, 50, 50)","(50, 50, 50)",,external/alphatensor_quantum/decompositions/benchmarks_no_gadgets.npz
benchmarks_no_gadgets.npz,benchmark,paper_no_gadgets,False,hamming_15_high_block6,hamming_15_high,block6,2,77,50,0,0,77,77,external/circuit-to-tensor/benchmarks/arithmetic/hamming_15_high/hamming_15_high_block6.tensor.npy,true,0,"(50, 50, 50)","(50, 50, 50)",,external/alphatensor_quantum/decompositions/benchmarks_no_gadgets.npz
benchmarks_no_gadgets.npz,benchmark,paper_no_gadgets,False,hamming_15_high_block6,hamming_15_high,block6,3,77,50,0,0,77,77,external/circuit-to-tensor/benchmarks/arithmetic/hamming_15_high/hamming_15_high_block6.tensor.npy,true,0,"(50, 50, 50)","(50, 50, 50)",,external/alphatensor_quantum/decompositions/benchmarks_no_gadgets.npz
benchmarks_no_gadgets.npz,benchmark,paper_no_gadgets,False,hamming_15_high_block6,hamming_15_high,block6,4,77,50,0,0,77,77,external/circuit-to-tensor/benchmarks/arithmetic/hamming_15_high/hamming_15_high_block6.tensor.npy,true,0,"(50, 50, 50)","(50, 50, 50)",,external/alphatensor_quantum/decompositions/benchmarks_no_gadgets.npz
benchmarks_no_gadgets.npz,benchmark,paper_no_gadgets,False,hamming_15_high_block6,hamming_15_high,block6,5,77,50,0,0,77,77,external/circuit-to-tensor/benchmarks/arithmetic/hamming_15_high/hamming_15_high_block6.tensor.npy,true,0,"(50, 50, 50)","(50, 50, 50)",,external/alphatensor_quantum/decompositions/benchmarks_no_gadgets.npz
benchmarks_no_gadgets.npz,benchmark,paper_no_gadgets,False,hamming_15_high_block6,hamming_15_high,block6,6,77,50,0,0,77,77,external/circuit-to-tensor/benchmarks/arithmetic/hamming_15_high/hamming_15_high_block6.tensor.npy,true,0,"(50, 50, 50)","(50, 50, 50)",,external/alphatensor_quantum/decompositions/benchmarks_no_gadgets.npz
benchmarks_no_gadgets.npz,benchmark,paper_no_gadgets,False,hamming_15_high_block6,hamming_15_high,block6,7,77,50,0,0,77,77,external/circuit-to-tensor/benchmarks/arithmetic/hamming_15_high/hamming_15_high_block6.tensor.npy,true,0,"(50, 50, 50)","(50, 50, 50)",,external/alphatensor_quantum/decompositions/benchmarks_no_gadgets.npz
benchmarks_no_gadgets.npz,benchmark,paper_no_gadgets,False,hamming_15_high_block6,hamming_15_high,block6,8,77,50,0,0,77,77,external/circuit-to-tensor/benchmarks/arithmetic/hamming_15_high/hamming_15_high_block6.tensor.npy,true,0,"(50, 50, 50)","(50, 50, 50)",,external/alphatensor_quantum/decompositions/benchmarks_no_gadgets.npz
benchmarks_no_gadgets.npz,benchmark,paper_no_gadgets,False,hamming_15_high_block6,hamming_15_high,block6,9,77,50,0,0,77,77,external/circuit-to-tensor/benchmarks/arithmetic/hamming_15_high/hamming_15_high_block6.tensor.npy,true,0,"(50, 50, 50)","(50, 50, 50)",,external/alphatensor_quantum/decompositions/benchmarks_no_gadgets.npz
benchmarks_no_gadgets.npz,benchmark,paper_no_gadgets,False,hamming_15_high_block7,hamming_15_high,block7,0,86,53,0,0,86,86,external/circuit-to-tensor/benchmarks/arithmetic/hamming_15_high/hamming_15_high_block7.tensor.npy,true,0,"(53, 53, 53)","(53, 53, 53)",,external/alphatensor_quantum/decompositions/benchmarks_no_gadgets.npz
benchmarks_no_gadgets.npz,benchmark,paper_no_gadgets,False,hamming_15_high_block7,hamming_15_high,block7,1,86,53,0,0,86,86,external/circuit-to-tensor/benchmarks/arithmetic/hamming_15_high/hamming_15_high_block7.tensor.npy,true,0,"(53, 53, 53)","(53, 53, 53)",,external/alphatensor_quantum/decompositions/benchmarks_no_gadgets.npz
benchmarks_no_gadgets.npz,benchmark,paper_no_gadgets,False,hamming_15_high_block7,hamming_15_high,block7,2,86,53,0,0,86,86,external/circuit-to-tensor/benchmarks/arithmetic/hamming_15_high/hamming_15_high_block7.tensor.npy,true,0,"(53, 53, 53)","(53, 53, 53)",,external/alphatensor_quantum/decompositions/benchmarks_no_gadgets.npz
benchmarks_no_gadgets.npz,benchmark,paper_no_gadgets,False,hamming_15_high_block7,hamming_15_high,block7,3,86,53,0,0,86,86,external/circuit-to-tensor/benchmarks/arithmetic/hamming_15_high/hamming_15_high_block7.tensor.npy,true,0,"(53, 53, 53)","(53, 53, 53)",,external/alphatensor_quantum/decompositions/benchmarks_no_gadgets.npz
benchmarks_no_gadgets.npz,benchmark,paper_no_gadgets,False,hamming_15_high_block7,hamming_15_high,block7,4,86,53,0,0,86,86,external/circuit-to-tensor/benchmarks/arithmetic/hamming_15_high/hamming_15_high_block7.tensor.npy,true,0,"(53, 53, 53)","(53, 53, 53)",,external/alphatensor_quantum/decompositions/benchmarks_no_gadgets.npz
benchmarks_no_gadgets.npz,benchmark,paper_no_gadgets,False,hamming_15_high_block7,hamming_15_high,block7,5,86,53,0,0,86,86,external/circuit-to-tensor/benchmarks/arithmetic/hamming_15_high/hamming_15_high_block7.tensor.npy,true,0,"(53, 53, 53)","(53, 53, 53)",,external/alphatensor_quantum/decompositions/benchmarks_no_gadgets.npz
benchmarks_no_gadgets.npz,benchmark,paper_no_gadgets,False,hamming_15_high_block7,hamming_15_high,block7,6,86,53,0,0,86,86,external/circuit-to-tensor/benchmarks/arithmetic/hamming_15_high/hamming_15_high_block7.tensor.npy,true,0,"(53, 53, 53)","(53, 53, 53)",,external/alphatensor_quantum/decompositions/benchmarks_no_gadgets.npz
benchmarks_no_gadgets.npz,benchmark,paper_no_gadgets,False,hamming_15_high_block7,hamming_15_high,block7,7,86,53,0,0,86,86,external/circuit-to-tensor/benchmarks/arithmetic/hamming_15_high/hamming_15_high_block7.tensor.npy,true,0,"(53, 53, 53)","(53, 53, 53)",,external/alphatensor_quantum/decompositions/benchmarks_no_gadgets.npz
benchmarks_no_gadgets.npz,benchmark,paper_no_gadgets,False,hamming_15_high_block7,hamming_15_high,block7,8,86,53,0,0,86,86,external/circuit-to-tensor/benchmarks/arithmetic/hamming_15_high/hamming_15_high_block7.tensor.npy,true,0,"(53, 53, 53)","(53, 53, 53)",,external/alphatensor_quantum/decompositions/benchmarks_no_gadgets.npz
benchmarks_no_gadgets.npz,benchmark,paper_no_gadgets,False,hamming_15_high_block7,hamming_15_high,block7,9,86,53,0,0,86,86,external/circuit-to-tensor/benchmarks/arithmetic/hamming_15_high/hamming_15_high_block7.tensor.npy,true,0,"(53, 53, 53)","(53, 53, 53)",,external/alphatensor_quantum/decompositions/benchmarks_no_gadgets.npz
benchmarks_no_gadgets.npz,benchmark,paper_no_gadgets,False,hamming_15_high_block8,hamming_15_high,block8,0,100,58,0,0,100,100,external/circuit-to-tensor/benchmarks/arithmetic/hamming_15_high/hamming_15_high_block8.tensor.npy,true,0,"(58, 58, 58)","(58, 58, 58)",,external/alphatensor_quantum/decompositions/benchmarks_no_gadgets.npz
benchmarks_no_gadgets.npz,benchmark,paper_no_gadgets,False,hamming_15_high_block8,hamming_15_high,block8,1,100,58,0,0,100,100,external/circuit-to-tensor/benchmarks/arithmetic/hamming_15_high/hamming_15_high_block8.tensor.npy,true,0,"(58, 58, 58)","(58, 58, 58)",,external/alphatensor_quantum/decompositions/benchmarks_no_gadgets.npz
benchmarks_no_gadgets.npz,benchmark,paper_no_gadgets,False,hamming_15_high_block8,hamming_15_high,block8,2,100,58,0,0,100,100,external/circuit-to-tensor/benchmarks/arithmetic/hamming_15_high/hamming_15_high_block8.tensor.npy,true,0,"(58, 58, 58)","(58, 58, 58)",,external/alphatensor_quantum/decompositions/benchmarks_no_gadgets.npz
benchmarks_no_gadgets.npz,benchmark,paper_no_gadgets,False,hamming_15_high_block8,hamming_15_high,block8,3,100,58,0,0,100,100,external/circuit-to-tensor/benchmarks/arithmetic/hamming_15_high/hamming_15_high_block8.tensor.npy,true,0,"(58, 58, 58)","(58, 58, 58)",,external/alphatensor_quantum/decompositions/benchmarks_no_gadgets.npz
benchmarks_no_gadgets.npz,benchmark,paper_no_gadgets,False,hamming_15_high_block8,hamming_15_high,block8,4,100,58,0,0,100,100,external/circuit-to-tensor/benchmarks/arithmetic/hamming_15_high/hamming_15_high_block8.tensor.npy,true,0,"(58, 58, 58)","(58, 58, 58)",,external/alphatensor_quantum/decompositions/benchmarks_no_gadgets.npz
benchmarks_no_gadgets.npz,benchmark,paper_no_gadgets,False,hamming_15_high_block8,hamming_15_high,block8,5,100,58,0,0,100,100,external/circuit-to-tensor/benchmarks/arithmetic/hamming_15_high/hamming_15_high_block8.tensor.npy,true,0,"(58, 58, 58)","(58, 58, 58)",,external/alphatensor_quantum/decompositions/benchmarks_no_gadgets.npz
benchmarks_no_gadgets.npz,benchmark,paper_no_gadgets,False,hamming_15_high_block8,hamming_15_high,block8,6,100,58,0,0,100,100,external/circuit-to-tensor/benchmarks/arithmetic/hamming_15_high/hamming_15_high_block8.tensor.npy,true,0,"(58, 58, 58)","(58, 58, 58)",,external/alphatensor_quantum/decompositions/benchmarks_no_gadgets.npz
benchmarks_no_gadgets.npz,benchmark,paper_no_gadgets,False,hamming_15_high_block8,hamming_15_high,block8,7,100,58,0,0,100,100,external/circuit-to-tensor/benchmarks/arithmetic/hamming_15_high/hamming_15_high_block8.tensor.npy,true,0,"(58, 58, 58)","(58, 58, 58)",,external/alphatensor_quantum/decompositions/benchmarks_no_gadgets.npz
benchmarks_no_gadgets.npz,benchmark,paper_no_gadgets,False,hamming_15_high_block8,hamming_15_high,block8,8,100,58,0,0,100,100,external/circuit-to-tensor/benchmarks/arithmetic/hamming_15_high/hamming_15_high_block8.tensor.npy,true,0,"(58, 58, 58)","(58, 58, 58)",,external/alphatensor_quantum/decompositions/benchmarks_no_gadgets.npz
benchmarks_no_gadgets.npz,benchmark,paper_no_gadgets,False,hamming_15_high_block8,hamming_15_high,block8,9,100,58,0,0,100,100,external/circuit-to-tensor/benchmarks/arithmetic/hamming_15_high/hamming_15_high_block8.tensor.npy,true,0,"(58, 58, 58)","(58, 58, 58)",,external/alphatensor_quantum/decompositions/benchmarks_no_gadgets.npz
benchmarks_no_gadgets.npz,benchmark,paper_no_gadgets,False,hamming_15_high_block9,hamming_15_high,block9,0,99,59,0,0,99,99,external/circuit-to-tensor/benchmarks/arithmetic/hamming_15_high/hamming_15_high_block9.tensor.npy,true,0,"(59, 59, 59)","(59, 59, 59)",,external/alphatensor_quantum/decompositions/benchmarks_no_gadgets.npz
benchmarks_no_gadgets.npz,benchmark,paper_no_gadgets,False,hamming_15_low,hamming_15_low,,0,73,42,0,0,73,73,external/circuit-to-tensor/benchmarks/arithmetic/hamming_15_low/hamming_15_low.tensor.npy,true,0,"(42, 42, 42)","(42, 42, 42)",,external/alphatensor_quantum/decompositions/benchmarks_no_gadgets.npz
benchmarks_no_gadgets.npz,benchmark,paper_no_gadgets,False,hamming_15_low,hamming_15_low,,1,73,42,0,0,73,73,external/circuit-to-tensor/benchmarks/arithmetic/hamming_15_low/hamming_15_low.tensor.npy,true,0,"(42, 42, 42)","(42, 42, 42)",,external/alphatensor_quantum/decompositions/benchmarks_no_gadgets.npz
benchmarks_no_gadgets.npz,benchmark,paper_no_gadgets,False,hamming_15_low,hamming_15_low,,2,73,42,0,0,73,73,external/circuit-to-tensor/benchmarks/arithmetic/hamming_15_low/hamming_15_low.tensor.npy,true,0,"(42, 42, 42)","(42, 42, 42)",,external/alphatensor_quantum/decompositions/benchmarks_no_gadgets.npz
benchmarks_no_gadgets.npz,benchmark,paper_no_gadgets,False,hamming_15_low,hamming_15_low,,3,73,42,0,0,73,73,external/circuit-to-tensor/benchmarks/arithmetic/hamming_15_low/hamming_15_low.tensor.npy,true,0,"(42, 42, 42)","(42, 42, 42)",,external/alphatensor_quantum/decompositions/benchmarks_no_gadgets.npz
benchmarks_no_gadgets.npz,benchmark,paper_no_gadgets,False,hamming_15_low,hamming_15_low,,4,73,42,0,0,73,73,external/circuit-to-tensor/benchmarks/arithmetic/hamming_15_low/hamming_15_low.tensor.npy,true,0,"(42, 42, 42)","(42, 42, 42)",,external/alphatensor_quantum/decompositions/benchmarks_no_gadgets.npz
benchmarks_no_gadgets.npz,benchmark,paper_no_gadgets,False,hamming_15_low,hamming_15_low,,5,73,42,0,0,73,73,external/circuit-to-tensor/benchmarks/arithmetic/hamming_15_low/hamming_15_low.tensor.npy,true,0,"(42, 42, 42)","(42, 42, 42)",,external/alphatensor_quantum/decompositions/benchmarks_no_gadgets.npz
benchmarks_no_gadgets.npz,benchmark,paper_no_gadgets,False,hamming_15_low,hamming_15_low,,6,73,42,0,0,73,73,external/circuit-to-tensor/benchmarks/arithmetic/hamming_15_low/hamming_15_low.tensor.npy,true,0,"(42, 42, 42)","(42, 42, 42)",,external/alphatensor_quantum/decompositions/benchmarks_no_gadgets.npz
benchmarks_no_gadgets.npz,benchmark,paper_no_gadgets,False,hamming_15_low,hamming_15_low,,7,73,42,0,0,73,73,external/circuit-to-tensor/benchmarks/arithmetic/hamming_15_low/hamming_15_low.tensor.npy,true,0,"(42, 42, 42)","(42, 42, 42)",,external/alphatensor_quantum/decompositions/benchmarks_no_gadgets.npz
benchmarks_no_gadgets.npz,benchmark,paper_no_gadgets,False,hamming_15_low,hamming_15_low,,8,73,42,0,0,73,73,external/circuit-to-tensor/benchmarks/arithmetic/hamming_15_low/hamming_15_low.tensor.npy,true,0,"(42, 42, 42)","(42, 42, 42)",,external/alphatensor_quantum/decompositions/benchmarks_no_gadgets.npz
benchmarks_no_gadgets.npz,benchmark,paper_no_gadgets,False,hamming_15_low,hamming_15_low,,9,73,42,0,0,73,73,external/circuit-to-tensor/benchmarks/arithmetic/hamming_15_low/hamming_15_low.tensor.npy,true,0,"(42, 42, 42)","(42, 42, 42)",,external/alphatensor_quantum/decompositions/benchmarks_no_gadgets.npz
benchmarks_no_gadgets.npz,benchmark,paper_no_gadgets,False,hamming_15_med_block1,hamming_15_med,block1,0,38,25,0,0,38,38,external/circuit-to-tensor/benchmarks/arithmetic/hamming_15_med/hamming_15_med_block1.tensor.npy,true,0,"(25, 25, 25)","(25, 25, 25)",,external/alphatensor_quantum/decompositions/benchmarks_no_gadgets.npz
benchmarks_no_gadgets.npz,benchmark,paper_no_gadgets,False,hamming_15_med_block1,hamming_15_med,block1,1,38,25,0,0,38,38,external/circuit-to-tensor/benchmarks/arithmetic/hamming_15_med/hamming_15_med_block1.tensor.npy,true,0,"(25, 25, 25)","(25, 25, 25)",,external/alphatensor_quantum/decompositions/benchmarks_no_gadgets.npz
benchmarks_no_gadgets.npz,benchmark,paper_no_gadgets,False,hamming_15_med_block1,hamming_15_med,block1,2,38,25,0,0,38,38,external/circuit-to-tensor/benchmarks/arithmetic/hamming_15_med/hamming_15_med_block1.tensor.npy,true,0,"(25, 25, 25)","(25, 25, 25)",,external/alphatensor_quantum/decompositions/benchmarks_no_gadgets.npz
benchmarks_no_gadgets.npz,benchmark,paper_no_gadgets,False,hamming_15_med_block1,hamming_15_med,block1,3,38,25,0,0,38,38,external/circuit-to-tensor/benchmarks/arithmetic/hamming_15_med/hamming_15_med_block1.tensor.npy,true,0,"(25, 25, 25)","(25, 25, 25)",,external/alphatensor_quantum/decompositions/benchmarks_no_gadgets.npz
benchmarks_no_gadgets.npz,benchmark,paper_no_gadgets,False,hamming_15_med_block1,hamming_15_med,block1,4,38,25,0,0,38,38,external/circuit-to-tensor/benchmarks/arithmetic/hamming_15_med/hamming_15_med_block1.tensor.npy,true,0,"(25, 25, 25)","(25, 25, 25)",,external/alphatensor_quantum/decompositions/benchmarks_no_gadgets.npz
benchmarks_no_gadgets.npz,benchmark,paper_no_gadgets,False,hamming_15_med_block1,hamming_15_med,block1,5,38,25,0,0,38,38,external/circuit-to-tensor/benchmarks/arithmetic/hamming_15_med/hamming_15_med_block1.tensor.npy,true,0,"(25, 25, 25)","(25, 25, 25)",,external/alphatensor_quantum/decompositions/benchmarks_no_gadgets.npz
benchmarks_no_gadgets.npz,benchmark,paper_no_gadgets,False,hamming_15_med_block1,hamming_15_med,block1,6,38,25,0,0,38,38,external/circuit-to-tensor/benchmarks/arithmetic/hamming_15_med/hamming_15_med_block1.tensor.npy,true,0,"(25, 25, 25)","(25, 25, 25)",,external/alphatensor_quantum/decompositions/benchmarks_no_gadgets.npz
benchmarks_no_gadgets.npz,benchmark,paper_no_gadgets,False,hamming_15_med_block1,hamming_15_med,block1,7,38,25,0,0,38,38,external/circuit-to-tensor/benchmarks/arithmetic/hamming_15_med/hamming_15_med_block1.tensor.npy,true,0,"(25, 25, 25)","(25, 25, 25)",,external/alphatensor_quantum/decompositions/benchmarks_no_gadgets.npz
benchmarks_no_gadgets.npz,benchmark,paper_no_gadgets,False,hamming_15_med_block1,hamming_15_med,block1,8,38,25,0,0,38,38,external/circuit-to-tensor/benchmarks/arithmetic/hamming_15_med/hamming_15_med_block1.tensor.npy,true,0,"(25, 25, 25)","(25, 25, 25)",,external/alphatensor_quantum/decompositions/benchmarks_no_gadgets.npz
benchmarks_no_gadgets.npz,benchmark,paper_no_gadgets,False,hamming_15_med_block1,hamming_15_med,block1,9,38,25,0,0,38,38,external/circuit-to-tensor/benchmarks/arithmetic/hamming_15_med/hamming_15_med_block1.tensor.npy,true,0,"(25, 25, 25)","(25, 25, 25)",,external/alphatensor_quantum/decompositions/benchmarks_no_gadgets.npz
benchmarks_no_gadgets.npz,benchmark,paper_no_gadgets,False,hamming_15_med_block2,hamming_15_med,block2,0,118,59,0,0,118,118,external/circuit-to-tensor/benchmarks/arithmetic/hamming_15_med/hamming_15_med_block2.tensor.npy,true,0,"(59, 59, 59)","(59, 59, 59)",,external/alphatensor_quantum/decompositions/benchmarks_no_gadgets.npz
benchmarks_no_gadgets.npz,benchmark,paper_no_gadgets,False,hamming_15_med_block2,hamming_15_med,block2,1,118,59,0,0,118,118,external/circuit-to-tensor/benchmarks/arithmetic/hamming_15_med/hamming_15_med_block2.tensor.npy,true,0,"(59, 59, 59)","(59, 59, 59)",,external/alphatensor_quantum/decompositions/benchmarks_no_gadgets.npz
benchmarks_no_gadgets.npz,benchmark,paper_no_gadgets,False,hamming_15_med_block2,hamming_15_med,block2,2,118,59,0,0,118,118,external/circuit-to-tensor/benchmarks/arithmetic/hamming_15_med/hamming_15_med_block2.tensor.npy,true,0,"(59, 59, 59)","(59, 59, 59)",,external/alphatensor_quantum/decompositions/benchmarks_no_gadgets.npz
benchmarks_no_gadgets.npz,benchmark,paper_no_gadgets,False,hamming_15_med_block2,hamming_15_med,block2,3,118,59,0,0,118,118,external/circuit-to-tensor/benchmarks/arithmetic/hamming_15_med/hamming_15_med_block2.tensor.npy,true,0,"(59, 59, 59)","(59, 59, 59)",,external/alphatensor_quantum/decompositions/benchmarks_no_gadgets.npz
benchmarks_no_gadgets.npz,benchmark,paper_no_gadgets,False,hwb_6,hwb_6,,0,51,27,0,0,51,51,external/circuit-to-tensor/benchmarks/arithmetic/hwb_6/hwb_6.tensor.npy,true,0,"(27, 27, 27)","(27, 27, 27)",,external/alphatensor_quantum/decompositions/benchmarks_no_gadgets.npz
benchmarks_no_gadgets.npz,benchmark,paper_no_gadgets,False,hwb_6,hwb_6,,1,51,27,0,0,51,51,external/circuit-to-tensor/benchmarks/arithmetic/hwb_6/hwb_6.tensor.npy,true,0,"(27, 27, 27)","(27, 27, 27)",,external/alphatensor_quantum/decompositions/benchmarks_no_gadgets.npz
benchmarks_no_gadgets.npz,benchmark,paper_no_gadgets,False,hwb_6,hwb_6,,2,51,27,0,0,51,51,external/circuit-to-tensor/benchmarks/arithmetic/hwb_6/hwb_6.tensor.npy,true,0,"(27, 27, 27)","(27, 27, 27)",,external/alphatensor_quantum/decompositions/benchmarks_no_gadgets.npz
benchmarks_no_gadgets.npz,benchmark,paper_no_gadgets,False,hwb_6,hwb_6,,3,51,27,0,0,51,51,external/circuit-to-tensor/benchmarks/arithmetic/hwb_6/hwb_6.tensor.npy,true,0,"(27, 27, 27)","(27, 27, 27)",,external/alphatensor_quantum/decompositions/benchmarks_no_gadgets.npz
benchmarks_no_gadgets.npz,benchmark,paper_no_gadgets,False,hwb_6,hwb_6,,4,51,27,0,0,51,51,external/circuit-to-tensor/benchmarks/arithmetic/hwb_6/hwb_6.tensor.npy,true,0,"(27, 27, 27)","(27, 27, 27)",,external/alphatensor_quantum/decompositions/benchmarks_no_gadgets.npz
benchmarks_no_gadgets.npz,benchmark,paper_no_gadgets,False,hwb_6,hwb_6,,5,51,27,0,0,51,51,external/circuit-to-tensor/benchmarks/arithmetic/hwb_6/hwb_6.tensor.npy,true,0,"(27, 27, 27)","(27, 27, 27)",,external/alphatensor_quantum/decompositions/benchmarks_no_gadgets.npz
benchmarks_no_gadgets.npz,benchmark,paper_no_gadgets,False,hwb_6,hwb_6,,6,51,27,0,0,51,51,external/circuit-to-tensor/benchmarks/arithmetic/hwb_6/hwb_6.tensor.npy,true,0,"(27, 27, 27)","(27, 27, 27)",,external/alphatensor_quantum/decompositions/benchmarks_no_gadgets.npz
benchmarks_no_gadgets.npz,benchmark,paper_no_gadgets,False,hwb_6,hwb_6,,7,51,27,0,0,51,51,external/circuit-to-tensor/benchmarks/arithmetic/hwb_6/hwb_6.tensor.npy,true,0,"(27, 27, 27)","(27, 27, 27)",,external/alphatensor_quantum/decompositions/benchmarks_no_gadgets.npz
benchmarks_no_gadgets.npz,benchmark,paper_no_gadgets,False,hwb_6,hwb_6,,8,51,27,0,0,51,51,external/circuit-to-tensor/benchmarks/arithmetic/hwb_6/hwb_6.tensor.npy,true,0,"(27, 27, 27)","(27, 27, 27)",,external/alphatensor_quantum/decompositions/benchmarks_no_gadgets.npz
benchmarks_no_gadgets.npz,benchmark,paper_no_gadgets,False,hwb_6,hwb_6,,9,51,27,0,0,51,51,external/circuit-to-tensor/benchmarks/arithmetic/hwb_6/hwb_6.tensor.npy,true,0,"(27, 27, 27)","(27, 27, 27)",,external/alphatensor_quantum/decompositions/benchmarks_no_gadgets.npz
benchmarks_no_gadgets.npz,benchmark,paper_no_gadgets,False,mod_5_4,mod_5_4,,0,7,5,0,0,7,7,external/circuit-to-tensor/benchmarks/arithmetic/mod_5_4/mod_5_4.tensor.npy,true,0,"(5, 5, 5)","(5, 5, 5)",,external/alphatensor_quantum/decompositions/benchmarks_no_gadgets.npz
benchmarks_no_gadgets.npz,benchmark,paper_no_gadgets,False,mod_adder_1024_block1,mod_adder_1024,block1,0,75,54,0,0,75,75,external/circuit-to-tensor/benchmarks/arithmetic/mod_adder_1024/mod_adder_1024_block1.tensor.npy,true,0,"(54, 54, 54)","(54, 54, 54)",,external/alphatensor_quantum/decompositions/benchmarks_no_gadgets.npz
benchmarks_no_gadgets.npz,benchmark,paper_no_gadgets,False,mod_adder_1024_block1,mod_adder_1024,block1,1,75,54,0,0,75,75,external/circuit-to-tensor/benchmarks/arithmetic/mod_adder_1024/mod_adder_1024_block1.tensor.npy,true,0,"(54, 54, 54)","(54, 54, 54)",,external/alphatensor_quantum/decompositions/benchmarks_no_gadgets.npz
benchmarks_no_gadgets.npz,benchmark,paper_no_gadgets,False,mod_adder_1024_block1,mod_adder_1024,block1,2,75,54,0,0,75,75,external/circuit-to-tensor/benchmarks/arithmetic/mod_adder_1024/mod_adder_1024_block1.tensor.npy,true,0,"(54, 54, 54)","(54, 54, 54)",,external/alphatensor_quantum/decompositions/benchmarks_no_gadgets.npz
benchmarks_no_gadgets.npz,benchmark,paper_no_gadgets,False,mod_adder_1024_block1,mod_adder_1024,block1,3,75,54,0,0,75,75,external/circuit-to-tensor/benchmarks/arithmetic/mod_adder_1024/mod_adder_1024_block1.tensor.npy,true,0,"(54, 54, 54)","(54, 54, 54)",,external/alphatensor_quantum/decompositions/benchmarks_no_gadgets.npz
benchmarks_no_gadgets.npz,benchmark,paper_no_gadgets,False,mod_adder_1024_block1,mod_adder_1024,block1,4,75,54,0,0,75,75,external/circuit-to-tensor/benchmarks/arithmetic/mod_adder_1024/mod_adder_1024_block1.tensor.npy,true,0,"(54, 54, 54)","(54, 54, 54)",,external/alphatensor_quantum/decompositions/benchmarks_no_gadgets.npz
benchmarks_no_gadgets.npz,benchmark,paper_no_gadgets,False,mod_adder_1024_block1,mod_adder_1024,block1,5,75,54,0,0,75,75,external/circuit-to-tensor/benchmarks/arithmetic/mod_adder_1024/mod_adder_1024_block1.tensor.npy,true,0,"(54, 54, 54)","(54, 54, 54)",,external/alphatensor_quantum/decompositions/benchmarks_no_gadgets.npz
benchmarks_no_gadgets.npz,benchmark,paper_no_gadgets,False,mod_adder_1024_block1,mod_adder_1024,block1,6,75,54,0,0,75,75,external/circuit-to-tensor/benchmarks/arithmetic/mod_adder_1024/mod_adder_1024_block1.tensor.npy,true,0,"(54, 54, 54)","(54, 54, 54)",,external/alphatensor_quantum/decompositions/benchmarks_no_gadgets.npz
benchmarks_no_gadgets.npz,benchmark,paper_no_gadgets,False,mod_adder_1024_block1,mod_adder_1024,block1,7,75,54,0,0,75,75,external/circuit-to-tensor/benchmarks/arithmetic/mod_adder_1024/mod_adder_1024_block1.tensor.npy,true,0,"(54, 54, 54)","(54, 54, 54)",,external/alphatensor_quantum/decompositions/benchmarks_no_gadgets.npz
benchmarks_no_gadgets.npz,benchmark,paper_no_gadgets,False,mod_adder_1024_block1,mod_adder_1024,block1,8,75,54,0,0,75,75,external/circuit-to-tensor/benchmarks/arithmetic/mod_adder_1024/mod_adder_1024_block1.tensor.npy,true,0,"(54, 54, 54)","(54, 54, 54)",,external/alphatensor_quantum/decompositions/benchmarks_no_gadgets.npz
benchmarks_no_gadgets.npz,benchmark,paper_no_gadgets,False,mod_adder_1024_block1,mod_adder_1024,block1,9,75,54,0,0,75,75,external/circuit-to-tensor/benchmarks/arithmetic/mod_adder_1024/mod_adder_1024_block1.tensor.npy,true,0,"(54, 54, 54)","(54, 54, 54)",,external/alphatensor_quantum/decompositions/benchmarks_no_gadgets.npz
benchmarks_no_gadgets.npz,benchmark,paper_no_gadgets,False,mod_adder_1024_block10,mod_adder_1024,block10,0,59,53,0,0,59,59,external/circuit-to-tensor/benchmarks/arithmetic/mod_adder_1024/mod_adder_10240.tensor.npy,true,0,"(53, 53, 53)","(53, 53, 53)",,external/alphatensor_quantum/decompositions/benchmarks_no_gadgets.npz
benchmarks_no_gadgets.npz,benchmark,paper_no_gadgets,False,mod_adder_1024_block10,mod_adder_1024,block10,1,59,53,0,0,59,59,external/circuit-to-tensor/benchmarks/arithmetic/mod_adder_1024/mod_adder_10240.tensor.npy,true,0,"(53, 53, 53)","(53, 53, 53)",,external/alphatensor_quantum/decompositions/benchmarks_no_gadgets.npz
benchmarks_no_gadgets.npz,benchmark,paper_no_gadgets,False,mod_adder_1024_block10,mod_adder_1024,block10,2,59,53,0,0,59,59,external/circuit-to-tensor/benchmarks/arithmetic/mod_adder_1024/mod_adder_10240.tensor.npy,true,0,"(53, 53, 53)","(53, 53, 53)",,external/alphatensor_quantum/decompositions/benchmarks_no_gadgets.npz
benchmarks_no_gadgets.npz,benchmark,paper_no_gadgets,False,mod_adder_1024_block10,mod_adder_1024,block10,3,59,53,0,0,59,59,external/circuit-to-tensor/benchmarks/arithmetic/mod_adder_1024/mod_adder_10240.tensor.npy,true,0,"(53, 53, 53)","(53, 53, 53)",,external/alphatensor_quantum/decompositions/benchmarks_no_gadgets.npz
benchmarks_no_gadgets.npz,benchmark,paper_no_gadgets,False,mod_adder_1024_block10,mod_adder_1024,block10,4,59,53,0,0,59,59,external/circuit-to-tensor/benchmarks/arithmetic/mod_adder_1024/mod_adder_10240.tensor.npy,true,0,"(53, 53, 53)","(53, 53, 53)",,external/alphatensor_quantum/decompositions/benchmarks_no_gadgets.npz
benchmarks_no_gadgets.npz,benchmark,paper_no_gadgets,False,mod_adder_1024_block10,mod_adder_1024,block10,5,59,53,0,0,59,59,external/circuit-to-tensor/benchmarks/arithmetic/mod_adder_1024/mod_adder_10240.tensor.npy,true,0,"(53, 53, 53)","(53, 53, 53)",,external/alphatensor_quantum/decompositions/benchmarks_no_gadgets.npz
benchmarks_no_gadgets.npz,benchmark,paper_no_gadgets,False,mod_adder_1024_block10,mod_adder_1024,block10,6,59,53,0,0,59,59,external/circuit-to-tensor/benchmarks/arithmetic/mod_adder_1024/mod_adder_10240.tensor.npy,true,0,"(53, 53, 53)","(53, 53, 53)",,external/alphatensor_quantum/decompositions/benchmarks_no_gadgets.npz
benchmarks_no_gadgets.npz,benchmark,paper_no_gadgets,False,mod_adder_1024_block10,mod_adder_1024,block10,7,59,53,0,0,59,59,external/circuit-to-tensor/benchmarks/arithmetic/mod_adder_1024/mod_adder_10240.tensor.npy,true,0,"(53, 53, 53)","(53, 53, 53)",,external/alphatensor_quantum/decompositions/benchmarks_no_gadgets.npz
benchmarks_no_gadgets.npz,benchmark,paper_no_gadgets,False,mod_adder_1024_block10,mod_adder_1024,block10,8,59,53,0,0,59,59,external/circuit-to-tensor/benchmarks/arithmetic/mod_adder_1024/mod_adder_10240.tensor.npy,true,0,"(53, 53, 53)","(53, 53, 53)",,external/alphatensor_quantum/decompositions/benchmarks_no_gadgets.npz
benchmarks_no_gadgets.npz,benchmark,paper_no_gadgets,False,mod_adder_1024_block10,mod_adder_1024,block10,9,59,53,0,0,59,59,external/circuit-to-tensor/benchmarks/arithmetic/mod_adder_1024/mod_adder_10240.tensor.npy,true,0,"(53, 53, 53)","(53, 53, 53)",,external/alphatensor_quantum/decompositions/benchmarks_no_gadgets.npz
benchmarks_no_gadgets.npz,benchmark,paper_no_gadgets,False,mod_adder_1024_block2,mod_adder_1024,block2,0,70,52,0,0,70,70,external/circuit-to-tensor/benchmarks/arithmetic/mod_adder_1024/mod_adder_1024_block2.tensor.npy,true,0,"(52, 52, 52)","(52, 52, 52)",,external/alphatensor_quantum/decompositions/benchmarks_no_gadgets.npz
benchmarks_no_gadgets.npz,benchmark,paper_no_gadgets,False,mod_adder_1024_block2,mod_adder_1024,block2,1,70,52,0,0,70,70,external/circuit-to-tensor/benchmarks/arithmetic/mod_adder_1024/mod_adder_1024_block2.tensor.npy,true,0,"(52, 52, 52)","(52, 52, 52)",,external/alphatensor_quantum/decompositions/benchmarks_no_gadgets.npz
benchmarks_no_gadgets.npz,benchmark,paper_no_gadgets,False,mod_adder_1024_block2,mod_adder_1024,block2,2,70,52,0,0,70,70,external/circuit-to-tensor/benchmarks/arithmetic/mod_adder_1024/mod_adder_1024_block2.tensor.npy,true,0,"(52, 52, 52)","(52, 52, 52)",,external/alphatensor_quantum/decompositions/benchmarks_no_gadgets.npz
benchmarks_no_gadgets.npz,benchmark,paper_no_gadgets,False,mod_adder_1024_block2,mod_adder_1024,block2,3,70,52,0,0,70,70,external/circuit-to-tensor/benchmarks/arithmetic/mod_adder_1024/mod_adder_1024_block2.tensor.npy,true,0,"(52, 52, 52)","(52, 52, 52)",,external/alphatensor_quantum/decompositions/benchmarks_no_gadgets.npz
benchmarks_no_gadgets.npz,benchmark,paper_no_gadgets,False,mod_adder_1024_block2,mod_adder_1024,block2,4,70,52,0,0,70,70,external/circuit-to-tensor/benchmarks/arithmetic/mod_adder_1024/mod_adder_1024_block2.tensor.npy,true,0,"(52, 52, 52)","(52, 52, 52)",,external/alphatensor_quantum/decompositions/benchmarks_no_gadgets.npz
benchmarks_no_gadgets.npz,benchmark,paper_no_gadgets,False,mod_adder_1024_block2,mod_adder_1024,block2,5,70,52,0,0,70,70,external/circuit-to-tensor/benchmarks/arithmetic/mod_adder_1024/mod_adder_1024_block2.tensor.npy,true,0,"(52, 52, 52)","(52, 52, 52)",,external/alphatensor_quantum/decompositions/benchmarks_no_gadgets.npz
benchmarks_no_gadgets.npz,benchmark,paper_no_gadgets,False,mod_adder_1024_block2,mod_adder_1024,block2,6,70,52,0,0,70,70,external/circuit-to-tensor/benchmarks/arithmetic/mod_adder_1024/mod_adder_1024_block2.tensor.npy,true,0,"(52, 52, 52)","(52, 52, 52)",,external/alphatensor_quantum/decompositions/benchmarks_no_gadgets.npz
benchmarks_no_gadgets.npz,benchmark,paper_no_gadgets,False,mod_adder_1024_block2,mod_adder_1024,block2,7,70,52,0,0,70,70,external/circuit-to-tensor/benchmarks/arithmetic/mod_adder_1024/mod_adder_1024_block2.tensor.npy,true,0,"(52, 52, 52)","(52, 52, 52)",,external/alphatensor_quantum/decompositions/benchmarks_no_gadgets.npz
benchmarks_no_gadgets.npz,benchmark,paper_no_gadgets,False,mod_adder_1024_block2,mod_adder_1024,block2,8,70,52,0,0,70,70,external/circuit-to-tensor/benchmarks/arithmetic/mod_adder_1024/mod_adder_1024_block2.tensor.npy,true,0,"(52, 52, 52)","(52, 52, 52)",,external/alphatensor_quantum/decompositions/benchmarks_no_gadgets.npz
benchmarks_no_gadgets.npz,benchmark,paper_no_gadgets,False,mod_adder_1024_block2,mod_adder_1024,block2,9,70,52,0,0,70,70,external/circuit-to-tensor/benchmarks/arithmetic/mod_adder_1024/mod_adder_1024_block2.tensor.npy,true,0,"(52, 52, 52)","(52, 52, 52)",,external/alphatensor_quantum/decompositions/benchmarks_no_gadgets.npz
benchmarks_no_gadgets.npz,benchmark,paper_no_gadgets,False,mod_adder_1024_block3,mod_adder_1024,block3,0,76,53,0,0,76,76,external/circuit-to-tensor/benchmarks/arithmetic/mod_adder_1024/mod_adder_1024_block3.tensor.npy,true,0,"(53, 53, 53)","(53, 53, 53)",,external/alphatensor_quantum/decompositions/benchmarks_no_gadgets.npz
benchmarks_no_gadgets.npz,benchmark,paper_no_gadgets,False,mod_adder_1024_block3,mod_adder_1024,block3,1,76,53,0,0,76,76,external/circuit-to-tensor/benchmarks/arithmetic/mod_adder_1024/mod_adder_1024_block3.tensor.npy,true,0,"(53, 53, 53)","(53, 53, 53)",,external/alphatensor_quantum/decompositions/benchmarks_no_gadgets.npz
benchmarks_no_gadgets.npz,benchmark,paper_no_gadgets,False,mod_adder_1024_block4,mod_adder_1024,block4,0,77,55,0,0,77,77,external/circuit-to-tensor/benchmarks/arithmetic/mod_adder_1024/mod_adder_1024_block4.tensor.npy,true,0,"(55, 55, 55)","(55, 55, 55)",,external/alphatensor_quantum/decompositions/benchmarks_no_gadgets.npz
benchmarks_no_gadgets.npz,benchmark,paper_no_gadgets,False,mod_adder_1024_block4,mod_adder_1024,block4,1,77,55,0,0,77,77,external/circuit-to-tensor/benchmarks/arithmetic/mod_adder_1024/mod_adder_1024_block4.tensor.npy,true,0,"(55, 55, 55)","(55, 55, 55)",,external/alphatensor_quantum/decompositions/benchmarks_no_gadgets.npz
benchmarks_no_gadgets.npz,benchmark,paper_no_gadgets,False,mod_adder_1024_block4,mod_adder_1024,block4,2,77,55,0,0,77,77,external/circuit-to-tensor/benchmarks/arithmetic/mod_adder_1024/mod_adder_1024_block4.tensor.npy,true,0,"(55, 55, 55)","(55, 55, 55)",,external/alphatensor_quantum/decompositions/benchmarks_no_gadgets.npz
benchmarks_no_gadgets.npz,benchmark,paper_no_gadgets,False,mod_adder_1024_block4,mod_adder_1024,block4,3,77,55,0,0,77,77,external/circuit-to-tensor/benchmarks/arithmetic/mod_adder_1024/mod_adder_1024_block4.tensor.npy,true,0,"(55, 55, 55)","(55, 55, 55)",,external/alphatensor_quantum/decompositions/benchmarks_no_gadgets.npz
benchmarks_no_gadgets.npz,benchmark,paper_no_gadgets,False,mod_adder_1024_block4,mod_adder_1024,block4,4,77,55,0,0,77,77,external/circuit-to-tensor/benchmarks/arithmetic/mod_adder_1024/mod_adder_1024_block4.tensor.npy,true,0,"(55, 55, 55)","(55, 55, 55)",,external/alphatensor_quantum/decompositions/benchmarks_no_gadgets.npz
benchmarks_no_gadgets.npz,benchmark,paper_no_gadgets,False,mod_adder_1024_block4,mod_adder_1024,block4,5,77,55,0,0,77,77,external/circuit-to-tensor/benchmarks/arithmetic/mod_adder_1024/mod_adder_1024_block4.tensor.npy,true,0,"(55, 55, 55)","(55, 55, 55)",,external/alphatensor_quantum/decompositions/benchmarks_no_gadgets.npz
benchmarks_no_gadgets.npz,benchmark,paper_no_gadgets,False,mod_adder_1024_block4,mod_adder_1024,block4,6,77,55,0,0,77,77,external/circuit-to-tensor/benchmarks/arithmetic/mod_adder_1024/mod_adder_1024_block4.tensor.npy,true,0,"(55, 55, 55)","(55, 55, 55)",,external/alphatensor_quantum/decompositions/benchmarks_no_gadgets.npz
benchmarks_no_gadgets.npz,benchmark,paper_no_gadgets,False,mod_adder_1024_block4,mod_adder_1024,block4,7,77,55,0,0,77,77,external/circuit-to-tensor/benchmarks/arithmetic/mod_adder_1024/mod_adder_1024_block4.tensor.npy,true,0,"(55, 55, 55)","(55, 55, 55)",,external/alphatensor_quantum/decompositions/benchmarks_no_gadgets.npz
benchmarks_no_gadgets.npz,benchmark,paper_no_gadgets,False,mod_adder_1024_block4,mod_adder_1024,block4,8,77,55,0,0,77,77,external/circuit-to-tensor/benchmarks/arithmetic/mod_adder_1024/mod_adder_1024_block4.tensor.npy,true,0,"(55, 55, 55)","(55, 55, 55)",,external/alphatensor_quantum/decompositions/benchmarks_no_gadgets.npz
benchmarks_no_gadgets.npz,benchmark,paper_no_gadgets,False,mod_adder_1024_block4,mod_adder_1024,block4,9,77,55,0,0,77,77,external/circuit-to-tensor/benchmarks/arithmetic/mod_adder_1024/mod_adder_1024_block4.tensor.npy,true,0,"(55, 55, 55)","(55, 55, 55)",,external/alphatensor_quantum/decompositions/benchmarks_no_gadgets.npz
benchmarks_no_gadgets.npz,benchmark,paper_no_gadgets,False,mod_adder_1024_block5,mod_adder_1024,block5,0,73,54,0,0,73,73,external/circuit-to-tensor/benchmarks/arithmetic/mod_adder_1024/mod_adder_1024_block5.tensor.npy,true,0,"(54, 54, 54)","(54, 54, 54)",,external/alphatensor_quantum/decompositions/benchmarks_no_gadgets.npz
benchmarks_no_gadgets.npz,benchmark,paper_no_gadgets,False,mod_adder_1024_block5,mod_adder_1024,block5,1,73,54,0,0,73,73,external/circuit-to-tensor/benchmarks/arithmetic/mod_adder_1024/mod_adder_1024_block5.tensor.npy,true,0,"(54, 54, 54)","(54, 54, 54)",,external/alphatensor_quantum/decompositions/benchmarks_no_gadgets.npz
benchmarks_no_gadgets.npz,benchmark,paper_no_gadgets,False,mod_adder_1024_block5,mod_adder_1024,block5,2,73,54,0,0,73,73,external/circuit-to-tensor/benchmarks/arithmetic/mod_adder_1024/mod_adder_1024_block5.tensor.npy,true,0,"(54, 54, 54)","(54, 54, 54)",,external/alphatensor_quantum/decompositions/benchmarks_no_gadgets.npz
benchmarks_no_gadgets.npz,benchmark,paper_no_gadgets,False,mod_adder_1024_block5,mod_adder_1024,block5,3,73,54,0,0,73,73,external/circuit-to-tensor/benchmarks/arithmetic/mod_adder_1024/mod_adder_1024_block5.tensor.npy,true,0,"(54, 54, 54)","(54, 54, 54)",,external/alphatensor_quantum/decompositions/benchmarks_no_gadgets.npz
benchmarks_no_gadgets.npz,benchmark,paper_no_gadgets,False,mod_adder_1024_block5,mod_adder_1024,block5,4,73,54,0,0,73,73,external/circuit-to-tensor/benchmarks/arithmetic/mod_adder_1024/mod_adder_1024_block5.tensor.npy,true,0,"(54, 54, 54)","(54, 54, 54)",,external/alphatensor_quantum/decompositions/benchmarks_no_gadgets.npz
benchmarks_no_gadgets.npz,benchmark,paper_no_gadgets,False,mod_adder_1024_block5,mod_adder_1024,block5,5,73,54,0,0,73,73,external/circuit-to-tensor/benchmarks/arithmetic/mod_adder_1024/mod_adder_1024_block5.tensor.npy,true,0,"(54, 54, 54)","(54, 54, 54)",,external/alphatensor_quantum/decompositions/benchmarks_no_gadgets.npz
benchmarks_no_gadgets.npz,benchmark,paper_no_gadgets,False,mod_adder_1024_block5,mod_adder_1024,block5,6,73,54,0,0,73,73,external/circuit-to-tensor/benchmarks/arithmetic/mod_adder_1024/mod_adder_1024_block5.tensor.npy,true,0,"(54, 54, 54)","(54, 54, 54)",,external/alphatensor_quantum/decompositions/benchmarks_no_gadgets.npz
benchmarks_no_gadgets.npz,benchmark,paper_no_gadgets,False,mod_adder_1024_block5,mod_adder_1024,block5,7,73,54,0,0,73,73,external/circuit-to-tensor/benchmarks/arithmetic/mod_adder_1024/mod_adder_1024_block5.tensor.npy,true,0,"(54, 54, 54)","(54, 54, 54)",,external/alphatensor_quantum/decompositions/benchmarks_no_gadgets.npz
benchmarks_no_gadgets.npz,benchmark,paper_no_gadgets,False,mod_adder_1024_block5,mod_adder_1024,block5,8,73,54,0,0,73,73,external/circuit-to-tensor/benchmarks/arithmetic/mod_adder_1024/mod_adder_1024_block5.tensor.npy,true,0,"(54, 54, 54)","(54, 54, 54)",,external/alphatensor_quantum/decompositions/benchmarks_no_gadgets.npz
benchmarks_no_gadgets.npz,benchmark,paper_no_gadgets,False,mod_adder_1024_block5,mod_adder_1024,block5,9,73,54,0,0,73,73,external/circuit-to-tensor/benchmarks/arithmetic/mod_adder_1024/mod_adder_1024_block5.tensor.npy,true,0,"(54, 54, 54)","(54, 54, 54)",,external/alphatensor_quantum/decompositions/benchmarks_no_gadgets.npz
benchmarks_no_gadgets.npz,benchmark,paper_no_gadgets,False,mod_adder_1024_block6,mod_adder_1024,block6,0,83,52,0,0,83,83,external/circuit-to-tensor/benchmarks/arithmetic/mod_adder_1024/mod_adder_1024_block6.tensor.npy,true,0,"(52, 52, 52)","(52, 52, 52)",,external/alphatensor_quantum/decompositions/benchmarks_no_gadgets.npz
benchmarks_no_gadgets.npz,benchmark,paper_no_gadgets,False,mod_adder_1024_block7,mod_adder_1024,block7,0,87,59,0,0,87,87,external/circuit-to-tensor/benchmarks/arithmetic/mod_adder_1024/mod_adder_1024_block7.tensor.npy,true,0,"(59, 59, 59)","(59, 59, 59)",,external/alphatensor_quantum/decompositions/benchmarks_no_gadgets.npz
benchmarks_no_gadgets.npz,benchmark,paper_no_gadgets,False,mod_adder_1024_block8,mod_adder_1024,block8,0,73,56,0,0,73,73,external/circuit-to-tensor/benchmarks/arithmetic/mod_adder_1024/mod_adder_1024_block8.tensor.npy,true,0,"(56, 56, 56)","(56, 56, 56)",,external/alphatensor_quantum/decompositions/benchmarks_no_gadgets.npz
benchmarks_no_gadgets.npz,benchmark,paper_no_gadgets,False,mod_adder_1024_block8,mod_adder_1024,block8,1,73,56,0,0,73,73,external/circuit-to-tensor/benchmarks/arithmetic/mod_adder_1024/mod_adder_1024_block8.tensor.npy,true,0,"(56, 56, 56)","(56, 56, 56)",,external/alphatensor_quantum/decompositions/benchmarks_no_gadgets.npz
benchmarks_no_gadgets.npz,benchmark,paper_no_gadgets,False,mod_adder_1024_block8,mod_adder_1024,block8,2,73,56,0,0,73,73,external/circuit-to-tensor/benchmarks/arithmetic/mod_adder_1024/mod_adder_1024_block8.tensor.npy,true,0,"(56, 56, 56)","(56, 56, 56)",,external/alphatensor_quantum/decompositions/benchmarks_no_gadgets.npz
benchmarks_no_gadgets.npz,benchmark,paper_no_gadgets,False,mod_adder_1024_block8,mod_adder_1024,block8,3,73,56,0,0,73,73,external/circuit-to-tensor/benchmarks/arithmetic/mod_adder_1024/mod_adder_1024_block8.tensor.npy,true,0,"(56, 56, 56)","(56, 56, 56)",,external/alphatensor_quantum/decompositions/benchmarks_no_gadgets.npz
benchmarks_no_gadgets.npz,benchmark,paper_no_gadgets,False,mod_adder_1024_block8,mod_adder_1024,block8,4,73,56,0,0,73,73,external/circuit-to-tensor/benchmarks/arithmetic/mod_adder_1024/mod_adder_1024_block8.tensor.npy,true,0,"(56, 56, 56)","(56, 56, 56)",,external/alphatensor_quantum/decompositions/benchmarks_no_gadgets.npz
benchmarks_no_gadgets.npz,benchmark,paper_no_gadgets,False,mod_adder_1024_block9,mod_adder_1024,block9,0,89,56,0,0,89,89,external/circuit-to-tensor/benchmarks/arithmetic/mod_adder_1024/mod_adder_1024_block9.tensor.npy,true,0,"(56, 56, 56)","(56, 56, 56)",,external/alphatensor_quantum/decompositions/benchmarks_no_gadgets.npz
benchmarks_no_gadgets.npz,benchmark,paper_no_gadgets,False,mod_adder_1024_block9,mod_adder_1024,block9,1,89,56,0,0,89,89,external/circuit-to-tensor/benchmarks/arithmetic/mod_adder_1024/mod_adder_1024_block9.tensor.npy,true,0,"(56, 56, 56)","(56, 56, 56)",,external/alphatensor_quantum/decompositions/benchmarks_no_gadgets.npz
benchmarks_no_gadgets.npz,benchmark,paper_no_gadgets,False,mod_adder_1024_block9,mod_adder_1024,block9,2,89,56,0,0,89,89,external/circuit-to-tensor/benchmarks/arithmetic/mod_adder_1024/mod_adder_1024_block9.tensor.npy,true,0,"(56, 56, 56)","(56, 56, 56)",,external/alphatensor_quantum/decompositions/benchmarks_no_gadgets.npz
benchmarks_no_gadgets.npz,benchmark,paper_no_gadgets,False,mod_adder_1024_block9,mod_adder_1024,block9,3,89,56,0,0,89,89,external/circuit-to-tensor/benchmarks/arithmetic/mod_adder_1024/mod_adder_1024_block9.tensor.npy,true,0,"(56, 56, 56)","(56, 56, 56)",,external/alphatensor_quantum/decompositions/benchmarks_no_gadgets.npz
benchmarks_no_gadgets.npz,benchmark,paper_no_gadgets,False,mod_adder_1024_block9,mod_adder_1024,block9,4,89,56,0,0,89,89,external/circuit-to-tensor/benchmarks/arithmetic/mod_adder_1024/mod_adder_1024_block9.tensor.npy,true,0,"(56, 56, 56)","(56, 56, 56)",,external/alphatensor_quantum/decompositions/benchmarks_no_gadgets.npz
benchmarks_no_gadgets.npz,benchmark,paper_no_gadgets,False,mod_adder_1024_block9,mod_adder_1024,block9,5,89,56,0,0,89,89,external/circuit-to-tensor/benchmarks/arithmetic/mod_adder_1024/mod_adder_1024_block9.tensor.npy,true,0,"(56, 56, 56)","(56, 56, 56)",,external/alphatensor_quantum/decompositions/benchmarks_no_gadgets.npz
benchmarks_no_gadgets.npz,benchmark,paper_no_gadgets,False,mod_adder_1024_block9,mod_adder_1024,block9,6,89,56,0,0,89,89,external/circuit-to-tensor/benchmarks/arithmetic/mod_adder_1024/mod_adder_1024_block9.tensor.npy,true,0,"(56, 56, 56)","(56, 56, 56)",,external/alphatensor_quantum/decompositions/benchmarks_no_gadgets.npz
benchmarks_no_gadgets.npz,benchmark,paper_no_gadgets,False,mod_adder_1024_block9,mod_adder_1024,block9,7,89,56,0,0,89,89,external/circuit-to-tensor/benchmarks/arithmetic/mod_adder_1024/mod_adder_1024_block9.tensor.npy,true,0,"(56, 56, 56)","(56, 56, 56)",,external/alphatensor_quantum/decompositions/benchmarks_no_gadgets.npz
benchmarks_no_gadgets.npz,benchmark,paper_no_gadgets,False,mod_mult_55,mod_mult_55,,0,17,11,0,0,17,17,external/circuit-to-tensor/benchmarks/arithmetic/mod_mult_55/mod_mult_55.tensor.npy,true,0,"(11, 11, 11)","(11, 11, 11)",,external/alphatensor_quantum/decompositions/benchmarks_no_gadgets.npz
benchmarks_no_gadgets.npz,benchmark,paper_no_gadgets,False,mod_mult_55,mod_mult_55,,1,17,11,0,0,17,17,external/circuit-to-tensor/benchmarks/arithmetic/mod_mult_55/mod_mult_55.tensor.npy,true,0,"(11, 11, 11)","(11, 11, 11)",,external/alphatensor_quantum/decompositions/benchmarks_no_gadgets.npz
benchmarks_no_gadgets.npz,benchmark,paper_no_gadgets,False,mod_mult_55,mod_mult_55,,2,17,11,0,0,17,17,external/circuit-to-tensor/benchmarks/arithmetic/mod_mult_55/mod_mult_55.tensor.npy,true,0,"(11, 11, 11)","(11, 11, 11)",,external/alphatensor_quantum/decompositions/benchmarks_no_gadgets.npz
benchmarks_no_gadgets.npz,benchmark,paper_no_gadgets,False,mod_mult_55,mod_mult_55,,3,17,11,0,0,17,17,external/circuit-to-tensor/benchmarks/arithmetic/mod_mult_55/mod_mult_55.tensor.npy,true,0,"(11, 11, 11)","(11, 11, 11)",,external/alphatensor_quantum/decompositions/benchmarks_no_gadgets.npz
benchmarks_no_gadgets.npz,benchmark,paper_no_gadgets,False,mod_mult_55,mod_mult_55,,4,17,11,0,0,17,17,external/circuit-to-tensor/benchmarks/arithmetic/mod_mult_55/mod_mult_55.tensor.npy,true,0,"(11, 11, 11)","(11, 11, 11)",,external/alphatensor_quantum/decompositions/benchmarks_no_gadgets.npz
benchmarks_no_gadgets.npz,benchmark,paper_no_gadgets,False,mod_mult_55,mod_mult_55,,5,17,11,0,0,17,17,external/circuit-to-tensor/benchmarks/arithmetic/mod_mult_55/mod_mult_55.tensor.npy,true,0,"(11, 11, 11)","(11, 11, 11)",,external/alphatensor_quantum/decompositions/benchmarks_no_gadgets.npz
benchmarks_no_gadgets.npz,benchmark,paper_no_gadgets,False,mod_mult_55,mod_mult_55,,6,17,11,0,0,17,17,external/circuit-to-tensor/benchmarks/arithmetic/mod_mult_55/mod_mult_55.tensor.npy,true,0,"(11, 11, 11)","(11, 11, 11)",,external/alphatensor_quantum/decompositions/benchmarks_no_gadgets.npz
benchmarks_no_gadgets.npz,benchmark,paper_no_gadgets,False,mod_mult_55,mod_mult_55,,7,17,11,0,0,17,17,external/circuit-to-tensor/benchmarks/arithmetic/mod_mult_55/mod_mult_55.tensor.npy,true,0,"(11, 11, 11)","(11, 11, 11)",,external/alphatensor_quantum/decompositions/benchmarks_no_gadgets.npz
benchmarks_no_gadgets.npz,benchmark,paper_no_gadgets,False,mod_mult_55,mod_mult_55,,8,17,11,0,0,17,17,external/circuit-to-tensor/benchmarks/arithmetic/mod_mult_55/mod_mult_55.tensor.npy,true,0,"(11, 11, 11)","(11, 11, 11)",,external/alphatensor_quantum/decompositions/benchmarks_no_gadgets.npz
benchmarks_no_gadgets.npz,benchmark,paper_no_gadgets,False,mod_red_21,mod_red_21,,0,51,28,0,0,51,51,external/circuit-to-tensor/benchmarks/arithmetic/mod_red_21/mod_red_21.tensor.npy,true,0,"(28, 28, 28)","(28, 28, 28)",,external/alphatensor_quantum/decompositions/benchmarks_no_gadgets.npz
benchmarks_no_gadgets.npz,benchmark,paper_no_gadgets,False,mod_red_21,mod_red_21,,1,51,28,0,0,51,51,external/circuit-to-tensor/benchmarks/arithmetic/mod_red_21/mod_red_21.tensor.npy,true,0,"(28, 28, 28)","(28, 28, 28)",,external/alphatensor_quantum/decompositions/benchmarks_no_gadgets.npz
benchmarks_no_gadgets.npz,benchmark,paper_no_gadgets,False,mod_red_21,mod_red_21,,2,51,28,0,0,51,51,external/circuit-to-tensor/benchmarks/arithmetic/mod_red_21/mod_red_21.tensor.npy,true,0,"(28, 28, 28)","(28, 28, 28)",,external/alphatensor_quantum/decompositions/benchmarks_no_gadgets.npz
benchmarks_no_gadgets.npz,benchmark,paper_no_gadgets,False,mod_red_21,mod_red_21,,3,51,28,0,0,51,51,external/circuit-to-tensor/benchmarks/arithmetic/mod_red_21/mod_red_21.tensor.npy,true,0,"(28, 28, 28)","(28, 28, 28)",,external/alphatensor_quantum/decompositions/benchmarks_no_gadgets.npz
benchmarks_no_gadgets.npz,benchmark,paper_no_gadgets,False,mod_red_21,mod_red_21,,4,51,28,0,0,51,51,external/circuit-to-tensor/benchmarks/arithmetic/mod_red_21/mod_red_21.tensor.npy,true,0,"(28, 28, 28)","(28, 28, 28)",,external/alphatensor_quantum/decompositions/benchmarks_no_gadgets.npz
benchmarks_no_gadgets.npz,benchmark,paper_no_gadgets,False,mod_red_21,mod_red_21,,5,51,28,0,0,51,51,external/circuit-to-tensor/benchmarks/arithmetic/mod_red_21/mod_red_21.tensor.npy,true,0,"(28, 28, 28)","(28, 28, 28)",,external/alphatensor_quantum/decompositions/benchmarks_no_gadgets.npz
benchmarks_no_gadgets.npz,benchmark,paper_no_gadgets,False,mod_red_21,mod_red_21,,6,51,28,0,0,51,51,external/circuit-to-tensor/benchmarks/arithmetic/mod_red_21/mod_red_21.tensor.npy,true,0,"(28, 28, 28)","(28, 28, 28)",,external/alphatensor_quantum/decompositions/benchmarks_no_gadgets.npz
benchmarks_no_gadgets.npz,benchmark,paper_no_gadgets,False,mod_red_21,mod_red_21,,7,51,28,0,0,51,51,external/circuit-to-tensor/benchmarks/arithmetic/mod_red_21/mod_red_21.tensor.npy,true,0,"(28, 28, 28)","(28, 28, 28)",,external/alphatensor_quantum/decompositions/benchmarks_no_gadgets.npz
benchmarks_no_gadgets.npz,benchmark,paper_no_gadgets,False,mod_red_21,mod_red_21,,8,51,28,0,0,51,51,external/circuit-to-tensor/benchmarks/arithmetic/mod_red_21/mod_red_21.tensor.npy,true,0,"(28, 28, 28)","(28, 28, 28)",,external/alphatensor_quantum/decompositions/benchmarks_no_gadgets.npz
benchmarks_no_gadgets.npz,benchmark,paper_no_gadgets,False,mod_red_21,mod_red_21,,9,51,28,0,0,51,51,external/circuit-to-tensor/benchmarks/arithmetic/mod_red_21/mod_red_21.tensor.npy,true,0,"(28, 28, 28)","(28, 28, 28)",,external/alphatensor_quantum/decompositions/benchmarks_no_gadgets.npz
benchmarks_no_gadgets.npz,benchmark,paper_no_gadgets,False,nc_toff_10,nc_tof_10,,0,55,35,0,0,55,55,external/circuit-to-tensor/benchmarks/arithmetic/nc_tof_10/nc_tof_10.tensor.npy,true,0,"(35, 35, 35)","(35, 35, 35)",,external/alphatensor_quantum/decompositions/benchmarks_no_gadgets.npz
benchmarks_no_gadgets.npz,benchmark,paper_no_gadgets,False,nc_toff_10,nc_tof_10,,1,55,35,0,0,55,55,external/circuit-to-tensor/benchmarks/arithmetic/nc_tof_10/nc_tof_10.tensor.npy,true,0,"(35, 35, 35)","(35, 35, 35)",,external/alphatensor_quantum/decompositions/benchmarks_no_gadgets.npz
benchmarks_no_gadgets.npz,benchmark,paper_no_gadgets,False,nc_toff_10,nc_tof_10,,2,55,35,0,0,55,55,external/circuit-to-tensor/benchmarks/arithmetic/nc_tof_10/nc_tof_10.tensor.npy,true,0,"(35, 35, 35)","(35, 35, 35)",,external/alphatensor_quantum/decompositions/benchmarks_no_gadgets.npz
benchmarks_no_gadgets.npz,benchmark,paper_no_gadgets,False,nc_toff_10,nc_tof_10,,3,55,35,0,0,55,55,external/circuit-to-tensor/benchmarks/arithmetic/nc_tof_10/nc_tof_10.tensor.npy,true,0,"(35, 35, 35)","(35, 35, 35)",,external/alphatensor_quantum/decompositions/benchmarks_no_gadgets.npz
benchmarks_no_gadgets.npz,benchmark,paper_no_gadgets,False,nc_toff_10,nc_tof_10,,4,55,35,0,0,55,55,external/circuit-to-tensor/benchmarks/arithmetic/nc_tof_10/nc_tof_10.tensor.npy,true,0,"(35, 35, 35)","(35, 35, 35)",,external/alphatensor_quantum/decompositions/benchmarks_no_gadgets.npz
benchmarks_no_gadgets.npz,benchmark,paper_no_gadgets,False,nc_toff_10,nc_tof_10,,5,55,35,0,0,55,55,external/circuit-to-tensor/benchmarks/arithmetic/nc_tof_10/nc_tof_10.tensor.npy,true,0,"(35, 35, 35)","(35, 35, 35)",,external/alphatensor_quantum/decompositions/benchmarks_no_gadgets.npz
benchmarks_no_gadgets.npz,benchmark,paper_no_gadgets,False,nc_toff_10,nc_tof_10,,6,55,35,0,0,55,55,external/circuit-to-tensor/benchmarks/arithmetic/nc_tof_10/nc_tof_10.tensor.npy,true,0,"(35, 35, 35)","(35, 35, 35)",,external/alphatensor_quantum/decompositions/benchmarks_no_gadgets.npz
benchmarks_no_gadgets.npz,benchmark,paper_no_gadgets,False,nc_toff_10,nc_tof_10,,7,55,35,0,0,55,55,external/circuit-to-tensor/benchmarks/arithmetic/nc_tof_10/nc_tof_10.tensor.npy,true,0,"(35, 35, 35)","(35, 35, 35)",,external/alphatensor_quantum/decompositions/benchmarks_no_gadgets.npz
benchmarks_no_gadgets.npz,benchmark,paper_no_gadgets,False,nc_toff_10,nc_tof_10,,8,55,35,0,0,55,55,external/circuit-to-tensor/benchmarks/arithmetic/nc_tof_10/nc_tof_10.tensor.npy,true,0,"(35, 35, 35)","(35, 35, 35)",,external/alphatensor_quantum/decompositions/benchmarks_no_gadgets.npz
benchmarks_no_gadgets.npz,benchmark,paper_no_gadgets,False,nc_toff_10,nc_tof_10,,9,55,35,0,0,55,55,external/circuit-to-tensor/benchmarks/arithmetic/nc_tof_10/nc_tof_10.tensor.npy,true,0,"(35, 35, 35)","(35, 35, 35)",,external/alphatensor_quantum/decompositions/benchmarks_no_gadgets.npz
benchmarks_no_gadgets.npz,benchmark,paper_no_gadgets,False,nc_toff_3,nc_tof_3,,0,13,7,0,0,13,13,external/circuit-to-tensor/benchmarks/arithmetic/nc_tof_3/nc_tof_3.tensor.npy,true,0,"(7, 7, 7)","(7, 7, 7)",,external/alphatensor_quantum/decompositions/benchmarks_no_gadgets.npz
benchmarks_no_gadgets.npz,benchmark,paper_no_gadgets,False,nc_toff_3,nc_tof_3,,1,13,7,0,0,13,13,external/circuit-to-tensor/benchmarks/arithmetic/nc_tof_3/nc_tof_3.tensor.npy,true,0,"(7, 7, 7)","(7, 7, 7)",,external/alphatensor_quantum/decompositions/benchmarks_no_gadgets.npz
benchmarks_no_gadgets.npz,benchmark,paper_no_gadgets,False,nc_toff_3,nc_tof_3,,2,13,7,0,0,13,13,external/circuit-to-tensor/benchmarks/arithmetic/nc_tof_3/nc_tof_3.tensor.npy,true,0,"(7, 7, 7)","(7, 7, 7)",,external/alphatensor_quantum/decompositions/benchmarks_no_gadgets.npz
benchmarks_no_gadgets.npz,benchmark,paper_no_gadgets,False,nc_toff_3,nc_tof_3,,3,13,7,0,0,13,13,external/circuit-to-tensor/benchmarks/arithmetic/nc_tof_3/nc_tof_3.tensor.npy,true,0,"(7, 7, 7)","(7, 7, 7)",,external/alphatensor_quantum/decompositions/benchmarks_no_gadgets.npz
benchmarks_no_gadgets.npz,benchmark,paper_no_gadgets,False,nc_toff_3,nc_tof_3,,4,13,7,0,0,13,13,external/circuit-to-tensor/benchmarks/arithmetic/nc_tof_3/nc_tof_3.tensor.npy,true,0,"(7, 7, 7)","(7, 7, 7)",,external/alphatensor_quantum/decompositions/benchmarks_no_gadgets.npz
benchmarks_no_gadgets.npz,benchmark,paper_no_gadgets,False,nc_toff_3,nc_tof_3,,5,13,7,0,0,13,13,external/circuit-to-tensor/benchmarks/arithmetic/nc_tof_3/nc_tof_3.tensor.npy,true,0,"(7, 7, 7)","(7, 7, 7)",,external/alphatensor_quantum/decompositions/benchmarks_no_gadgets.npz
benchmarks_no_gadgets.npz,benchmark,paper_no_gadgets,False,nc_toff_3,nc_tof_3,,6,13,7,0,0,13,13,external/circuit-to-tensor/benchmarks/arithmetic/nc_tof_3/nc_tof_3.tensor.npy,true,0,"(7, 7, 7)","(7, 7, 7)",,external/alphatensor_quantum/decompositions/benchmarks_no_gadgets.npz
benchmarks_no_gadgets.npz,benchmark,paper_no_gadgets,False,nc_toff_4,nc_tof_4,,0,19,11,0,0,19,19,external/circuit-to-tensor/benchmarks/arithmetic/nc_tof_4/nc_tof_4.tensor.npy,true,0,"(11, 11, 11)","(11, 11, 11)",,external/alphatensor_quantum/decompositions/benchmarks_no_gadgets.npz
benchmarks_no_gadgets.npz,benchmark,paper_no_gadgets,False,nc_toff_4,nc_tof_4,,1,19,11,0,0,19,19,external/circuit-to-tensor/benchmarks/arithmetic/nc_tof_4/nc_tof_4.tensor.npy,true,0,"(11, 11, 11)","(11, 11, 11)",,external/alphatensor_quantum/decompositions/benchmarks_no_gadgets.npz
benchmarks_no_gadgets.npz,benchmark,paper_no_gadgets,False,nc_toff_4,nc_tof_4,,2,19,11,0,0,19,19,external/circuit-to-tensor/benchmarks/arithmetic/nc_tof_4/nc_tof_4.tensor.npy,true,0,"(11, 11, 11)","(11, 11, 11)",,external/alphatensor_quantum/decompositions/benchmarks_no_gadgets.npz
benchmarks_no_gadgets.npz,benchmark,paper_no_gadgets,False,nc_toff_4,nc_tof_4,,3,19,11,0,0,19,19,external/circuit-to-tensor/benchmarks/arithmetic/nc_tof_4/nc_tof_4.tensor.npy,true,0,"(11, 11, 11)","(11, 11, 11)",,external/alphatensor_quantum/decompositions/benchmarks_no_gadgets.npz
benchmarks_no_gadgets.npz,benchmark,paper_no_gadgets,False,nc_toff_4,nc_tof_4,,4,19,11,0,0,19,19,external/circuit-to-tensor/benchmarks/arithmetic/nc_tof_4/nc_tof_4.tensor.npy,true,0,"(11, 11, 11)","(11, 11, 11)",,external/alphatensor_quantum/decompositions/benchmarks_no_gadgets.npz
benchmarks_no_gadgets.npz,benchmark,paper_no_gadgets,False,nc_toff_4,nc_tof_4,,5,19,11,0,0,19,19,external/circuit-to-tensor/benchmarks/arithmetic/nc_tof_4/nc_tof_4.tensor.npy,true,0,"(11, 11, 11)","(11, 11, 11)",,external/alphatensor_quantum/decompositions/benchmarks_no_gadgets.npz
benchmarks_no_gadgets.npz,benchmark,paper_no_gadgets,False,nc_toff_4,nc_tof_4,,6,19,11,0,0,19,19,external/circuit-to-tensor/benchmarks/arithmetic/nc_tof_4/nc_tof_4.tensor.npy,true,0,"(11, 11, 11)","(11, 11, 11)",,external/alphatensor_quantum/decompositions/benchmarks_no_gadgets.npz
benchmarks_no_gadgets.npz,benchmark,paper_no_gadgets,False,nc_toff_4,nc_tof_4,,7,19,11,0,0,19,19,external/circuit-to-tensor/benchmarks/arithmetic/nc_tof_4/nc_tof_4.tensor.npy,true,0,"(11, 11, 11)","(11, 11, 11)",,external/alphatensor_quantum/decompositions/benchmarks_no_gadgets.npz
benchmarks_no_gadgets.npz,benchmark,paper_no_gadgets,False,nc_toff_4,nc_tof_4,,8,19,11,0,0,19,19,external/circuit-to-tensor/benchmarks/arithmetic/nc_tof_4/nc_tof_4.tensor.npy,true,0,"(11, 11, 11)","(11, 11, 11)",,external/alphatensor_quantum/decompositions/benchmarks_no_gadgets.npz
benchmarks_no_gadgets.npz,benchmark,paper_no_gadgets,False,nc_toff_4,nc_tof_4,,9,19,11,0,0,19,19,external/circuit-to-tensor/benchmarks/arithmetic/nc_tof_4/nc_tof_4.tensor.npy,true,0,"(11, 11, 11)","(11, 11, 11)",,external/alphatensor_quantum/decompositions/benchmarks_no_gadgets.npz
benchmarks_no_gadgets.npz,benchmark,paper_no_gadgets,False,nc_toff_5,nc_tof_5,,0,25,15,0,0,25,25,external/circuit-to-tensor/benchmarks/arithmetic/nc_tof_5/nc_tof_5.tensor.npy,true,0,"(15, 15, 15)","(15, 15, 15)",,external/alphatensor_quantum/decompositions/benchmarks_no_gadgets.npz
benchmarks_no_gadgets.npz,benchmark,paper_no_gadgets,False,nc_toff_5,nc_tof_5,,1,25,15,0,0,25,25,external/circuit-to-tensor/benchmarks/arithmetic/nc_tof_5/nc_tof_5.tensor.npy,true,0,"(15, 15, 15)","(15, 15, 15)",,external/alphatensor_quantum/decompositions/benchmarks_no_gadgets.npz
benchmarks_no_gadgets.npz,benchmark,paper_no_gadgets,False,nc_toff_5,nc_tof_5,,2,25,15,0,0,25,25,external/circuit-to-tensor/benchmarks/arithmetic/nc_tof_5/nc_tof_5.tensor.npy,true,0,"(15, 15, 15)","(15, 15, 15)",,external/alphatensor_quantum/decompositions/benchmarks_no_gadgets.npz
benchmarks_no_gadgets.npz,benchmark,paper_no_gadgets,False,nc_toff_5,nc_tof_5,,3,25,15,0,0,25,25,external/circuit-to-tensor/benchmarks/arithmetic/nc_tof_5/nc_tof_5.tensor.npy,true,0,"(15, 15, 15)","(15, 15, 15)",,external/alphatensor_quantum/decompositions/benchmarks_no_gadgets.npz
benchmarks_no_gadgets.npz,benchmark,paper_no_gadgets,False,nc_toff_5,nc_tof_5,,4,25,15,0,0,25,25,external/circuit-to-tensor/benchmarks/arithmetic/nc_tof_5/nc_tof_5.tensor.npy,true,0,"(15, 15, 15)","(15, 15, 15)",,external/alphatensor_quantum/decompositions/benchmarks_no_gadgets.npz
benchmarks_no_gadgets.npz,benchmark,paper_no_gadgets,False,nc_toff_5,nc_tof_5,,5,25,15,0,0,25,25,external/circuit-to-tensor/benchmarks/arithmetic/nc_tof_5/nc_tof_5.tensor.npy,true,0,"(15, 15, 15)","(15, 15, 15)",,external/alphatensor_quantum/decompositions/benchmarks_no_gadgets.npz
benchmarks_no_gadgets.npz,benchmark,paper_no_gadgets,False,nc_toff_5,nc_tof_5,,6,25,15,0,0,25,25,external/circuit-to-tensor/benchmarks/arithmetic/nc_tof_5/nc_tof_5.tensor.npy,true,0,"(15, 15, 15)","(15, 15, 15)",,external/alphatensor_quantum/decompositions/benchmarks_no_gadgets.npz
benchmarks_no_gadgets.npz,benchmark,paper_no_gadgets,False,nc_toff_5,nc_tof_5,,7,25,15,0,0,25,25,external/circuit-to-tensor/benchmarks/arithmetic/nc_tof_5/nc_tof_5.tensor.npy,true,0,"(15, 15, 15)","(15, 15, 15)",,external/alphatensor_quantum/decompositions/benchmarks_no_gadgets.npz
benchmarks_no_gadgets.npz,benchmark,paper_no_gadgets,False,nc_toff_5,nc_tof_5,,8,25,15,0,0,25,25,external/circuit-to-tensor/benchmarks/arithmetic/nc_tof_5/nc_tof_5.tensor.npy,true,0,"(15, 15, 15)","(15, 15, 15)",,external/alphatensor_quantum/decompositions/benchmarks_no_gadgets.npz
benchmarks_no_gadgets.npz,benchmark,paper_no_gadgets,False,nc_toff_5,nc_tof_5,,9,25,15,0,0,25,25,external/circuit-to-tensor/benchmarks/arithmetic/nc_tof_5/nc_tof_5.tensor.npy,true,0,"(15, 15, 15)","(15, 15, 15)",,external/alphatensor_quantum/decompositions/benchmarks_no_gadgets.npz
benchmarks_no_gadgets.npz,benchmark,paper_no_gadgets,False,qcla_adder_10_block1,qcla_adder_10,block1,0,53,37,0,0,53,53,external/circuit-to-tensor/benchmarks/arithmetic/qcla_adder_10/qcla_adder_10_block1.tensor.npy,true,0,"(37, 37, 37)","(37, 37, 37)",,external/alphatensor_quantum/decompositions/benchmarks_no_gadgets.npz
benchmarks_no_gadgets.npz,benchmark,paper_no_gadgets,False,qcla_adder_10_block1,qcla_adder_10,block1,1,53,37,0,0,53,53,external/circuit-to-tensor/benchmarks/arithmetic/qcla_adder_10/qcla_adder_10_block1.tensor.npy,true,0,"(37, 37, 37)","(37, 37, 37)",,external/alphatensor_quantum/decompositions/benchmarks_no_gadgets.npz
benchmarks_no_gadgets.npz,benchmark,paper_no_gadgets,False,qcla_adder_10_block1,qcla_adder_10,block1,2,53,37,0,0,53,53,external/circuit-to-tensor/benchmarks/arithmetic/qcla_adder_10/qcla_adder_10_block1.tensor.npy,true,0,"(37, 37, 37)","(37, 37, 37)",,external/alphatensor_quantum/decompositions/benchmarks_no_gadgets.npz
benchmarks_no_gadgets.npz,benchmark,paper_no_gadgets,False,qcla_adder_10_block1,qcla_adder_10,block1,3,53,37,0,0,53,53,external/circuit-to-tensor/benchmarks/arithmetic/qcla_adder_10/qcla_adder_10_block1.tensor.npy,true,0,"(37, 37, 37)","(37, 37, 37)",,external/alphatensor_quantum/decompositions/benchmarks_no_gadgets.npz
benchmarks_no_gadgets.npz,benchmark,paper_no_gadgets,False,qcla_adder_10_block2,qcla_adder_10,block2,0,82,48,0,0,82,82,external/circuit-to-tensor/benchmarks/arithmetic/qcla_adder_10/qcla_adder_10_block2.tensor.npy,true,0,"(48, 48, 48)","(48, 48, 48)",,external/alphatensor_quantum/decompositions/benchmarks_no_gadgets.npz
benchmarks_no_gadgets.npz,benchmark,paper_no_gadgets,False,qcla_adder_10_block2,qcla_adder_10,block2,1,82,48,0,0,82,82,external/circuit-to-tensor/benchmarks/arithmetic/qcla_adder_10/qcla_adder_10_block2.tensor.npy,true,0,"(48, 48, 48)","(48, 48, 48)",,external/alphatensor_quantum/decompositions/benchmarks_no_gadgets.npz
benchmarks_no_gadgets.npz,benchmark,paper_no_gadgets,False,qcla_adder_10_block2,qcla_adder_10,block2,2,82,48,0,0,82,82,external/circuit-to-tensor/benchmarks/arithmetic/qcla_adder_10/qcla_adder_10_block2.tensor.npy,true,0,"(48, 48, 48)","(48, 48, 48)",,external/alphatensor_quantum/decompositions/benchmarks_no_gadgets.npz
benchmarks_no_gadgets.npz,benchmark,paper_no_gadgets,False,qcla_adder_10_block2,qcla_adder_10,block2,3,82,48,0,0,82,82,external/circuit-to-tensor/benchmarks/arithmetic/qcla_adder_10/qcla_adder_10_block2.tensor.npy,true,0,"(48, 48, 48)","(48, 48, 48)",,external/alphatensor_quantum/decompositions/benchmarks_no_gadgets.npz
benchmarks_no_gadgets.npz,benchmark,paper_no_gadgets,False,qcla_adder_10_block2,qcla_adder_10,block2,4,82,48,0,0,82,82,external/circuit-to-tensor/benchmarks/arithmetic/qcla_adder_10/qcla_adder_10_block2.tensor.npy,true,0,"(48, 48, 48)","(48, 48, 48)",,external/alphatensor_quantum/decompositions/benchmarks_no_gadgets.npz
benchmarks_no_gadgets.npz,benchmark,paper_no_gadgets,False,qcla_adder_10_block2,qcla_adder_10,block2,5,82,48,0,0,82,82,external/circuit-to-tensor/benchmarks/arithmetic/qcla_adder_10/qcla_adder_10_block2.tensor.npy,true,0,"(48, 48, 48)","(48, 48, 48)",,external/alphatensor_quantum/decompositions/benchmarks_no_gadgets.npz
benchmarks_no_gadgets.npz,benchmark,paper_no_gadgets,False,qcla_adder_10_block2,qcla_adder_10,block2,6,82,48,0,0,82,82,external/circuit-to-tensor/benchmarks/arithmetic/qcla_adder_10/qcla_adder_10_block2.tensor.npy,true,0,"(48, 48, 48)","(48, 48, 48)",,external/alphatensor_quantum/decompositions/benchmarks_no_gadgets.npz
benchmarks_no_gadgets.npz,benchmark,paper_no_gadgets,False,qcla_adder_10_block2,qcla_adder_10,block2,7,82,48,0,0,82,82,external/circuit-to-tensor/benchmarks/arithmetic/qcla_adder_10/qcla_adder_10_block2.tensor.npy,true,0,"(48, 48, 48)","(48, 48, 48)",,external/alphatensor_quantum/decompositions/benchmarks_no_gadgets.npz
benchmarks_no_gadgets.npz,benchmark,paper_no_gadgets,False,qcla_adder_10_block2,qcla_adder_10,block2,8,82,48,0,0,82,82,external/circuit-to-tensor/benchmarks/arithmetic/qcla_adder_10/qcla_adder_10_block2.tensor.npy,true,0,"(48, 48, 48)","(48, 48, 48)",,external/alphatensor_quantum/decompositions/benchmarks_no_gadgets.npz
benchmarks_no_gadgets.npz,benchmark,paper_no_gadgets,False,qcla_adder_10_block2,qcla_adder_10,block2,9,82,48,0,0,82,82,external/circuit-to-tensor/benchmarks/arithmetic/qcla_adder_10/qcla_adder_10_block2.tensor.npy,true,0,"(48, 48, 48)","(48, 48, 48)",,external/alphatensor_quantum/decompositions/benchmarks_no_gadgets.npz
benchmarks_no_gadgets.npz,benchmark,paper_no_gadgets,False,qcla_com_7,qcla_com_7,,0,59,42,0,0,59,59,external/circuit-to-tensor/benchmarks/arithmetic/qcla_com_7/qcla_com_7.tensor.npy,true,0,"(42, 42, 42)","(42, 42, 42)",,external/alphatensor_quantum/decompositions/benchmarks_no_gadgets.npz
benchmarks_no_gadgets.npz,benchmark,paper_no_gadgets,False,qcla_com_7,qcla_com_7,,1,59,42,0,0,59,59,external/circuit-to-tensor/benchmarks/arithmetic/qcla_com_7/qcla_com_7.tensor.npy,true,0,"(42, 42, 42)","(42, 42, 42)",,external/alphatensor_quantum/decompositions/benchmarks_no_gadgets.npz
benchmarks_no_gadgets.npz,benchmark,paper_no_gadgets,False,qcla_com_7,qcla_com_7,,2,59,42,0,0,59,59,external/circuit-to-tensor/benchmarks/arithmetic/qcla_com_7/qcla_com_7.tensor.npy,true,0,"(42, 42, 42)","(42, 42, 42)",,external/alphatensor_quantum/decompositions/benchmarks_no_gadgets.npz
benchmarks_no_gadgets.npz,benchmark,paper_no_gadgets,False,qcla_com_7,qcla_com_7,,3,59,42,0,0,59,59,external/circuit-to-tensor/benchmarks/arithmetic/qcla_com_7/qcla_com_7.tensor.npy,true,0,"(42, 42, 42)","(42, 42, 42)",,external/alphatensor_quantum/decompositions/benchmarks_no_gadgets.npz
benchmarks_no_gadgets.npz,benchmark,paper_no_gadgets,False,qcla_com_7,qcla_com_7,,4,59,42,0,0,59,59,external/circuit-to-tensor/benchmarks/arithmetic/qcla_com_7/qcla_com_7.tensor.npy,true,0,"(42, 42, 42)","(42, 42, 42)",,external/alphatensor_quantum/decompositions/benchmarks_no_gadgets.npz
benchmarks_no_gadgets.npz,benchmark,paper_no_gadgets,False,qcla_com_7,qcla_com_7,,5,59,42,0,0,59,59,external/circuit-to-tensor/benchmarks/arithmetic/qcla_com_7/qcla_com_7.tensor.npy,true,0,"(42, 42, 42)","(42, 42, 42)",,external/alphatensor_quantum/decompositions/benchmarks_no_gadgets.npz
benchmarks_no_gadgets.npz,benchmark,paper_no_gadgets,False,qcla_com_7,qcla_com_7,,6,59,42,0,0,59,59,external/circuit-to-tensor/benchmarks/arithmetic/qcla_com_7/qcla_com_7.tensor.npy,true,0,"(42, 42, 42)","(42, 42, 42)",,external/alphatensor_quantum/decompositions/benchmarks_no_gadgets.npz
benchmarks_no_gadgets.npz,benchmark,paper_no_gadgets,False,qcla_com_7,qcla_com_7,,7,59,42,0,0,59,59,external/circuit-to-tensor/benchmarks/arithmetic/qcla_com_7/qcla_com_7.tensor.npy,true,0,"(42, 42, 42)","(42, 42, 42)",,external/alphatensor_quantum/decompositions/benchmarks_no_gadgets.npz
benchmarks_no_gadgets.npz,benchmark,paper_no_gadgets,False,qcla_com_7,qcla_com_7,,8,59,42,0,0,59,59,external/circuit-to-tensor/benchmarks/arithmetic/qcla_com_7/qcla_com_7.tensor.npy,true,0,"(42, 42, 42)","(42, 42, 42)",,external/alphatensor_quantum/decompositions/benchmarks_no_gadgets.npz
benchmarks_no_gadgets.npz,benchmark,paper_no_gadgets,False,qcla_com_7,qcla_com_7,,9,59,42,0,0,59,59,external/circuit-to-tensor/benchmarks/arithmetic/qcla_com_7/qcla_com_7.tensor.npy,true,0,"(42, 42, 42)","(42, 42, 42)",,external/alphatensor_quantum/decompositions/benchmarks_no_gadgets.npz
benchmarks_no_gadgets.npz,benchmark,paper_no_gadgets,False,qcla_mod_7_block1,qcla_mod_7,block1,0,95,50,0,0,95,95,external/circuit-to-tensor/benchmarks/arithmetic/qcla_mod_7/qcla_mod_7_block1.tensor.npy,true,0,"(50, 50, 50)","(50, 50, 50)",,external/alphatensor_quantum/decompositions/benchmarks_no_gadgets.npz
benchmarks_no_gadgets.npz,benchmark,paper_no_gadgets,False,qcla_mod_7_block1,qcla_mod_7,block1,1,95,50,0,0,95,95,external/circuit-to-tensor/benchmarks/arithmetic/qcla_mod_7/qcla_mod_7_block1.tensor.npy,true,0,"(50, 50, 50)","(50, 50, 50)",,external/alphatensor_quantum/decompositions/benchmarks_no_gadgets.npz
benchmarks_no_gadgets.npz,benchmark,paper_no_gadgets,False,qcla_mod_7_block1,qcla_mod_7,block1,2,95,50,0,0,95,95,external/circuit-to-tensor/benchmarks/arithmetic/qcla_mod_7/qcla_mod_7_block1.tensor.npy,true,0,"(50, 50, 50)","(50, 50, 50)",,external/alphatensor_quantum/decompositions/benchmarks_no_gadgets.npz
benchmarks_no_gadgets.npz,benchmark,paper_no_gadgets,False,qcla_mod_7_block1,qcla_mod_7,block1,3,95,50,0,0,95,95,external/circuit-to-tensor/benchmarks/arithmetic/qcla_mod_7/qcla_mod_7_block1.tensor.npy,true,0,"(50, 50, 50)","(50, 50, 50)",,external/alphatensor_quantum/decompositions/benchmarks_no_gadgets.npz
benchmarks_no_gadgets.npz,benchmark,paper_no_gadgets,False,qcla_mod_7_block1,qcla_mod_7,block1,4,95,50,0,0,95,95,external/circuit-to-tensor/benchmarks/arithmetic/qcla_mod_7/qcla_mod_7_block1.tensor.npy,true,0,"(50, 50, 50)","(50, 50, 50)",,external/alphatensor_quantum/decompositions/benchmarks_no_gadgets.npz
benchmarks_no_gadgets.npz,benchmark,paper_no_gadgets,False,qcla_mod_7_block1,qcla_mod_7,block1,5,95,50,0,0,95,95,external/circuit-to-tensor/benchmarks/arithmetic/qcla_mod_7/qcla_mod_7_block1.tensor.npy,true,0,"(50, 50, 50)","(50, 50, 50)",,external/alphatensor_quantum/decompositions/benchmarks_no_gadgets.npz
benchmarks_no_gadgets.npz,benchmark,paper_no_gadgets,False,qcla_mod_7_block1,qcla_mod_7,block1,6,95,50,0,0,95,95,external/circuit-to-tensor/benchmarks/arithmetic/qcla_mod_7/qcla_mod_7_block1.tensor.npy,true,0,"(50, 50, 50)","(50, 50, 50)",,external/alphatensor_quantum/decompositions/benchmarks_no_gadgets.npz
benchmarks_no_gadgets.npz,benchmark,paper_no_gadgets,False,qcla_mod_7_block1,qcla_mod_7,block1,7,95,50,0,0,95,95,external/circuit-to-tensor/benchmarks/arithmetic/qcla_mod_7/qcla_mod_7_block1.tensor.npy,true,0,"(50, 50, 50)","(50, 50, 50)",,external/alphatensor_quantum/decompositions/benchmarks_no_gadgets.npz
benchmarks_no_gadgets.npz,benchmark,paper_no_gadgets,False,qcla_mod_7_block1,qcla_mod_7,block1,8,95,50,0,0,95,95,external/circuit-to-tensor/benchmarks/arithmetic/qcla_mod_7/qcla_mod_7_block1.tensor.npy,true,0,"(50, 50, 50)","(50, 50, 50)",,external/alphatensor_quantum/decompositions/benchmarks_no_gadgets.npz
benchmarks_no_gadgets.npz,benchmark,paper_no_gadgets,False,qcla_mod_7_block1,qcla_mod_7,block1,9,95,50,0,0,95,95,external/circuit-to-tensor/benchmarks/arithmetic/qcla_mod_7/qcla_mod_7_block1.tensor.npy,true,0,"(50, 50, 50)","(50, 50, 50)",,external/alphatensor_quantum/decompositions/benchmarks_no_gadgets.npz
benchmarks_no_gadgets.npz,benchmark,paper_no_gadgets,False,qcla_mod_7_block2,qcla_mod_7,block2,0,104,59,0,0,104,104,external/circuit-to-tensor/benchmarks/arithmetic/qcla_mod_7/qcla_mod_7_block2.tensor.npy,true,0,"(59, 59, 59)","(59, 59, 59)",,external/alphatensor_quantum/decompositions/benchmarks_no_gadgets.npz
benchmarks_no_gadgets.npz,benchmark,paper_no_gadgets,False,qft_4,qft_4,,0,53,43,0,0,53,53,external/circuit-to-tensor/benchmarks/arithmetic/qft_4/qft_4.tensor.npy,true,0,"(43, 43, 43)","(43, 43, 43)",,external/alphatensor_quantum/decompositions/benchmarks_no_gadgets.npz
benchmarks_no_gadgets.npz,benchmark,paper_no_gadgets,False,qft_4,qft_4,,1,53,43,0,0,53,53,external/circuit-to-tensor/benchmarks/arithmetic/qft_4/qft_4.tensor.npy,true,0,"(43, 43, 43)","(43, 43, 43)",,external/alphatensor_quantum/decompositions/benchmarks_no_gadgets.npz
benchmarks_no_gadgets.npz,benchmark,paper_no_gadgets,False,qft_4,qft_4,,2,53,43,0,0,53,53,external/circuit-to-tensor/benchmarks/arithmetic/qft_4/qft_4.tensor.npy,true,0,"(43, 43, 43)","(43, 43, 43)",,external/alphatensor_quantum/decompositions/benchmarks_no_gadgets.npz
benchmarks_no_gadgets.npz,benchmark,paper_no_gadgets,False,qft_4,qft_4,,3,53,43,0,0,53,53,external/circuit-to-tensor/benchmarks/arithmetic/qft_4/qft_4.tensor.npy,true,0,"(43, 43, 43)","(43, 43, 43)",,external/alphatensor_quantum/decompositions/benchmarks_no_gadgets.npz
benchmarks_no_gadgets.npz,benchmark,paper_no_gadgets,False,qft_4,qft_4,,4,53,43,0,0,53,53,external/circuit-to-tensor/benchmarks/arithmetic/qft_4/qft_4.tensor.npy,true,0,"(43, 43, 43)","(43, 43, 43)",,external/alphatensor_quantum/decompositions/benchmarks_no_gadgets.npz
benchmarks_no_gadgets.npz,benchmark,paper_no_gadgets,False,qft_4,qft_4,,5,53,43,0,0,53,53,external/circuit-to-tensor/benchmarks/arithmetic/qft_4/qft_4.tensor.npy,true,0,"(43, 43, 43)","(43, 43, 43)",,external/alphatensor_quantum/decompositions/benchmarks_no_gadgets.npz
benchmarks_no_gadgets.npz,benchmark,paper_no_gadgets,False,rc_adder_6,rc_adder_6,,0,37,24,0,0,37,37,external/circuit-to-tensor/benchmarks/arithmetic/rc_adder_6/rc_adder_6.tensor.npy,true,0,"(24, 24, 24)","(24, 24, 24)",,external/alphatensor_quantum/decompositions/benchmarks_no_gadgets.npz
benchmarks_no_gadgets.npz,benchmark,paper_no_gadgets,False,rc_adder_6,rc_adder_6,,1,37,24,0,0,37,37,external/circuit-to-tensor/benchmarks/arithmetic/rc_adder_6/rc_adder_6.tensor.npy,true,0,"(24, 24, 24)","(24, 24, 24)",,external/alphatensor_quantum/decompositions/benchmarks_no_gadgets.npz
benchmarks_no_gadgets.npz,benchmark,paper_no_gadgets,False,rc_adder_6,rc_adder_6,,2,37,24,0,0,37,37,external/circuit-to-tensor/benchmarks/arithmetic/rc_adder_6/rc_adder_6.tensor.npy,true,0,"(24, 24, 24)","(24, 24, 24)",,external/alphatensor_quantum/decompositions/benchmarks_no_gadgets.npz
benchmarks_no_gadgets.npz,benchmark,paper_no_gadgets,False,rc_adder_6,rc_adder_6,,3,37,24,0,0,37,37,external/circuit-to-tensor/benchmarks/arithmetic/rc_adder_6/rc_adder_6.tensor.npy,true,0,"(24, 24, 24)","(24, 24, 24)",,external/alphatensor_quantum/decompositions/benchmarks_no_gadgets.npz
benchmarks_no_gadgets.npz,benchmark,paper_no_gadgets,False,rc_adder_6,rc_adder_6,,4,37,24,0,0,37,37,external/circuit-to-tensor/benchmarks/arithmetic/rc_adder_6/rc_adder_6.tensor.npy,true,0,"(24, 24, 24)","(24, 24, 24)",,external/alphatensor_quantum/decompositions/benchmarks_no_gadgets.npz
benchmarks_no_gadgets.npz,benchmark,paper_no_gadgets,False,rc_adder_6,rc_adder_6,,5,37,24,0,0,37,37,external/circuit-to-tensor/benchmarks/arithmetic/rc_adder_6/rc_adder_6.tensor.npy,true,0,"(24, 24, 24)","(24, 24, 24)",,external/alphatensor_quantum/decompositions/benchmarks_no_gadgets.npz
benchmarks_no_gadgets.npz,benchmark,paper_no_gadgets,False,rc_adder_6,rc_adder_6,,6,37,24,0,0,37,37,external/circuit-to-tensor/benchmarks/arithmetic/rc_adder_6/rc_adder_6.tensor.npy,true,0,"(24, 24, 24)","(24, 24, 24)",,external/alphatensor_quantum/decompositions/benchmarks_no_gadgets.npz
benchmarks_no_gadgets.npz,benchmark,paper_no_gadgets,False,rc_adder_6,rc_adder_6,,7,37,24,0,0,37,37,external/circuit-to-tensor/benchmarks/arithmetic/rc_adder_6/rc_adder_6.tensor.npy,true,0,"(24, 24, 24)","(24, 24, 24)",,external/alphatensor_quantum/decompositions/benchmarks_no_gadgets.npz
benchmarks_no_gadgets.npz,benchmark,paper_no_gadgets,False,rc_adder_6,rc_adder_6,,8,37,24,0,0,37,37,external/circuit-to-tensor/benchmarks/arithmetic/rc_adder_6/rc_adder_6.tensor.npy,true,0,"(24, 24, 24)","(24, 24, 24)",,external/alphatensor_quantum/decompositions/benchmarks_no_gadgets.npz
benchmarks_no_gadgets.npz,benchmark,paper_no_gadgets,False,rc_adder_6,rc_adder_6,,9,37,24,0,0,37,37,external/circuit-to-tensor/benchmarks/arithmetic/rc_adder_6/rc_adder_6.tensor.npy,true,0,"(24, 24, 24)","(24, 24, 24)",,external/alphatensor_quantum/decompositions/benchmarks_no_gadgets.npz
benchmarks_no_gadgets.npz,benchmark,paper_no_gadgets,False,vbe_adder_3,vbe_adder_3,,0,19,14,0,0,19,19,external/circuit-to-tensor/benchmarks/arithmetic/vbe_adder_3/vbe_adder_3.tensor.npy,true,0,"(14, 14, 14)","(14, 14, 14)",,external/alphatensor_quantum/decompositions/benchmarks_no_gadgets.npz
benchmarks_no_gadgets.npz,benchmark,paper_no_gadgets,False,vbe_adder_3,vbe_adder_3,,1,19,14,0,0,19,19,external/circuit-to-tensor/benchmarks/arithmetic/vbe_adder_3/vbe_adder_3.tensor.npy,true,0,"(14, 14, 14)","(14, 14, 14)",,external/alphatensor_quantum/decompositions/benchmarks_no_gadgets.npz
benchmarks_no_gadgets.npz,benchmark,paper_no_gadgets,False,vbe_adder_3,vbe_adder_3,,2,19,14,0,0,19,19,external/circuit-to-tensor/benchmarks/arithmetic/vbe_adder_3/vbe_adder_3.tensor.npy,true,0,"(14, 14, 14)","(14, 14, 14)",,external/alphatensor_quantum/decompositions/benchmarks_no_gadgets.npz
benchmarks_no_gadgets.npz,benchmark,paper_no_gadgets,False,vbe_adder_3,vbe_adder_3,,3,19,14,0,0,19,19,external/circuit-to-tensor/benchmarks/arithmetic/vbe_adder_3/vbe_adder_3.tensor.npy,true,0,"(14, 14, 14)","(14, 14, 14)",,external/alphatensor_quantum/decompositions/benchmarks_no_gadgets.npz
benchmarks_no_gadgets.npz,benchmark,paper_no_gadgets,False,vbe_adder_3,vbe_adder_3,,4,19,14,0,0,19,19,external/circuit-to-tensor/benchmarks/arithmetic/vbe_adder_3/vbe_adder_3.tensor.npy,true,0,"(14, 14, 14)","(14, 14, 14)",,external/alphatensor_quantum/decompositions/benchmarks_no_gadgets.npz
benchmarks_no_gadgets.npz,benchmark,paper_no_gadgets,False,vbe_adder_3,vbe_adder_3,,5,19,14,0,0,19,19,external/circuit-to-tensor/benchmarks/arithmetic/vbe_adder_3/vbe_adder_3.tensor.npy,true,0,"(14, 14, 14)","(14, 14, 14)",,external/alphatensor_quantum/decompositions/benchmarks_no_gadgets.npz
benchmarks_no_gadgets.npz,benchmark,paper_no_gadgets,False,vbe_adder_3,vbe_adder_3,,6,19,14,0,0,19,19,external/circuit-to-tensor/benchmarks/arithmetic/vbe_adder_3/vbe_adder_3.tensor.npy,true,0,"(14, 14, 14)","(14, 14, 14)",,external/alphatensor_quantum/decompositions/benchmarks_no_gadgets.npz
benchmarks_no_gadgets.npz,benchmark,paper_no_gadgets,False,vbe_adder_3,vbe_adder_3,,7,19,14,0,0,19,19,external/circuit-to-tensor/benchmarks/arithmetic/vbe_adder_3/vbe_adder_3.tensor.npy,true,0,"(14, 14, 14)","(14, 14, 14)",,external/alphatensor_quantum/decompositions/benchmarks_no_gadgets.npz
benchmarks_no_gadgets.npz,benchmark,paper_no_gadgets,False,vbe_adder_3,vbe_adder_3,,8,19,14,0,0,19,19,external/circuit-to-tensor/benchmarks/arithmetic/vbe_adder_3/vbe_adder_3.tensor.npy,true,0,"(14, 14, 14)","(14, 14, 14)",,external/alphatensor_quantum/decompositions/benchmarks_no_gadgets.npz
binary_addition.npz,binary_addition,paper_gadgets,True,cuccaro_adder_n10,cuccaro_adder_n10,,0,63,36,9,0,0,18,external/circuit-to-tensor/benchmarks/applications/cuccaro_adder_n10/cuccaro_adder_n10.tensor.npy,true,0,"(36, 36, 36)","(36, 36, 36)",,external/alphatensor_quantum/decompositions/binary_addition.npz
binary_addition.npz,binary_addition,paper_gadgets,True,cuccaro_adder_n3,cuccaro_adder_n3,,0,14,8,2,0,0,4,external/circuit-to-tensor/benchmarks/applications/cuccaro_adder_n3/cuccaro_adder_n3.tensor.npy,true,0,"(8, 8, 8)","(8, 8, 8)",,external/alphatensor_quantum/decompositions/binary_addition.npz
binary_addition.npz,binary_addition,paper_gadgets,True,cuccaro_adder_n4,cuccaro_adder_n4,,0,21,12,3,0,0,6,external/circuit-to-tensor/benchmarks/applications/cuccaro_adder_n4/cuccaro_adder_n4.tensor.npy,true,0,"(12, 12, 12)","(12, 12, 12)",,external/alphatensor_quantum/decompositions/binary_addition.npz
binary_addition.npz,binary_addition,paper_gadgets,True,cuccaro_adder_n5,cuccaro_adder_n5,,0,28,16,4,0,0,8,external/circuit-to-tensor/benchmarks/applications/cuccaro_adder_n5/cuccaro_adder_n5.tensor.npy,true,0,"(16, 16, 16)","(16, 16, 16)",,external/alphatensor_quantum/decompositions/binary_addition.npz
binary_addition.npz,binary_addition,paper_gadgets,True,cuccaro_adder_n6,cuccaro_adder_n6,,0,35,20,5,0,0,10,external/circuit-to-tensor/benchmarks/applications/cuccaro_adder_n6/cuccaro_adder_n6.tensor.npy,true,0,"(20, 20, 20)","(20, 20, 20)",,external/alphatensor_quantum/decompositions/binary_addition.npz
binary_addition.npz,binary_addition,paper_gadgets,True,cuccaro_adder_n7,cuccaro_adder_n7,,0,42,24,6,0,0,12,external/circuit-to-tensor/benchmarks/applications/cuccaro_adder_n7/cuccaro_adder_n7.tensor.npy,true,0,"(24, 24, 24)","(24, 24, 24)",,external/alphatensor_quantum/decompositions/binary_addition.npz
binary_addition.npz,binary_addition,paper_gadgets,True,cuccaro_adder_n8,cuccaro_adder_n8,,0,49,28,7,0,0,14,external/circuit-to-tensor/benchmarks/applications/cuccaro_adder_n8/cuccaro_adder_n8.tensor.npy,true,0,"(28, 28, 28)","(28, 28, 28)",,external/alphatensor_quantum/decompositions/binary_addition.npz
binary_addition.npz,binary_addition,paper_gadgets,True,cuccaro_adder_n9,cuccaro_adder_n9,,0,56,32,8,0,0,16,external/circuit-to-tensor/benchmarks/applications/cuccaro_adder_n9/cuccaro_adder_n9.tensor.npy,true,0,"(32, 32, 32)","(32, 32, 32)",,external/alphatensor_quantum/decompositions/binary_addition.npz
hamming_weight_phase_gradient.npz,hamming_weight_phase_gradient,paper_gadgets,True,hamming_weight_n10,hamming_weight_n10,,0,56,24,8,0,0,16,external/circuit-to-tensor/benchmarks/applications/hamming_weight_n10/hamming_weight_n10.tensor.npy,true,0,"(24, 24, 24)","(24, 24, 24)",,external/alphatensor_quantum/decompositions/hamming_weight_phase_gradient.npz
hamming_weight_phase_gradient.npz,hamming_weight_phase_gradient,paper_gadgets,True,hamming_weight_n11,hamming_weight_n11,,0,56,25,8,0,0,16,external/circuit-to-tensor/benchmarks/applications/hamming_weight_n11/hamming_weight_n11.tensor.npy,true,0,"(25, 25, 25)","(25, 25, 25)",,external/alphatensor_quantum/decompositions/hamming_weight_phase_gradient.npz
hamming_weight_phase_gradient.npz,hamming_weight_phase_gradient,paper_gadgets,True,hamming_weight_n12,hamming_weight_n12,,0,70,30,10,0,0,20,external/circuit-to-tensor/benchmarks/applications/hamming_weight_n12/hamming_weight_n12.tensor.npy,true,0,"(30, 30, 30)","(30, 30, 30)",,external/alphatensor_quantum/decompositions/hamming_weight_phase_gradient.npz
hamming_weight_phase_gradient.npz,hamming_weight_phase_gradient,paper_gadgets,True,hamming_weight_n13,hamming_weight_n13,,0,70,31,10,0,0,20,external/circuit-to-tensor/benchmarks/applications/hamming_weight_n13/hamming_weight_n13.tensor.npy,true,0,"(31, 31, 31)","(31, 31, 31)",,external/alphatensor_quantum/decompositions/hamming_weight_phase_gradient.npz
hamming_weight_phase_gradient.npz,hamming_weight_phase_gradient,paper_gadgets,True,hamming_weight_n14,hamming_weight_n14,,0,77,33,11,0,0,22,external/circuit-to-tensor/benchmarks/applications/hamming_weight_n14/hamming_weight_n14.tensor.npy,true,0,"(33, 33, 33)","(33, 33, 33)",,external/alphatensor_quantum/decompositions/hamming_weight_phase_gradient.npz
hamming_weight_phase_gradient.npz,hamming_weight_phase_gradient,paper_gadgets,True,hamming_weight_n15,hamming_weight_n15,,0,77,34,11,0,0,22,external/circuit-to-tensor/benchmarks/applications/hamming_weight_n15/hamming_weight_n15.tensor.npy,true,0,"(34, 34, 34)","(34, 34, 34)",,external/alphatensor_quantum/decompositions/hamming_weight_phase_gradient.npz
hamming_weight_phase_gradient.npz,hamming_weight_phase_gradient,paper_gadgets,True,hamming_weight_n16,hamming_weight_n16,,0,105,45,15,0,0,30,external/circuit-to-tensor/benchmarks/applications/hamming_weight_n16/hamming_weight_n16.tensor.npy,true,0,"(45, 45, 45)","(45, 45, 45)",,external/alphatensor_quantum/decompositions/hamming_weight_phase_gradient.npz
hamming_weight_phase_gradient.npz,hamming_weight_phase_gradient,paper_gadgets,True,hamming_weight_n17,hamming_weight_n17,,0,105,46,15,0,0,30,external/circuit-to-tensor/benchmarks/applications/hamming_weight_n17/hamming_weight_n17.tensor.npy,true,0,"(46, 46, 46)","(46, 46, 46)",,external/alphatensor_quantum/decompositions/hamming_weight_phase_gradient.npz
hamming_weight_phase_gradient.npz,hamming_weight_phase_gradient,paper_gadgets,True,hamming_weight_n18,hamming_weight_n18,,0,112,48,16,0,0,32,external/circuit-to-tensor/benchmarks/applications/hamming_weight_n18/hamming_weight_n18.tensor.npy,true,0,"(48, 48, 48)","(48, 48, 48)",,external/alphatensor_quantum/decompositions/hamming_weight_phase_gradient.npz
hamming_weight_phase_gradient.npz,hamming_weight_phase_gradient,paper_gadgets,True,hamming_weight_n19,hamming_weight_n19,,0,112,49,16,0,0,32,external/circuit-to-tensor/benchmarks/applications/hamming_weight_n19/hamming_weight_n19.tensor.npy,true,0,"(49, 49, 49)","(49, 49, 49)",,external/alphatensor_quantum/decompositions/hamming_weight_phase_gradient.npz
hamming_weight_phase_gradient.npz,hamming_weight_phase_gradient,paper_gadgets,True,hamming_weight_n20,hamming_weight_n20,,0,126,54,18,0,0,36,external/circuit-to-tensor/benchmarks/applications/hamming_weight_n20/hamming_weight_n20.tensor.npy,true,0,"(54, 54, 54)","(54, 54, 54)",,external/alphatensor_quantum/decompositions/hamming_weight_phase_gradient.npz
hamming_weight_phase_gradient.npz,hamming_weight_phase_gradient,paper_gadgets,True,hamming_weight_n4,hamming_weight_n4,,0,21,9,3,0,0,6,external/circuit-to-tensor/benchmarks/applications/hamming_weight_n4/hamming_weight_n4.tensor.npy,true,0,"(9, 9, 9)","(9, 9, 9)",,external/alphatensor_quantum/decompositions/hamming_weight_phase_gradient.npz
hamming_weight_phase_gradient.npz,hamming_weight_phase_gradient,paper_gadgets,True,hamming_weight_n5,hamming_weight_n5,,0,21,10,3,0,0,6,external/circuit-to-tensor/benchmarks/applications/hamming_weight_n5/hamming_weight_n5.tensor.npy,true,0,"(10, 10, 10)","(10, 10, 10)",,external/alphatensor_quantum/decompositions/hamming_weight_phase_gradient.npz
hamming_weight_phase_gradient.npz,hamming_weight_phase_gradient,paper_gadgets,True,hamming_weight_n6,hamming_weight_n6,,0,28,12,4,0,0,8,external/circuit-to-tensor/benchmarks/applications/hamming_weight_n6/hamming_weight_n6.tensor.npy,true,0,"(12, 12, 12)","(12, 12, 12)",,external/alphatensor_quantum/decompositions/hamming_weight_phase_gradient.npz
hamming_weight_phase_gradient.npz,hamming_weight_phase_gradient,paper_gadgets,True,hamming_weight_n7,hamming_weight_n7,,0,28,13,4,0,0,8,external/circuit-to-tensor/benchmarks/applications/hamming_weight_n7/hamming_weight_n7.tensor.npy,true,0,"(13, 13, 13)","(13, 13, 13)",,external/alphatensor_quantum/decompositions/hamming_weight_phase_gradient.npz
hamming_weight_phase_gradient.npz,hamming_weight_phase_gradient,paper_gadgets,True,hamming_weight_n8,hamming_weight_n8,,0,49,21,7,0,0,14,external/circuit-to-tensor/benchmarks/applications/hamming_weight_n8/hamming_weight_n8.tensor.npy,true,0,"(21, 21, 21)","(21, 21, 21)",,external/alphatensor_quantum/decompositions/hamming_weight_phase_gradient.npz
hamming_weight_phase_gradient.npz,hamming_weight_phase_gradient,paper_gadgets,True,hamming_weight_n9,hamming_weight_n9,,0,49,22,7,0,0,14,external/circuit-to-tensor/benchmarks/applications/hamming_weight_n9/hamming_weight_n9.tensor.npy,true,0,"(22, 22, 22)","(22, 22, 22)",,external/alphatensor_quantum/decompositions/hamming_weight_phase_gradient.npz
multiplication_finite_fields_gadgets.npz,finite_field_multiplication,paper_gadgets,True,gf_2pow10_mult_comp2,gf_2pow10_mult,,0,322,30,46,0,0,92,external/circuit-to-tensor/benchmarks/arithmetic/gf_2pow10_mult/gf_2pow10_mult.tensor.npy,true,0,"(30, 30, 30)","(30, 30, 30)",,external/alphatensor_quantum/decompositions/multiplication_finite_fields_gadgets.npz
multiplication_finite_fields_gadgets.npz,finite_field_multiplication,paper_gadgets,True,gf_2pow10_mult_comp2,gf_2pow10_mult,,1,322,30,46,0,0,92,external/circuit-to-tensor/benchmarks/arithmetic/gf_2pow10_mult/gf_2pow10_mult.tensor.npy,true,0,"(30, 30, 30)","(30, 30, 30)",,external/alphatensor_quantum/decompositions/multiplication_finite_fields_gadgets.npz
multiplication_finite_fields_gadgets.npz,finite_field_multiplication,paper_gadgets,True,gf_2pow10_mult_comp2,gf_2pow10_mult,,2,322,30,46,0,0,92,external/circuit-to-tensor/benchmarks/arithmetic/gf_2pow10_mult/gf_2pow10_mult.tensor.npy,true,0,"(30, 30, 30)","(30, 30, 30)",,external/alphatensor_quantum/decompositions/multiplication_finite_fields_gadgets.npz
multiplication_finite_fields_gadgets.npz,finite_field_multiplication,paper_gadgets,True,gf_2pow10_mult_comp2,gf_2pow10_mult,,3,322,30,46,0,0,92,external/circuit-to-tensor/benchmarks/arithmetic/gf_2pow10_mult/gf_2pow10_mult.tensor.npy,true,0,"(30, 30, 30)","(30, 30, 30)",,external/alphatensor_quantum/decompositions/multiplication_finite_fields_gadgets.npz
multiplication_finite_fields_gadgets.npz,finite_field_multiplication,paper_gadgets,True,gf_2pow10_mult_comp2,gf_2pow10_mult,,4,322,30,46,0,0,92,external/circuit-to-tensor/benchmarks/arithmetic/gf_2pow10_mult/gf_2pow10_mult.tensor.npy,true,0,"(30, 30, 30)","(30, 30, 30)",,external/alphatensor_quantum/decompositions/multiplication_finite_fields_gadgets.npz
multiplication_finite_fields_gadgets.npz,finite_field_multiplication,paper_gadgets,True,gf_2pow10_mult_comp2,gf_2pow10_mult,,5,322,30,46,0,0,92,external/circuit-to-tensor/benchmarks/arithmetic/gf_2pow10_mult/gf_2pow10_mult.tensor.npy,true,0,"(30, 30, 30)","(30, 30, 30)",,external/alphatensor_quantum/decompositions/multiplication_finite_fields_gadgets.npz
multiplication_finite_fields_gadgets.npz,finite_field_multiplication,paper_gadgets,True,gf_2pow10_mult_comp2,gf_2pow10_mult,,6,322,30,46,0,0,92,external/circuit-to-tensor/benchmarks/arithmetic/gf_2pow10_mult/gf_2pow10_mult.tensor.npy,true,0,"(30, 30, 30)","(30, 30, 30)",,external/alphatensor_quantum/decompositions/multiplication_finite_fields_gadgets.npz
multiplication_finite_fields_gadgets.npz,finite_field_multiplication,paper_gadgets,True,gf_2pow10_mult_comp2,gf_2pow10_mult,,7,322,30,46,0,0,92,external/circuit-to-tensor/benchmarks/arithmetic/gf_2pow10_mult/gf_2pow10_mult.tensor.npy,true,0,"(30, 30, 30)","(30, 30, 30)",,external/alphatensor_quantum/decompositions/multiplication_finite_fields_gadgets.npz
multiplication_finite_fields_gadgets.npz,finite_field_multiplication,paper_gadgets,True,gf_2pow10_mult_comp2,gf_2pow10_mult,,8,322,30,46,0,0,92,external/circuit-to-tensor/benchmarks/arithmetic/gf_2pow10_mult/gf_2pow10_mult.tensor.npy,true,0,"(30, 30, 30)","(30, 30, 30)",,external/alphatensor_quantum/decompositions/multiplication_finite_fields_gadgets.npz
multiplication_finite_fields_gadgets.npz,finite_field_multiplication,paper_gadgets,True,gf_2pow10_mult_comp2,gf_2pow10_mult,,9,322,30,46,0,0,92,external/circuit-to-tensor/benchmarks/arithmetic/gf_2pow10_mult/gf_2pow10_mult.tensor.npy,true,0,"(30, 30, 30)","(30, 30, 30)",,external/alphatensor_quantum/decompositions/multiplication_finite_fields_gadgets.npz
multiplication_finite_fields_gadgets.npz,finite_field_multiplication,paper_gadgets,True,gf_2pow2_mult_comp2,gf_2pow2_mult,,0,21,6,3,0,0,6,external/circuit-to-tensor/benchmarks/arithmetic/gf_2pow2_mult/gf_2pow2_mult.tensor.npy,true,0,"(6, 6, 6)","(6, 6, 6)",,external/alphatensor_quantum/decompositions/multiplication_finite_fields_gadgets.npz
multiplication_finite_fields_gadgets.npz,finite_field_multiplication,paper_gadgets,True,gf_2pow2_mult_comp2,gf_2pow2_mult,,1,21,6,3,0,0,6,external/circuit-to-tensor/benchmarks/arithmetic/gf_2pow2_mult/gf_2pow2_mult.tensor.npy,true,0,"(6, 6, 6)","(6, 6, 6)",,external/alphatensor_quantum/decompositions/multiplication_finite_fields_gadgets.npz
multiplication_finite_fields_gadgets.npz,finite_field_multiplication,paper_gadgets,True,gf_2pow2_mult_comp2,gf_2pow2_mult,,2,21,6,3,0,0,6,external/circuit-to-tensor/benchmarks/arithmetic/gf_2pow2_mult/gf_2pow2_mult.tensor.npy,true,0,"(6, 6, 6)","(6, 6, 6)",,external/alphatensor_quantum/decompositions/multiplication_finite_fields_gadgets.npz
multiplication_finite_fields_gadgets.npz,finite_field_multiplication,paper_gadgets,True,gf_2pow2_mult_comp2,gf_2pow2_mult,,3,21,6,3,0,0,6,external/circuit-to-tensor/benchmarks/arithmetic/gf_2pow2_mult/gf_2pow2_mult.tensor.npy,true,0,"(6, 6, 6)","(6, 6, 6)",,external/alphatensor_quantum/decompositions/multiplication_finite_fields_gadgets.npz
multiplication_finite_fields_gadgets.npz,finite_field_multiplication,paper_gadgets,True,gf_2pow2_mult_comp2,gf_2pow2_mult,,4,21,6,3,0,0,6,external/circuit-to-tensor/benchmarks/arithmetic/gf_2pow2_mult/gf_2pow2_mult.tensor.npy,true,0,"(6, 6, 6)","(6, 6, 6)",,external/alphatensor_quantum/decompositions/multiplication_finite_fields_gadgets.npz
multiplication_finite_fields_gadgets.npz,finite_field_multiplication,paper_gadgets,True,gf_2pow2_mult_comp2,gf_2pow2_mult,,5,21,6,3,0,0,6,external/circuit-to-tensor/benchmarks/arithmetic/gf_2pow2_mult/gf_2pow2_mult.tensor.npy,true,0,"(6, 6, 6)","(6, 6, 6)",,external/alphatensor_quantum/decompositions/multiplication_finite_fields_gadgets.npz
multiplication_finite_fields_gadgets.npz,finite_field_multiplication,paper_gadgets,True,gf_2pow2_mult_comp2,gf_2pow2_mult,,6,21,6,3,0,0,6,external/circuit-to-tensor/benchmarks/arithmetic/gf_2pow2_mult/gf_2pow2_mult.tensor.npy,true,0,"(6, 6, 6)","(6, 6, 6)",,external/alphatensor_quantum/decompositions/multiplication_finite_fields_gadgets.npz
multiplication_finite_fields_gadgets.npz,finite_field_multiplication,paper_gadgets,True,gf_2pow2_mult_comp2,gf_2pow2_mult,,7,21,6,3,0,0,6,external/circuit-to-tensor/benchmarks/arithmetic/gf_2pow2_mult/gf_2pow2_mult.tensor.npy,true,0,"(6, 6, 6)","(6, 6, 6)",,external/alphatensor_quantum/decompositions/multiplication_finite_fields_gadgets.npz
multiplication_finite_fields_gadgets.npz,finite_field_multiplication,paper_gadgets,True,gf_2pow2_mult_comp2,gf_2pow2_mult,,8,21,6,3,0,0,6,external/circuit-to-tensor/benchmarks/arithmetic/gf_2pow2_mult/gf_2pow2_mult.tensor.npy,true,0,"(6, 6, 6)","(6, 6, 6)",,external/alphatensor_quantum/decompositions/multiplication_finite_fields_gadgets.npz
multiplication_finite_fields_gadgets.npz,finite_field_multiplication,paper_gadgets,True,gf_2pow3_mult_comp2,gf_2pow3_mult,,0,42,9,6,0,0,12,external/circuit-to-tensor/benchmarks/arithmetic/gf_2pow3_mult/gf_2pow3_mult.tensor.npy,true,0,"(9, 9, 9)","(9, 9, 9)",,external/alphatensor_quantum/decompositions/multiplication_finite_fields_gadgets.npz
multiplication_finite_fields_gadgets.npz,finite_field_multiplication,paper_gadgets,True,gf_2pow3_mult_comp2,gf_2pow3_mult,,1,42,9,6,0,0,12,external/circuit-to-tensor/benchmarks/arithmetic/gf_2pow3_mult/gf_2pow3_mult.tensor.npy,true,0,"(9, 9, 9)","(9, 9, 9)",,external/alphatensor_quantum/decompositions/multiplication_finite_fields_gadgets.npz
multiplication_finite_fields_gadgets.npz,finite_field_multiplication,paper_gadgets,True,gf_2pow3_mult_comp2,gf_2pow3_mult,,2,42,9,6,0,0,12,external/circuit-to-tensor/benchmarks/arithmetic/gf_2pow3_mult/gf_2pow3_mult.tensor.npy,true,0,"(9, 9, 9)","(9, 9, 9)",,external/alphatensor_quantum/decompositions/multiplication_finite_fields_gadgets.npz
multiplication_finite_fields_gadgets.npz,finite_field_multiplication,paper_gadgets,True,gf_2pow3_mult_comp2,gf_2pow3_mult,,3,42,9,6,0,0,12,external/circuit-to-tensor/benchmarks/arithmetic/gf_2pow3_mult/gf_2pow3_mult.tensor.npy,true,0,"(9, 9, 9)","(9, 9, 9)",,external/alphatensor_quantum/decompositions/multiplication_finite_fields_gadgets.npz
multiplication_finite_fields_gadgets.npz,finite_field_multiplication,paper_gadgets,True,gf_2pow3_mult_comp2,gf_2pow3_mult,,4,42,9,6,0,0,12,external/circuit-to-tensor/benchmarks/arithmetic/gf_2pow3_mult/gf_2pow3_mult.tensor.npy,true,0,"(9, 9, 9)","(9, 9, 9)",,external/alphatensor_quantum/decompositions/multiplication_finite_fields_gadgets.npz
multiplication_finite_fields_gadgets.npz,finite_field_multiplication,paper_gadgets,True,gf_2pow3_mult_comp2,gf_2pow3_mult,,5,42,9,6,0,0,12,external/circuit-to-tensor/benchmarks/arithmetic/gf_2pow3_mult/gf_2pow3_mult.tensor.npy,true,0,"(9, 9, 9)","(9, 9, 9)",,external/alphatensor_quantum/decompositions/multiplication_finite_fields_gadgets.npz
multiplication_finite_fields_gadgets.npz,finite_field_multiplication,paper_gadgets,True,gf_2pow3_mult_comp2,gf_2pow3_mult,,6,42,9,6,0,0,12,external/circuit-to-tensor/benchmarks/arithmetic/gf_2pow3_mult/gf_2pow3_mult.tensor.npy,true,0,"(9, 9, 9)","(9, 9, 9)",,external/alphatensor_quantum/decompositions/multiplication_finite_fields_gadgets.npz
multiplication_finite_fields_gadgets.npz,finite_field_multiplication,paper_gadgets,True,gf_2pow3_mult_comp2,gf_2pow3_mult,,7,42,9,6,0,0,12,external/circuit-to-tensor/benchmarks/arithmetic/gf_2pow3_mult/gf_2pow3_mult.tensor.npy,true,0,"(9, 9, 9)","(9, 9, 9)",,external/alphatensor_quantum/decompositions/multiplication_finite_fields_gadgets.npz
multiplication_finite_fields_gadgets.npz,finite_field_multiplication,paper_gadgets,True,gf_2pow3_mult_comp2,gf_2pow3_mult,,8,42,9,6,0,0,12,external/circuit-to-tensor/benchmarks/arithmetic/gf_2pow3_mult/gf_2pow3_mult.tensor.npy,true,0,"(9, 9, 9)","(9, 9, 9)",,external/alphatensor_quantum/decompositions/multiplication_finite_fields_gadgets.npz
multiplication_finite_fields_gadgets.npz,finite_field_multiplication,paper_gadgets,True,gf_2pow3_mult_comp2,gf_2pow3_mult,,9,42,9,6,0,0,12,external/circuit-to-tensor/benchmarks/arithmetic/gf_2pow3_mult/gf_2pow3_mult.tensor.npy,true,0,"(9, 9, 9)","(9, 9, 9)",,external/alphatensor_quantum/decompositions/multiplication_finite_fields_gadgets.npz
multiplication_finite_fields_gadgets.npz,finite_field_multiplication,paper_gadgets,True,gf_2pow4_mult_comp2,gf_2pow4_mult,,0,63,12,9,0,0,18,external/circuit-to-tensor/benchmarks/arithmetic/gf_2pow4_mult/gf_2pow4_mult.tensor.npy,true,0,"(12, 12, 12)","(12, 12, 12)",,external/alphatensor_quantum/decompositions/multiplication_finite_fields_gadgets.npz
multiplication_finite_fields_gadgets.npz,finite_field_multiplication,paper_gadgets,True,gf_2pow4_mult_comp2,gf_2pow4_mult,,1,63,12,9,0,0,18,external/circuit-to-tensor/benchmarks/arithmetic/gf_2pow4_mult/gf_2pow4_mult.tensor.npy,true,0,"(12, 12, 12)","(12, 12, 12)",,external/alphatensor_quantum/decompositions/multiplication_finite_fields_gadgets.npz
multiplication_finite_fields_gadgets.npz,finite_field_multiplication,paper_gadgets,True,gf_2pow4_mult_comp2,gf_2pow4_mult,,2,63,12,9,0,0,18,external/circuit-to-tensor/benchmarks/arithmetic/gf_2pow4_mult/gf_2pow4_mult.tensor.npy,true,0,"(12, 12, 12)","(12, 12, 12)",,external/alphatensor_quantum/decompositions/multiplication_finite_fields_gadgets.npz
multiplication_finite_fields_gadgets.npz,finite_field_multiplication,paper_gadgets,True,gf_2pow4_mult_comp2,gf_2pow4_mult,,3,63,12,9,0,0,18,external/circuit-to-tensor/benchmarks/arithmetic/gf_2pow4_mult/gf_2pow4_mult.tensor.npy,true,0,"(12, 12, 12)","(12, 12, 12)",,external/alphatensor_quantum/decompositions/multiplication_finite_fields_gadgets.npz
multiplication_finite_fields_gadgets.npz,finite_field_multiplication,paper_gadgets,True,gf_2pow4_mult_comp2,gf_2pow4_mult,,4,63,12,9,0,0,18,external/circuit-to-tensor/benchmarks/arithmetic/gf_2pow4_mult/gf_2pow4_mult.tensor.npy,true,0,"(12, 12, 12)","(12, 12, 12)",,external/alphatensor_quantum/decompositions/multiplication_finite_fields_gadgets.npz
multiplication_finite_fields_gadgets.npz,finite_field_multiplication,paper_gadgets,True,gf_2pow4_mult_comp2,gf_2pow4_mult,,5,63,12,9,0,0,18,external/circuit-to-tensor/benchmarks/arithmetic/gf_2pow4_mult/gf_2pow4_mult.tensor.npy,true,0,"(12, 12, 12)","(12, 12, 12)",,external/alphatensor_quantum/decompositions/multiplication_finite_fields_gadgets.npz
multiplication_finite_fields_gadgets.npz,finite_field_multiplication,paper_gadgets,True,gf_2pow4_mult_comp2,gf_2pow4_mult,,6,63,12,9,0,0,18,external/circuit-to-tensor/benchmarks/arithmetic/gf_2pow4_mult/gf_2pow4_mult.tensor.npy,true,0,"(12, 12, 12)","(12, 12, 12)",,external/alphatensor_quantum/decompositions/multiplication_finite_fields_gadgets.npz
multiplication_finite_fields_gadgets.npz,finite_field_multiplication,paper_gadgets,True,gf_2pow4_mult_comp2,gf_2pow4_mult,,7,63,12,9,0,0,18,external/circuit-to-tensor/benchmarks/arithmetic/gf_2pow4_mult/gf_2pow4_mult.tensor.npy,true,0,"(12, 12, 12)","(12, 12, 12)",,external/alphatensor_quantum/decompositions/multiplication_finite_fields_gadgets.npz
multiplication_finite_fields_gadgets.npz,finite_field_multiplication,paper_gadgets,True,gf_2pow4_mult_comp2,gf_2pow4_mult,,8,63,12,9,0,0,18,external/circuit-to-tensor/benchmarks/arithmetic/gf_2pow4_mult/gf_2pow4_mult.tensor.npy,true,0,"(12, 12, 12)","(12, 12, 12)",,external/alphatensor_quantum/decompositions/multiplication_finite_fields_gadgets.npz
multiplication_finite_fields_gadgets.npz,finite_field_multiplication,paper_gadgets,True,gf_2pow4_mult_comp2,gf_2pow4_mult,,9,63,12,9,0,0,18,external/circuit-to-tensor/benchmarks/arithmetic/gf_2pow4_mult/gf_2pow4_mult.tensor.npy,true,0,"(12, 12, 12)","(12, 12, 12)",,external/alphatensor_quantum/decompositions/multiplication_finite_fields_gadgets.npz
multiplication_finite_fields_gadgets.npz,finite_field_multiplication,paper_gadgets,True,gf_2pow5_mult_comp2,gf_2pow5_mult,,0,91,15,13,0,0,26,external/circuit-to-tensor/benchmarks/arithmetic/gf_2pow5_mult/gf_2pow5_mult.tensor.npy,true,0,"(15, 15, 15)","(15, 15, 15)",,external/alphatensor_quantum/decompositions/multiplication_finite_fields_gadgets.npz
multiplication_finite_fields_gadgets.npz,finite_field_multiplication,paper_gadgets,True,gf_2pow5_mult_comp2,gf_2pow5_mult,,1,91,15,13,0,0,26,external/circuit-to-tensor/benchmarks/arithmetic/gf_2pow5_mult/gf_2pow5_mult.tensor.npy,true,0,"(15, 15, 15)","(15, 15, 15)",,external/alphatensor_quantum/decompositions/multiplication_finite_fields_gadgets.npz
multiplication_finite_fields_gadgets.npz,finite_field_multiplication,paper_gadgets,True,gf_2pow5_mult_comp2,gf_2pow5_mult,,2,91,15,13,0,0,26,external/circuit-to-tensor/benchmarks/arithmetic/gf_2pow5_mult/gf_2pow5_mult.tensor.npy,true,0,"(15, 15, 15)","(15, 15, 15)",,external/alphatensor_quantum/decompositions/multiplication_finite_fields_gadgets.npz
multiplication_finite_fields_gadgets.npz,finite_field_multiplication,paper_gadgets,True,gf_2pow5_mult_comp2,gf_2pow5_mult,,3,91,15,13,0,0,26,external/circuit-to-tensor/benchmarks/arithmetic/gf_2pow5_mult/gf_2pow5_mult.tensor.npy,true,0,"(15, 15, 15)","(15, 15, 15)",,external/alphatensor_quantum/decompositions/multiplication_finite_fields_gadgets.npz
multiplication_finite_fields_gadgets.npz,finite_field_multiplication,paper_gadgets,True,gf_2pow5_mult_comp2,gf_2pow5_mult,,4,91,15,13,0,0,26,external/circuit-to-tensor/benchmarks/arithmetic/gf_2pow5_mult/gf_2pow5_mult.tensor.npy,true,0,"(15, 15, 15)","(15, 15, 15)",,external/alphatensor_quantum/decompositions/multiplication_finite_fields_gadgets.npz
multiplication_finite_fields_gadgets.npz,finite_field_multiplication,paper_gadgets,True,gf_2pow5_mult_comp2,gf_2pow5_mult,,5,91,15,13,0,0,26,external/circuit-to-tensor/benchmarks/arithmetic/gf_2pow5_mult/gf_2pow5_mult.tensor.npy,true,0,"(15, 15, 15)","(15, 15, 15)",,external/alphatensor_quantum/decompositions/multiplication_finite_fields_gadgets.npz
multiplication_finite_fields_gadgets.npz,finite_field_multiplication,paper_gadgets,True,gf_2pow5_mult_comp2,gf_2pow5_mult,,6,91,15,13,0,0,26,external/circuit-to-tensor/benchmarks/arithmetic/gf_2pow5_mult/gf_2pow5_mult.tensor.npy,true,0,"(15, 15, 15)","(15, 15, 15)",,external/alphatensor_quantum/decompositions/multiplication_finite_fields_gadgets.npz
multiplication_finite_fields_gadgets.npz,finite_field_multiplication,paper_gadgets,True,gf_2pow5_mult_comp2,gf_2pow5_mult,,7,91,15,13,0,0,26,external/circuit-to-tensor/benchmarks/arithmetic/gf_2pow5_mult/gf_2pow5_mult.tensor.npy,true,0,"(15, 15, 15)","(15, 15, 15)",,external/alphatensor_quantum/decompositions/multiplication_finite_fields_gadgets.npz
multiplication_finite_fields_gadgets.npz,finite_field_multiplication,paper_gadgets,True,gf_2pow5_mult_comp2,gf_2pow5_mult,,8,91,15,13,0,0,26,external/circuit-to-tensor/benchmarks/arithmetic/gf_2pow5_mult/gf_2pow5_mult.tensor.npy,true,0,"(15, 15, 15)","(15, 15, 15)",,external/alphatensor_quantum/decompositions/multiplication_finite_fields_gadgets.npz
multiplication_finite_fields_gadgets.npz,finite_field_multiplication,paper_gadgets,True,gf_2pow5_mult_comp2,gf_2pow5_mult,,9,91,15,13,0,0,26,external/circuit-to-tensor/benchmarks/arithmetic/gf_2pow5_mult/gf_2pow5_mult.tensor.npy,true,0,"(15, 15, 15)","(15, 15, 15)",,external/alphatensor_quantum/decompositions/multiplication_finite_fields_gadgets.npz
multiplication_finite_fields_gadgets.npz,finite_field_multiplication,paper_gadgets,True,gf_2pow6_mult_comp2,gf_2pow6_mult,,0,126,18,18,0,0,36,external/circuit-to-tensor/benchmarks/arithmetic/gf_2pow6_mult/gf_2pow6_mult.tensor.npy,true,0,"(18, 18, 18)","(18, 18, 18)",,external/alphatensor_quantum/decompositions/multiplication_finite_fields_gadgets.npz
multiplication_finite_fields_gadgets.npz,finite_field_multiplication,paper_gadgets,True,gf_2pow6_mult_comp2,gf_2pow6_mult,,1,126,18,18,0,0,36,external/circuit-to-tensor/benchmarks/arithmetic/gf_2pow6_mult/gf_2pow6_mult.tensor.npy,true,0,"(18, 18, 18)","(18, 18, 18)",,external/alphatensor_quantum/decompositions/multiplication_finite_fields_gadgets.npz
multiplication_finite_fields_gadgets.npz,finite_field_multiplication,paper_gadgets,True,gf_2pow6_mult_comp2,gf_2pow6_mult,,2,126,18,18,0,0,36,external/circuit-to-tensor/benchmarks/arithmetic/gf_2pow6_mult/gf_2pow6_mult.tensor.npy,true,0,"(18, 18, 18)","(18, 18, 18)",,external/alphatensor_quantum/decompositions/multiplication_finite_fields_gadgets.npz
multiplication_finite_fields_gadgets.npz,finite_field_multiplication,paper_gadgets,True,gf_2pow6_mult_comp2,gf_2pow6_mult,,3,126,18,18,0,0,36,external/circuit-to-tensor/benchmarks/arithmetic/gf_2pow6_mult/gf_2pow6_mult.tensor.npy,true,0,"(18, 18, 18)","(18, 18, 18)",,external/alphatensor_quantum/decompositions/multiplication_finite_fields_gadgets.npz
multiplication_finite_fields_gadgets.npz,finite_field_multiplication,paper_gadgets,True,gf_2pow6_mult_comp2,gf_2pow6_mult,,4,126,18,18,0,0,36,external/circuit-to-tensor/benchmarks/arithmetic/gf_2pow6_mult/gf_2pow6_mult.tensor.npy,true,0,"(18, 18, 18)","(18, 18, 18)",,external/alphatensor_quantum/decompositions/multiplication_finite_fields_gadgets.npz
multiplication_finite_fields_gadgets.npz,finite_field_multiplication,paper_gadgets,True,gf_2pow6_mult_comp2,gf_2pow6_mult,,5,126,18,18,0,0,36,external/circuit-to-tensor/benchmarks/arithmetic/gf_2pow6_mult/gf_2pow6_mult.tensor.npy,true,0,"(18, 18, 18)","(18, 18, 18)",,external/alphatensor_quantum/decompositions/multiplication_finite_fields_gadgets.npz
multiplication_finite_fields_gadgets.npz,finite_field_multiplication,paper_gadgets,True,gf_2pow6_mult_comp2,gf_2pow6_mult,,6,126,18,18,0,0,36,external/circuit-to-tensor/benchmarks/arithmetic/gf_2pow6_mult/gf_2pow6_mult.tensor.npy,true,0,"(18, 18, 18)","(18, 18, 18)",,external/alphatensor_quantum/decompositions/multiplication_finite_fields_gadgets.npz
multiplication_finite_fields_gadgets.npz,finite_field_multiplication,paper_gadgets,True,gf_2pow6_mult_comp2,gf_2pow6_mult,,7,126,18,18,0,0,36,external/circuit-to-tensor/benchmarks/arithmetic/gf_2pow6_mult/gf_2pow6_mult.tensor.npy,true,0,"(18, 18, 18)","(18, 18, 18)",,external/alphatensor_quantum/decompositions/multiplication_finite_fields_gadgets.npz
multiplication_finite_fields_gadgets.npz,finite_field_multiplication,paper_gadgets,True,gf_2pow6_mult_comp2,gf_2pow6_mult,,8,126,18,18,0,0,36,external/circuit-to-tensor/benchmarks/arithmetic/gf_2pow6_mult/gf_2pow6_mult.tensor.npy,true,0,"(18, 18, 18)","(18, 18, 18)",,external/alphatensor_quantum/decompositions/multiplication_finite_fields_gadgets.npz
multiplication_finite_fields_gadgets.npz,finite_field_multiplication,paper_gadgets,True,gf_2pow6_mult_comp2,gf_2pow6_mult,,9,126,18,18,0,0,36,external/circuit-to-tensor/benchmarks/arithmetic/gf_2pow6_mult/gf_2pow6_mult.tensor.npy,true,0,"(18, 18, 18)","(18, 18, 18)",,external/alphatensor_quantum/decompositions/multiplication_finite_fields_gadgets.npz
multiplication_finite_fields_gadgets.npz,finite_field_multiplication,paper_gadgets,True,gf_2pow7_mult_comp2,gf_2pow7_mult,,0,154,21,22,0,0,44,external/circuit-to-tensor/benchmarks/arithmetic/gf_2pow7_mult/gf_2pow7_mult.tensor.npy,true,0,"(21, 21, 21)","(21, 21, 21)",,external/alphatensor_quantum/decompositions/multiplication_finite_fields_gadgets.npz
multiplication_finite_fields_gadgets.npz,finite_field_multiplication,paper_gadgets,True,gf_2pow7_mult_comp2,gf_2pow7_mult,,1,154,21,22,0,0,44,external/circuit-to-tensor/benchmarks/arithmetic/gf_2pow7_mult/gf_2pow7_mult.tensor.npy,true,0,"(21, 21, 21)","(21, 21, 21)",,external/alphatensor_quantum/decompositions/multiplication_finite_fields_gadgets.npz
multiplication_finite_fields_gadgets.npz,finite_field_multiplication,paper_gadgets,True,gf_2pow7_mult_comp2,gf_2pow7_mult,,2,154,21,22,0,0,44,external/circuit-to-tensor/benchmarks/arithmetic/gf_2pow7_mult/gf_2pow7_mult.tensor.npy,true,0,"(21, 21, 21)","(21, 21, 21)",,external/alphatensor_quantum/decompositions/multiplication_finite_fields_gadgets.npz
multiplication_finite_fields_gadgets.npz,finite_field_multiplication,paper_gadgets,True,gf_2pow7_mult_comp2,gf_2pow7_mult,,3,154,21,22,0,0,44,external/circuit-to-tensor/benchmarks/arithmetic/gf_2pow7_mult/gf_2pow7_mult.tensor.npy,true,0,"(21, 21, 21)","(21, 21, 21)",,external/alphatensor_quantum/decompositions/multiplication_finite_fields_gadgets.npz
multiplication_finite_fields_gadgets.npz,finite_field_multiplication,paper_gadgets,True,gf_2pow7_mult_comp2,gf_2pow7_mult,,4,154,21,22,0,0,44,external/circuit-to-tensor/benchmarks/arithmetic/gf_2pow7_mult/gf_2pow7_mult.tensor.npy,true,0,"(21, 21, 21)","(21, 21, 21)",,external/alphatensor_quantum/decompositions/multiplication_finite_fields_gadgets.npz
multiplication_finite_fields_gadgets.npz,finite_field_multiplication,paper_gadgets,True,gf_2pow7_mult_comp2,gf_2pow7_mult,,5,154,21,22,0,0,44,external/circuit-to-tensor/benchmarks/arithmetic/gf_2pow7_mult/gf_2pow7_mult.tensor.npy,true,0,"(21, 21, 21)","(21, 21, 21)",,external/alphatensor_quantum/decompositions/multiplication_finite_fields_gadgets.npz
multiplication_finite_fields_gadgets.npz,finite_field_multiplication,paper_gadgets,True,gf_2pow7_mult_comp2,gf_2pow7_mult,,6,154,21,22,0,0,44,external/circuit-to-tensor/benchmarks/arithmetic/gf_2pow7_mult/gf_2pow7_mult.tensor.npy,true,0,"(21, 21, 21)","(21, 21, 21)",,external/alphatensor_quantum/decompositions/multiplication_finite_fields_gadgets.npz
multiplication_finite_fields_gadgets.npz,finite_field_multiplication,paper_gadgets,True,gf_2pow7_mult_comp2,gf_2pow7_mult,,7,154,21,22,0,0,44,external/circuit-to-tensor/benchmarks/arithmetic/gf_2pow7_mult/gf_2pow7_mult.tensor.npy,true,0,"(21, 21, 21)","(21, 21, 21)",,external/alphatensor_quantum/decompositions/multiplication_finite_fields_gadgets.npz
multiplication_finite_fields_gadgets.npz,finite_field_multiplication,paper_gadgets,True,gf_2pow7_mult_comp2,gf_2pow7_mult,,8,154,21,22,0,0,44,external/circuit-to-tensor/benchmarks/arithmetic/gf_2pow7_mult/gf_2pow7_mult.tensor.npy,true,0,"(21, 21, 21)","(21, 21, 21)",,external/alphatensor_quantum/decompositions/multiplication_finite_fields_gadgets.npz
multiplication_finite_fields_gadgets.npz,finite_field_multiplication,paper_gadgets,True,gf_2pow7_mult_comp2,gf_2pow7_mult,,9,154,21,22,0,0,44,external/circuit-to-tensor/benchmarks/arithmetic/gf_2pow7_mult/gf_2pow7_mult.tensor.npy,true,0,"(21, 21, 21)","(21, 21, 21)",,external/alphatensor_quantum/decompositions/multiplication_finite_fields_gadgets.npz
multiplication_finite_fields_gadgets.npz,finite_field_multiplication,paper_gadgets,True,gf_2pow8_mult_comp2,gf_2pow8_mult,,0,203,24,29,0,0,58,external/circuit-to-tensor/benchmarks/arithmetic/gf_2pow8_mult/gf_2pow8_mult.tensor.npy,true,0,"(24, 24, 24)","(24, 24, 24)",,external/alphatensor_quantum/decompositions/multiplication_finite_fields_gadgets.npz
multiplication_finite_fields_gadgets.npz,finite_field_multiplication,paper_gadgets,True,gf_2pow8_mult_comp2,gf_2pow8_mult,,1,203,24,29,0,0,58,external/circuit-to-tensor/benchmarks/arithmetic/gf_2pow8_mult/gf_2pow8_mult.tensor.npy,true,0,"(24, 24, 24)","(24, 24, 24)",,external/alphatensor_quantum/decompositions/multiplication_finite_fields_gadgets.npz
multiplication_finite_fields_gadgets.npz,finite_field_multiplication,paper_gadgets,True,gf_2pow8_mult_comp2,gf_2pow8_mult,,2,203,24,29,0,0,58,external/circuit-to-tensor/benchmarks/arithmetic/gf_2pow8_mult/gf_2pow8_mult.tensor.npy,true,0,"(24, 24, 24)","(24, 24, 24)",,external/alphatensor_quantum/decompositions/multiplication_finite_fields_gadgets.npz
multiplication_finite_fields_gadgets.npz,finite_field_multiplication,paper_gadgets,True,gf_2pow8_mult_comp2,gf_2pow8_mult,,3,203,24,29,0,0,58,external/circuit-to-tensor/benchmarks/arithmetic/gf_2pow8_mult/gf_2pow8_mult.tensor.npy,true,0,"(24, 24, 24)","(24, 24, 24)",,external/alphatensor_quantum/decompositions/multiplication_finite_fields_gadgets.npz
multiplication_finite_fields_gadgets.npz,finite_field_multiplication,paper_gadgets,True,gf_2pow8_mult_comp2,gf_2pow8_mult,,4,203,24,29,0,0,58,external/circuit-to-tensor/benchmarks/arithmetic/gf_2pow8_mult/gf_2pow8_mult.tensor.npy,true,0,"(24, 24, 24)","(24, 24, 24)",,external/alphatensor_quantum/decompositions/multiplication_finite_fields_gadgets.npz
multiplication_finite_fields_gadgets.npz,finite_field_multiplication,paper_gadgets,True,gf_2pow8_mult_comp2,gf_2pow8_mult,,5,203,24,29,0,0,58,external/circuit-to-tensor/benchmarks/arithmetic/gf_2pow8_mult/gf_2pow8_mult.tensor.npy,true,0,"(24, 24, 24)","(24, 24, 24)",,external/alphatensor_quantum/decompositions/multiplication_finite_fields_gadgets.npz
multiplication_finite_fields_gadgets.npz,finite_field_multiplication,paper_gadgets,True,gf_2pow8_mult_comp2,gf_2pow8_mult,,6,203,24,29,0,0,58,external/circuit-to-tensor/benchmarks/arithmetic/gf_2pow8_mult/gf_2pow8_mult.tensor.npy,true,0,"(24, 24, 24)","(24, 24, 24)",,external/alphatensor_quantum/decompositions/multiplication_finite_fields_gadgets.npz
multiplication_finite_fields_gadgets.npz,finite_field_multiplication,paper_gadgets,True,gf_2pow8_mult_comp2,gf_2pow8_mult,,7,203,24,29,0,0,58,external/circuit-to-tensor/benchmarks/arithmetic/gf_2pow8_mult/gf_2pow8_mult.tensor.npy,true,0,"(24, 24, 24)","(24, 24, 24)",,external/alphatensor_quantum/decompositions/multiplication_finite_fields_gadgets.npz
multiplication_finite_fields_gadgets.npz,finite_field_multiplication,paper_gadgets,True,gf_2pow8_mult_comp2,gf_2pow8_mult,,8,203,24,29,0,0,58,external/circuit-to-tensor/benchmarks/arithmetic/gf_2pow8_mult/gf_2pow8_mult.tensor.npy,true,0,"(24, 24, 24)","(24, 24, 24)",,external/alphatensor_quantum/decompositions/multiplication_finite_fields_gadgets.npz
multiplication_finite_fields_gadgets.npz,finite_field_multiplication,paper_gadgets,True,gf_2pow8_mult_comp2,gf_2pow8_mult,,9,203,24,29,0,0,58,external/circuit-to-tensor/benchmarks/arithmetic/gf_2pow8_mult/gf_2pow8_mult.tensor.npy,true,0,"(24, 24, 24)","(24, 24, 24)",,external/alphatensor_quantum/decompositions/multiplication_finite_fields_gadgets.npz
multiplication_finite_fields_gadgets.npz,finite_field_multiplication,paper_gadgets,True,gf_2pow9_mult_comp2,gf_2pow9_mult,,0,245,27,35,0,0,70,external/circuit-to-tensor/benchmarks/arithmetic/gf_2pow9_mult/gf_2pow9_mult.tensor.npy,true,0,"(27, 27, 27)","(27, 27, 27)",,external/alphatensor_quantum/decompositions/multiplication_finite_fields_gadgets.npz
multiplication_finite_fields_gadgets.npz,finite_field_multiplication,paper_gadgets,True,gf_2pow9_mult_comp2,gf_2pow9_mult,,1,245,27,35,0,0,70,external/circuit-to-tensor/benchmarks/arithmetic/gf_2pow9_mult/gf_2pow9_mult.tensor.npy,true,0,"(27, 27, 27)","(27, 27, 27)",,external/alphatensor_quantum/decompositions/multiplication_finite_fields_gadgets.npz
multiplication_finite_fields_gadgets.npz,finite_field_multiplication,paper_gadgets,True,gf_2pow9_mult_comp2,gf_2pow9_mult,,2,245,27,35,0,0,70,external/circuit-to-tensor/benchmarks/arithmetic/gf_2pow9_mult/gf_2pow9_mult.tensor.npy,true,0,"(27, 27, 27)","(27, 27, 27)",,external/alphatensor_quantum/decompositions/multiplication_finite_fields_gadgets.npz
multiplication_finite_fields_no_gadgets.npz,finite_field_multiplication,paper_no_gadgets,False,gf_2pow10_mult_comp1,gf_2pow10_mult,,0,196,30,0,0,196,196,external/circuit-to-tensor/benchmarks/arithmetic/gf_2pow10_mult/gf_2pow10_mult_comp1.tensor.npy,true,0,"(30, 30, 30)","(30, 30, 30)",,external/alphatensor_quantum/decompositions/multiplication_finite_fields_no_gadgets.npz
multiplication_finite_fields_no_gadgets.npz,finite_field_multiplication,paper_no_gadgets,False,gf_2pow10_mult_comp1,gf_2pow10_mult,,1,196,30,0,0,196,196,external/circuit-to-tensor/benchmarks/arithmetic/gf_2pow10_mult/gf_2pow10_mult_comp1.tensor.npy,true,0,"(30, 30, 30)","(30, 30, 30)",,external/alphatensor_quantum/decompositions/multiplication_finite_fields_no_gadgets.npz
multiplication_finite_fields_no_gadgets.npz,finite_field_multiplication,paper_no_gadgets,False,gf_2pow10_mult_comp1,gf_2pow10_mult,,2,196,30,0,0,196,196,external/circuit-to-tensor/benchmarks/arithmetic/gf_2pow10_mult/gf_2pow10_mult_comp1.tensor.npy,true,0,"(30, 30, 30)","(30, 30, 30)",,external/alphatensor_quantum/decompositions/multiplication_finite_fields_no_gadgets.npz
multiplication_finite_fields_no_gadgets.npz,finite_field_multiplication,paper_no_gadgets,False,gf_2pow10_mult_comp1,gf_2pow10_mult,,3,196,30,0,0,196,196,external/circuit-to-tensor/benchmarks/arithmetic/gf_2pow10_mult/gf_2pow10_mult_comp1.tensor.npy,true,0,"(30, 30, 30)","(30, 30, 30)",,external/alphatensor_quantum/decompositions/multiplication_finite_fields_no_gadgets.npz
multiplication_finite_fields_no_gadgets.npz,finite_field_multiplication,paper_no_gadgets,False,gf_2pow10_mult_comp1,gf_2pow10_mult,,4,196,30,0,0,196,196,external/circuit-to-tensor/benchmarks/arithmetic/gf_2pow10_mult/gf_2pow10_mult_comp1.tensor.npy,true,0,"(30, 30, 30)","(30, 30, 30)",,external/alphatensor_quantum/decompositions/multiplication_finite_fields_no_gadgets.npz
multiplication_finite_fields_no_gadgets.npz,finite_field_multiplication,paper_no_gadgets,False,gf_2pow10_mult_comp1,gf_2pow10_mult,,5,196,30,0,0,196,196,external/circuit-to-tensor/benchmarks/arithmetic/gf_2pow10_mult/gf_2pow10_mult_comp1.tensor.npy,true,0,"(30, 30, 30)","(30, 30, 30)",,external/alphatensor_quantum/decompositions/multiplication_finite_fields_no_gadgets.npz
multiplication_finite_fields_no_gadgets.npz,finite_field_multiplication,paper_no_gadgets,False,gf_2pow10_mult_comp1,gf_2pow10_mult,,6,196,30,0,0,196,196,external/circuit-to-tensor/benchmarks/arithmetic/gf_2pow10_mult/gf_2pow10_mult_comp1.tensor.npy,true,0,"(30, 30, 30)","(30, 30, 30)",,external/alphatensor_quantum/decompositions/multiplication_finite_fields_no_gadgets.npz
multiplication_finite_fields_no_gadgets.npz,finite_field_multiplication,paper_no_gadgets,False,gf_2pow10_mult_comp1,gf_2pow10_mult,,7,196,30,0,0,196,196,external/circuit-to-tensor/benchmarks/arithmetic/gf_2pow10_mult/gf_2pow10_mult_comp1.tensor.npy,true,0,"(30, 30, 30)","(30, 30, 30)",,external/alphatensor_quantum/decompositions/multiplication_finite_fields_no_gadgets.npz
multiplication_finite_fields_no_gadgets.npz,finite_field_multiplication,paper_no_gadgets,False,gf_2pow10_mult_comp1,gf_2pow10_mult,,8,196,30,0,0,196,196,external/circuit-to-tensor/benchmarks/arithmetic/gf_2pow10_mult/gf_2pow10_mult_comp1.tensor.npy,true,0,"(30, 30, 30)","(30, 30, 30)",,external/alphatensor_quantum/decompositions/multiplication_finite_fields_no_gadgets.npz
multiplication_finite_fields_no_gadgets.npz,finite_field_multiplication,paper_no_gadgets,False,gf_2pow10_mult_comp1,gf_2pow10_mult,,9,196,30,0,0,196,196,external/circuit-to-tensor/benchmarks/arithmetic/gf_2pow10_mult/gf_2pow10_mult_comp1.tensor.npy,true,0,"(30, 30, 30)","(30, 30, 30)",,external/alphatensor_quantum/decompositions/multiplication_finite_fields_no_gadgets.npz
multiplication_finite_fields_no_gadgets.npz,finite_field_multiplication,paper_no_gadgets,False,gf_2pow2_mult_comp2,gf_2pow2_mult,,0,17,6,0,0,17,17,external/circuit-to-tensor/benchmarks/arithmetic/gf_2pow2_mult/gf_2pow2_mult.tensor.npy,true,0,"(6, 6, 6)","(6, 6, 6)",,external/alphatensor_quantum/decompositions/multiplication_finite_fields_no_gadgets.npz
multiplication_finite_fields_no_gadgets.npz,finite_field_multiplication,paper_no_gadgets,False,gf_2pow2_mult_comp2,gf_2pow2_mult,,1,17,6,0,0,17,17,external/circuit-to-tensor/benchmarks/arithmetic/gf_2pow2_mult/gf_2pow2_mult.tensor.npy,true,0,"(6, 6, 6)","(6, 6, 6)",,external/alphatensor_quantum/decompositions/multiplication_finite_fields_no_gadgets.npz
multiplication_finite_fields_no_gadgets.npz,finite_field_multiplication,paper_no_gadgets,False,gf_2pow2_mult_comp2,gf_2pow2_mult,,2,17,6,0,0,17,17,external/circuit-to-tensor/benchmarks/arithmetic/gf_2pow2_mult/gf_2pow2_mult.tensor.npy,true,0,"(6, 6, 6)","(6, 6, 6)",,external/alphatensor_quantum/decompositions/multiplication_finite_fields_no_gadgets.npz
multiplication_finite_fields_no_gadgets.npz,finite_field_multiplication,paper_no_gadgets,False,gf_2pow2_mult_comp2,gf_2pow2_mult,,3,17,6,0,0,17,17,external/circuit-to-tensor/benchmarks/arithmetic/gf_2pow2_mult/gf_2pow2_mult.tensor.npy,true,0,"(6, 6, 6)","(6, 6, 6)",,external/alphatensor_quantum/decompositions/multiplication_finite_fields_no_gadgets.npz
multiplication_finite_fields_no_gadgets.npz,finite_field_multiplication,paper_no_gadgets,False,gf_2pow2_mult_comp2,gf_2pow2_mult,,4,17,6,0,0,17,17,external/circuit-to-tensor/benchmarks/arithmetic/gf_2pow2_mult/gf_2pow2_mult.tensor.npy,true,0,"(6, 6, 6)","(6, 6, 6)",,external/alphatensor_quantum/decompositions/multiplication_finite_fields_no_gadgets.npz
multiplication_finite_fields_no_gadgets.npz,finite_field_multiplication,paper_no_gadgets,False,gf_2pow2_mult_comp2,gf_2pow2_mult,,5,17,6,0,0,17,17,external/circuit-to-tensor/benchmarks/arithmetic/gf_2pow2_mult/gf_2pow2_mult.tensor.npy,true,0,"(6, 6, 6)","(6, 6, 6)",,external/alphatensor_quantum/decompositions/multiplication_finite_fields_no_gadgets.npz
multiplication_finite_fields_no_gadgets.npz,finite_field_multiplication,paper_no_gadgets,False,gf_2pow2_mult_comp2,gf_2pow2_mult,,6,17,6,0,0,17,17,external/circuit-to-tensor/benchmarks/arithmetic/gf_2pow2_mult/gf_2pow2_mult.tensor.npy,true,0,"(6, 6, 6)","(6, 6, 6)",,external/alphatensor_quantum/decompositions/multiplication_finite_fields_no_gadgets.npz
multiplication_finite_fields_no_gadgets.npz,finite_field_multiplication,paper_no_gadgets,False,gf_2pow2_mult_comp2,gf_2pow2_mult,,7,17,6,0,0,17,17,external/circuit-to-tensor/benchmarks/arithmetic/gf_2pow2_mult/gf_2pow2_mult.tensor.npy,true,0,"(6, 6, 6)","(6, 6, 6)",,external/alphatensor_quantum/decompositions/multiplication_finite_fields_no_gadgets.npz
multiplication_finite_fields_no_gadgets.npz,finite_field_multiplication,paper_no_gadgets,False,gf_2pow2_mult_comp2,gf_2pow2_mult,,8,17,6,0,0,17,17,external/circuit-to-tensor/benchmarks/arithmetic/gf_2pow2_mult/gf_2pow2_mult.tensor.npy,true,0,"(6, 6, 6)","(6, 6, 6)",,external/alphatensor_quantum/decompositions/multiplication_finite_fields_no_gadgets.npz
multiplication_finite_fields_no_gadgets.npz,finite_field_multiplication,paper_no_gadgets,False,gf_2pow3_mult_comp2,gf_2pow3_mult,,0,29,9,0,0,29,29,external/circuit-to-tensor/benchmarks/arithmetic/gf_2pow3_mult/gf_2pow3_mult.tensor.npy,true,0,"(9, 9, 9)","(9, 9, 9)",,external/alphatensor_quantum/decompositions/multiplication_finite_fields_no_gadgets.npz
multiplication_finite_fields_no_gadgets.npz,finite_field_multiplication,paper_no_gadgets,False,gf_2pow3_mult_comp2,gf_2pow3_mult,,1,29,9,0,0,29,29,external/circuit-to-tensor/benchmarks/arithmetic/gf_2pow3_mult/gf_2pow3_mult.tensor.npy,true,0,"(9, 9, 9)","(9, 9, 9)",,external/alphatensor_quantum/decompositions/multiplication_finite_fields_no_gadgets.npz
multiplication_finite_fields_no_gadgets.npz,finite_field_multiplication,paper_no_gadgets,False,gf_2pow3_mult_comp2,gf_2pow3_mult,,2,29,9,0,0,29,29,external/circuit-to-tensor/benchmarks/arithmetic/gf_2pow3_mult/gf_2pow3_mult.tensor.npy,true,0,"(9, 9, 9)","(9, 9, 9)",,external/alphatensor_quantum/decompositions/multiplication_finite_fields_no_gadgets.npz
multiplication_finite_fields_no_gadgets.npz,finite_field_multiplication,paper_no_gadgets,False,gf_2pow3_mult_comp2,gf_2pow3_mult,,3,29,9,0,0,29,29,external/circuit-to-tensor/benchmarks/arithmetic/gf_2pow3_mult/gf_2pow3_mult.tensor.npy,true,0,"(9, 9, 9)","(9, 9, 9)",,external/alphatensor_quantum/decompositions/multiplication_finite_fields_no_gadgets.npz
multiplication_finite_fields_no_gadgets.npz,finite_field_multiplication,paper_no_gadgets,False,gf_2pow3_mult_comp2,gf_2pow3_mult,,4,29,9,0,0,29,29,external/circuit-to-tensor/benchmarks/arithmetic/gf_2pow3_mult/gf_2pow3_mult.tensor.npy,true,0,"(9, 9, 9)","(9, 9, 9)",,external/alphatensor_quantum/decompositions/multiplication_finite_fields_no_gadgets.npz
multiplication_finite_fields_no_gadgets.npz,finite_field_multiplication,paper_no_gadgets,False,gf_2pow3_mult_comp2,gf_2pow3_mult,,5,29,9,0,0,29,29,external/circuit-to-tensor/benchmarks/arithmetic/gf_2pow3_mult/gf_2pow3_mult.tensor.npy,true,0,"(9, 9, 9)","(9, 9, 9)",,external/alphatensor_quantum/decompositions/multiplication_finite_fields_no_gadgets.npz
multiplication_finite_fields_no_gadgets.npz,finite_field_multiplication,paper_no_gadgets,False,gf_2pow3_mult_comp2,gf_2pow3_mult,,6,29,9,0,0,29,29,external/circuit-to-tensor/benchmarks/arithmetic/gf_2pow3_mult/gf_2pow3_mult.tensor.npy,true,0,"(9, 9, 9)","(9, 9, 9)",,external/alphatensor_quantum/decompositions/multiplication_finite_fields_no_gadgets.npz
multiplication_finite_fields_no_gadgets.npz,finite_field_multiplication,paper_no_gadgets,False,gf_2pow3_mult_comp2,gf_2pow3_mult,,7,29,9,0,0,29,29,external/circuit-to-tensor/benchmarks/arithmetic/gf_2pow3_mult/gf_2pow3_mult.tensor.npy,true,0,"(9, 9, 9)","(9, 9, 9)",,external/alphatensor_quantum/decompositions/multiplication_finite_fields_no_gadgets.npz
multiplication_finite_fields_no_gadgets.npz,finite_field_multiplication,paper_no_gadgets,False,gf_2pow3_mult_comp2,gf_2pow3_mult,,8,29,9,0,0,29,29,external/circuit-to-tensor/benchmarks/arithmetic/gf_2pow3_mult/gf_2pow3_mult.tensor.npy,true,0,"(9, 9, 9)","(9, 9, 9)",,external/alphatensor_quantum/decompositions/multiplication_finite_fields_no_gadgets.npz
multiplication_finite_fields_no_gadgets.npz,finite_field_multiplication,paper_no_gadgets,False,gf_2pow3_mult_comp2,gf_2pow3_mult,,9,29,9,0,0,29,29,external/circuit-to-tensor/benchmarks/arithmetic/gf_2pow3_mult/gf_2pow3_mult.tensor.npy,true,0,"(9, 9, 9)","(9, 9, 9)",,external/alphatensor_quantum/decompositions/multiplication_finite_fields_no_gadgets.npz
multiplication_finite_fields_no_gadgets.npz,finite_field_multiplication,paper_no_gadgets,False,gf_2pow4_mult_comp1,gf_2pow4_mult,,0,39,12,0,0,39,39,external/circuit-to-tensor/benchmarks/arithmetic/gf_2pow4_mult/gf_2pow4_mult_comp1.tensor.npy,true,0,"(12, 12, 12)","(12, 12, 12)",,external/alphatensor_quantum/decompositions/multiplication_finite_fields_no_gadgets.npz
multiplication_finite_fields_no_gadgets.npz,finite_field_multiplication,paper_no_gadgets,False,gf_2pow4_mult_comp1,gf_2pow4_mult,,1,39,12,0,0,39,39,external/circuit-to-tensor/benchmarks/arithmetic/gf_2pow4_mult/gf_2pow4_mult_comp1.tensor.npy,true,0,"(12, 12, 12)","(12, 12, 12)",,external/alphatensor_quantum/decompositions/multiplication_finite_fields_no_gadgets.npz
multiplication_finite_fields_no_gadgets.npz,finite_field_multiplication,paper_no_gadgets,False,gf_2pow4_mult_comp1,gf_2pow4_mult,,2,39,12,0,0,39,39,external/circuit-to-tensor/benchmarks/arithmetic/gf_2pow4_mult/gf_2pow4_mult_comp1.tensor.npy,true,0,"(12, 12, 12)","(12, 12, 12)",,external/alphatensor_quantum/decompositions/multiplication_finite_fields_no_gadgets.npz
multiplication_finite_fields_no_gadgets.npz,finite_field_multiplication,paper_no_gadgets,False,gf_2pow4_mult_comp1,gf_2pow4_mult,,3,39,12,0,0,39,39,external/circuit-to-tensor/benchmarks/arithmetic/gf_2pow4_mult/gf_2pow4_mult_comp1.tensor.npy,true,0,"(12, 12, 12)","(12, 12, 12)",,external/alphatensor_quantum/decompositions/multiplication_finite_fields_no_gadgets.npz
multiplication_finite_fields_no_gadgets.npz,finite_field_multiplication,paper_no_gadgets,False,gf_2pow4_mult_comp1,gf_2pow4_mult,,4,39,12,0,0,39,39,external/circuit-to-tensor/benchmarks/arithmetic/gf_2pow4_mult/gf_2pow4_mult_comp1.tensor.npy,true,0,"(12, 12, 12)","(12, 12, 12)",,external/alphatensor_quantum/decompositions/multiplication_finite_fields_no_gadgets.npz
multiplication_finite_fields_no_gadgets.npz,finite_field_multiplication,paper_no_gadgets,False,gf_2pow4_mult_comp1,gf_2pow4_mult,,5,39,12,0,0,39,39,external/circuit-to-tensor/benchmarks/arithmetic/gf_2pow4_mult/gf_2pow4_mult_comp1.tensor.npy,true,0,"(12, 12, 12)","(12, 12, 12)",,external/alphatensor_quantum/decompositions/multiplication_finite_fields_no_gadgets.npz
multiplication_finite_fields_no_gadgets.npz,finite_field_multiplication,paper_no_gadgets,False,gf_2pow4_mult_comp1,gf_2pow4_mult,,6,39,12,0,0,39,39,external/circuit-to-tensor/benchmarks/arithmetic/gf_2pow4_mult/gf_2pow4_mult_comp1.tensor.npy,true,0,"(12, 12, 12)","(12, 12, 12)",,external/alphatensor_quantum/decompositions/multiplication_finite_fields_no_gadgets.npz
multiplication_finite_fields_no_gadgets.npz,finite_field_multiplication,paper_no_gadgets,False,gf_2pow4_mult_comp1,gf_2pow4_mult,,7,39,12,0,0,39,39,external/circuit-to-tensor/benchmarks/arithmetic/gf_2pow4_mult/gf_2pow4_mult_comp1.tensor.npy,true,0,"(12, 12, 12)","(12, 12, 12)",,external/alphatensor_quantum/decompositions/multiplication_finite_fields_no_gadgets.npz
multiplication_finite_fields_no_gadgets.npz,finite_field_multiplication,paper_no_gadgets,False,gf_2pow4_mult_comp1,gf_2pow4_mult,,8,39,12,0,0,39,39,external/circuit-to-tensor/benchmarks/arithmetic/gf_2pow4_mult/gf_2pow4_mult_comp1.tensor.npy,true,0,"(12, 12, 12)","(12, 12, 12)",,external/alphatensor_quantum/decompositions/multiplication_finite_fields_no_gadgets.npz
multiplication_finite_fields_no_gadgets.npz,finite_field_multiplication,paper_no_gadgets,False,gf_2pow4_mult_comp1,gf_2pow4_mult,,9,39,12,0,0,39,39,external/circuit-to-tensor/benchmarks/arithmetic/gf_2pow4_mult/gf_2pow4_mult_comp1.tensor.npy,true,0,"(12, 12, 12)","(12, 12, 12)",,external/alphatensor_quantum/decompositions/multiplication_finite_fields_no_gadgets.npz
multiplication_finite_fields_no_gadgets.npz,finite_field_multiplication,paper_no_gadgets,False,gf_2pow5_mult_comp1,gf_2pow5_mult,,0,59,15,0,0,59,59,external/circuit-to-tensor/benchmarks/arithmetic/gf_2pow5_mult/gf_2pow5_mult_comp1.tensor.npy,true,0,"(15, 15, 15)","(15, 15, 15)",,external/alphatensor_quantum/decompositions/multiplication_finite_fields_no_gadgets.npz
multiplication_finite_fields_no_gadgets.npz,finite_field_multiplication,paper_no_gadgets,False,gf_2pow5_mult_comp1,gf_2pow5_mult,,1,59,15,0,0,59,59,external/circuit-to-tensor/benchmarks/arithmetic/gf_2pow5_mult/gf_2pow5_mult_comp1.tensor.npy,true,0,"(15, 15, 15)","(15, 15, 15)",,external/alphatensor_quantum/decompositions/multiplication_finite_fields_no_gadgets.npz
multiplication_finite_fields_no_gadgets.npz,finite_field_multiplication,paper_no_gadgets,False,gf_2pow5_mult_comp1,gf_2pow5_mult,,2,59,15,0,0,59,59,external/circuit-to-tensor/benchmarks/arithmetic/gf_2pow5_mult/gf_2pow5_mult_comp1.tensor.npy,true,0,"(15, 15, 15)","(15, 15, 15)",,external/alphatensor_quantum/decompositions/multiplication_finite_fields_no_gadgets.npz
multiplication_finite_fields_no_gadgets.npz,finite_field_multiplication,paper_no_gadgets,False,gf_2pow5_mult_comp1,gf_2pow5_mult,,3,59,15,0,0,59,59,external/circuit-to-tensor/benchmarks/arithmetic/gf_2pow5_mult/gf_2pow5_mult_comp1.tensor.npy,true,0,"(15, 15, 15)","(15, 15, 15)",,external/alphatensor_quantum/decompositions/multiplication_finite_fields_no_gadgets.npz
multiplication_finite_fields_no_gadgets.npz,finite_field_multiplication,paper_no_gadgets,False,gf_2pow5_mult_comp1,gf_2pow5_mult,,4,59,15,0,0,59,59,external/circuit-to-tensor/benchmarks/arithmetic/gf_2pow5_mult/gf_2pow5_mult_comp1.tensor.npy,true,0,"(15, 15, 15)","(15, 15, 15)",,external/alphatensor_quantum/decompositions/multiplication_finite_fields_no_gadgets.npz
multiplication_finite_fields_no_gadgets.npz,finite_field_multiplication,paper_no_gadgets,False,gf_2pow5_mult_comp1,gf_2pow5_mult,,5,59,15,0,0,59,59,external/circuit-to-tensor/benchmarks/arithmetic/gf_2pow5_mult/gf_2pow5_mult_comp1.tensor.npy,true,0,"(15, 15, 15)","(15, 15, 15)",,external/alphatensor_quantum/decompositions/multiplication_finite_fields_no_gadgets.npz
multiplication_finite_fields_no_gadgets.npz,finite_field_multiplication,paper_no_gadgets,False,gf_2pow5_mult_comp1,gf_2pow5_mult,,6,59,15,0,0,59,59,external/circuit-to-tensor/benchmarks/arithmetic/gf_2pow5_mult/gf_2pow5_mult_comp1.tensor.npy,true,0,"(15, 15, 15)","(15, 15, 15)",,external/alphatensor_quantum/decompositions/multiplication_finite_fields_no_gadgets.npz
multiplication_finite_fields_no_gadgets.npz,finite_field_multiplication,paper_no_gadgets,False,gf_2pow5_mult_comp1,gf_2pow5_mult,,7,59,15,0,0,59,59,external/circuit-to-tensor/benchmarks/arithmetic/gf_2pow5_mult/gf_2pow5_mult_comp1.tensor.npy,true,0,"(15, 15, 15)","(15, 15, 15)",,external/alphatensor_quantum/decompositions/multiplication_finite_fields_no_gadgets.npz
multiplication_finite_fields_no_gadgets.npz,finite_field_multiplication,paper_no_gadgets,False,gf_2pow5_mult_comp1,gf_2pow5_mult,,8,59,15,0,0,59,59,external/circuit-to-tensor/benchmarks/arithmetic/gf_2pow5_mult/gf_2pow5_mult_comp1.tensor.npy,true,0,"(15, 15, 15)","(15, 15, 15)",,external/alphatensor_quantum/decompositions/multiplication_finite_fields_no_gadgets.npz
multiplication_finite_fields_no_gadgets.npz,finite_field_multiplication,paper_no_gadgets,False,gf_2pow5_mult_comp1,gf_2pow5_mult,,9,59,15,0,0,59,59,external/circuit-to-tensor/benchmarks/arithmetic/gf_2pow5_mult/gf_2pow5_mult_comp1.tensor.npy,true,0,"(15, 15, 15)","(15, 15, 15)",,external/alphatensor_quantum/decompositions/multiplication_finite_fields_no_gadgets.npz
multiplication_finite_fields_no_gadgets.npz,finite_field_multiplication,paper_no_gadgets,False,gf_2pow6_mult_comp1,gf_2pow6_mult,,0,77,18,0,0,77,77,external/circuit-to-tensor/benchmarks/arithmetic/gf_2pow6_mult/gf_2pow6_mult_comp1.tensor.npy,true,0,"(18, 18, 18)","(18, 18, 18)",,external/alphatensor_quantum/decompositions/multiplication_finite_fields_no_gadgets.npz
multiplication_finite_fields_no_gadgets.npz,finite_field_multiplication,paper_no_gadgets,False,gf_2pow7_mult_comp1,gf_2pow7_mult,,0,104,21,0,0,104,104,external/circuit-to-tensor/benchmarks/arithmetic/gf_2pow7_mult/gf_2pow7_mult_comp1.tensor.npy,true,0,"(21, 21, 21)","(21, 21, 21)",,external/alphatensor_quantum/decompositions/multiplication_finite_fields_no_gadgets.npz
multiplication_finite_fields_no_gadgets.npz,finite_field_multiplication,paper_no_gadgets,False,gf_2pow8_mult_comp1,gf_2pow8_mult,,0,123,24,0,0,123,123,external/circuit-to-tensor/benchmarks/arithmetic/gf_2pow8_mult/gf_2pow8_mult_comp1.tensor.npy,true,0,"(24, 24, 24)","(24, 24, 24)",,external/alphatensor_quantum/decompositions/multiplication_finite_fields_no_gadgets.npz
multiplication_finite_fields_no_gadgets.npz,finite_field_multiplication,paper_no_gadgets,False,gf_2pow9_mult_comp1,gf_2pow9_mult,,0,161,27,0,0,161,161,external/circuit-to-tensor/benchmarks/arithmetic/gf_2pow9_mult/gf_2pow9_mult_comp1.tensor.npy,true,0,"(27, 27, 27)","(27, 27, 27)",,external/alphatensor_quantum/decompositions/multiplication_finite_fields_no_gadgets.npz
quantum_chemistry.npz,quantum_chemistry,paper_gadgets,True,basis_change_p4_o3,basis_change_p4_o3,,0,56,27,8,0,0,16,external/circuit-to-tensor/benchmarks/applications/basis_change_p4_o3/basis_change_p4_o3.tensor.npy,true,0,"(27, 27, 27)","(27, 27, 27)",,external/alphatensor_quantum/decompositions/quantum_chemistry.npz
quantum_chemistry.npz,quantum_chemistry,paper_gadgets,True,basis_change_p4_o3,basis_change_p4_o3,,1,56,27,8,0,0,16,external/circuit-to-tensor/benchmarks/applications/basis_change_p4_o3/basis_change_p4_o3.tensor.npy,true,0,"(27, 27, 27)","(27, 27, 27)",,external/alphatensor_quantum/decompositions/quantum_chemistry.npz
quantum_chemistry.npz,quantum_chemistry,paper_gadgets,True,basis_change_p4_o3,basis_change_p4_o3,,2,56,27,8,0,0,16,external/circuit-to-tensor/benchmarks/applications/basis_change_p4_o3/basis_change_p4_o3.tensor.npy,true,0,"(27, 27, 27)","(27, 27, 27)",,external/alphatensor_quantum/decompositions/quantum_chemistry.npz
quantum_chemistry.npz,quantum_chemistry,paper_gadgets,True,basis_change_p4_o3,basis_change_p4_o3,,3,56,27,8,0,0,16,external/circuit-to-tensor/benchmarks/applications/basis_change_p4_o3/basis_change_p4_o3.tensor.npy,true,0,"(27, 27, 27)","(27, 27, 27)",,external/alphatensor_quantum/decompositions/quantum_chemistry.npz
quantum_chemistry.npz,quantum_chemistry,paper_gadgets,True,basis_change_p4_o3,basis_change_p4_o3,,4,56,27,8,0,0,16,external/circuit-to-tensor/benchmarks/applications/basis_change_p4_o3/basis_change_p4_o3.tensor.npy,true,0,"(27, 27, 27)","(27, 27, 27)",,external/alphatensor_quantum/decompositions/quantum_chemistry.npz
quantum_chemistry.npz,quantum_chemistry,paper_gadgets,True,basis_change_p4_o3,basis_change_p4_o3,,5,56,27,8,0,0,16,external/circuit-to-tensor/benchmarks/applications/basis_change_p4_o3/basis_change_p4_o3.tensor.npy,true,0,"(27, 27, 27)","(27, 27, 27)",,external/alphatensor_quantum/decompositions/quantum_chemistry.npz
quantum_chemistry.npz,quantum_chemistry,paper_gadgets,True,basis_change_p4_o3,basis_change_p4_o3,,6,56,27,8,0,0,16,external/circuit-to-tensor/benchmarks/applications/basis_change_p4_o3/basis_change_p4_o3.tensor.npy,true,0,"(27, 27, 27)","(27, 27, 27)",,external/alphatensor_quantum/decompositions/quantum_chemistry.npz
quantum_chemistry.npz,quantum_chemistry,paper_gadgets,True,basis_change_p4_o3,basis_change_p4_o3,,7,56,27,8,0,0,16,external/circuit-to-tensor/benchmarks/applications/basis_change_p4_o3/basis_change_p4_o3.tensor.npy,true,0,"(27, 27, 27)","(27, 27, 27)",,external/alphatensor_quantum/decompositions/quantum_chemistry.npz
quantum_chemistry.npz,quantum_chemistry,paper_gadgets,True,basis_change_p4_o3,basis_change_p4_o3,,8,56,27,8,0,0,16,external/circuit-to-tensor/benchmarks/applications/basis_change_p4_o3/basis_change_p4_o3.tensor.npy,true,0,"(27, 27, 27)","(27, 27, 27)",,external/alphatensor_quantum/decompositions/quantum_chemistry.npz
quantum_chemistry.npz,quantum_chemistry,paper_gadgets,True,basis_change_p4_o3,basis_change_p4_o3,,9,56,27,8,0,0,16,external/circuit-to-tensor/benchmarks/applications/basis_change_p4_o3/basis_change_p4_o3.tensor.npy,true,0,"(27, 27, 27)","(27, 27, 27)",,external/alphatensor_quantum/decompositions/quantum_chemistry.npz
quantum_chemistry.npz,quantum_chemistry,paper_gadgets,True,basis_change_p4_o4,basis_change_p4_o4,,0,84,39,12,0,0,24,external/circuit-to-tensor/benchmarks/applications/basis_change_p4_o4/basis_change_p4_o4.tensor.npy,true,0,"(39, 39, 39)","(39, 39, 39)",,external/alphatensor_quantum/decompositions/quantum_chemistry.npz
quantum_chemistry.npz,quantum_chemistry,paper_gadgets,True,basis_change_p4_o4,basis_change_p4_o4,,1,84,39,12,0,0,24,external/circuit-to-tensor/benchmarks/applications/basis_change_p4_o4/basis_change_p4_o4.tensor.npy,true,0,"(39, 39, 39)","(39, 39, 39)",,external/alphatensor_quantum/decompositions/quantum_chemistry.npz
quantum_chemistry.npz,quantum_chemistry,paper_gadgets,True,basis_change_p4_o4,basis_change_p4_o4,,2,84,39,12,0,0,24,external/circuit-to-tensor/benchmarks/applications/basis_change_p4_o4/basis_change_p4_o4.tensor.npy,true,0,"(39, 39, 39)","(39, 39, 39)",,external/alphatensor_quantum/decompositions/quantum_chemistry.npz
quantum_chemistry.npz,quantum_chemistry,paper_gadgets,True,basis_change_p4_o4,basis_change_p4_o4,,3,84,39,12,0,0,24,external/circuit-to-tensor/benchmarks/applications/basis_change_p4_o4/basis_change_p4_o4.tensor.npy,true,0,"(39, 39, 39)","(39, 39, 39)",,external/alphatensor_quantum/decompositions/quantum_chemistry.npz
quantum_chemistry.npz,quantum_chemistry,paper_gadgets,True,basis_change_p4_o4,basis_change_p4_o4,,4,84,39,12,0,0,24,external/circuit-to-tensor/benchmarks/applications/basis_change_p4_o4/basis_change_p4_o4.tensor.npy,true,0,"(39, 39, 39)","(39, 39, 39)",,external/alphatensor_quantum/decompositions/quantum_chemistry.npz
quantum_chemistry.npz,quantum_chemistry,paper_gadgets,True,basis_change_p4_o4,basis_change_p4_o4,,5,84,39,12,0,0,24,external/circuit-to-tensor/benchmarks/applications/basis_change_p4_o4/basis_change_p4_o4.tensor.npy,true,0,"(39, 39, 39)","(39, 39, 39)",,external/alphatensor_quantum/decompositions/quantum_chemistry.npz
quantum_chemistry.npz,quantum_chemistry,paper_gadgets,True,basis_change_p4_o4,basis_change_p4_o4,,6,84,39,12,0,0,24,external/circuit-to-tensor/benchmarks/applications/basis_change_p4_o4/basis_change_p4_o4.tensor.npy,true,0,"(39, 39, 39)","(39, 39, 39)",,external/alphatensor_quantum/decompositions/quantum_chemistry.npz
quantum_chemistry.npz,quantum_chemistry,paper_gadgets,True,basis_change_p4_o4,basis_change_p4_o4,,7,84,39,12,0,0,24,external/circuit-to-tensor/benchmarks/applications/basis_change_p4_o4/basis_change_p4_o4.tensor.npy,true,0,"(39, 39, 39)","(39, 39, 39)",,external/alphatensor_quantum/decompositions/quantum_chemistry.npz
quantum_chemistry.npz,quantum_chemistry,paper_gadgets,True,basis_change_p4_o4,basis_change_p4_o4,,8,84,39,12,0,0,24,external/circuit-to-tensor/benchmarks/applications/basis_change_p4_o4/basis_change_p4_o4.tensor.npy,true,0,"(39, 39, 39)","(39, 39, 39)",,external/alphatensor_quantum/decompositions/quantum_chemistry.npz
quantum_chemistry.npz,quantum_chemistry,paper_gadgets,True,basis_change_p4_o4,basis_change_p4_o4,,9,84,39,12,0,0,24,external/circuit-to-tensor/benchmarks/applications/basis_change_p4_o4/basis_change_p4_o4.tensor.npy,true,0,"(39, 39, 39)","(39, 39, 39)",,external/alphatensor_quantum/decompositions/quantum_chemistry.npz
quantum_chemistry.npz,quantum_chemistry,paper_gadgets,True,basis_change_p4_o5,basis_change_p4_o5,,0,112,51,16,0,0,32,external/circuit-to-tensor/benchmarks/applications/basis_change_p4_o5/basis_change_p4_o5.tensor.npy,true,0,"(51, 51, 51)","(51, 51, 51)",,external/alphatensor_quantum/decompositions/quantum_chemistry.npz
quantum_chemistry.npz,quantum_chemistry,paper_gadgets,True,basis_change_p4_o5,basis_change_p4_o5,,1,112,51,16,0,0,32,external/circuit-to-tensor/benchmarks/applications/basis_change_p4_o5/basis_change_p4_o5.tensor.npy,true,0,"(51, 51, 51)","(51, 51, 51)",,external/alphatensor_quantum/decompositions/quantum_chemistry.npz
quantum_chemistry.npz,quantum_chemistry,paper_gadgets,True,basis_change_p4_o5,basis_change_p4_o5,,2,112,51,16,0,0,32,external/circuit-to-tensor/benchmarks/applications/basis_change_p4_o5/basis_change_p4_o5.tensor.npy,true,0,"(51, 51, 51)","(51, 51, 51)",,external/alphatensor_quantum/decompositions/quantum_chemistry.npz
quantum_chemistry.npz,quantum_chemistry,paper_gadgets,True,basis_change_p4_o5,basis_change_p4_o5,,3,112,51,16,0,0,32,external/circuit-to-tensor/benchmarks/applications/basis_change_p4_o5/basis_change_p4_o5.tensor.npy,true,0,"(51, 51, 51)","(51, 51, 51)",,external/alphatensor_quantum/decompositions/quantum_chemistry.npz
quantum_chemistry.npz,quantum_chemistry,paper_gadgets,True,basis_change_p4_o5,basis_change_p4_o5,,4,112,51,16,0,0,32,external/circuit-to-tensor/benchmarks/applications/basis_change_p4_o5/basis_change_p4_o5.tensor.npy,true,0,"(51, 51, 51)","(51, 51, 51)",,external/alphatensor_quantum/decompositions/quantum_chemistry.npz
quantum_chemistry.npz,quantum_chemistry,paper_gadgets,True,basis_change_p4_o5,basis_change_p4_o5,,5,112,51,16,0,0,32,external/circuit-to-tensor/benchmarks/applications/basis_change_p4_o5/basis_change_p4_o5.tensor.npy,true,0,"(51, 51, 51)","(51, 51, 51)",,external/alphatensor_quantum/decompositions/quantum_chemistry.npz
quantum_chemistry.npz,quantum_chemistry,paper_gadgets,True,basis_change_p4_o5,basis_change_p4_o5,,6,112,51,16,0,0,32,external/circuit-to-tensor/benchmarks/applications/basis_change_p4_o5/basis_change_p4_o5.tensor.npy,true,0,"(51, 51, 51)","(51, 51, 51)",,external/alphatensor_quantum/decompositions/quantum_chemistry.npz
quantum_chemistry.npz,quantum_chemistry,paper_gadgets,True,basis_change_p4_o5,basis_change_p4_o5,,7,112,51,16,0,0,32,external/circuit-to-tensor/benchmarks/applications/basis_change_p4_o5/basis_change_p4_o5.tensor.npy,true,0,"(51, 51, 51)","(51, 51, 51)",,external/alphatensor_quantum/decompositions/quantum_chemistry.npz
quantum_chemistry.npz,quantum_chemistry,paper_gadgets,True,basis_change_p4_o5,basis_change_p4_o5,,8,112,51,16,0,0,32,external/circuit-to-tensor/benchmarks/applications/basis_change_p4_o5/basis_change_p4_o5.tensor.npy,true,0,"(51, 51, 51)","(51, 51, 51)",,external/alphatensor_quantum/decompositions/quantum_chemistry.npz
quantum_chemistry.npz,quantum_chemistry,paper_gadgets,True,basis_change_p4_o5,basis_change_p4_o5,,9,112,51,16,0,0,32,external/circuit-to-tensor/benchmarks/applications/basis_change_p4_o5/basis_change_p4_o5.tensor.npy,true,0,"(51, 51, 51)","(51, 51, 51)",,external/alphatensor_quantum/decompositions/quantum_chemistry.npz
quantum_chemistry.npz,quantum_chemistry,paper_gadgets,True,basis_change_p5_o3,basis_change_p5_o3,,0,84,39,12,0,0,24,external/circuit-to-tensor/benchmarks/applications/basis_change_p5_o3/basis_change_p5_o3.tensor.npy,true,0,"(39, 39, 39)","(39, 39, 39)",,external/alphatensor_quantum/decompositions/quantum_chemistry.npz
quantum_chemistry.npz,quantum_chemistry,paper_gadgets,True,basis_change_p5_o3,basis_change_p5_o3,,1,84,39,12,0,0,24,external/circuit-to-tensor/benchmarks/applications/basis_change_p5_o3/basis_change_p5_o3.tensor.npy,true,0,"(39, 39, 39)","(39, 39, 39)",,external/alphatensor_quantum/decompositions/quantum_chemistry.npz
quantum_chemistry.npz,quantum_chemistry,paper_gadgets,True,basis_change_p5_o3,basis_change_p5_o3,,2,84,39,12,0,0,24,external/circuit-to-tensor/benchmarks/applications/basis_change_p5_o3/basis_change_p5_o3.tensor.npy,true,0,"(39, 39, 39)","(39, 39, 39)",,external/alphatensor_quantum/decompositions/quantum_chemistry.npz
quantum_chemistry.npz,quantum_chemistry,paper_gadgets,True,basis_change_p5_o3,basis_change_p5_o3,,3,84,39,12,0,0,24,external/circuit-to-tensor/benchmarks/applications/basis_change_p5_o3/basis_change_p5_o3.tensor.npy,true,0,"(39, 39, 39)","(39, 39, 39)",,external/alphatensor_quantum/decompositions/quantum_chemistry.npz
quantum_chemistry.npz,quantum_chemistry,paper_gadgets,True,basis_change_p5_o3,basis_change_p5_o3,,4,84,39,12,0,0,24,external/circuit-to-tensor/benchmarks/applications/basis_change_p5_o3/basis_change_p5_o3.tensor.npy,true,0,"(39, 39, 39)","(39, 39, 39)",,external/alphatensor_quantum/decompositions/quantum_chemistry.npz
quantum_chemistry.npz,quantum_chemistry,paper_gadgets,True,basis_change_p5_o3,basis_change_p5_o3,,5,84,39,12,0,0,24,external/circuit-to-tensor/benchmarks/applications/basis_change_p5_o3/basis_change_p5_o3.tensor.npy,true,0,"(39, 39, 39)","(39, 39, 39)",,external/alphatensor_quantum/decompositions/quantum_chemistry.npz
quantum_chemistry.npz,quantum_chemistry,paper_gadgets,True,basis_change_p5_o3,basis_change_p5_o3,,6,84,39,12,0,0,24,external/circuit-to-tensor/benchmarks/applications/basis_change_p5_o3/basis_change_p5_o3.tensor.npy,true,0,"(39, 39, 39)","(39, 39, 39)",,external/alphatensor_quantum/decompositions/quantum_chemistry.npz
quantum_chemistry.npz,quantum_chemistry,paper_gadgets,True,basis_change_p5_o3,basis_change_p5_o3,,7,84,39,12,0,0,24,external/circuit-to-tensor/benchmarks/applications/basis_change_p5_o3/basis_change_p5_o3.tensor.npy,true,0,"(39, 39, 39)","(39, 39, 39)",,external/alphatensor_quantum/decompositions/quantum_chemistry.npz
quantum_chemistry.npz,quantum_chemistry,paper_gadgets,True,basis_change_p5_o4,basis_change_p5_o4,,0,126,56,18,0,0,36,external/circuit-to-tensor/benchmarks/applications/basis_change_p5_o4/basis_change_p5_o4.tensor.npy,true,0,"(56, 56, 56)","(56, 56, 56)",,external/alphatensor_quantum/decompositions/quantum_chemistry.npz
quantum_chemistry.npz,quantum_chemistry,paper_gadgets,True,basis_change_p5_o4,basis_change_p5_o4,,1,126,56,18,0,0,36,external/circuit-to-tensor/benchmarks/applications/basis_change_p5_o4/basis_change_p5_o4.tensor.npy,true,0,"(56, 56, 56)","(56, 56, 56)",,external/alphatensor_quantum/decompositions/quantum_chemistry.npz
quantum_chemistry.npz,quantum_chemistry,paper_gadgets,True,basis_change_p5_o4,basis_change_p5_o4,,2,126,56,18,0,0,36,external/circuit-to-tensor/benchmarks/applications/basis_change_p5_o4/basis_change_p5_o4.tensor.npy,true,0,"(56, 56, 56)","(56, 56, 56)",,external/alphatensor_quantum/decompositions/quantum_chemistry.npz
quantum_chemistry.npz,quantum_chemistry,paper_gadgets,True,basis_change_p5_o4,basis_change_p5_o4,,3,126,56,18,0,0,36,external/circuit-to-tensor/benchmarks/applications/basis_change_p5_o4/basis_change_p5_o4.tensor.npy,true,0,"(56, 56, 56)","(56, 56, 56)",,external/alphatensor_quantum/decompositions/quantum_chemistry.npz
quantum_chemistry.npz,quantum_chemistry,paper_gadgets,True,basis_change_p5_o4,basis_change_p5_o4,,4,126,56,18,0,0,36,external/circuit-to-tensor/benchmarks/applications/basis_change_p5_o4/basis_change_p5_o4.tensor.npy,true,0,"(56, 56, 56)","(56, 56, 56)",,external/alphatensor_quantum/decompositions/quantum_chemistry.npz
quantum_chemistry.npz,quantum_chemistry,paper_gadgets,True,basis_change_p5_o4,basis_change_p5_o4,,5,126,56,18,0,0,36,external/circuit-to-tensor/benchmarks/applications/basis_change_p5_o4/basis_change_p5_o4.tensor.npy,true,0,"(56, 56, 56)","(56, 56, 56)",,external/alphatensor_quantum/decompositions/quantum_chemistry.npz
quantum_chemistry.npz,quantum_chemistry,paper_gadgets,True,basis_change_p5_o4,basis_change_p5_o4,,6,126,56,18,0,0,36,external/circuit-to-tensor/benchmarks/applications/basis_change_p5_o4/basis_change_p5_o4.tensor.npy,true,0,"(56, 56, 56)","(56, 56, 56)",,external/alphatensor_quantum/decompositions/quantum_chemistry.npz
quantum_chemistry.npz,quantum_chemistry,paper_gadgets,True,basis_change_p5_o4,basis_change_p5_o4,,7,126,56,18,0,0,36,external/circuit-to-tensor/benchmarks/applications/basis_change_p5_o4/basis_change_p5_o4.tensor.npy,true,0,"(56, 56, 56)","(56, 56, 56)",,external/alphatensor_quantum/decompositions/quantum_chemistry.npz
quantum_chemistry.npz,quantum_chemistry,paper_gadgets,True,basis_change_p6_o3,basis_change_p6_o3,,0,112,51,16,0,0,32,external/circuit-to-tensor/benchmarks/applications/basis_change_p6_o3/basis_change_p6_o3.tensor.npy,true,0,"(51, 51, 51)","(51, 51, 51)",,external/alphatensor_quantum/decompositions/quantum_chemistry.npz
quantum_chemistry.npz,quantum_chemistry,paper_gadgets,True,basis_change_p6_o3,basis_change_p6_o3,,1,112,51,16,0,0,32,external/circuit-to-tensor/benchmarks/applications/basis_change_p6_o3/basis_change_p6_o3.tensor.npy,true,0,"(51, 51, 51)","(51, 51, 51)",,external/alphatensor_quantum/decompositions/quantum_chemistry.npz
quantum_chemistry.npz,quantum_chemistry,paper_gadgets,True,basis_change_p6_o3,basis_change_p6_o3,,2,112,51,16,0,0,32,external/circuit-to-tensor/benchmarks/applications/basis_change_p6_o3/basis_change_p6_o3.tensor.npy,true,0,"(51, 51, 51)","(51, 51, 51)",,external/alphatensor_quantum/decompositions/quantum_chemistry.npz
quantum_chemistry.npz,quantum_chemistry,paper_gadgets,True,basis_change_p6_o3,basis_change_p6_o3,,3,112,51,16,0,0,32,external/circuit-to-tensor/benchmarks/applications/basis_change_p6_o3/basis_change_p6_o3.tensor.npy,true,0,"(51, 51, 51)","(51, 51, 51)",,external/alphatensor_quantum/decompositions/quantum_chemistry.npz
quantum_chemistry.npz,quantum_chemistry,paper_gadgets,True,basis_change_p6_o3,basis_change_p6_o3,,4,112,51,16,0,0,32,external/circuit-to-tensor/benchmarks/applications/basis_change_p6_o3/basis_change_p6_o3.tensor.npy,true,0,"(51, 51, 51)","(51, 51, 51)",,external/alphatensor_quantum/decompositions/quantum_chemistry.npz
quantum_chemistry.npz,quantum_chemistry,paper_gadgets,True,basis_change_p6_o3,basis_change_p6_o3,,5,112,51,16,0,0,32,external/circuit-to-tensor/benchmarks/applications/basis_change_p6_o3/basis_change_p6_o3.tensor.npy,true,0,"(51, 51, 51)","(51, 51, 51)",,external/alphatensor_quantum/decompositions/quantum_chemistry.npz
quantum_chemistry.npz,quantum_chemistry,paper_gadgets,True,basis_change_p6_o3,basis_change_p6_o3,,6,112,51,16,0,0,32,external/circuit-to-tensor/benchmarks/applications/basis_change_p6_o3/basis_change_p6_o3.tensor.npy,true,0,"(51, 51, 51)","(51, 51, 51)",,external/alphatensor_quantum/decompositions/quantum_chemistry.npz
quantum_chemistry.npz,quantum_chemistry,paper_gadgets,True,basis_change_p7_o3,basis_change_p7_o3,,0,140,63,20,0,0,40,external/circuit-to-tensor/benchmarks/applications/basis_change_p7_o3/basis_change_p7_o3.tensor.npy,true,0,"(63, 63, 63)","(63, 63, 63)",,external/alphatensor_quantum/decompositions/quantum_chemistry.npz
quantum_chemistry.npz,quantum_chemistry,paper_gadgets,True,basis_change_p7_o3,basis_change_p7_o3,,1,140,63,20,0,0,40,external/circuit-to-tensor/benchmarks/applications/basis_change_p7_o3/basis_change_p7_o3.tensor.npy,true,0,"(63, 63, 63)","(63, 63, 63)",,external/alphatensor_quantum/decompositions/quantum_chemistry.npz
quantum_chemistry.npz,quantum_chemistry,paper_gadgets,True,basis_change_p7_o3,basis_change_p7_o3,,2,140,63,20,0,0,40,external/circuit-to-tensor/benchmarks/applications/basis_change_p7_o3/basis_change_p7_o3.tensor.npy,true,0,"(63, 63, 63)","(63, 63, 63)",,external/alphatensor_quantum/decompositions/quantum_chemistry.npz
quantum_chemistry.npz,quantum_chemistry,paper_gadgets,True,basis_change_p7_o3,basis_change_p7_o3,,3,140,63,20,0,0,40,external/circuit-to-tensor/benchmarks/applications/basis_change_p7_o3/basis_change_p7_o3.tensor.npy,true,0,"(63, 63, 63)","(63, 63, 63)",,external/alphatensor_quantum/decompositions/quantum_chemistry.npz
quantum_chemistry.npz,quantum_chemistry,paper_gadgets,True,basis_change_p7_o3,basis_change_p7_o3,,4,140,63,20,0,0,40,external/circuit-to-tensor/benchmarks/applications/basis_change_p7_o3/basis_change_p7_o3.tensor.npy,true,0,"(63, 63, 63)","(63, 63, 63)",,external/alphatensor_quantum/decompositions/quantum_chemistry.npz
quantum_chemistry.npz,quantum_chemistry,paper_gadgets,True,basis_change_p7_o3,basis_change_p7_o3,,5,140,63,20,0,0,40,external/circuit-to-tensor/benchmarks/applications/basis_change_p7_o3/basis_change_p7_o3.tensor.npy,true,0,"(63, 63, 63)","(63, 63, 63)",,external/alphatensor_quantum/decompositions/quantum_chemistry.npz
quantum_chemistry.npz,quantum_chemistry,paper_gadgets,True,basis_change_p7_o3,basis_change_p7_o3,,6,140,63,20,0,0,40,external/circuit-to-tensor/benchmarks/applications/basis_change_p7_o3/basis_change_p7_o3.tensor.npy,true,0,"(63, 63, 63)","(63, 63, 63)",,external/alphatensor_quantum/decompositions/quantum_chemistry.npz
unary_iteration_gadgets.npz,unary_iteration,paper_gadgets,True,unary_iteration_n3,unary_iteration_n3,,0,49,20,7,0,0,14,external/circuit-to-tensor/benchmarks/applications/unary_iteration_n3/unary_iteration_n3.tensor.npy,true,0,"(20, 20, 20)","(20, 20, 20)",,external/alphatensor_quantum/decompositions/unary_iteration_gadgets.npz
unary_iteration_gadgets.npz,unary_iteration,paper_gadgets,True,unary_iteration_n3,unary_iteration_n3,,1,49,20,7,0,0,14,external/circuit-to-tensor/benchmarks/applications/unary_iteration_n3/unary_iteration_n3.tensor.npy,true,0,"(20, 20, 20)","(20, 20, 20)",,external/alphatensor_quantum/decompositions/unary_iteration_gadgets.npz
unary_iteration_gadgets.npz,unary_iteration,paper_gadgets,True,unary_iteration_n3,unary_iteration_n3,,2,49,20,7,0,0,14,external/circuit-to-tensor/benchmarks/applications/unary_iteration_n3/unary_iteration_n3.tensor.npy,true,0,"(20, 20, 20)","(20, 20, 20)",,external/alphatensor_quantum/decompositions/unary_iteration_gadgets.npz
unary_iteration_gadgets.npz,unary_iteration,paper_gadgets,True,unary_iteration_n3,unary_iteration_n3,,3,49,20,7,0,0,14,external/circuit-to-tensor/benchmarks/applications/unary_iteration_n3/unary_iteration_n3.tensor.npy,true,0,"(20, 20, 20)","(20, 20, 20)",,external/alphatensor_quantum/decompositions/unary_iteration_gadgets.npz
unary_iteration_gadgets.npz,unary_iteration,paper_gadgets,True,unary_iteration_n3,unary_iteration_n3,,4,49,20,7,0,0,14,external/circuit-to-tensor/benchmarks/applications/unary_iteration_n3/unary_iteration_n3.tensor.npy,true,0,"(20, 20, 20)","(20, 20, 20)",,external/alphatensor_quantum/decompositions/unary_iteration_gadgets.npz
unary_iteration_gadgets.npz,unary_iteration,paper_gadgets,True,unary_iteration_n3,unary_iteration_n3,,5,49,20,7,0,0,14,external/circuit-to-tensor/benchmarks/applications/unary_iteration_n3/unary_iteration_n3.tensor.npy,true,0,"(20, 20, 20)","(20, 20, 20)",,external/alphatensor_quantum/decompositions/unary_iteration_gadgets.npz
unary_iteration_gadgets.npz,unary_iteration,paper_gadgets,True,unary_iteration_n3,unary_iteration_n3,,6,49,20,7,0,0,14,external/circuit-to-tensor/benchmarks/applications/unary_iteration_n3/unary_iteration_n3.tensor.npy,true,0,"(20, 20, 20)","(20, 20, 20)",,external/alphatensor_quantum/decompositions/unary_iteration_gadgets.npz
unary_iteration_gadgets.npz,unary_iteration,paper_gadgets,True,unary_iteration_n3,unary_iteration_n3,,7,49,20,7,0,0,14,external/circuit-to-tensor/benchmarks/applications/unary_iteration_n3/unary_iteration_n3.tensor.npy,true,0,"(20, 20, 20)","(20, 20, 20)",,external/alphatensor_quantum/decompositions/unary_iteration_gadgets.npz
unary_iteration_gadgets.npz,unary_iteration,paper_gadgets,True,unary_iteration_n3,unary_iteration_n3,,8,49,20,7,0,0,14,external/circuit-to-tensor/benchmarks/applications/unary_iteration_n3/unary_iteration_n3.tensor.npy,true,0,"(20, 20, 20)","(20, 20, 20)",,external/alphatensor_quantum/decompositions/unary_iteration_gadgets.npz
unary_iteration_gadgets.npz,unary_iteration,paper_gadgets,True,unary_iteration_n3,unary_iteration_n3,,9,49,20,7,0,0,14,external/circuit-to-tensor/benchmarks/applications/unary_iteration_n3/unary_iteration_n3.tensor.npy,true,0,"(20, 20, 20)","(20, 20, 20)",,external/alphatensor_quantum/decompositions/unary_iteration_gadgets.npz
unary_iteration_gadgets.npz,unary_iteration,paper_gadgets,True,unary_iteration_n4,unary_iteration_n4,,0,105,38,15,0,0,30,external/circuit-to-tensor/benchmarks/applications/unary_iteration_n4/unary_iteration_n4.tensor.npy,true,0,"(38, 38, 38)","(38, 38, 38)",,external/alphatensor_quantum/decompositions/unary_iteration_gadgets.npz
unary_iteration_gadgets.npz,unary_iteration,paper_gadgets,True,unary_iteration_n4,unary_iteration_n4,,1,105,38,15,0,0,30,external/circuit-to-tensor/benchmarks/applications/unary_iteration_n4/unary_iteration_n4.tensor.npy,true,0,"(38, 38, 38)","(38, 38, 38)",,external/alphatensor_quantum/decompositions/unary_iteration_gadgets.npz
unary_iteration_gadgets.npz,unary_iteration,paper_gadgets,True,unary_iteration_n4,unary_iteration_n4,,2,105,38,15,0,0,30,external/circuit-to-tensor/benchmarks/applications/unary_iteration_n4/unary_iteration_n4.tensor.npy,true,0,"(38, 38, 38)","(38, 38, 38)",,external/alphatensor_quantum/decompositions/unary_iteration_gadgets.npz
unary_iteration_gadgets.npz,unary_iteration,paper_gadgets,True,unary_iteration_n4,unary_iteration_n4,,3,105,38,15,0,0,30,external/circuit-to-tensor/benchmarks/applications/unary_iteration_n4/unary_iteration_n4.tensor.npy,true,0,"(38, 38, 38)","(38, 38, 38)",,external/alphatensor_quantum/decompositions/unary_iteration_gadgets.npz
unary_iteration_gadgets.npz,unary_iteration,paper_gadgets,True,unary_iteration_n4,unary_iteration_n4,,4,105,38,15,0,0,30,external/circuit-to-tensor/benchmarks/applications/unary_iteration_n4/unary_iteration_n4.tensor.npy,true,0,"(38, 38, 38)","(38, 38, 38)",,external/alphatensor_quantum/decompositions/unary_iteration_gadgets.npz
unary_iteration_gadgets.npz,unary_iteration,paper_gadgets,True,unary_iteration_n4,unary_iteration_n4,,5,105,38,15,0,0,30,external/circuit-to-tensor/benchmarks/applications/unary_iteration_n4/unary_iteration_n4.tensor.npy,true,0,"(38, 38, 38)","(38, 38, 38)",,external/alphatensor_quantum/decompositions/unary_iteration_gadgets.npz
unary_iteration_gadgets.npz,unary_iteration,paper_gadgets,True,unary_iteration_n4,unary_iteration_n4,,6,105,38,15,0,0,30,external/circuit-to-tensor/benchmarks/applications/unary_iteration_n4/unary_iteration_n4.tensor.npy,true,0,"(38, 38, 38)","(38, 38, 38)",,external/alphatensor_quantum/decompositions/unary_iteration_gadgets.npz
unary_iteration_gadgets.npz,unary_iteration,paper_gadgets,True,unary_iteration_n4,unary_iteration_n4,,7,105,38,15,0,0,30,external/circuit-to-tensor/benchmarks/applications/unary_iteration_n4/unary_iteration_n4.tensor.npy,true,0,"(38, 38, 38)","(38, 38, 38)",,external/alphatensor_quantum/decompositions/unary_iteration_gadgets.npz
unary_iteration_gadgets.npz,unary_iteration,paper_gadgets,True,unary_iteration_n4,unary_iteration_n4,,8,105,38,15,0,0,30,external/circuit-to-tensor/benchmarks/applications/unary_iteration_n4/unary_iteration_n4.tensor.npy,true,0,"(38, 38, 38)","(38, 38, 38)",,external/alphatensor_quantum/decompositions/unary_iteration_gadgets.npz
unary_iteration_gadgets.npz,unary_iteration,paper_gadgets,True,unary_iteration_n4,unary_iteration_n4,,9,105,38,15,0,0,30,external/circuit-to-tensor/benchmarks/applications/unary_iteration_n4/unary_iteration_n4.tensor.npy,true,0,"(38, 38, 38)","(38, 38, 38)",,external/alphatensor_quantum/decompositions/unary_iteration_gadgets.npz
unary_iteration_gadgets.npz,unary_iteration,paper_gadgets,True,unary_iteration_n5,unary_iteration_n5,,0,217,72,31,0,0,62,external/circuit-to-tensor/benchmarks/applications/unary_iteration_n5/unary_iteration_n5.tensor.npy,true,0,"(72, 72, 72)","(72, 72, 72)",,external/alphatensor_quantum/decompositions/unary_iteration_gadgets.npz
unary_iteration_gadgets.npz,unary_iteration,paper_gadgets,True,unary_iteration_n5,unary_iteration_n5,,1,217,72,31,0,0,62,external/circuit-to-tensor/benchmarks/applications/unary_iteration_n5/unary_iteration_n5.tensor.npy,true,0,"(72, 72, 72)","(72, 72, 72)",,external/alphatensor_quantum/decompositions/unary_iteration_gadgets.npz
unary_iteration_gadgets.npz,unary_iteration,paper_gadgets,True,unary_iteration_n5,unary_iteration_n5,,2,217,72,31,0,0,62,external/circuit-to-tensor/benchmarks/applications/unary_iteration_n5/unary_iteration_n5.tensor.npy,true,0,"(72, 72, 72)","(72, 72, 72)",,external/alphatensor_quantum/decompositions/unary_iteration_gadgets.npz
unary_iteration_gadgets.npz,unary_iteration,paper_gadgets,True,unary_iteration_n5,unary_iteration_n5,,3,217,72,31,0,0,62,external/circuit-to-tensor/benchmarks/applications/unary_iteration_n5/unary_iteration_n5.tensor.npy,true,0,"(72, 72, 72)","(72, 72, 72)",,external/alphatensor_quantum/decompositions/unary_iteration_gadgets.npz
unary_iteration_gadgets.npz,unary_iteration,paper_gadgets,True,unary_iteration_n5,unary_iteration_n5,,4,217,72,31,0,0,62,external/circuit-to-tensor/benchmarks/applications/unary_iteration_n5/unary_iteration_n5.tensor.npy,true,0,"(72, 72, 72)","(72, 72, 72)",,external/alphatensor_quantum/decompositions/unary_iteration_gadgets.npz
unary_iteration_gadgets.npz,unary_iteration,paper_gadgets,True,unary_iteration_n5,unary_iteration_n5,,5,217,72,31,0,0,62,external/circuit-to-tensor/benchmarks/applications/unary_iteration_n5/unary_iteration_n5.tensor.npy,true,0,"(72, 72, 72)","(72, 72, 72)",,external/alphatensor_quantum/decompositions/unary_iteration_gadgets.npz
unary_iteration_gadgets.npz,unary_iteration,paper_gadgets,True,unary_iteration_n5,unary_iteration_n5,,6,217,72,31,0,0,62,external/circuit-to-tensor/benchmarks/applications/unary_iteration_n5/unary_iteration_n5.tensor.npy,true,0,"(72, 72, 72)","(72, 72, 72)",,external/alphatensor_quantum/decompositions/unary_iteration_gadgets.npz
unary_iteration_gadgets.npz,unary_iteration,paper_gadgets,True,unary_iteration_n5,unary_iteration_n5,,7,217,72,31,0,0,62,external/circuit-to-tensor/benchmarks/applications/unary_iteration_n5/unary_iteration_n5.tensor.npy,true,0,"(72, 72, 72)","(72, 72, 72)",,external/alphatensor_quantum/decompositions/unary_iteration_gadgets.npz
unary_iteration_gadgets.npz,unary_iteration,paper_gadgets,True,unary_iteration_n5,unary_iteration_n5,,8,217,72,31,0,0,62,external/circuit-to-tensor/benchmarks/applications/unary_iteration_n5/unary_iteration_n5.tensor.npy,true,0,"(72, 72, 72)","(72, 72, 72)",,external/alphatensor_quantum/decompositions/unary_iteration_gadgets.npz
unary_iteration_gadgets.npz,unary_iteration,paper_gadgets,True,unary_iteration_n5,unary_iteration_n5,,9,217,72,31,0,0,62,external/circuit-to-tensor/benchmarks/applications/unary_iteration_n5/unary_iteration_n5.tensor.npy,true,0,"(72, 72, 72)","(72, 72, 72)",,external/alphatensor_quantum/decompositions/unary_iteration_gadgets.npz
unary_iteration_no_gadgets.npz,unary_iteration,paper_no_gadgets,False,unary_iteration_n3,unary_iteration_n3,,0,31,20,0,0,31,31,external/circuit-to-tensor/benchmarks/applications/unary_iteration_n3/unary_iteration_n3.tensor.npy,true,0,"(20, 20, 20)","(20, 20, 20)",,external/alphatensor_quantum/decompositions/unary_iteration_no_gadgets.npz
unary_iteration_no_gadgets.npz,unary_iteration,paper_no_gadgets,False,unary_iteration_n3,unary_iteration_n3,,1,31,20,0,0,31,31,external/circuit-to-tensor/benchmarks/applications/unary_iteration_n3/unary_iteration_n3.tensor.npy,true,0,"(20, 20, 20)","(20, 20, 20)",,external/alphatensor_quantum/decompositions/unary_iteration_no_gadgets.npz
unary_iteration_no_gadgets.npz,unary_iteration,paper_no_gadgets,False,unary_iteration_n3,unary_iteration_n3,,2,31,20,0,0,31,31,external/circuit-to-tensor/benchmarks/applications/unary_iteration_n3/unary_iteration_n3.tensor.npy,true,0,"(20, 20, 20)","(20, 20, 20)",,external/alphatensor_quantum/decompositions/unary_iteration_no_gadgets.npz
unary_iteration_no_gadgets.npz,unary_iteration,paper_no_gadgets,False,unary_iteration_n3,unary_iteration_n3,,3,31,20,0,0,31,31,external/circuit-to-tensor/benchmarks/applications/unary_iteration_n3/unary_iteration_n3.tensor.npy,true,0,"(20, 20, 20)","(20, 20, 20)",,external/alphatensor_quantum/decompositions/unary_iteration_no_gadgets.npz
unary_iteration_no_gadgets.npz,unary_iteration,paper_no_gadgets,False,unary_iteration_n3,unary_iteration_n3,,4,31,20,0,0,31,31,external/circuit-to-tensor/benchmarks/applications/unary_iteration_n3/unary_iteration_n3.tensor.npy,true,0,"(20, 20, 20)","(20, 20, 20)",,external/alphatensor_quantum/decompositions/unary_iteration_no_gadgets.npz
unary_iteration_no_gadgets.npz,unary_iteration,paper_no_gadgets,False,unary_iteration_n3,unary_iteration_n3,,5,31,20,0,0,31,31,external/circuit-to-tensor/benchmarks/applications/unary_iteration_n3/unary_iteration_n3.tensor.npy,true,0,"(20, 20, 20)","(20, 20, 20)",,external/alphatensor_quantum/decompositions/unary_iteration_no_gadgets.npz
unary_iteration_no_gadgets.npz,unary_iteration,paper_no_gadgets,False,unary_iteration_n3,unary_iteration_n3,,6,31,20,0,0,31,31,external/circuit-to-tensor/benchmarks/applications/unary_iteration_n3/unary_iteration_n3.tensor.npy,true,0,"(20, 20, 20)","(20, 20, 20)",,external/alphatensor_quantum/decompositions/unary_iteration_no_gadgets.npz
unary_iteration_no_gadgets.npz,unary_iteration,paper_no_gadgets,False,unary_iteration_n3,unary_iteration_n3,,7,31,20,0,0,31,31,external/circuit-to-tensor/benchmarks/applications/unary_iteration_n3/unary_iteration_n3.tensor.npy,true,0,"(20, 20, 20)","(20, 20, 20)",,external/alphatensor_quantum/decompositions/unary_iteration_no_gadgets.npz
unary_iteration_no_gadgets.npz,unary_iteration,paper_no_gadgets,False,unary_iteration_n3,unary_iteration_n3,,8,31,20,0,0,31,31,external/circuit-to-tensor/benchmarks/applications/unary_iteration_n3/unary_iteration_n3.tensor.npy,true,0,"(20, 20, 20)","(20, 20, 20)",,external/alphatensor_quantum/decompositions/unary_iteration_no_gadgets.npz
unary_iteration_no_gadgets.npz,unary_iteration,paper_no_gadgets,False,unary_iteration_n3,unary_iteration_n3,,9,31,20,0,0,31,31,external/circuit-to-tensor/benchmarks/applications/unary_iteration_n3/unary_iteration_n3.tensor.npy,true,0,"(20, 20, 20)","(20, 20, 20)",,external/alphatensor_quantum/decompositions/unary_iteration_no_gadgets.npz
unary_iteration_no_gadgets.npz,unary_iteration,paper_no_gadgets,False,unary_iteration_n4,unary_iteration_n4,,0,63,38,0,0,63,63,external/circuit-to-tensor/benchmarks/applications/unary_iteration_n4/unary_iteration_n4.tensor.npy,true,0,"(38, 38, 38)","(38, 38, 38)",,external/alphatensor_quantum/decompositions/unary_iteration_no_gadgets.npz
unary_iteration_no_gadgets.npz,unary_iteration,paper_no_gadgets,False,unary_iteration_n4,unary_iteration_n4,,1,63,38,0,0,63,63,external/circuit-to-tensor/benchmarks/applications/unary_iteration_n4/unary_iteration_n4.tensor.npy,true,0,"(38, 38, 38)","(38, 38, 38)",,external/alphatensor_quantum/decompositions/unary_iteration_no_gadgets.npz
unary_iteration_no_gadgets.npz,unary_iteration,paper_no_gadgets,False,unary_iteration_n4,unary_iteration_n4,,2,63,38,0,0,63,63,external/circuit-to-tensor/benchmarks/applications/unary_iteration_n4/unary_iteration_n4.tensor.npy,true,0,"(38, 38, 38)","(38, 38, 38)",,external/alphatensor_quantum/decompositions/unary_iteration_no_gadgets.npz
unary_iteration_no_gadgets.npz,unary_iteration,paper_no_gadgets,False,unary_iteration_n4,unary_iteration_n4,,3,63,38,0,0,63,63,external/circuit-to-tensor/benchmarks/applications/unary_iteration_n4/unary_iteration_n4.tensor.npy,true,0,"(38, 38, 38)","(38, 38, 38)",,external/alphatensor_quantum/decompositions/unary_iteration_no_gadgets.npz
unary_iteration_no_gadgets.npz,unary_iteration,paper_no_gadgets,False,unary_iteration_n4,unary_iteration_n4,,4,63,38,0,0,63,63,external/circuit-to-tensor/benchmarks/applications/unary_iteration_n4/unary_iteration_n4.tensor.npy,true,0,"(38, 38, 38)","(38, 38, 38)",,external/alphatensor_quantum/decompositions/unary_iteration_no_gadgets.npz
unary_iteration_no_gadgets.npz,unary_iteration,paper_no_gadgets,False,unary_iteration_n4,unary_iteration_n4,,5,63,38,0,0,63,63,external/circuit-to-tensor/benchmarks/applications/unary_iteration_n4/unary_iteration_n4.tensor.npy,true,0,"(38, 38, 38)","(38, 38, 38)",,external/alphatensor_quantum/decompositions/unary_iteration_no_gadgets.npz
unary_iteration_no_gadgets.npz,unary_iteration,paper_no_gadgets,False,unary_iteration_n4,unary_iteration_n4,,6,63,38,0,0,63,63,external/circuit-to-tensor/benchmarks/applications/unary_iteration_n4/unary_iteration_n4.tensor.npy,true,0,"(38, 38, 38)","(38, 38, 38)",,external/alphatensor_quantum/decompositions/unary_iteration_no_gadgets.npz
unary_iteration_no_gadgets.npz,unary_iteration,paper_no_gadgets,False,unary_iteration_n4,unary_iteration_n4,,7,63,38,0,0,63,63,external/circuit-to-tensor/benchmarks/applications/unary_iteration_n4/unary_iteration_n4.tensor.npy,true,0,"(38, 38, 38)","(38, 38, 38)",,external/alphatensor_quantum/decompositions/unary_iteration_no_gadgets.npz
unary_iteration_no_gadgets.npz,unary_iteration,paper_no_gadgets,False,unary_iteration_n4,unary_iteration_n4,,8,63,38,0,0,63,63,external/circuit-to-tensor/benchmarks/applications/unary_iteration_n4/unary_iteration_n4.tensor.npy,true,0,"(38, 38, 38)","(38, 38, 38)",,external/alphatensor_quantum/decompositions/unary_iteration_no_gadgets.npz
unary_iteration_no_gadgets.npz,unary_iteration,paper_no_gadgets,False,unary_iteration_n4,unary_iteration_n4,,9,63,38,0,0,63,63,external/circuit-to-tensor/benchmarks/applications/unary_iteration_n4/unary_iteration_n4.tensor.npy,true,0,"(38, 38, 38)","(38, 38, 38)",,external/alphatensor_quantum/decompositions/unary_iteration_no_gadgets.npz
unary_iteration_no_gadgets.npz,unary_iteration,paper_no_gadgets,False,unary_iteration_n5,unary_iteration_n5,,0,127,72,0,0,127,127,external/circuit-to-tensor/benchmarks/applications/unary_iteration_n5/unary_iteration_n5.tensor.npy,true,0,"(72, 72, 72)","(72, 72, 72)",,external/alphatensor_quantum/decompositions/unary_iteration_no_gadgets.npz
unary_iteration_no_gadgets.npz,unary_iteration,paper_no_gadgets,False,unary_iteration_n5,unary_iteration_n5,,1,127,72,0,0,127,127,external/circuit-to-tensor/benchmarks/applications/unary_iteration_n5/unary_iteration_n5.tensor.npy,true,0,"(72, 72, 72)","(72, 72, 72)",,external/alphatensor_quantum/decompositions/unary_iteration_no_gadgets.npz
unary_iteration_no_gadgets.npz,unary_iteration,paper_no_gadgets,False,unary_iteration_n5,unary_iteration_n5,,2,127,72,0,0,127,127,external/circuit-to-tensor/benchmarks/applications/unary_iteration_n5/unary_iteration_n5.tensor.npy,true,0,"(72, 72, 72)","(72, 72, 72)",,external/alphatensor_quantum/decompositions/unary_iteration_no_gadgets.npz
unary_iteration_no_gadgets.npz,unary_iteration,paper_no_gadgets,False,unary_iteration_n5,unary_iteration_n5,,3,127,72,0,0,127,127,external/circuit-to-tensor/benchmarks/applications/unary_iteration_n5/unary_iteration_n5.tensor.npy,true,0,"(72, 72, 72)","(72, 72, 72)",,external/alphatensor_quantum/decompositions/unary_iteration_no_gadgets.npz
unary_iteration_no_gadgets.npz,unary_iteration,paper_no_gadgets,False,unary_iteration_n5,unary_iteration_n5,,4,127,72,0,0,127,127,external/circuit-to-tensor/benchmarks/applications/unary_iteration_n5/unary_iteration_n5.tensor.npy,true,0,"(72, 72, 72)","(72, 72, 72)",,external/alphatensor_quantum/decompositions/unary_iteration_no_gadgets.npz
unary_iteration_no_gadgets.npz,unary_iteration,paper_no_gadgets,False,unary_iteration_n5,unary_iteration_n5,,5,127,72,0,0,127,127,external/circuit-to-tensor/benchmarks/applications/unary_iteration_n5/unary_iteration_n5.tensor.npy,true,0,"(72, 72, 72)","(72, 72, 72)",,external/alphatensor_quantum/decompositions/unary_iteration_no_gadgets.npz
unary_iteration_no_gadgets.npz,unary_iteration,paper_no_gadgets,False,unary_iteration_n5,unary_iteration_n5,,6,127,72,0,0,127,127,external/circuit-to-tensor/benchmarks/applications/unary_iteration_n5/unary_iteration_n5.tensor.npy,true,0,"(72, 72, 72)","(72, 72, 72)",,external/alphatensor_quantum/decompositions/unary_iteration_no_gadgets.npz
unary_iteration_no_gadgets.npz,unary_iteration,paper_no_gadgets,False,unary_iteration_n5,unary_iteration_n5,,7,127,72,0,0,127,127,external/circuit-to-tensor/benchmarks/applications/unary_iteration_n5/unary_iteration_n5.tensor.npy,true,0,"(72, 72, 72)","(72, 72, 72)",,external/alphatensor_quantum/decompositions/unary_iteration_no_gadgets.npz
unary_iteration_no_gadgets.npz,unary_iteration,paper_no_gadgets,False,unary_iteration_n5,unary_iteration_n5,,8,127,72,0,0,127,127,external/circuit-to-tensor/benchmarks/applications/unary_iteration_n5/unary_iteration_n5.tensor.npy,true,0,"(72, 72, 72)","(72, 72, 72)",,external/alphatensor_quantum/decompositions/unary_iteration_no_gadgets.npz
unary_iteration_no_gadgets.npz,unary_iteration,paper_no_gadgets,False,unary_iteration_n5,unary_iteration_n5,,9,127,72,0,0,127,127,external/circuit-to-tensor/benchmarks/applications/unary_iteration_n5/unary_iteration_n5.tensor.npy,true,0,"(72, 72, 72)","(72, 72, 72)",,external/alphatensor_quantum/decompositions/unary_iteration_no_gadgets.npz
